date,qa_flag,notes,precip_kazandere_mm,temp_kazandere_c
2006-01-01,0,,0.0,5.977687499999999
2006-01-02,0,,0.0,8.209149305555558
2006-01-03,0,,0.0,9.978041666666666
2006-01-04,0,,0.0,9.060538194444444
2006-01-05,0,,1.35,7.128680555555555
2006-01-06,0,,0.0,6.058388888888889
2006-01-07,0,,20.75,0.0568784722222222
2006-01-08,0,,16.25,-0.4923506944444444
2006-01-09,0,,1.25,-1.340440972222222
2006-01-10,0,,2.75,-1.2762777777777778
2006-01-11,0,,4.25,-1.3051319444444445
2006-01-12,0,,24.75,-0.4407743055555556
2006-01-13,0,,39.5,-0.9638923611111112
2006-01-14,0,,0.0,-1.5201215277777782
2006-01-15,0,,0.0,-2.4581875
2006-01-16,0,,0.0,-2.3550486111111115
2006-01-17,0,,0.0,-1.0959930555555557
2006-01-18,0,,0.0,2.6347291666666663
2006-01-19,0,,9.25,0.0911701388888888
2006-01-20,0,,0.0,-3.6150277777777777
2006-01-21,0,,10.5,1.2455486111111111
2006-01-22,0,,8.25,0.8459548611111111
2006-01-23,0,,4.5,-4.852954861111111
2006-01-24,0,,1.75,-5.38940625
2006-01-25,0,,0.5,-4.039899305555555
2006-01-26,0,,0.5,-4.688385416666667
2006-01-27,0,,0.0,-5.729149305555556
2006-01-28,0,,14.0,-6.361604166666666
2006-01-29,0,,9.5,-5.224833333333333
2006-01-30,0,,2.5,-2.418524305555555
2006-01-31,0,,7.25,1.9030659722222223
2006-02-01,0,,0.75,-0.4078993055555557
2006-02-02,0,,0.0,0.0451388888888887
2006-02-03,0,,0.0,2.754600694444445
2006-02-04,0,,0.0,2.984034722222221
2006-02-05,0,,0.0,-0.1051319444444443
2006-02-06,0,,9.5,-3.124597222222221
2006-02-07,0,,0.0,-3.352875
2006-02-08,0,,0.5,-2.481763888888888
2006-02-09,0,,30.75,0.1518333333333334
2006-02-10,0,,55.75,1.7966458333333335
2006-02-11,0,,4.5,-0.8900659722222221
2006-02-12,0,,5.0,-2.4448541666666666
2006-02-13,0,,4.75,-3.705777777777779
2006-02-14,0,,0.0,-5.467107638888888
2006-02-15,0,,1.5,-7.12338888888889
2006-02-16,0,,11.5,-1.9866006944444443
2006-02-17,0,,12.0,4.867322916666666
2006-02-18,0,,0.0,7.68978125
2006-02-19,0,,0.0,7.255465277777776
2006-02-20,0,,0.0,7.517986111111111
2006-02-21,0,,0.0,8.686559027777776
2006-02-22,0,,0.0,9.048288194444444
2006-02-23,0,,0.0,8.581052083333333
2006-02-24,0,,0.0,8.165291666666665
2006-02-25,2,inflow_m3_statistical_outlier,0.0,7.35157638888889
2006-02-26,2,inflow_m3_statistical_outlier,6.75,6.209107638888888
2006-02-27,2,inflow_m3_statistical_outlier,7.0,6.109951388888889
2006-02-28,2,inflow_m3_statistical_outlier,0.0,7.830510416666667
2006-03-01,2,inflow_m3_statistical_outlier,0.25,6.657274305555556
2006-03-02,2,inflow_m3_statistical_outlier,0.0,8.462472222222223
2006-03-03,2,inflow_m3_statistical_outlier,21.0,2.506423611111111
2006-03-04,0,,0.0,7.757579861111111
2006-03-05,0,,0.0,11.560138888888892
2006-03-06,0,,0.0,11.928993055555557
2006-03-07,0,,0.0,4.970760416666667
2006-03-08,0,,16.75,-2.0790208333333333
2006-03-09,0,,0.75,-4.305913194444445
2006-03-10,0,,22.0,3.855131944444445
2006-03-11,2,inflow_m3_statistical_outlier,8.5,7.394128472222223
2006-03-12,2,inflow_m3_statistical_outlier,5.5,10.383479166666666
2006-03-13,2,inflow_m3_statistical_outlier,0.0,7.731493055555557
2006-03-14,2,inflow_m3_statistical_outlier,9.75,1.6923611111111108
2006-03-15,0,,2.0,0.1367083333333333
2006-03-16,0,,6.75,0.50453125
2006-03-17,0,,1.5,0.6205833333333334
2006-03-18,0,,8.25,0.6305624999999996
2006-03-19,0,,6.75,2.213395833333333
2006-03-20,0,,0.0,7.089895833333332
2006-03-21,0,,0.0,9.51470138888889
2006-03-22,0,,0.0,14.90836805555555
2006-03-23,0,,0.0,13.707371527777775
2006-03-24,0,,0.0,1.7669270833333333
2006-03-25,0,,0.0,0.988065972222222
2006-03-26,0,,0.0,3.121076388888889
2006-03-27,0,,0.0,7.452534722222222
2006-03-28,0,,0.0,11.52236111111111
2006-03-29,0,,0.0,14.676145833333337
2006-03-30,0,,0.0,7.6300451388888915
2006-03-31,0,,0.0,11.015798611111114
2006-04-01,0,,0.0,9.481545138888889
2006-04-02,0,,0.0,10.271288194444445
2006-04-03,0,,0.0,9.29540625
2006-04-04,0,,0.0,3.861055555555556
2006-04-05,0,,0.0,5.799826388888889
2006-04-06,0,,0.0,15.107638888888888
2006-04-07,0,,0.0,15.081215277777774
2006-04-08,0,,0.0,7.871604166666668
2006-04-09,0,,0.0,3.842663194444443
2006-04-10,0,,0.0,5.226052083333333
2006-04-11,0,,0.0,16.37680555555556
2006-04-12,0,,0.0,15.646142361111115
2006-04-13,0,,0.0,12.669513888888886
2006-04-14,0,,0.0,7.929840277777778
2006-04-15,0,,0.0,11.651111111111112
2006-04-16,0,,0.0,13.623298611111112
2006-04-17,0,,0.0,13.711388888888887
2006-04-18,0,,0.0,15.051284722222222
2006-04-19,0,,0.0,16.729097222222222
2006-04-20,0,,0.0,11.024722222222223
2006-04-21,0,,0.0,9.394611111111113
2006-04-22,0,,0.0,9.579809027777776
2006-04-23,0,,0.25,7.274930555555557
2006-04-24,0,,0.5,6.34551736111111
2006-04-25,0,,0.0,6.518208333333333
2006-04-26,0,,0.0,6.246736111111112
2006-04-27,0,,0.0,7.613138888888888
2006-04-28,0,,0.0,7.576118055555554
2006-04-29,0,,3.5,5.910638888888887
2006-04-30,0,,0.0,7.020388888888888
2006-05-01,0,,0.25,7.327885416666665
2006-05-02,0,,4.25,6.185690972222222
2006-05-03,0,,0.0,5.692135416666666
2006-05-04,0,,0.0,5.371357638888889
2006-05-05,0,,0.5,4.6525590277777775
2006-05-06,0,,0.25,6.422579861111113
2006-05-07,2,outflow_treatment_m3_statistical_outlier,0.25,6.600430555555557
2006-05-08,0,,1.5,9.509611111111113
2006-05-09,0,,0.0,11.254434027777778
2006-05-10,0,,0.0,15.7928125
2006-05-11,0,,0.0,14.133715277777776
2006-05-12,0,,9.25,11.788194444444448
2006-05-13,0,,0.5,9.889465277777775
2006-05-14,0,,0.0,13.123715277777777
2006-05-15,0,,0.0,13.886597222222225
2006-05-16,0,,0.0,9.723385416666664
2006-05-17,0,,0.0,13.4925
2006-05-18,0,,0.0,14.73607638888889
2006-05-19,0,,0.0,15.975659722222224
2006-05-20,0,,0.75,18.03913194444444
2006-05-21,0,,0.0,21.16899305555555
2006-05-22,0,,0.0,20.656145833333337
2006-05-23,2,outflow_treatment_m3_statistical_outlier,0.0,19.349548611111107
2006-05-24,0,,0.0,19.576041666666672
2006-05-25,0,,0.0,18.479166666666668
2006-05-26,0,,0.0,15.213611111111112
2006-05-27,0,,0.0,16.24763888888889
2006-05-28,0,,0.0,17.83899305555556
2006-05-29,0,,0.0,21.70260416666667
2006-05-30,0,,0.0,23.17253472222222
2006-05-31,2,evaporation_m3_statistical_outlier,0.0,21.10361111111111
2006-06-01,0,,0.0,20.045451388888885
2006-06-02,2,evaporation_m3_statistical_outlier,0.0,26.751736111111104
2006-06-03,2,evaporation_m3_statistical_outlier,0.0,23.3634375
2006-06-04,2,evaporation_m3_statistical_outlier,0.0,19.02836805555556
2006-06-05,0,,0.0,16.704930555555553
2006-06-06,0,,0.0,14.132708333333332
2006-06-07,0,,0.25,12.845173611111107
2006-06-08,0,,8.75,13.284166666666664
2006-06-09,0,,21.75,12.156527777777775
2006-06-10,0,,1.0,11.734305555555556
2006-06-11,0,,1.5,13.725590277777776
2006-06-12,0,,0.0,14.478541666666665
2006-06-13,0,,15.0,10.829479166666664
2006-06-14,0,,2.0,11.454166666666667
2006-06-15,0,,2.0,13.497326388888892
2006-06-16,0,,0.0,15.051875
2006-06-17,0,,0.0,17.559305555555554
2006-06-18,2,evaporation_m3_statistical_outlier,0.0,20.298333333333336
2006-06-19,2,evaporation_m3_statistical_outlier,0.0,20.669236111111115
2006-06-20,0,,0.0,19.530243055555555
2006-06-21,0,,0.0,17.638125
2006-06-22,0,,0.0,17.49309027777778
2006-06-23,0,,0.0,18.32875
2006-06-24,0,,0.0,18.49194444444444
2006-06-25,0,,0.0,18.957395833333333
2006-06-26,0,,0.0,19.733888888888888
2006-06-27,0,,0.0,19.877916666666668
2006-06-28,0,,28.0,18.608402777777773
2006-06-29,0,,8.0,19.863923611111108
2006-06-30,0,,0.0,20.943923611111117
2006-07-01,0,,0.0,21.444826388888888
2006-07-02,0,,5.5,20.11875
2006-07-03,0,,0.75,12.56048611111111
2006-07-04,0,,0.0,13.328958333333333
2006-07-05,2,outflow_treatment_m3_statistical_outlier,0.0,15.717604166666662
2006-07-06,0,,0.0,15.134166666666664
2006-07-07,0,,0.0,17.026458333333327
2006-07-08,0,,0.0,17.79569444444444
2006-07-09,0,,0.0,16.312291666666667
2006-07-10,0,,0.0,16.562395833333333
2006-07-11,0,,0.0,17.18274305555556
2006-07-12,0,,0.25,18.88284722222222
2006-07-13,0,,0.0,18.10149305555556
2006-07-14,0,,0.0,18.893055555555552
2006-07-15,0,,0.0,19.47732638888889
2006-07-16,0,,0.0,19.37086805555556
2006-07-17,0,,0.0,17.52513888888889
2006-07-18,0,,0.0,16.347604166666663
2006-07-19,2,outflow_treatment_m3_statistical_outlier,0.0,17.02541666666667
2006-07-20,0,,0.0,18.276666666666667
2006-07-21,0,,0.0,18.4075
2006-07-22,0,,0.0,17.09347222222222
2006-07-23,0,,0.0,16.868993055555553
2006-07-24,0,,0.0,18.58836805555556
2006-07-25,0,,0.0,19.23704861111111
2006-07-26,0,,0.0,19.769861111111112
2006-07-27,0,,0.0,19.044756944444448
2006-07-28,2,outflow_treatment_m3_statistical_outlier,0.0,20.73899305555556
2006-07-29,0,,0.0,20.747083333333336
2006-07-30,0,,0.0,19.53708333333333
2006-07-31,0,,0.0,19.021875
2006-08-01,0,,0.0,19.282256944444445
2006-08-02,0,,0.0,19.894479166666667
2006-08-03,0,,0.0,20.81701388888889
2006-08-04,0,,0.0,24.88395833333334
2006-08-05,2,evaporation_m3_statistical_outlier,0.0,27.16201388888888
2006-08-06,2,evaporation_m3_statistical_outlier,0.0,25.12652777777778
2006-08-07,0,,0.0,22.27503472222222
2006-08-08,0,,1.0,20.06326388888889
2006-08-09,0,,0.0,20.52611111111112
2006-08-10,0,,0.0,23.351076388888885
2006-08-11,0,,0.0,22.85732638888889
2006-08-12,0,,0.0,19.992916666666662
2006-08-13,0,,0.0,20.13583333333333
2006-08-14,0,,0.0,21.922569444444445
2006-08-15,0,,0.0,20.65298611111111
2006-08-16,0,,0.0,20.679861111111112
2006-08-17,0,,0.0,22.61819444444444
2006-08-18,0,,0.0,21.60569444444444
2006-08-19,0,,0.0,21.926423611111115
2006-08-20,0,,0.0,24.018194444444447
2006-08-21,0,,0.0,25.1759375
2006-08-22,0,,0.0,22.465659722222217
2006-08-23,0,,0.0,18.82701388888889
2006-08-24,0,,0.0,18.854479166666668
2006-08-25,0,,0.0,20.300347222222214
2006-08-26,0,,0.0,22.573472222222225
2006-08-27,0,,0.0,24.401631944444443
2006-08-28,0,,7.75,20.84725694444445
2006-08-29,0,,0.0,19.378402777777776
2006-08-30,0,,0.5,22.426979166666666
2006-08-31,0,,17.25,11.932881944444444
2006-09-01,0,,11.75,11.324166666666663
2006-09-02,0,,5.0,12.424722222222224
2006-09-03,0,,0.0,15.708576388888892
2006-09-04,0,,0.0,18.586666666666662
2006-09-05,0,,0.0,20.431423611111114
2006-09-06,0,,0.0,17.095798611111114
2006-09-07,0,,0.0,15.439409722222218
2006-09-08,0,,0.0,15.354652777777778
2006-09-09,0,,0.0,17.0784375
2006-09-10,0,,0.75,13.91246527777778
2006-09-11,0,,0.0,13.787222222222224
2006-09-12,0,,0.0,13.94673611111111
2006-09-13,0,,0.0,14.869236111111114
2006-09-14,0,,0.0,14.134166666666667
2006-09-15,0,,0.0,14.444861111111113
2006-09-16,0,,0.0,14.571388888888889
2006-09-17,0,,0.0,17.774270833333333
2006-09-18,0,,6.5,17.977326388888887
2006-09-19,0,,0.5,15.654340277777775
2006-09-20,0,,6.0,16.62815972222222
2006-09-21,0,,0.25,14.079409722222222
2006-09-22,0,,0.25,13.973263888888892
2006-09-23,0,,5.25,13.9465625
2006-09-24,0,,29.75,14.679965277777772
2006-09-25,0,,3.5,13.014895833333334
2006-09-26,0,,0.0,15.1746875
2006-09-27,0,,0.75,18.421736111111112
2006-09-28,0,,7.3,17.713576388888892
2006-09-29,0,,10.599999999999998,15.120868055555556
2006-09-30,0,,0.5,13.669756944444444
2006-10-01,0,,0.1,12.685416666666669
2006-10-02,0,,0.0,12.7371875
2006-10-03,0,,0.0,14.92559027777778
2006-10-04,0,,0.0,17.780520833333334
2006-10-05,0,,0.0,19.0696875
2006-10-06,0,,0.0,17.25034722222222
2006-10-07,0,,0.0,15.11965277777778
2006-10-08,0,,0.4,15.597708333333337
2006-10-09,0,,2.8,14.4384375
2006-10-10,0,,0.3,13.07350694444444
2006-10-11,0,,0.3,12.210902777777775
2006-10-12,0,,0.2,11.695833333333333
2006-10-13,0,,6.4,10.595
2006-10-14,0,,36.4,9.388510416666668
2006-10-15,0,,0.0,7.495961805555552
2006-10-16,0,,12.1,8.508562500000002
2006-10-17,0,,13.2,6.250749999999999
2006-10-18,0,,5.9,7.10457638888889
2006-10-19,0,,0.0,11.664583333333336
2006-10-20,0,,0.0,10.848402777777778
2006-10-21,0,,0.0,13.169861111111112
2006-10-22,0,,4.7,14.617534722222222
2006-10-23,0,,0.2,13.092256944444443
2006-10-24,0,,0.0,13.871354166666665
2006-10-25,0,,0.0,15.130659722222225
2006-10-26,0,,1.7,11.06577777777778
2006-10-27,2,outflow_treatment_m3_statistical_outlier,11.5,8.516805555555555
2006-10-28,0,,0.1,9.97857638888889
2006-10-29,0,,0.0,9.28711111111111
2006-10-30,0,,0.8999999999999999,10.663819444444448
2006-10-31,0,,11.1,10.899965277777776
2006-11-01,0,,0.1,10.014576388888887
2006-11-02,0,,7.8,9.924354166666667
2006-11-03,0,,33.4,0.9022048611111114
2006-11-04,0,,13.5,-2.043979166666667
2006-11-05,0,,0.0,-1.2497361111111112
2006-11-06,0,,0.2,2.721881944444444
2006-11-07,0,,0.0,4.99953125
2006-11-08,0,,0.0,7.455857638888887
2006-11-09,0,,0.0,8.46868402777778
2006-11-10,0,,9.3,6.890454861111111
2006-11-11,0,,6.6,1.6100833333333335
2006-11-12,0,,0.0,6.27603125
2006-11-13,0,,16.2,4.287552083333334
2006-11-14,0,,0.0,4.441649305555557
2006-11-15,0,,0.0,7.235479166666667
2006-11-16,0,,0.0,10.033375
2006-11-17,0,,0.0,9.681725694444443
2006-11-18,0,,0.0,7.79867361111111
2006-11-19,0,,0.0,5.007975694444444
2006-11-20,0,,0.0,5.559190972222222
2006-11-21,0,,0.0,6.921409722222223
2006-11-22,0,,0.0,9.285871527777775
2006-11-23,0,,0.0,12.076180555555554
2006-11-24,0,,0.0,12.206979166666663
2006-11-25,0,,0.0,11.297847222222224
2006-11-26,0,,0.0,10.35518402777778
2006-11-27,0,,0.0,10.518649305555558
2006-11-28,0,,0.0,4.646381944444443
2006-11-29,0,,0.1,4.674222222222222
2006-11-30,2,reservoir_level_m_statistical_outlier,0.0,4.797383333333334
2006-12-01,2,reservoir_level_m_statistical_outlier,0.0,5.0
2006-12-02,2,reservoir_level_m_statistical_outlier,0.0,5.2
2006-12-03,2,reservoir_level_m_statistical_outlier,0.0,5.6
2006-12-04,2,reservoir_level_m_statistical_outlier,0.3,6.0
2006-12-05,2,reservoir_level_m_statistical_outlier,0.0,6.5
2006-12-06,2,reservoir_level_m_statistical_outlier,0.0,7.388900000000001
2006-12-07,2,reservoir_level_m_statistical_outlier,0.0,8.025527777777778
2006-12-08,2,reservoir_level_m_statistical_outlier,0.0,8.184461805555555
2006-12-09,2,reservoir_level_m_statistical_outlier;outflow_treatment_m3_statistical_outlier,0.0,8.16739236111111
2006-12-10,2,reservoir_level_m_statistical_outlier;outflow_treatment_m3_statistical_outlier,0.0,7.488215277777777
2006-12-11,2,reservoir_level_m_statistical_outlier;outflow_treatment_m3_statistical_outlier,0.9,7.0350034722222246
2006-12-12,2,reservoir_level_m_statistical_outlier;outflow_treatment_m3_statistical_outlier,5.9,5.663965277777778
2006-12-13,2,reservoir_level_m_statistical_outlier;outflow_treatment_m3_statistical_outlier,4.5,4.627966666666668
2006-12-14,2,reservoir_level_m_statistical_outlier;outflow_treatment_m3_statistical_outlier,0.1,4.0
2006-12-15,2,reservoir_level_m_statistical_outlier;outflow_treatment_m3_statistical_outlier,0.0,3.4
2006-12-16,2,reservoir_level_m_statistical_outlier;outflow_treatment_m3_statistical_outlier,0.0,2.8
2006-12-17,2,reservoir_level_m_statistical_outlier;outflow_treatment_m3_statistical_outlier,0.0,2.6
2006-12-18,2,reservoir_level_m_statistical_outlier;outflow_treatment_m3_statistical_outlier,0.0,2.0
2006-12-19,2,reservoir_level_m_statistical_outlier;outflow_treatment_m3_statistical_outlier,1.5,1.4
2006-12-20,2,reservoir_level_m_statistical_outlier;outflow_treatment_m3_statistical_outlier,27.6,1.2
2006-12-21,2,reservoir_level_m_statistical_outlier;outflow_treatment_m3_statistical_outlier,12.9,0.8
2006-12-22,2,reservoir_level_m_statistical_outlier;outflow_treatment_m3_statistical_outlier,0.1,-1.122778273809524
2006-12-23,2,reservoir_level_m_statistical_outlier;outflow_treatment_m3_statistical_outlier,2.1,-0.2633437499999999
2006-12-24,2,reservoir_level_m_statistical_outlier;outflow_treatment_m3_statistical_outlier,6.9,0.1377569444444444
2006-12-25,2,outflow_treatment_m3_statistical_outlier,0.3,-0.8484027777777777
2006-12-26,2,outflow_treatment_m3_statistical_outlier,0.0,-5.085538194444445
2006-12-27,2,outflow_treatment_m3_statistical_outlier,0.0,-6.266333333333333
2006-12-28,0,,10.7,-2.550496527777778
2006-12-29,0,,0.0,1.173628472222222
2006-12-30,0,,0.8,0.1007951388888889
2006-12-31,0,,8.2,1.2
2007-01-01,0,,0.1,6.854958333333333
2007-01-02,0,,0.1,8.002666666666666
2007-01-03,0,,26.3,3.5296666666666656
2007-01-04,0,,3.4,-0.1682083333333333
2007-01-05,0,,1.2,-0.2899583333333334
2007-01-06,0,,0.0,1.5849583333333337
2007-01-07,0,,0.0,2.966333333333333
2007-01-08,0,,0.0,4.417166666666668
2007-01-09,0,,0.0,5.454291666666667
2007-01-10,0,,0.0,5.733791666666668
2007-01-11,0,,0.0,6.207208333333335
2007-01-12,0,,0.0,5.663625000000002
2007-01-13,0,,0.5,3.8270833333333343
2007-01-14,0,,0.0,6.410541666666667
2007-01-15,0,,0.0,5.069500000000001
2007-01-16,0,,0.0,5.35875
2007-01-17,0,,0.0,7.74275
2007-01-18,0,,0.0,6.389625000000001
2007-01-19,0,,0.0,7.035166666666668
2007-01-20,0,,0.0,2.802
2007-01-21,0,,0.0,8.243583333333333
2007-01-22,0,,0.0,9.784166666666666
2007-01-23,0,,0.0,11.88375
2007-01-24,0,,0.0,9.877916666666666
2007-01-25,0,,0.0,10.67125
2007-01-26,0,,0.0,11.8375
2007-01-27,2,inflow_m3_statistical_outlier,56.2,5.030125000000001
2007-01-28,0,,0.6,-4.601708333333334
2007-01-29,0,,0.0,0.0771666666666667
2007-01-30,0,,7.2,-2.701791666666667
2007-01-31,0,,14.2,-0.7617916666666665
2007-02-01,0,,1.8,3.8842083333333335
2007-02-02,0,,7.8,-1.885125
2007-02-03,0,,0.0,-4.811458333333333
2007-02-04,0,,4.2,-2.870791666666667
2007-02-05,0,,2.2,-1.915125
2007-02-06,0,,0.0,1.0770000000000002
2007-02-07,0,,0.0,5.740749999999999
2007-02-08,0,,0.0,6.99525
2007-02-09,0,,0.0,7.544208333333334
2007-02-10,0,,0.0,8.181041666666667
2007-02-11,0,,0.0,8.576916666666667
2007-02-12,0,,0.0,8.386875
2007-02-13,0,,0.0,9.165291666666668
2007-02-14,0,,0.0,6.140958333333334
2007-02-15,0,,0.0,4.131374999999999
2007-02-16,0,,0.0,3.3627083333333325
2007-02-17,0,,0.0,2.284625000000001
2007-02-18,0,,1.4,0.3130833333333334
2007-02-19,0,,0.2,4.103875
2007-02-20,0,,0.0,6.89075
2007-02-21,0,,0.0,6.759249999999999
2007-02-22,0,,0.0,8.427916666666667
2007-02-23,0,,8.75,2.554875000000001
2007-02-24,0,,0.0,-2.4430416666666663
2007-02-25,0,,4.0,-1.53375
2007-02-26,0,,0.0,0.2200833333333334
2007-02-27,0,,0.0,7.757458333333332
2007-02-28,0,,0.0,2.806
2007-03-01,0,,0.0,7.804791666666667
2007-03-02,0,,0.25,10.887916666666667
2007-03-03,0,,18.0,7.127416666666668
2007-03-04,0,,20.75,6.190708333333333
2007-03-05,0,,13.5,1.4625
2007-03-06,0,,0.25,3.7030833333333337
2007-03-07,0,,0.0,7.734958333333332
2007-03-08,0,,0.0,4.397083333333334
2007-03-09,0,,0.0,1.418875
2007-03-10,0,,0.0,2.3484166666666666
2007-03-11,0,,0.0,1.8539583333333336
2007-03-12,0,,5.0,2.320625
2007-03-13,0,,9.0,-0.6849166666666667
2007-03-14,0,,0.0,-0.0742916666666666
2007-03-15,0,,0.0,0.2873333333333334
2007-03-16,0,,0.0,2.203958333333334
2007-03-17,0,,0.0,7.1764166666666656
2007-03-18,0,,0.0,9.421916666666666
2007-03-19,0,,0.0,11.76125
2007-03-20,0,,0.0,12.523333333333328
2007-03-21,0,,0.0,15.152083333333335
2007-03-22,0,,0.0,14.4025
2007-03-23,0,,0.0,8.549750000000001
2007-03-24,0,,0.0,7.636166666666665
2007-03-25,0,,0.0,4.271958333333333
2007-03-26,0,,0.0,2.898708333333333
2007-03-27,0,,0.0,0.28625
2007-03-28,0,,0.0,0.8547083333333335
2007-03-29,0,,0.0,2.83925
2007-03-30,0,,0.0,9.309083333333335
2007-03-31,0,,2.0,6.6796250000000015
2007-04-01,0,,2.8,2.601625
2007-04-02,0,,0.0,4.945374999999999
2007-04-03,0,,0.0,6.510916666666666
2007-04-04,0,,0.0,10.649583333333334
2007-04-05,0,,6.0,9.057958333333334
2007-04-06,0,,0.2,8.271708333333333
2007-04-07,0,,0.0,10.803249999999998
2007-04-08,0,,0.0,9.762291666666666
2007-04-09,0,,0.0,7.777791666666669
2007-04-10,0,,0.0,10.580666666666666
2007-04-11,0,,3.0,7.301666666666667
2007-04-12,0,,0.0,7.213583333333332
2007-04-13,0,,0.0,8.2725
2007-04-14,0,,0.0,7.355958333333334
2007-04-15,0,,0.0,5.089666666666667
2007-04-16,0,,7.5,1.99325
2007-04-17,0,,0.0,4.0285416666666665
2007-04-18,0,,2.5,3.753958333333333
2007-04-19,0,,0.8,5.706999999999998
2007-04-20,0,,0.0,9.66225
2007-04-21,0,,0.0,14.698333333333336
2007-04-22,0,,0.0,11.588249999999997
2007-04-23,0,,0.0,7.132749999999997
2007-04-24,0,,0.0,9.404125
2007-04-25,0,,0.0,7.912833333333334
2007-04-26,0,,0.0,6.271999999999999
2007-04-27,0,,0.0,6.523125
2007-04-28,0,,0.0,7.419625000000001
2007-04-29,0,,0.0,9.657958333333331
2007-04-30,0,,0.0,13.392083333333336
2007-05-01,0,,0.0,14.805833333333338
2007-05-02,0,,11.0,8.596333333333332
2007-05-03,0,,0.0,9.864791666666669
2007-05-04,0,,0.0,13.00875
2007-05-05,0,,0.0,19.88375
2007-05-06,0,,0.0,23.98583333333333
2007-05-07,0,,0.0,22.225
2007-05-08,0,,0.0,16.92
2007-05-09,0,,0.5,17.97458333333333
2007-05-10,0,,0.0,15.75625
2007-05-11,0,,0.0,13.9475
2007-05-12,0,,0.0,15.404166666666669
2007-05-13,0,,0.0,16.135833333333334
2007-05-14,0,,0.0,16.476666666666663
2007-05-15,0,,0.0,19.63583333333333
2007-05-16,0,,0.0,20.33
2007-05-17,0,,0.0,22.09708333333333
2007-05-18,0,,14.7,16.284166666666668
2007-05-19,0,,0.3,19.70208333333333
2007-05-20,0,,19.5,16.20625
2007-05-21,0,,0.75,15.43416666666667
2007-05-22,0,,0.0,13.6
2007-05-23,0,,0.0,15.192083333333333
2007-05-24,0,,0.0,16.472083333333334
2007-05-25,0,,0.3,17.80333333333333
2007-05-26,0,,0.5,17.487083333333334
2007-05-27,0,,0.2,19.01875
2007-05-28,0,,16.7,19.74041666666667
2007-05-29,0,,6.3,17.78041666666667
2007-05-30,0,,0.0,18.58791666666667
2007-05-31,0,,0.0,16.340416666666666
2007-06-01,0,,0.0,15.85458333333333
2007-06-02,0,,0.0,17.192083333333333
2007-06-03,0,,0.0,17.2225
2007-06-04,0,,0.0,18.235
2007-06-05,0,,4.0,18.41333333333333
2007-06-06,0,,0.7,16.0
2007-06-07,0,,45.5,12.968333333333334
2007-06-08,0,,11.0,13.117916666666666
2007-06-09,0,,0.0,14.83166666666667
2007-06-10,0,,2.0,15.304166666666664
2007-06-11,0,,0.0,15.393333333333338
2007-06-12,0,,0.0,18.642916666666668
2007-06-13,0,,0.0,20.9275
2007-06-14,0,,0.0,20.79875
2007-06-15,0,,0.0,20.335
2007-06-16,0,,0.0,20.45833333333333
2007-06-17,0,,0.0,19.37333333333333
2007-06-18,0,,0.0,19.694166666666668
2007-06-19,0,,0.0,21.3175
2007-06-20,0,,0.0,21.02125
2007-06-21,0,,0.0,18.539166666666663
2007-06-22,0,,0.0,21.313333333333336
2007-06-23,0,,0.0,27.025416666666672
2007-06-24,0,,0.0,23.74875
2007-06-25,0,,0.0,24.6175
2007-06-26,0,,0.0,27.20416666666667
2007-06-27,0,,0.0,29.49833333333333
2007-06-28,0,,0.0,24.17625
2007-06-29,0,,4.8,17.89375
2007-06-30,0,,0.0,16.90375
2007-07-01,0,,0.0,17.632916666666663
2007-07-02,0,,0.0,17.385833333333334
2007-07-03,0,,0.0,19.790416666666665
2007-07-04,0,,0.0,23.23958333333333
2007-07-05,0,,0.0,23.71125
2007-07-06,0,,5.5,14.841666666666663
2007-07-07,0,,0.0,19.249583333333334
2007-07-08,0,,0.0,20.977083333333333
2007-07-09,0,,0.0,21.043333333333333
2007-07-10,0,,0.0,23.164166666666663
2007-07-11,0,,0.0,24.861666666666675
2007-07-12,0,,0.5,20.214166666666667
2007-07-13,0,,44.5,13.787916666666668
2007-07-14,0,,0.0,16.56
2007-07-15,0,,0.0,17.965833333333332
2007-07-16,0,,0.0,18.2325
2007-07-17,0,,0.0,20.35291666666667
2007-07-18,0,,0.0,23.8
2007-07-19,0,,0.0,21.79
2007-07-20,0,,0.0,20.59708333333333
2007-07-21,0,,0.0,20.47375
2007-07-22,0,,0.0,22.719583333333336
2007-07-23,0,,0.0,24.47875
2007-07-24,0,,0.0,26.227083333333336
2007-07-25,0,,0.0,27.897083333333327
2007-07-26,0,,0.0,26.42
2007-07-27,0,,0.0,25.0
2007-07-28,0,,0.0,24.0
2007-07-29,0,,0.0,23.0
2007-07-30,0,,0.0,22.0
2007-07-31,0,,0.0,19.0
2007-08-01,0,,42.0,17.227999999999998
2007-08-02,0,,4.2,15.328333333333337
2007-08-03,0,,0.0,17.879166666666663
2007-08-04,0,,0.0,18.25958333333333
2007-08-05,0,,0.0,20.05875
2007-08-06,0,,0.0,21.730416666666667
2007-08-07,0,,0.0,18.53
2007-08-08,0,,0.0,19.30375
2007-08-09,0,,0.0,21.98375
2007-08-10,0,,0.0,21.51875
2007-08-11,0,,0.0,23.34458333333333
2007-08-12,0,,0.0,22.19333333333333
2007-08-13,0,,0.0,20.343333333333337
2007-08-14,0,,0.0,20.2925
2007-08-15,0,,0.0,20.37625
2007-08-16,0,,0.0,19.71333333333333
2007-08-17,0,,0.0,19.85
2007-08-18,0,,0.0,20.6925
2007-08-19,0,,0.0,21.385
2007-08-20,0,,0.0,21.22416666666667
2007-08-21,0,,0.0,23.4625
2007-08-22,0,,0.0,23.00916666666667
2007-08-23,0,,0.0,21.842916666666664
2007-08-24,0,,0.0,22.04625
2007-08-25,0,,0.0,22.20875
2007-08-26,0,,8.75,22.63125
2007-08-27,0,,19.5,16.688333333333333
2007-08-28,0,,17.7,18.495
2007-08-29,0,,0.0,19.359166666666667
2007-08-30,0,,0.0,22.24416666666667
2007-08-31,0,,0.0,23.91666666666666
2007-09-01,0,,0.5,22.265
2007-09-02,0,,0.8,18.07541666666667
2007-09-03,0,,0.0,20.21208333333333
2007-09-04,0,,0.0,19.84125
2007-09-05,0,,0.0,21.77875
2007-09-06,0,,6.7,19.62125
2007-09-07,0,,0.0,15.528333333333334
2007-09-08,0,,0.0,12.44125
2007-09-09,0,,0.0,12.782916666666663
2007-09-10,0,,0.0,14.29083333333334
2007-09-11,0,,0.0,17.192916666666665
2007-09-12,0,,0.0,15.490833333333336
2007-09-13,0,,0.0,13.575833333333334
2007-09-14,0,,0.0,13.06125
2007-09-15,0,,0.0,14.794166666666667
2007-09-16,0,,0.0,7.787210283333334
2007-09-17,0,,0.0,12.54562625
2007-09-18,0,,0.0,14.3890485
2007-09-19,0,,0.0,14.471591983333331
2007-09-20,0,,0.0,13.966106716666664
2007-09-21,0,,41.25,13.0425
2007-09-22,0,,31.75,11.73833333333333
2007-09-23,0,,18.5,10.92333333333333
2007-09-24,0,,0.8,12.434166666666668
2007-09-25,0,,0.25,13.548333333333334
2007-09-26,0,,0.0,17.72863636363636
2007-09-27,0,,0.0,19.31625
2007-09-28,0,,0.0,19.335416666666664
2007-09-29,0,,0.0,16.07208333333333
2007-09-30,0,,0.0,14.943333333333335
2007-10-01,0,,0.0,13.1425
2007-10-02,0,,0.0,14.1675
2007-10-03,0,,0.25,15.91875
2007-10-04,0,,1.75,15.653333333333336
2007-10-05,0,,1.25,13.087083333333338
2007-10-06,0,,0.0,14.55625
2007-10-07,0,,0.0,14.871666666666668
2007-10-08,0,,0.0,15.199166666666663
2007-10-09,0,,0.0,15.672083333333337
2007-10-10,0,,0.0,15.35333333333333
2007-10-11,0,,0.5,15.831666666666663
2007-10-12,0,,2.0,14.5
2007-10-13,0,,20.25,12.62625
2007-10-14,0,,40.25,4.647541666666668
2007-10-15,0,,11.0,3.5529583333333314
2007-10-16,0,,0.0,7.1375416666666665
2007-10-17,0,,0.0,12.17375
2007-10-18,0,,0.0,14.54375
2007-10-19,0,,0.0,13.296666666666663
2007-10-20,0,,4.55,11.6175
2007-10-21,0,,2.0,12.36
2007-10-22,0,,2.25,14.364166666666664
2007-10-23,0,,0.0,13.50708333333334
2007-10-24,0,,6.0,11.589166666666666
2007-10-25,0,,4.0,9.590458333333336
2007-10-26,0,,0.0,9.26425
2007-10-27,0,,0.0,8.686791666666666
2007-10-28,0,,0.0,10.342083333333331
2007-10-29,0,,0.25,10.948333333333336
2007-10-30,0,,4.75,7.974625
2007-10-31,0,,0.0,13.91375
2007-11-01,0,,0.25,15.26875
2007-11-02,0,,6.75,8.625666666666666
2007-11-03,0,,0.0,7.340666666666666
2007-11-04,0,,2.75,10.27375
2007-11-05,0,,34.25,6.339624999999999
2007-11-06,0,,8.5,3.022375
2007-11-07,0,,1.5,2.533666666666666
2007-11-08,0,,4.0,3.7301250000000006
2007-11-09,0,,9.25,5.1948333333333325
2007-11-10,0,,33.0,5.274416666666666
2007-11-11,0,,9.8,3.8699166666666662
2007-11-12,0,,26.7,8.317458333333333
2007-11-13,0,,2.7,1.3920833333333336
2007-11-14,0,,0.5,8.447125000000002
2007-11-15,0,,0.0,12.93125
2007-11-16,0,,0.0,11.260083333333334
2007-11-17,0,,0.0,14.240416666666668
2007-11-18,0,,2.0,11.29916666666667
2007-11-19,0,,2.8,6.757874999999999
2007-11-20,0,,26.2,4.017875000000001
2007-11-21,0,,0.5,2.9982916666666664
2007-11-22,0,,0.0,4.577416666666667
2007-11-23,0,,0.0,7.958125
2007-11-24,0,,0.0,8.102291666666668
2007-11-25,0,,0.0,9.825416666666664
2007-11-26,0,,7.5,12.371750000000004
2007-11-27,0,,0.0,-1.4037916666666663
2007-11-28,0,,0.2,-1.572708333333333
2007-11-29,0,,1.0,2.383125
2007-11-30,0,,22.7,8.51125
2007-12-01,0,,15.0,0.80775
2007-12-02,0,,0.0,3.591875
2007-12-03,0,,0.0,6.842041666666667
2007-12-04,0,,8.2,8.741375
2007-12-05,2,outflow_treatment_m3_statistical_outlier,45.0,4.262083333333334
2007-12-06,0,,19.0,3.3449166666666663
2007-12-07,0,,1.3,2.281125
2007-12-08,0,,0.2,6.139124999999999
2007-12-09,0,,1.8,8.52225
2007-12-10,0,,11.8,8.0635
2007-12-11,0,,9.75,7.401666666666668
2007-12-12,0,,16.75,5.019458333333335
2007-12-13,0,,26.7,-0.2325833333333332
2007-12-14,0,,5.5,-0.3464166666666666
2007-12-15,0,,0.3,1.48575
2007-12-16,0,,0.2,2.6568333333333327
2007-12-17,0,,12.3,-1.2157083333333334
2007-12-18,0,,2.7,-2.668583333333333
2007-12-19,0,,0.0,-2.1874166666666666
2007-12-20,0,,0.3,-1.965875
2007-12-21,0,,0.0,-1.1129583333333335
2007-12-22,0,,0.0,-0.4833333333333333
2007-12-23,0,,8.5,1.894375
2007-12-24,0,,3.0,1.5693333333333337
2007-12-25,0,,0.0,0.3825833333333333
2007-12-26,0,,0.0,0.875
2007-12-27,0,,0.0,0.538125
2007-12-28,0,,0.0,-0.225625
2007-12-29,0,,1.0,-1.9008333333333336
2007-12-30,0,,0.0,-0.8845833333333334
2007-12-31,0,,0.0,-0.2134166666666666
2008-01-01,0,,0.0,2.5237916666666678
2008-01-02,0,,0.25,2.000958333333333
2008-01-03,0,,2.25,-3.668958333333334
2008-01-04,0,,0.0,-4.490958333333333
2008-01-05,0,,15.25,-4.353583333333333
2008-01-06,0,,0.0,1.7864166666666668
2008-01-07,0,,0.75,1.97475
2008-01-08,0,,0.25,-0.4423749999999999
2008-01-09,0,,0.25,-0.2061666666666667
2008-01-10,0,,1.5,-1.905333333333333
2008-01-11,0,,0.0,-1.5828749999999998
2008-01-12,0,,0.0,0.8710416666666668
2008-01-13,0,,0.0,2.6345
2008-01-14,0,,0.0,3.5413750000000004
2008-01-15,0,,0.25,1.9292916666666664
2008-01-16,0,,0.25,3.184041666666667
2008-01-17,0,,0.0,5.388791666666666
2008-01-18,0,,0.0,5.258708333333334
2008-01-19,0,,0.0,1.4074166666666663
2008-01-20,0,,0.0,3.2327500000000007
2008-01-21,0,,0.0,6.205500000000001
2008-01-22,0,,0.0,7.107833333333332
2008-01-23,0,,4.25,3.813125
2008-01-24,0,,11.25,-1.9605833333333331
2008-01-25,0,,10.5,-2.633
2008-01-26,0,,0.0,-0.4582499999999999
2008-01-27,0,,14.0,2.6624166666666667
2008-01-28,0,,23.0,-2.033333333333333
2008-01-29,0,,15.75,-3.86725
2008-01-30,0,,12.0,-4.475750000000001
2008-01-31,0,,1.0,-2.2063333333333337
2008-02-01,0,,0.75,3.3827916666666664
2008-02-02,0,,0.0,6.107125
2008-02-03,0,,0.0,6.476083333333334
2008-02-04,0,,0.0,7.018916666666667
2008-02-05,0,,0.0,6.458416666666666
2008-02-06,0,,0.0,2.8480416666666666
2008-02-07,0,,0.0,-0.0931666666666666
2008-02-08,0,,0.0,0.3942499999999999
2008-02-09,0,,0.0,0.07225
2008-02-10,0,,8.5,0.1885833333333333
2008-02-11,0,,12.0,-1.0319999999999998
2008-02-12,0,,5.25,-2.121125
2008-02-13,0,,4.75,-3.351458333333333
2008-02-14,0,,8.0,-2.998583333333333
2008-02-15,0,,3.5,-0.3120833333333334
2008-02-16,0,,44.5,-4.762833333333334
2008-02-17,0,,30.5,-6.195458333333334
2008-02-18,0,,14.0,-7.445916666666666
2008-02-19,0,,19.5,-2.2921666666666662
2008-02-20,0,,0.0,3.0658333333333325
2008-02-21,0,,0.0,6.359916666666667
2008-02-22,0,,0.0,6.523125
2008-02-23,0,,0.0,7.152999999999999
2008-02-24,0,,0.0,1.9775833333333337
2008-02-25,0,,0.0,4.468375000000001
2008-02-26,0,,0.0,9.527875000000002
2008-02-27,0,,0.0,10.919166666666667
2008-02-28,0,,0.0,8.915416666666662
2008-02-29,0,,0.5,7.220458333333334
2008-03-01,0,,2.0,10.149041666666664
2008-03-02,2,inflow_m3_statistical_outlier,16.25,6.340958333333333
2008-03-03,2,inflow_m3_statistical_outlier,0.0,10.314166666666669
2008-03-04,2,inflow_m3_statistical_outlier,0.0,14.44333333333333
2008-03-05,2,inflow_m3_statistical_outlier,0.0,11.151833333333334
2008-03-06,0,,0.0,6.991333333333333
2008-03-07,2,inflow_m3_statistical_outlier,0.0,14.515
2008-03-08,2,inflow_m3_statistical_outlier,0.0,11.315
2008-03-09,0,,0.0,8.863541666666668
2008-03-10,0,,0.0,7.775291666666667
2008-03-11,0,,0.0,9.002999999999998
2008-03-12,0,,0.0,10.133250000000002
2008-03-13,0,,5.75,6.687249999999999
2008-03-14,0,,1.0,3.112416666666667
2008-03-15,0,,0.0,9.804125
2008-03-16,0,,0.0,11.21958333333333
2008-03-17,0,,0.7999879999999999,12.982291666666663
2008-03-18,0,,4.0,9.038624999999998
2008-03-19,0,,16.5,9.249291666666666
2008-03-20,2,inflow_m3_statistical_outlier,14.25,7.294
2008-03-21,2,inflow_m3_statistical_outlier,37.25,7.424416666666666
2008-03-22,2,inflow_m3_statistical_outlier,0.75,13.695
2008-03-23,0,,0.0,16.177083333333332
2008-03-24,0,,0.0,16.403958333333332
2008-03-25,0,,8.0,5.465041666666665
2008-03-26,0,,0.75,3.144291666666667
2008-03-27,0,,0.25,7.920208333333334
2008-03-28,0,,0.0,6.630166666666668
2008-03-29,0,,0.0,3.376708333333333
2008-03-30,0,,12.75,2.0210833333333342
2008-03-31,0,,5.0,1.3200869565217392
2008-04-01,0,,0.25,3.8793333333333337
2008-04-02,0,,0.25,8.380375000000003
2008-04-03,0,,0.0,7.363791666666668
2008-04-04,0,,0.0,7.558375000000001
2008-04-05,0,,0.0,11.592083333333331
2008-04-06,0,,7.0,8.998208333333334
2008-04-07,0,,14.5,7.013291666666667
2008-04-08,0,,0.5,13.457916666666668
2008-04-09,0,,0.0,11.785833333333333
2008-04-10,0,,0.0,14.237916666666663
2008-04-11,0,,0.0,16.77958333333333
2008-04-12,0,,0.0,23.5675
2008-04-13,0,,0.0,22.840416666666663
2008-04-14,0,,0.0,19.703333333333337
2008-04-15,0,,0.0,15.20625
2008-04-16,0,,0.0,9.930708333333332
2008-04-17,0,,0.0,11.733333333333336
2008-04-18,0,,0.0,13.825416666666664
2008-04-19,0,,0.0,17.01875
2008-04-20,0,,0.0,19.464166666666667
2008-04-21,0,,0.0,21.38583333333333
2008-04-22,0,,0.0,22.835416666666664
2008-04-23,0,,0.0,14.594166666666666
2008-04-24,0,,0.0,7.9105
2008-04-25,0,,0.0,4.877208333333333
2008-04-26,0,,0.0,6.544
2008-04-27,0,,0.0,8.087958333333335
2008-04-28,0,,0.0,6.491916666666668
2008-04-29,0,,0.0,10.098708333333333
2008-04-30,0,,0.0,11.685833333333331
2008-05-01,0,,0.0,13.14
2008-05-02,0,,0.25,14.22375
2008-05-03,0,,8.5,10.31625
2008-05-04,0,,10.0,8.313
2008-05-05,0,,13.0,7.702750000000001
2008-05-06,0,,2.0,7.138375
2008-05-07,0,,0.0,9.114083333333337
2008-05-08,0,,1.5,5.382000000000001
2008-05-09,0,,0.0,8.580708333333336
2008-05-10,0,,0.0,7.447
2008-05-11,0,,0.0,8.910708333333332
2008-05-12,0,,0.0,8.51516666666667
2008-05-13,0,,0.0,11.49816666666667
2008-05-14,0,,4.75,12.456666666666663
2008-05-15,0,,0.0,9.482625
2008-05-16,0,,0.0,13.002083333333337
2008-05-17,0,,0.0,16.256666666666664
2008-05-18,0,,0.0,17.4375
2008-05-19,0,,0.0,20.29125
2008-05-20,0,,0.0,22.239166666666662
2008-05-21,0,,8.75,21.66291666666666
2008-05-22,0,,0.0,18.845416666666665
2008-05-23,0,,0.0,17.12125
2008-05-24,0,,0.0,17.10375
2008-05-25,0,,0.0,15.685833333333331
2008-05-26,0,,0.75,15.468333333333335
2008-05-27,0,,0.0,16.146666666666665
2008-05-28,0,,2.5,20.257916666666667
2008-05-29,0,,0.0,10.769583333333337
2008-05-30,0,,0.0,13.194083333333332
2008-05-31,0,,0.0,16.205
2008-06-01,0,,0.0,15.38875
2008-06-02,0,,0.0,13.2075
2008-06-03,0,,0.0,11.637624999999998
2008-06-04,0,,0.0,17.840416666666666
2008-06-05,0,,0.0,19.19625
2008-06-06,0,,15.0,16.85541666666667
2008-06-07,0,,1.0,15.054583333333335
2008-06-08,0,,6.5,14.825
2008-06-09,0,,0.0,15.504166666666665
2008-06-10,0,,9.25,14.075416666666664
2008-06-11,0,,0.0,16.800833333333337
2008-06-12,0,,0.0,19.56
2008-06-13,0,,0.0,21.820833333333336
2008-06-14,0,,0.0,19.66708333333333
2008-06-15,0,,10.0,17.260833333333334
2008-06-16,0,,0.0,16.83125
2008-06-17,0,,0.0,19.80625
2008-06-18,0,,0.0,22.06416666666666
2008-06-19,0,,0.0,23.522916666666664
2008-06-20,0,,0.0,18.49
2008-06-21,0,,0.0,16.576666666666664
2008-06-22,0,,0.0,18.40083333333333
2008-06-23,0,,0.0,19.860416666666666
2008-06-24,0,,0.0,21.9175
2008-06-25,0,,0.0,21.77
2008-06-26,0,,0.0,20.25541666666666
2008-06-27,0,,0.0,19.856666666666666
2008-06-28,0,,0.0,19.18583333333333
2008-06-29,0,,0.0,19.24791666666667
2008-06-30,0,,0.0,18.17833333333333
2008-07-01,0,,0.0,19.23958333333333
2008-07-02,0,,0.0,19.49291666666667
2008-07-03,0,,0.0,17.6225
2008-07-04,0,,0.0,19.82125
2008-07-05,0,,0.25,21.805416666666662
2008-07-06,0,,2.0,17.442916666666672
2008-07-07,0,,0.0,18.789166666666663
2008-07-08,0,,0.0,22.185
2008-07-09,0,,0.0,20.89333333333333
2008-07-10,0,,0.0,18.82916666666667
2008-07-11,0,,0.0,18.301666666666662
2008-07-12,0,,0.0,18.06416666666666
2008-07-13,0,,0.0,18.775833333333328
2008-07-14,0,,0.0,19.86583333333333
2008-07-15,0,,0.0,22.95208333333333
2008-07-16,0,,21.75,14.88375
2008-07-17,0,,3.25,15.87791666666667
2008-07-18,0,,0.0,19.42708333333333
2008-07-19,2,outflow_treatment_m3_statistical_outlier,0.0,19.78375
2008-07-20,0,,0.0,19.719166666666663
2008-07-21,0,,0.0,21.798260869565212
2008-07-22,0,,0.0,21.128695652173917
2008-07-23,0,,0.0,22.460869565217397
2008-07-24,0,,0.5,18.10625
2008-07-25,0,,0.0,17.57166666666667
2008-07-26,0,,0.0,20.06916666666667
2008-07-27,0,,0.0,18.679565217391303
2008-07-28,0,,0.0,19.609583333333333
2008-07-29,0,,3.0,17.95125
2008-07-30,0,,0.0,18.595833333333328
2008-07-31,0,,0.0,19.217916666666667
2008-08-01,0,,0.0,18.61458333333333
2008-08-02,0,,0.0,18.284166666666668
2008-08-03,0,,0.0,18.82
2008-08-04,0,,0.0,18.802916666666665
2008-08-05,0,,0.0,20.403333333333336
2008-08-06,0,,0.0,21.459166666666665
2008-08-07,0,,0.0,18.60666666666667
2008-08-08,0,,0.0,18.56083333333333
2008-08-09,0,,0.0,19.0975
2008-08-10,0,,0.0,19.82958333333333
2008-08-11,0,,0.0,18.587083333333336
2008-08-12,0,,0.0,20.02833333333333
2008-08-13,0,,0.0,20.565416666666668
2008-08-14,0,,0.0,22.5425
2008-08-15,0,,0.0,20.96333333333333
2008-08-16,0,,0.0,22.480833333333337
2008-08-17,0,,0.0,25.40166666666667
2008-08-18,0,,0.0,24.61833333333334
2008-08-19,0,,0.0,20.63333333333333
2008-08-20,0,,0.0,20.30291666666667
2008-08-21,0,,0.0,21.305833333333336
2008-08-22,0,,0.0,21.537916666666664
2008-08-23,0,,0.0,22.25791666666667
2008-08-24,0,,0.0,23.93125
2008-08-25,0,,0.0,22.199583333333337
2008-08-26,0,,0.0,20.62541666666667
2008-08-27,0,,0.0,19.366666666666667
2008-08-28,0,,0.0,19.17458333333334
2008-08-29,0,,0.0,19.432916666666667
2008-08-30,0,,3.5,19.961666666666662
2008-08-31,0,,0.75,15.549565217391306
2008-09-01,0,,0.0,15.429565217391303
2008-09-02,0,,0.0,17.633333333333336
2008-09-03,0,,0.0,16.37333333333333
2008-09-04,0,,0.0,17.420434782608698
2008-09-05,0,,0.0,17.32416666666667
2008-09-06,0,,0.0,18.444166666666664
2008-09-07,0,,0.0,18.709166666666665
2008-09-08,0,,0.0,18.12333333333333
2008-09-09,0,,0.0,18.51666666666667
2008-09-10,0,,1.25,16.40695652173913
2008-09-11,0,,0.0,16.285
2008-09-12,0,,0.0,19.972916666666663
2008-09-13,0,,0.0,23.00208333333333
2008-09-14,0,,0.0,18.375416666666663
2008-09-15,0,,3.5,21.895
2008-09-16,0,,0.5,21.746666666666663
2008-09-17,0,,32.25,16.939583333333335
2008-09-18,0,,9.25,10.553916666666668
2008-09-19,0,,0.0,11.73125
2008-09-20,0,,7.75,13.569166666666671
2008-09-21,0,,24.0,11.018333333333333
2008-09-22,0,,2.5,10.79
2008-09-23,0,,1.25,11.94375
2008-09-24,0,,0.0,11.5525
2008-09-25,0,,1.25,14.230869565217391
2008-09-26,0,,16.5,13.436666666666667
2008-09-27,0,,38.0,10.340833333333332
2008-09-28,0,,7.5,10.424583333333333
2008-09-29,0,,13.0,8.684208333333332
2008-09-30,0,,0.25,9.356291666666667
2008-10-01,0,,0.0,12.34625
2008-10-02,0,,0.5,15.079583333333334
2008-10-03,0,,12.0,17.097916666666666
2008-10-04,0,,0.0,17.449166666666667
2008-10-05,0,,3.0,13.030833333333335
2008-10-06,0,,0.0,10.62875
2008-10-07,0,,0.0,11.7825
2008-10-08,0,,0.25,12.51625
2008-10-09,0,,0.0,11.105833333333331
2008-10-10,0,,0.5,11.013333333333334
2008-10-11,0,,3.25,9.975833333333334
2008-10-12,0,,0.5,9.094708333333331
2008-10-13,0,,0.0,10.864958333333334
2008-10-14,0,,17.0,14.935833333333331
2008-10-15,0,,35.5,11.2875
2008-10-16,0,,0.0,11.980833333333331
2008-10-17,0,,0.0,14.1925
2008-10-18,0,,1.0,11.94125
2008-10-19,0,,0.0,10.743333333333332
2008-10-20,0,,0.0,11.20125
2008-10-21,0,,0.0,10.428791666666664
2008-10-22,0,,0.25,11.2325
2008-10-23,0,,0.5,9.250416666666666
2008-10-24,0,,0.0,8.371125
2008-10-25,0,,10.25,9.66
2008-10-26,0,,51.0,9.979166666666666
2008-10-27,0,,23.5,9.362272727272726
2008-10-28,0,,2.5,8.181208333333336
2008-10-29,0,,0.0,11.75625
2008-10-30,0,,0.0,16.194583333333334
2008-10-31,0,,0.0,15.599583333333332
2008-11-01,0,,0.0,15.909583333333332
2008-11-02,0,,0.0,16.65041666666666
2008-11-03,0,,0.0,12.617083333333332
2008-11-04,0,,0.0,9.876695652173913
2008-11-05,0,,0.0,11.411916666666665
2008-11-06,0,,0.0,10.21086956521739
2008-11-07,0,,0.0,9.974166666666664
2008-11-08,0,,0.25,9.345416666666669
2008-11-09,0,,0.25,8.441875
2008-11-10,0,,0.0,7.292791666666666
2008-11-11,0,,0.0,7.134083333333334
2008-11-12,0,,1.25,7.680041666666668
2008-11-13,0,,1.25,7.121416666666665
2008-11-14,0,,0.0,6.619833333333332
2008-11-15,0,,0.5,7.221624999999999
2008-11-16,0,,0.0,6.455416666666667
2008-11-17,0,,2.5,7.346583333333332
2008-11-18,0,,2.75,6.300625
2008-11-19,0,,13.5,9.0925
2008-11-20,0,,0.5,7.285791666666667
2008-11-21,0,,0.0,9.73708
2008-11-22,0,,23.0,8.302666666666667
2008-11-23,0,,3.25,1.6857083333333336
2008-11-24,0,,0.0,5.276958333333332
2008-11-25,0,,0.0,13.14583333333333
2008-11-26,0,,0.0,10.888166666666663
2008-11-27,0,,17.75,2.7800833333333337
2008-11-28,0,,2.0,2.155791666666667
2008-11-29,0,,5.25,7.583625
2008-11-30,0,,1.0,9.563625
2008-12-01,0,,0.0,10.14625
2008-12-02,0,,0.0,11.69375
2008-12-03,0,,0.0,16.130416666666665
2008-12-04,0,,0.0,15.270833333333336
2008-12-05,0,,0.0,13.995416666666666
2008-12-06,0,,0.0,16.745833333333337
2008-12-07,0,,0.0,10.221083333333333
2008-12-08,0,,0.0,2.0803333333333334
2008-12-09,0,,0.0,0.118375
2008-12-10,0,,0.0,2.4739166666666663
2008-12-11,0,,0.0,5.133208333333333
2008-12-12,0,,0.0,7.6185
2008-12-13,0,,0.0,7.568833333333333
2008-12-14,0,,0.0,6.262875
2008-12-15,0,,0.0,4.979958333333333
2008-12-16,0,,0.0,4.603083333333332
2008-12-17,0,,0.0,10.125749999999998
2008-12-18,0,,0.0,11.081958333333334
2008-12-19,0,,0.0,9.118458333333333
2008-12-20,0,,26.0,5.080583333333334
2008-12-21,0,,19.5,2.3223333333333334
2008-12-22,0,,25.0,1.3512916666666666
2008-12-23,0,,11.25,-0.0377083333333333
2008-12-24,0,,2.25,-2.722
2008-12-25,0,,0.75,-4.674333333333333
2008-12-26,0,,7.0,-1.8991666666666664
2008-12-27,0,,0.5,-3.132833333333334
2008-12-28,0,,6.75,-1.1214583333333334
2008-12-29,0,,0.0,-3.573125
2008-12-30,0,,0.0,-3.270833333333333
2008-12-31,0,,18.0,1.0079166666666668
2009-01-01,0,,23.25,-0.7103750000000001
2009-01-02,0,,2.75,1.0079166666666668
2009-01-03,0,,10.0,-0.7103750000000001
2009-01-04,0,,25.75,3.048583333333333
2009-01-05,0,,12.0,0.0631666666666666
2009-01-06,0,,19.5,0.06275
2009-01-07,0,,4.0,-1.075375
2009-01-08,0,,0.5,0.2511250000000002
2009-01-09,0,,0.0,-3.770375
2009-01-10,0,,2.25,-2.283916666666667
2009-01-11,0,,0.0,-2.3759583333333336
2009-01-12,0,,0.0,-0.4807916666666669
2009-01-13,0,,6.75,5.3175
2009-01-14,0,,0.25,7.039041666666666
2009-01-15,0,,0.0,8.995208333333332
2009-01-16,0,,8.0,5.290875000000001
2009-01-17,0,,10.5,-2.317416666666667
2009-01-18,0,,2.5,1.108375
2009-01-19,0,,0.0,5.360041666666668
2009-01-20,0,,0.0,7.010565217391306
2009-01-21,0,,0.0,8.345166666666666
2009-01-22,0,,0.0,10.426666666666668
2009-01-23,0,,0.0,9.165375
2009-01-24,0,,0.0,7.809416666666667
2009-01-25,0,,0.0,9.040458333333332
2009-01-26,0,,4.0,7.880416666666665
2009-01-27,0,,0.25,10.430416666666666
2009-01-28,0,,0.0,8.246000000000002
2009-01-29,0,,22.25,3.019916666666667
2009-01-30,0,,3.75,0.6143333333333333
2009-01-31,0,,2.0,0.0256666666666666
2009-02-01,0,,0.25,0.4967083333333331
2009-02-02,0,,0.5,3.3723333333333336
2009-02-03,0,,0.5,9.920958333333331
2009-02-04,0,,0.0,11.307083333333331
2009-02-05,0,,0.0,9.581083333333334
2009-02-06,0,,0.0,9.194916666666666
2009-02-07,0,,0.0,10.50125
2009-02-08,0,,27.75,8.261624999999997
2009-02-09,0,,9.75,5.5092500000000015
2009-02-10,0,,6.0,1.103625
2009-02-11,0,,6.0,7.203583333333333
2009-02-12,0,,39.75,5.358
2009-02-13,2,inflow_m3_statistical_outlier,11.75,3.473791666666667
2009-02-14,0,,15.5,2.827458333333334
2009-02-15,0,,8.25,-0.813125
2009-02-16,0,,10.75,-2.0175
2009-02-17,0,,8.75,0.2195833333333333
2009-02-18,0,,0.0,4.142416666666667
2009-02-19,0,,5.75,4.013916666666668
2009-02-20,0,,2.75,0.6053749999999997
2009-02-21,0,,20.0,-1.4823750000000002
2009-02-22,0,,10.25,-2.2364583333333337
2009-02-23,0,,9.75,-0.954
2009-02-24,0,,15.25,-0.5487916666666667
2009-02-25,0,,2.25,-0.1105
2009-02-26,0,,54.25,-1.3395833333333331
2009-02-27,0,,26.5,-1.4407083333333337
2009-02-28,0,,3.0,-0.7343333333333333
2009-03-01,0,,1.5,3.1872916666666677
2009-03-02,0,,5.25,2.5725833333333337
2009-03-03,0,,3.5,4.111416666666666
2009-03-04,0,,0.0,7.438791666666666
2009-03-05,2,inflow_m3_statistical_outlier,0.25,10.35875
2009-03-06,2,inflow_m3_statistical_outlier,0.25,12.360416666666667
2009-03-07,2,inflow_m3_statistical_outlier,11.75,6.405999999999999
2009-03-08,2,inflow_m3_statistical_outlier,0.25,7.422166666666665
2009-03-09,0,,0.0,7.359625
2009-03-10,0,,1.0,4.155500000000001
2009-03-11,0,,0.75,2.8151666666666664
2009-03-12,0,,7.5,4.276833333333335
2009-03-13,0,,4.5,0.4284166666666667
2009-03-14,0,,10.25,0.7578333333333332
2009-03-15,0,,4.0,0.7767916666666667
2009-03-16,0,,6.25,1.336625
2009-03-17,0,,0.75,2.064708333333333
2009-03-18,0,,6.0,1.5633333333333332
2009-03-19,0,,10.75,-1.1551666666666665
2009-03-20,0,,0.5,1.6337083333333335
2009-03-21,0,,1.75,5.208083333333334
2009-03-22,0,,7.5,3.918708333333333
2009-03-23,0,,3.0,1.139541666666667
2009-03-24,0,,0.5,6.57625
2009-03-25,0,,1.5,8.364333333333331
2009-03-26,0,,15.0,1.7443333333333328
2009-03-27,0,,3.5,-1.328
2009-03-28,0,,0.0,3.3848260869565228
2009-03-29,0,,0.0,11.57970833333333
2009-03-30,0,,0.0,14.111666666666672
2009-03-31,0,,0.0,15.344583333333334
2009-04-01,0,,0.0,11.65245833333333
2009-04-02,0,,0.0,6.431791666666665
2009-04-03,0,,0.0,6.286583333333332
2009-04-04,0,,0.0,8.614375
2009-04-05,0,,0.0,11.369041666666662
2009-04-06,0,,0.0,8.198041666666668
2009-04-07,0,,4.25,5.651916666666668
2009-04-08,0,,0.0,8.71225
2009-04-09,0,,0.25,10.418166666666668
2009-04-10,0,,0.0,9.867708333333336
2009-04-11,0,,0.0,7.475
2009-04-12,0,,0.0,7.072708333333332
2009-04-13,0,,0.0,15.3675
2009-04-14,0,,0.25,10.698500000000005
2009-04-15,0,,1.75,5.344166666666666
2009-04-16,0,,5.5,9.130541666666668
2009-04-17,0,,0.0,8.081750000000001
2009-04-18,0,,0.0,13.83875
2009-04-19,0,,0.0,15.217916666666666
2009-04-20,0,,0.0,14.567083333333336
2009-04-21,0,,0.0,13.2425
2009-04-22,0,,15.25,6.182041666666666
2009-04-23,0,,5.0,2.1154583333333337
2009-04-24,2,outflow_treatment_m3_statistical_outlier,0.0,9.62003472222222
2009-04-25,0,,0.0,5.902374999999999
2009-04-26,0,,5.25,4.757291666666667
2009-04-27,0,,1.5,3.4057916666666674
2009-04-28,0,,0.0,8.528625
2009-04-29,0,,3.0,9.886624999999997
2009-04-30,0,,0.0,11.122916666666669
2009-05-01,0,,19.75,11.153833333333331
2009-05-02,0,,9.25,7.539375
2009-05-03,0,,0.0,10.292166666666668
2009-05-04,0,,2.75,6.9339166666666685
2009-05-05,0,,7.75,6.469375
2009-05-06,0,,0.0,10.787375
2009-05-07,0,,7.0,12.930833333333334
2009-05-08,0,,0.0,10.748666666666663
2009-05-09,0,,0.0,13.023333333333332
2009-05-10,0,,0.0,13.137916666666667
2009-05-11,0,,0.0,13.84083333333333
2009-05-12,0,,0.0,16.72625
2009-05-13,0,,0.0,17.3575
2009-05-14,0,,0.0,16.96875
2009-05-15,0,,0.0,21.375833333333333
2009-05-16,0,,0.0,22.052916666666672
2009-05-17,0,,0.0,19.999583333333337
2009-05-18,0,,7.75,16.80166666666667
2009-05-19,0,,0.5,13.097916666666665
2009-05-20,0,,6.0,10.8925
2009-05-21,0,,0.0,11.559166666666668
2009-05-22,0,,0.25,13.287916666666666
2009-05-23,0,,5.5,17.09875
2009-05-24,0,,0.0,13.07125
2009-05-25,0,,0.0,15.074166666666663
2009-05-26,0,,0.0,12.451833333333331
2009-05-27,0,,0.0,12.05625
2009-05-28,0,,0.0,13.37491666666667
2009-05-29,0,,0.0,15.930833333333338
2009-05-30,0,,0.0,17.755
2009-05-31,0,,0.0,14.04458333333333
2009-06-01,0,,0.0,18.273333333333333
2009-06-02,0,,3.5,22.45375
2009-06-03,0,,0.0,20.785833333333333
2009-06-04,0,,4.0,14.455833333333333
2009-06-05,0,,0.0,16.55041666666667
2009-06-06,0,,0.0,19.4725
2009-06-07,0,,0.0,21.18458333333333
2009-06-08,0,,0.0,21.195
2009-06-09,0,,0.0,18.592916666666664
2009-06-10,0,,0.0,18.60916666666667
2009-06-11,0,,0.0,19.715416666666663
2009-06-12,0,,0.0,19.35125
2009-06-13,0,,6.25,14.567083333333334
2009-06-14,0,,0.0,15.387083333333331
2009-06-15,0,,0.0,15.684166666666664
2009-06-16,0,,0.0,17.3575
2009-06-17,0,,0.0,19.6325
2009-06-18,0,,0.0,14.31083333333333
2009-06-19,0,,0.0,16.220833333333335
2009-06-20,0,,0.0,19.469166666666663
2009-06-21,0,,0.25,20.3425
2009-06-22,0,,0.0,24.24625
2009-06-23,0,,0.0,23.0225
2009-06-24,0,,0.0,22.90041666666667
2009-06-25,0,,0.0,19.01458333333333
2009-06-26,0,,0.0,17.992916666666666
2009-06-27,0,,0.0,19.67625
2009-06-28,0,,8.75,17.82708333333333
2009-06-29,0,,36.75,18.877916666666664
2009-06-30,0,,0.0,20.22208333333333
2009-07-01,0,,0.0,19.730833333333333
2009-07-02,0,,0.25,19.617083333333337
2009-07-03,0,,0.0,19.38708333333333
2009-07-04,0,,7.25,19.47875
2009-07-05,0,,8.25,17.43958333333333
2009-07-06,0,,0.0,20.050416666666663
2009-07-07,0,,0.0,20.749583333333334
2009-07-08,0,,0.0,22.1425
2009-07-09,0,,0.0,23.048333333333336
2009-07-10,0,,0.0,21.245833333333334
2009-07-11,0,,0.0,21.30625
2009-07-12,0,,0.0,19.151666666666667
2009-07-13,0,,7.25,16.307083333333335
2009-07-14,0,,0.25,16.464583333333334
2009-07-15,0,,9.5,17.879583333333333
2009-07-16,0,,0.25,19.258000000000003
2009-07-17,0,,0.0,20.731666666666666
2009-07-18,0,,0.0,21.293333333333337
2009-07-19,0,,0.0,22.903333333333336
2009-07-20,0,,0.0,17.9875
2009-07-21,0,,0.0,17.67375
2009-07-22,0,,0.0,18.0
2009-07-23,0,,0.0,19.749166666666664
2009-07-24,0,,0.0,21.31625
2009-07-25,0,,0.0,24.738333333333333
2009-07-26,0,,5.0,22.047083333333337
2009-07-27,0,,0.25,17.1275
2009-07-28,0,,0.0,17.72125
2009-07-29,0,,0.0,18.181666666666665
2009-07-30,0,,0.0,18.53125
2009-07-31,0,,0.5,17.967916666666667
2009-08-01,0,,0.0,19.38958333333333
2009-08-02,0,,2.75,18.9125
2009-08-03,0,,0.0,20.379166666666663
2009-08-04,0,,0.0,21.59833333333334
2009-08-05,0,,0.0,21.75625
2009-08-06,0,,4.0,19.78375
2009-08-07,0,,0.0,19.63833333333334
2009-08-08,0,,8.75,17.954583333333336
2009-08-09,0,,0.0,17.3525
2009-08-10,0,,0.0,16.778333333333332
2009-08-11,0,,0.0,16.148333333333337
2009-08-12,0,,0.0,16.44
2009-08-13,0,,0.0,16.82625
2009-08-14,0,,0.0,17.71875
2009-08-15,0,,0.0,18.792083333333338
2009-08-16,2,outflow_treatment_m3_statistical_outlier,0.0,18.75041666666667
2009-08-17,0,,0.0,18.845
2009-08-18,0,,0.0,17.67625
2009-08-19,0,,0.0,19.192916666666665
2009-08-20,0,,0.0,19.030416666666664
2009-08-21,0,,0.0,17.044166666666673
2009-08-22,0,,0.0,16.42625
2009-08-23,0,,0.0,16.447083333333335
2009-08-24,0,,0.0,17.45875
2009-08-25,0,,0.0,16.80625
2009-08-26,0,,0.0,17.81041666666667
2009-08-27,0,,0.0,17.051666666666662
2009-08-28,0,,0.0,18.2075
2009-08-29,0,,0.0,18.761666666666667
2009-08-30,0,,0.0,18.34916666666666
2009-08-31,0,,0.0,17.91
2009-09-01,0,,1.25,16.102083333333333
2009-09-02,0,,0.0,15.380833333333335
2009-09-03,0,,0.0,18.3208
2009-09-04,0,,0.0,20.605
2009-09-05,0,,0.0,21.75833333333333
2009-09-06,0,,0.0,18.34083333333333
2009-09-07,0,,0.0,17.06125
2009-09-08,0,,6.75,16.644166666666667
2009-09-09,0,,2.5,16.593333333333337
2009-09-10,0,,13.5,16.638333333333335
2009-09-11,0,,2.5,16.753333333333334
2009-09-12,0,,6.75,16.63666666666667
2009-09-13,0,,15.25,13.415
2009-09-14,0,,0.0,15.9275
2009-09-15,0,,0.0,15.115
2009-09-16,0,,0.0,14.783333333333331
2009-09-17,0,,0.0,15.552916666666668
2009-09-18,0,,0.0,16.4325
2009-09-19,0,,13.75,14.049166666666665
2009-09-20,0,,3.5,10.874166666666667
2009-09-21,0,,2.5,10.71
2009-09-22,0,,12.75,12.42875
2009-09-23,0,,0.0,11.832
2009-09-24,0,,0.0,14.165416666666664
2009-09-25,0,,0.0,15.655
2009-09-26,0,,0.0,14.167916666666663
2009-09-27,0,,0.0,11.096624999999998
2009-09-28,0,,0.0,10.74125
2009-09-29,0,,0.0,13.149583333333332
2009-09-30,0,,0.0,14.35375
2009-10-01,0,,0.0,15.81041666666667
2009-10-02,0,,0.0,17.219583333333336
2009-10-03,0,,0.0,17.634583333333335
2009-10-04,0,,2.25,16.170416666666664
2009-10-05,0,,2.75,14.83458333333333
2009-10-06,0,,0.25,12.95
2009-10-07,0,,0.0,13.03458333333333
2009-10-08,0,,0.0,12.795
2009-10-09,0,,0.0,14.210416666666664
2009-10-10,0,,0.0,13.420833333333334
2009-10-11,0,,0.0,16.73833333333333
2009-10-12,0,,0.0,17.156666666666663
2009-10-13,0,,4.5,15.80625
2009-10-14,0,,0.0,8.458625
2009-10-15,0,,0.0,12.130416666666669
2009-10-16,0,,1.75,16.945833333333336
2009-10-17,0,,3.5,16.058333333333337
2009-10-18,0,,0.25,16.30541666666667
2009-10-19,0,,1.75,17.519166666666663
2009-10-20,0,,1.25,14.97375
2009-10-21,0,,21.75,10.490708333333336
2009-10-22,0,,0.0,10.488333333333337
2009-10-23,0,,0.0,15.505416666666664
2009-10-24,0,,0.0,15.974583333333332
2009-10-25,0,,0.0,15.48625
2009-10-26,0,,0.25,13.42625
2009-10-27,0,,9.75,12.441666666666665
2009-10-28,0,,20.0,9.7425
2009-10-29,0,,0.25,9.278416666666669
2009-10-30,0,,50.0,7.65325
2009-10-31,2,precip_kartepe_mm_out_of_range;inflow_m3_statistical_outlier;precip_kartepe_mm_imputed_linear,148.5,6.976500000000001
2009-11-01,2,inflow_m3_out_of_range;inflow_m3_statistical_outlier,84.75,3.3210833333333327
2009-11-02,2,inflow_m3_statistical_outlier,6.25,0.6365416666666667
2009-11-03,0,,8.0,5.4041250000000005
2009-11-04,0,,5.25,8.442041666666666
2009-11-05,0,,0.0,10.710583333333334
2009-11-06,0,,0.0,12.61625
2009-11-07,0,,0.0,14.94875
2009-11-08,0,,0.0,15.678333333333336
2009-11-09,0,,0.0,12.340416666666668
2009-11-10,0,,0.0,13.95708333333333
2009-11-11,0,,5.25,9.413708333333334
2009-11-12,0,,22.25,7.8877916666666685
2009-11-13,0,,0.5,4.567458333333333
2009-11-14,0,,0.0,4.745916666666666
2009-11-15,0,,3.5,7.426708333333333
2009-11-16,0,,8.0,5.487375
2009-11-17,0,,1.5,5.242874999999999
2009-11-18,0,,0.75,6.585833333333333
2009-11-19,0,,0.0,7.97275
2009-11-20,0,,0.0,9.14825
2009-11-21,0,,0.0,8.652958333333334
2009-11-22,0,,0.0,10.799166666666666
2009-11-23,0,,0.0,12.949583333333337
2009-11-24,0,,0.0,8.686541666666669
2009-11-25,0,,0.0,6.430875
2009-11-26,0,,0.0,8.572375
2009-11-27,0,,0.0,10.275416666666668
2009-11-28,0,,0.0,9.8975
2009-11-29,0,,0.75,8.306125
2009-11-30,0,,0.5,8.567291666666668
2009-12-01,0,,0.0,10.05125
2009-12-02,0,,0.0,10.5975
2009-12-03,0,,0.0,8.824125000000002
2009-12-04,0,,0.0,7.983291666666666
2009-12-05,0,,25.75,9.097333333333331
2009-12-06,0,,31.0,5.958166666666668
2009-12-07,0,,1.25,3.3447499999999994
2009-12-08,0,,0.25,3.492791666666667
2009-12-09,0,,0.0,4.810833333333333
2009-12-10,0,,4.25,5.444499999999999
2009-12-11,0,,21.0,4.591416666666667
2009-12-12,0,,15.75,4.736958333333334
2009-12-13,2,inflow_m3_statistical_outlier,24.25,-1.035958333333333
2009-12-14,0,,2.75,1.3644999999999998
2009-12-15,0,,1.0,6.6835
2009-12-16,0,,7.25,6.326624999999999
2009-12-17,0,,1.0,3.6930833333333335
2009-12-18,0,,18.0,4.241000000000002
2009-12-19,0,,3.75,5.390083333333333
2009-12-20,0,,32.0,8.074583333333331
2009-12-21,0,,4.5,-2.6951666666666667
2009-12-22,0,,0.0,3.729583333333333
2009-12-23,0,,0.0,10.086875
2009-12-24,0,,0.0,11.67125
2009-12-25,0,,0.0,13.59625
2009-12-26,0,,0.0,11.989583333333334
2009-12-27,0,,0.0,13.83
2009-12-28,0,,4.5,8.344166666666665
2009-12-29,0,,0.0,4.1930000000000005
2009-12-30,0,,0.0,6.859000000000002
2009-12-31,0,,0.0,12.89833333333334
2010-01-01,0,,0.0,14.794166666666667
2010-01-02,0,,31.0,5.946750000000001
2010-01-03,0,,15.25,1.4489166666666664
2010-01-04,0,,6.0,-4.698125
2010-01-05,0,,0.5,1.9360833333333336
2010-01-06,0,,0.5,9.208
2010-01-07,0,,0.25,11.570833333333333
2010-01-08,0,,0.0,13.0125
2010-01-09,0,,0.0,13.966666666666669
2010-01-10,0,,0.0,9.88875
2010-01-11,0,,1.0,5.266125
2010-01-12,0,,0.25,5.188583333333333
2010-01-13,0,,2.5,4.459041666666667
2010-01-14,0,,2.75,1.8017083333333328
2010-01-15,0,,7.0,0.4201666666666666
2010-01-16,0,,6.25,0.072375
2010-01-17,0,,1.25,3.033166666666667
2010-01-18,0,,0.5,5.831875
2010-01-19,0,,7.25,-1.3930833333333332
2010-01-20,0,,0.0,-1.6460416666666668
2010-01-21,0,,13.25,-2.225916666666667
2010-01-22,0,,26.5,-0.9273750000000002
2010-01-23,0,,16.25,-4.700166666666666
2010-01-24,0,,48.0,-5.100791666666667
2010-01-25,0,,8.25,-7.517999999999998
2010-01-26,0,,10.25,-7.863875
2010-01-27,0,,0.0,-1.8949583333333329
2010-01-28,0,,0.0,1.5191666666666668
2010-01-29,0,,18.25,4.2785
2010-01-30,2,inflow_m3_statistical_outlier,1.0,8.080791666666666
2010-01-31,2,inflow_m3_statistical_outlier,4.25,6.951458333333334
2010-02-01,2,inflow_m3_statistical_outlier,24.5,5.339208333333333
2010-02-02,2,inflow_m3_statistical_outlier,29.5,-2.040083333333333
2010-02-03,0,,0.5,-5.53875
2010-02-04,0,,42.25,-2.842750000000001
2010-02-05,0,,0.0,-4.504499999999999
2010-02-06,0,,0.0,1.225625
2010-02-07,0,,0.0,4.382083333333335
2010-02-08,0,,0.0,2.8280416666666657
2010-02-09,0,,0.0,-0.7008333333333336
2010-02-10,0,,0.25,7.766333333333335
2010-02-11,2,inflow_m3_statistical_outlier,4.25,8.331083333333336
2010-02-12,2,inflow_m3_statistical_outlier,0.0,9.411374999999998
2010-02-13,2,inflow_m3_statistical_outlier,5.5,6.73
2010-02-14,0,,0.25,10.909333333333334
2010-02-15,2,inflow_m3_statistical_outlier,0.0,6.748916666666666
2010-02-16,0,,0.0,6.5477083333333335
2010-02-17,0,,0.0,11.759166666666667
2010-02-18,0,,0.0,11.932083333333331
2010-02-19,0,,0.0,12.385
2010-02-20,0,,0.0,15.708333333333336
2010-02-21,0,,8.0,5.315458333333332
2010-02-22,0,,0.75,4.20225
2010-02-23,0,,1.75,8.084249999999999
2010-02-24,0,,4.75,8.52645833333333
2010-02-25,0,,18.5,7.476875
2010-02-26,0,,3.5,4.6835
2010-02-27,0,,8.25,5.770833333333332
2010-02-28,0,,4.25,3.573541666666667
2010-03-01,0,,0.75,10.473458333333337
2010-03-02,0,,22.75,7.572416666666666
2010-03-03,0,,0.5,4.574249999999998
2010-03-04,0,,18.25,8.457791666666667
2010-03-05,2,inflow_m3_statistical_outlier,16.5,6.777125000000002
2010-03-06,2,inflow_m3_statistical_outlier,17.5,-0.729
2010-03-07,0,,0.0,-0.3855416666666666
2010-03-08,0,,5.0,2.7775416666666666
2010-03-09,0,,13.5,2.8049583333333348
2010-03-10,0,,0.5,1.1305833333333333
2010-03-11,0,,0.75,9.038625
2010-03-12,0,,0.0,7.057583333333333
2010-03-13,0,,0.0,4.795833333333333
2010-03-14,0,,0.5,0.5337083333333333
2010-03-15,0,,0.0,1.690583333333333
2010-03-16,0,,0.0,1.668
2010-03-17,0,,12.0,-0.2710000000000002
2010-03-18,0,,1.0,0.6160833333333334
2010-03-19,0,,0.0,3.7891250000000007
2010-03-20,0,,0.0,9.290041666666664
2010-03-21,0,,0.0,12.144583333333332
2010-03-22,0,,0.0,12.79625
2010-03-23,0,,0.0,11.288916666666667
2010-03-24,0,,0.0,5.956499999999999
2010-03-25,0,,0.0,3.998319999999999
2010-03-26,0,,0.0,3.433708333333333
2010-03-27,0,,0.0,9.036304347826086
2010-03-28,0,,11.75,10.44708333333333
2010-03-29,0,,9.25,3.6270833333333328
2010-03-30,0,,0.0,9.697958333333334
2010-03-31,0,,0.25,12.7525
2010-04-01,0,,5.25,12.229583333333336
2010-04-02,0,,3.5,10.147208333333332
2010-04-03,0,,0.25,8.993458333333331
2010-04-04,0,,0.0,10.772666666666668
2010-04-05,0,,0.0,15.24875
2010-04-06,0,,34.25,9.163083333333333
2010-04-07,2,inflow_m3_statistical_outlier,18.25,4.038833333333334
2010-04-08,0,,0.25,4.351958333333334
2010-04-09,0,,1.0,2.968083333333334
2010-04-10,0,,0.0,5.322541666666665
2010-04-11,0,,0.0,3.546541666666668
2010-04-12,0,,0.25,4.629083333333333
2010-04-13,0,,0.0,7.593125
2010-04-14,0,,0.0,10.11875
2010-04-15,0,,0.0,14.54375
2010-04-16,0,,0.0,17.347083333333334
2010-04-17,0,,2.0,12.58
2010-04-18,0,,0.0,9.376416666666666
2010-04-19,0,,2.25,16.79875
2010-04-20,0,,3.75,12.545833333333334
2010-04-21,0,,10.5,6.953125
2010-04-22,0,,0.0,11.43875
2010-04-23,0,,0.0,15.06833333333333
2010-04-24,0,,0.0,16.62125
2010-04-25,0,,0.0,11.499833333333337
2010-04-26,0,,1.25,8.9535
2010-04-27,0,,0.75,5.250625
2010-04-28,0,,0.5,5.431208333333334
2010-04-29,0,,0.0,6.105666666666667
2010-04-30,0,,0.0,8.222583333333334
2010-05-01,0,,0.0,10.314291666666668
2010-05-02,0,,0.0,11.748791666666667
2010-05-03,0,,0.0,12.990375
2010-05-04,0,,0.0,12.342583333333332
2010-05-05,0,,0.0,12.36220833333333
2010-05-06,0,,0.0,16.592916666666664
2010-05-07,0,,0.0,17.72333333333333
2010-05-08,0,,0.0,15.692083333333334
2010-05-09,0,,0.0,15.049583333333333
2010-05-10,0,,0.0,14.02
2010-05-11,0,,0.0,16.88125
2010-05-12,0,,0.0,18.5325
2010-05-13,0,,0.5,22.61958333333333
2010-05-14,0,,0.0,19.8275
2010-05-15,0,,0.75,19.72875
2010-05-16,0,,0.0,17.06791666666666
2010-05-17,0,,0.0,14.2975
2010-05-18,0,,6.0,10.46695833333333
2010-05-19,0,,1.25,10.997749999999998
2010-05-20,0,,2.5,9.860166666666666
2010-05-21,0,,3.0,12.243333333333334
2010-05-22,0,,53.25,10.427083333333334
2010-05-23,0,,4.75,10.62166666666667
2010-05-24,0,,0.0,14.0725
2010-05-25,0,,0.0,16.302916666666665
2010-05-26,0,,0.0,18.451666666666668
2010-05-27,0,,0.0,19.148333333333333
2010-05-28,2,outflow_treatment_m3_statistical_outlier,0.0,20.28208333333334
2010-05-29,2,outflow_treatment_m3_statistical_outlier,0.0,19.023333333333333
2010-05-30,0,,0.0,20.2825
2010-05-31,0,,0.0,22.08541666666667
2010-06-01,0,,3.0,20.040416666666665
2010-06-02,0,,0.75,13.188333333333333
2010-06-03,0,,0.0,16.73125
2010-06-04,0,,0.0,17.83958333333333
2010-06-05,0,,1.0,17.10125
2010-06-06,0,,21.0,13.88875
2010-06-07,0,,40.5,12.925
2010-06-08,0,,7.25,15.434583333333336
2010-06-09,0,,22.25,16.517083333333336
2010-06-10,0,,0.5,15.62791666666667
2010-06-11,0,,0.0,17.784583333333334
2010-06-12,0,,0.0,20.0575
2010-06-13,0,,0.0,20.855
2010-06-14,0,,0.0,21.35416666666666
2010-06-15,0,,0.0,22.483333333333334
2010-06-16,0,,0.0,21.687916666666663
2010-06-17,0,,0.0,20.395833333333336
2010-06-18,0,,5.0,17.095
2010-06-19,0,,0.0,19.44333333333333
2010-06-20,0,,0.5,21.07791666666667
2010-06-21,0,,0.0,21.6175
2010-06-22,0,,14.0,16.233333333333334
2010-06-23,0,,7.25,14.829583333333332
2010-06-24,0,,9.0,11.989166666666664
2010-06-25,0,,4.0,12.593333333333334
2010-06-26,0,,0.0,15.386666666666663
2010-06-27,0,,0.0,17.145416666666666
2010-06-28,2,outflow_treatment_m3_statistical_outlier,3.75,16.7025
2010-06-29,0,,0.5,17.545833333333338
2010-06-30,0,,2.25,17.40583333333333
2010-07-01,0,,0.0,19.21875
2010-07-02,0,,0.0,20.45583333333333
2010-07-03,0,,0.0,19.59083333333333
2010-07-04,0,,0.0,19.562083333333337
2010-07-05,0,,0.0,18.43375
2010-07-06,2,outflow_treatment_m3_statistical_outlier,0.0,19.04
2010-07-07,2,outflow_treatment_m3_statistical_outlier,0.0,19.38208333333333
2010-07-08,0,,0.75,17.23125
2010-07-09,0,,0.0,17.204583333333332
2010-07-10,0,,0.25,17.985833333333336
2010-07-11,0,,0.0,18.54375
2010-07-12,0,,0.0,19.8175
2010-07-13,0,,0.0,20.325833333333332
2010-07-14,0,,0.0,21.02083333333334
2010-07-15,0,,0.25,20.84666666666666
2010-07-16,0,,0.0,20.76125
2010-07-17,0,,0.0,20.41083333333333
2010-07-18,0,,0.0,20.89875
2010-07-19,0,,0.0,21.4404166666667
2010-07-20,0,,0.25,19.834583333333335
2010-07-21,0,,0.0,20.421666666666667
2010-07-22,0,,0.0,21.948333333333338
2010-07-23,0,,0.0,22.124583333333334
2010-07-24,0,,0.0,20.699166666666667
2010-07-25,0,,0.0,21.98958333333334
2010-07-26,0,,1.0,22.05
2010-07-27,0,,0.0,21.24375
2010-07-28,0,,0.0,19.742083333333337
2010-07-29,0,,0.0,19.070833333333333
2010-07-30,0,,0.0,21.08125
2010-07-31,0,,0.0,23.1425
2010-08-01,0,,0.0,23.27916666666667
2010-08-02,0,,0.0,21.860833333333336
2010-08-03,0,,0.0,22.18125
2010-08-04,0,,0.0,23.021666666666665
2010-08-05,0,,0.5,23.365
2010-08-06,0,,0.0,25.25375
2010-08-07,0,,0.0,23.97625
2010-08-08,0,,0.0,22.874583333333334
2010-08-09,0,,0.25,22.865833333333327
2010-08-10,0,,0.0,23.341666666666665
2010-08-11,0,,0.0,24.36
2010-08-12,0,,0.0,24.07375
2010-08-13,0,,0.0,23.550833333333333
2010-08-14,0,,0.0,23.42458333333333
2010-08-15,0,,0.0,22.874583333333334
2010-08-16,0,,0.0,22.984583333333337
2010-08-17,0,,0.0,23.291666666666668
2010-08-18,0,,0.0,22.36833333333333
2010-08-19,0,,0.0,22.09708333333333
2010-08-20,0,,0.0,21.99458333333334
2010-08-21,0,,0.0,19.13
2010-08-22,0,,0.0,19.34875
2010-08-23,0,,0.0,17.45583333333333
2010-08-24,0,,0.0,18.897916666666664
2010-08-25,0,,0.0,19.38875
2010-08-26,0,,0.0,20.4925
2010-08-27,0,,0.0,20.105833333333333
2010-08-28,0,,0.0,25.36208333333333
2010-08-29,0,,0.0,23.499166666666667
2010-08-30,0,,0.0,20.0
2010-08-31,0,,4.75,22.62625
2010-09-01,0,,24.0,11.8825
2010-09-02,0,,0.0,13.6975
2010-09-03,0,,0.0,16.38458333333333
2010-09-04,0,,0.0,18.18458333333333
2010-09-05,0,,5.0,18.165416666666665
2010-09-06,0,,0.75,16.15
2010-09-07,0,,2.0,14.8825
2010-09-08,0,,0.0,16.69625
2010-09-09,0,,0.0,18.86875
2010-09-10,0,,0.0,15.23125
2010-09-11,0,,0.0,15.67875
2010-09-12,0,,7.0,16.040833333333335
2010-09-13,0,,0.0,13.53875
2010-09-14,0,,0.0,15.296666666666669
2010-09-15,0,,0.0,15.690833333333332
2010-09-16,0,,0.0,17.07208333333333
2010-09-17,0,,0.0,15.711666666666666
2010-09-18,0,,0.0,18.191666666666663
2010-09-19,0,,0.0,20.16416666666667
2010-09-20,0,,1.75,19.03333333333333
2010-09-21,0,,30.75,18.5
2010-09-22,0,,4.0,17.0
2010-09-23,0,,0.0,16.0
2010-09-24,0,,1.5,15.5
2010-09-25,0,,0.0,15.0
2010-09-26,0,,0.0,14.27
2010-09-27,0,,0.0,13.8
2010-09-28,0,,0.0,13.1
2010-09-29,0,,13.75,12.67
2010-09-30,0,,0.0,12.409499999999998
2010-10-01,0,,0.0,10.959833333333334
2010-10-02,0,,0.25,10.878125
2010-10-03,0,,4.75,8.398458333333336
2010-10-04,0,,0.0,8.754
2010-10-05,0,,0.0,8.738208333333331
2010-10-06,0,,0.75,9.207625000000002
2010-10-07,0,,19.5,7.322749999999999
2010-10-08,0,,21.5,5.720791666666667
2010-10-09,0,,5.5,4.224291666666666
2010-10-10,0,,0.0,6.035
2010-10-11,0,,0.5,9.58675
2010-10-12,0,,17.75,12.242083333333332
2010-10-13,0,,45.0,13.482916666666664
2010-10-14,0,,24.25,14.107083333333334
2010-10-15,0,,24.25,11.621666666666668
2010-10-16,0,,4.25,13.497916666666669
2010-10-17,0,,0.0,14.65708333333333
2010-10-18,0,,5.25,15.6325
2010-10-19,0,,1.0,15.944166666666666
2010-10-20,0,,1.75,14.3125
2010-10-21,0,,18.0,12.706458333333336
2010-10-22,0,,3.75,7.874750000000002
2010-10-23,0,,0.5,8.520458333333332
2010-10-24,0,,0.0,9.661041666666668
2010-10-25,0,,0.0,13.045833333333327
2010-10-26,0,,4.75,14.325
2010-10-27,0,,43.75,11.21375
2010-10-28,2,inflow_m3_out_of_range;inflow_m3_statistical_outlier,116.75,7.465166666666666
2010-10-29,2,inflow_m3_out_of_range;inflow_m3_statistical_outlier,24.75,3.427
2010-10-30,0,,0.0,4.057875000000001
2010-10-31,0,,0.0,8.19875
2010-11-01,0,,0.0,9.06975
2010-11-02,0,,0.0,11.89375
2010-11-03,0,,0.0,12.086666666666666
2010-11-04,2,outflow_treatment_m3_statistical_outlier,0.0,12.807083333333331
2010-11-05,0,,0.0,14.224583333333335
2010-11-06,0,,0.0,13.72875
2010-11-07,0,,0.0,13.249583333333332
2010-11-08,0,,0.0,17.81125
2010-11-09,0,,0.0,17.215416666666666
2010-11-10,0,,0.0,17.11958333333333
2010-11-11,0,,0.0,16.7625
2010-11-12,0,,0.0,14.96458333333333
2010-11-13,0,,0.0,15.03375
2010-11-14,0,,0.0,18.453333333333337
2010-11-15,0,,0.0,19.644583333333333
2010-11-16,0,,0.25,16.33583333333333
2010-11-17,0,,0.0,15.1425
2010-11-18,0,,0.0,13.02
2010-11-19,0,,0.0,11.743333333333332
2010-11-20,0,,0.0,9.975916666666665
2010-11-21,0,,0.0,8.602041666666667
2010-11-22,0,,0.0,11.25
2010-11-23,0,,10.0,13.09625
2010-11-24,0,,8.0,10.395416666666668
2010-11-25,0,,11.0,8.79992
2010-11-26,0,,0.0,13.183333333333335
2010-11-27,0,,0.0,15.144583333333337
2010-11-28,0,,0.0,17.257916666666667
2010-11-29,0,,0.0,17.51666666666667
2010-11-30,0,,0.0,16.265
2010-12-01,0,,0.0,18.45625
2010-12-02,0,,0.0,18.86875
2010-12-03,0,,0.0,17.4425
2010-12-04,0,,0.0,16.50958333333333
2010-12-05,0,,25.0,3.053333333333333
2010-12-06,0,,0.25,3.1534166666666668
2010-12-07,0,,0.0,6.374416666666666
2010-12-08,0,,0.0,10.365666666666668
2010-12-09,0,,11.0,12.34625
2010-12-10,0,,80.25,-0.6877916666666666
2010-12-11,0,,65.5,-2.1725
2010-12-12,0,,18.75,-4.375958333333334
2010-12-13,0,,13.0,-0.7917083333333336
2010-12-14,0,,3.5,0.3797083333333333
2010-12-15,0,,0.0,1.3657500000000002
2010-12-16,0,,8.75,5.672458333333334
2010-12-17,0,,2.0,1.956875
2010-12-18,0,,0.0,5.286333333333333
2010-12-19,0,,9.0,4.295833333333333
2010-12-20,0,,0.25,10.405416666666666
2010-12-21,2,inflow_m3_statistical_outlier,0.25,11.250416666666665
2010-12-22,0,,0.0,10.165416666666664
2010-12-23,0,,0.0,9.7325
2010-12-24,0,,0.0,11.925833333333337
2010-12-25,0,,0.0,11.552916666666668
2010-12-26,0,,0.0,11.05916666666667
2010-12-27,0,,0.0,9.540458333333332
2010-12-28,0,,17.75,2.475416666666667
2010-12-29,0,,29.5,0.2257916666666666
2010-12-30,0,,2.5,-0.9057916666666668
2010-12-31,0,,6.25,-2.9020833333333336
2011-01-01,0,,0.75,-0.1987826086956522
2011-01-02,0,,0.0,3.340818181818181
2011-01-03,0,,10.0,3.621125
2011-01-04,0,,35.75,-0.0633
2011-01-05,0,,0.0,-0.1
2011-01-06,0,,0.0,-0.25
2011-01-07,0,,0.0,-0.383952380952381
2011-01-08,0,,0.0,1.6985833333333338
2011-01-09,0,,0.0,4.663833333333332
2011-01-10,0,,0.0,4.574625
2011-01-11,0,,0.0,5.477166666666665
2011-01-12,0,,0.0,6.156041666666666
2011-01-13,0,,0.0,3.962625
2011-01-14,0,,0.0,3.702125000000001
2011-01-15,0,,0.0,5.389333333333332
2011-01-16,0,,15.75,4.041291666666667
2011-01-17,0,,10.5,1.3632916666666668
2011-01-18,0,,0.0,0.870625
2011-01-19,0,,0.0,1.715666666666667
2011-01-20,0,,0.0,6.172666666666667
2011-01-21,0,,0.0,7.551791666666666
2011-01-22,0,,0.0,8.265333333333334
2011-01-23,0,,10.25,6.228416666666668
2011-01-24,0,,30.0,2.068374999999999
2011-01-25,0,,0.0,-0.4543333333333333
2011-01-26,0,,23.25,-1.38
2011-01-27,0,,0.0,-1.2661250000000002
2011-01-28,0,,0.0,0.6875
2011-01-29,0,,87.5,-1.2274166666666668
2011-01-30,0,,0.0,-1.732875
2011-01-31,0,,7.75,-2.8634166666666663
2011-02-01,0,,0.0,-3.71725
2011-02-02,0,,0.0,-1.8101666666666665
2011-02-03,0,,0.0,-0.3656666666666666
2011-02-04,0,,0.0,-0.608
2011-02-05,0,,0.0,4.7655
2011-02-06,0,,0.0,6.8274583333333325
2011-02-07,0,,0.0,5.731541666666668
2011-02-08,0,,0.0,8.184583333333334
2011-02-09,0,,0.0,3.0149166666666667
2011-02-10,0,,0.0,-0.05375
2011-02-11,0,,0.0,3.747458333333334
2011-02-12,0,,0.0,5.549666666666666
2011-02-13,0,,0.0,0.46125
2011-02-14,0,,0.75,1.9392083333333332
2011-02-15,0,,0.0,-2.0540833333333333
2011-02-16,0,,0.0,-2.5210000000000004
2011-02-17,0,,0.0,5.562541666666667
2011-02-18,0,,0.0,9.4925
2011-02-19,0,,0.0,5.211666666666667
2011-02-20,0,,11.5,-0.2044583333333333
2011-02-21,0,,0.75,0.0267083333333333
2011-02-22,0,,0.0,5.72125
2011-02-23,0,,0.0,5.316624999999999
2011-02-24,0,,7.75,2.90175
2011-02-25,0,,22.25,1.8348333333333335
2011-02-26,0,,18.0,-1.0525
2011-02-27,0,,8.5,-0.9594166666666668
2011-02-28,0,,4.0,-0.7313750000000002
2011-03-01,0,,4.25,-1.420541666666667
2011-03-02,0,,4.0,-0.56225
2011-03-03,0,,0.0,-0.2427916666666666
2011-03-04,0,,0.0,-1.5045
2011-03-05,0,,1.75,3.9290000000000007
2011-03-06,0,,21.25,0.8361666666666666
2011-03-07,0,,11.0,-2.693083333333333
2011-03-08,0,,0.0,-3.602125
2011-03-09,0,,0.0,-3.327541666666667
2011-03-10,0,,0.0,-3.579625
2011-03-11,0,,27.25,-2.3054583333333327
2011-03-12,0,,0.75,3.683583333333333
2011-03-13,0,,0.0,8.060374999999999
2011-03-14,0,,0.0,10.800416666666663
2011-03-15,0,,0.0,12.449583333333337
2011-03-16,2,inflow_m3_statistical_outlier,0.0,12.301666666666668
2011-03-17,2,inflow_m3_statistical_outlier,0.0,12.06733333333333
2011-03-18,2,inflow_m3_statistical_outlier,0.0,7.550625
2011-03-19,2,inflow_m3_statistical_outlier,0.0,5.45
2011-03-20,2,inflow_m3_statistical_outlier,11.25,3.249875000000001
2011-03-21,2,inflow_m3_statistical_outlier,3.25,0.5719583333333335
2011-03-22,0,,3.0,-0.537125
2011-03-23,0,,1.25,-0.110375
2011-03-24,0,,0.0,4.382749999999999
2011-03-25,0,,0.0,10.117083333333332
2011-03-26,0,,0.0,12.307083333333331
2011-03-27,0,,0.0,9.913208333333335
2011-03-28,0,,0.0,9.636291666666668
2011-03-29,0,,0.0,12.11458333333333
2011-03-30,0,,0.0,10.621250000000002
2011-03-31,0,,0.0,7.934249999999999
2011-04-01,0,,0.0,4.946583333333334
2011-04-02,0,,4.5,4.585666666666667
2011-04-03,0,,2.0,4.728833333333333
2011-04-04,0,,7.0,3.4388749999999995
2011-04-05,0,,0.0,4.379583333333333
2011-04-06,0,,2.75,3.189791666666667
2011-04-07,0,,0.75,7.544625
2011-04-08,0,,0.0,9.769875000000004
2011-04-09,0,,2.75,9.379166666666666
2011-04-10,0,,1.5,3.3083333333333336
2011-04-11,0,,0.75,1.86925
2011-04-12,0,,0.0,5.500208333333332
2011-04-13,0,,0.25,12.396291666666665
2011-04-14,0,,11.25,5.060666666666666
2011-04-15,0,,0.0,6.992416666666667
2011-04-16,0,,0.0,4.572208333333333
2011-04-17,0,,2.5,3.712166666666665
2011-04-18,0,,2.0,5.308291666666667
2011-04-19,0,,2.25,4.059458333333334
2011-04-20,0,,12.75,3.5129583333333336
2011-04-21,0,,0.0,3.401791666666666
2011-04-22,0,,0.0,4.2127083333333335
2011-04-23,0,,0.0,3.0265833333333343
2011-04-24,0,,0.0,4.729958333333333
2011-04-25,0,,0.0,4.736208333333333
2011-04-26,0,,0.0,10.456958333333333
2011-04-27,0,,5.75,10.05225
2011-04-28,0,,1.0,9.107750000000005
2011-04-29,0,,0.0,8.023291666666667
2011-04-30,0,,0.0,10.835
2011-05-01,0,,1.0,14.594166666666672
2011-05-02,0,,0.25,15.11166666666666
2011-05-03,0,,0.0,15.99125
2011-05-04,0,,6.5,11.271916666666664
2011-05-05,0,,9.75,7.114666666666668
2011-05-06,0,,7.75,4.140416666666668
2011-05-07,0,,0.0,7.9502916666666685
2011-05-08,0,,0.0,9.33670833333333
2011-05-09,0,,0.0,5.487708333333333
2011-05-10,0,,0.0,6.9898333333333325
2011-05-11,0,,4.25,7.544333333333333
2011-05-12,0,,17.0,6.679875000000002
2011-05-13,0,,3.0,8.022083333333333
2011-05-14,0,,0.0,12.984583333333331
2011-05-15,0,,0.0,15.742499999999998
2011-05-16,0,,0.0,18.5225
2011-05-17,0,,0.0,17.290000000000003
2011-05-18,0,,1.25,13.265416666666669
2011-05-19,0,,3.75,12.098333333333334
2011-05-20,0,,0.25,12.683333333333335
2011-05-21,0,,0.0,13.784583333333332
2011-05-22,0,,0.0,14.819166666666668
2011-05-23,0,,0.0,15.687500000000002
2011-05-24,0,,0.0,17.03166666666667
2011-05-25,0,,0.0,17.549166666666665
2011-05-26,0,,0.0,16.053750000000004
2011-05-27,0,,2.25,13.536249999999995
2011-05-28,0,,3.75,12.810833333333331
2011-05-29,0,,3.0,12.046666666666669
2011-05-30,0,,0.0,14.328333333333331
2011-05-31,0,,11.25,14.130833333333332
2011-06-01,0,,0.25,15.463333333333331
2011-06-02,0,,0.0,16.191666666666666
2011-06-03,0,,0.0,16.90666666666667
2011-06-04,0,,0.0,16.551304347826086
2011-06-05,0,,0.0,17.935833333333335
2011-06-06,0,,0.0,16.148333333333337
2011-06-07,0,,0.0,16.3675
2011-06-08,0,,0.0,21.575
2011-06-09,0,,0.0,23.54041666666667
2011-06-10,0,,1.25,15.95625
2011-06-11,0,,1.0,14.915833333333332
2011-06-12,0,,5.25,14.762500000000005
2011-06-13,0,,6.0,14.825416666666673
2011-06-14,0,,0.0,15.745
2011-06-15,0,,1.25,16.736666666666668
2011-06-16,0,,3.0,15.470833333333331
2011-06-17,0,,0.0,17.117083333333337
2011-06-18,0,,1.5,16.47875
2011-06-19,0,,0.0,18.905
2011-06-20,0,,3.75,19.91875
2011-06-21,2,outflow_treatment_m3_statistical_outlier,0.0,17.39625
2011-06-22,0,,0.0,16.80666666666667
2011-06-23,0,,0.0,17.577083333333334
2011-06-24,2,outflow_treatment_m3_statistical_outlier,0.0,18.98333333333333
2011-06-25,0,,21.75,18.024166666666662
2011-06-26,0,,2.25,10.780083333333335
2011-06-27,0,,1.5,11.493333333333332
2011-06-28,0,,0.0,14.77833333333333
2011-06-29,0,,0.0,15.18458333333333
2011-06-30,0,,0.0,18.019166666666667
2011-07-01,0,,27.75,19.219583333333336
2011-07-02,0,,2.0,16.555
2011-07-03,0,,0.0,19.699166666666667
2011-07-04,0,,0.0,16.332083333333333
2011-07-05,0,,0.0,19.07458333333333
2011-07-06,0,,0.0,20.0025
2011-07-07,0,,0.0,19.065416666666664
2011-07-08,0,,0.0,19.199583333333333
2011-07-09,0,,0.0,19.00583333333333
2011-07-10,0,,0.0,19.84625
2011-07-11,0,,0.0,20.29583333333333
2011-07-12,0,,0.0,19.930000000000003
2011-07-13,0,,6.25,19.410416666666663
2011-07-14,0,,0.0,20.40125
2011-07-15,0,,0.0,20.079166666666666
2011-07-16,0,,0.0,20.99958333333333
2011-07-17,0,,0.0,21.967916666666664
2011-07-18,0,,0.0,21.661666666666665
2011-07-19,0,,0.0,21.947083333333328
2011-07-20,0,,0.0,24.131250000000005
2011-07-21,0,,0.0,22.67958333333333
2011-07-22,0,,0.0,20.142499999999995
2011-07-23,0,,0.0,20.71291666666666
2011-07-24,0,,0.0,22.296666666666667
2011-07-25,0,,0.0,23.362916666666667
2011-07-26,0,,0.0,23.62875
2011-07-27,0,,0.0,23.0125
2011-07-28,0,,0.0,21.5625
2011-07-29,0,,0.0,22.85208333333333
2011-07-30,0,,0.0,22.008750000000003
2011-07-31,0,,0.0,19.92
2011-08-01,0,,0.0,19.591666666666665
2011-08-02,0,,0.0,19.516666666666666
2011-08-03,0,,1.0,21.331579861111116
2011-08-04,0,,0.0,18.60458333333333
2011-08-05,0,,0.0,18.607916666666664
2011-08-06,0,,0.0,18.054166666666664
2011-08-07,0,,0.0,18.07375
2011-08-08,0,,0.0,18.055
2011-08-09,0,,0.0,18.729166666666668
2011-08-10,0,,0.0,19.755
2011-08-11,0,,14.0,14.978333333333332
2011-08-12,0,,42.5,15.035416666666665
2011-08-13,0,,0.0,17.05999999999999
2011-08-14,0,,0.0,19.42125
2011-08-15,0,,0.0,19.78666666666667
2011-08-16,0,,0.0,19.975
2011-08-17,0,,0.0,20.043750000000003
2011-08-18,0,,0.0,17.866666666666664
2011-08-19,0,,0.5,15.62375
2011-08-20,0,,0.0,16.83541666666667
2011-08-21,0,,0.0,17.83875
2011-08-22,0,,0.0,17.234166666666663
2011-08-23,0,,0.0,17.229166666666668
2011-08-24,0,,0.0,18.745
2011-08-25,0,,0.0,17.96041666666667
2011-08-26,0,,0.0,18.002083333333335
2011-08-27,0,,0.0,18.00583333333333
2011-08-28,0,,0.0,18.36958333333333
2011-08-29,0,,0.0,18.16583333333333
2011-08-30,0,,0.0,17.375833333333333
2011-08-31,0,,0.0,19.2725
2011-09-01,0,,0.0,20.08833333333333
2011-09-02,0,,0.0,19.28291666666667
2011-09-03,0,,0.0,18.66458333333333
2011-09-04,0,,0.0,16.729583333333334
2011-09-05,0,,0.0,17.205416666666668
2011-09-06,0,,0.0,16.98916666666667
2011-09-07,0,,0.0,15.978749999999996
2011-09-08,0,,0.0,17.17875
2011-09-09,0,,0.0,19.195416666666667
2011-09-10,0,,0.0,16.517500000000002
2011-09-11,2,outflow_treatment_m3_statistical_outlier,0.0,15.542083333333336
2011-09-12,0,,0.0,17.01666666666667
2011-09-13,0,,0.0,19.107916666666664
2011-09-14,0,,0.0,18.885416666666664
2011-09-15,0,,0.0,18.335416666666667
2011-09-16,0,,0.0,19.26083333333333
2011-09-17,0,,0.0,19.124583333333334
2011-09-18,0,,0.0,17.604166666666664
2011-09-19,0,,0.0,17.365
2011-09-20,0,,0.0,16.58
2011-09-21,0,,1.25,18.38416666666667
2011-09-22,0,,120.5,16.57
2011-09-23,0,,26.0,14.34125
2011-09-24,0,,0.0,15.077916666666669
2011-09-25,0,,0.0,14.608333333333327
2011-09-26,0,,0.0,13.470833333333331
2011-09-27,0,,0.0,13.485
2011-09-28,0,,0.0,14.033333333333337
2011-09-29,0,,5.75,14.0575
2011-09-30,0,,22.75,10.307541666666667
2011-10-01,0,,0.0,10.005249999999998
2011-10-02,0,,0.0,13.548750000000004
2011-10-03,0,,0.0,10.912208333333332
2011-10-04,0,,0.0,11.011250000000002
2011-10-05,0,,0.0,12.229583333333332
2011-10-06,0,,0.0,14.275416666666665
2011-10-07,0,,0.0,14.932083333333331
2011-10-08,0,,4.75,16.845
2011-10-09,0,,20.0,14.835416666666667
2011-10-10,0,,23.5,13.19041666666667
2011-10-11,0,,15.0,10.917916666666663
2011-10-12,0,,0.25,9.682499999999996
2011-10-13,0,,1.5,11.820833333333328
2011-10-14,0,,25.5,7.239583333333332
2011-10-15,0,,33.0,5.556875000000001
2011-10-16,0,,1.25,4.749875
2011-10-17,0,,0.75,2.698749999999999
2011-10-18,0,,0.0,1.504625
2011-10-19,0,,0.0,5.687208333333334
2011-10-20,0,,0.0,7.862083333333334
2011-10-21,0,,0.0,8.221208333333335
2011-10-22,0,,0.0,9.299166666666665
2011-10-23,0,,0.0,8.444958333333334
2011-10-24,0,,1.0,9.302291666666669
2011-10-25,0,,4.75,7.986208333333335
2011-10-26,0,,0.5,5.289291666666666
2011-10-27,0,,0.0,5.204166666666666
2011-10-28,0,,0.0,6.193249999999999
2011-10-29,0,,0.0,5.2106666666666674
2011-10-30,0,,0.25,5.0992500000000005
2011-10-31,0,,0.0,4.547375
2011-11-01,0,,0.0,5.320000000000001
2011-11-02,0,,2.0,5.122708333333334
2011-11-03,0,,1.5,4.360583333333333
2011-11-04,0,,0.0,4.435291666666667
2011-11-05,0,,0.0,4.733416666666666
2011-11-06,0,,0.0,6.597416666666665
2011-11-07,0,,0.0,3.79425
2011-11-08,0,,0.0,4.39675
2011-11-09,0,,0.0,7.4424583333333345
2011-11-10,0,,2.25,5.253083333333333
2011-11-11,0,,9.0,0.944708333333334
2011-11-12,0,,1.75,0.1278333333333334
2011-11-13,0,,0.5,1.2053333333333334
2011-11-14,0,,0.25,1.9174583333333333
2011-11-15,0,,11.25,2.803875
2011-11-16,0,,7.25,1.769666666666667
2011-11-17,0,,1.0,0.1579583333333333
2011-11-18,0,,6.0,0.4531249999999999
2011-11-19,0,,1.5,2.3739166666666662
2011-11-20,0,,0.0,1.924375
2011-11-21,0,,0.0,1.9249166666666664
2011-11-22,0,,0.0,2.335416666666668
2011-11-23,0,,0.0,3.618958333333332
2011-11-24,0,,0.0,2.3249166666666667
2011-11-25,0,,0.0,-0.1278749999999999
2011-11-26,0,,0.0,0.2955833333333333
2011-11-27,0,,0.0,0.5928333333333333
2011-11-28,0,,0.0,3.077083333333334
2011-11-29,0,,0.0,3.0323749999999987
2011-11-30,0,,0.0,2.9088333333333334
2011-12-01,0,,0.0,2.4531250000000004
2011-12-02,0,,0.0,3.836666666666666
2011-12-03,0,,0.0,8.214
2011-12-04,0,,0.0,8.313708333333333
2011-12-05,0,,0.0,9.968749999999998
2011-12-06,0,,1.0,11.22125
2011-12-07,0,,49.5,6.509416666666668
2011-12-08,0,,20.0,2.0375416666666664
2011-12-09,0,,2.5,0.5492083333333333
2011-12-10,0,,0.25,4.895250000000001
2011-12-11,0,,0.0,7.652041666666668
2011-12-12,0,,0.0,8.5065
2011-12-13,0,,0.0,9.212833333333334
2011-12-14,0,,0.0,8.754583333333333
2011-12-15,0,,0.0,9.02983333333333
2011-12-16,0,,0.25,6.211739130434784
2011-12-17,0,,0.0,6.46
2011-12-18,0,,0.0,6.98
2011-12-19,0,,0.0,7.0
2011-12-20,0,,3.5,7.492499999999999
2011-12-21,0,,0.0,5.006666666666669
2011-12-22,0,,18.5,5.854157894736843
2011-12-23,0,,0.0,1.0
2011-12-24,0,,0.0,0.0
2011-12-25,0,,0.0,-1.28
2011-12-26,0,,0.0,-2.0
2011-12-27,0,,0.0,-2.308434782608696
2011-12-28,0,,0.0,-2.5721666666666665
2011-12-29,0,,0.0,-1.4977916666666669
2011-12-30,0,,0.0,2.9029583333333338
2011-12-31,0,,0.0,4.354541666666667
2012-01-01,0,,11.75,0.0397499999999999
2012-01-02,0,,0.0,-0.1965
2012-01-03,0,,0.0,4.839583333333333
2012-01-04,0,,0.0,5.413833333333334
2012-01-05,0,,0.0,4.434833333333333
2012-01-06,0,,8.75,6.887458333333332
2012-01-07,2,inflow_m3_statistical_outlier,36.75,4.576041666666667
2012-01-08,2,inflow_m3_statistical_outlier,18.5,0.3665416666666666
2012-01-09,0,,7.75,-0.5087499999999999
2012-01-10,0,,0.0,-1.1825416666666666
2012-01-11,0,,0.0,-0.296875
2012-01-12,0,,1.0,-2.149375
2012-01-13,0,,0.75,-0.7523333333333332
2012-01-14,0,,12.75,-2.285043478260869
2012-01-15,0,,0.0,-5.0
2012-01-16,0,,4.25,-5.727823529411764
2012-01-17,0,,0.0,-5.718541666666667
2012-01-18,0,,2.0,-5.598916666666667
2012-01-19,0,,2.0,-3.8040416666666665
2012-01-20,0,,0.75,0.9354583333333334
2012-01-21,0,,7.25,1.1606666666666663
2012-01-22,0,,0.0,0.8665416666666669
2012-01-23,0,,0.5,4.459083333333334
2012-01-24,0,,0.5,3.6427083333333337
2012-01-25,0,,5.75,4.954083333333333
2012-01-26,0,,53.75,1.0324999999999995
2012-01-27,0,,28.5,-4.447458333333334
2012-01-28,0,,0.5,-2.3647500000000004
2012-01-29,0,,0.0,-3.905416666666667
2012-01-30,0,,0.0,-7.710249999999999
2012-01-31,0,,57.25,-6.712208333333333
2012-02-01,0,,0.0,-6.758291666666666
2012-02-02,0,,0.0,-4.182
2012-02-03,0,,0.0,3.533125
2012-02-04,0,,0.0,5.806083333333333
2012-02-05,0,,0.0,6.195166666666666
2012-02-06,0,,0.0,5.564416666666666
2012-02-07,0,,0.0,1.4588750000000006
2012-02-08,0,,0.0,-3.7125833333333342
2012-02-09,0,,65.0,-4.1617500000000005
2012-02-10,0,,0.0,-4.841083333333333
2012-02-11,0,,0.0,-2.2192916666666664
2012-02-12,0,,0.0,2.936916666666667
2012-02-13,0,,0.0,4.680166666666667
2012-02-14,0,,0.0,1.2114583333333333
2012-02-15,0,,0.0,-1.57275
2012-02-16,0,,13.25,-1.4505416666666668
2012-02-17,0,,10.75,-5.474708333333333
2012-02-18,0,,14.25,-6.371750000000001
2012-02-19,0,,0.0,-3.356124999999999
2012-02-20,0,,0.0,-0.4782083333333334
2012-02-21,0,,0.0,2.4942083333333334
2012-02-22,0,,0.0,2.104041666666667
2012-02-23,0,,0.0,2.408875
2012-02-24,0,,0.0,3.3864999999999994
2012-02-25,0,,0.0,4.705791666666667
2012-02-26,0,,0.0,5.149583333333333
2012-02-27,0,,61.0,-1.9757916666666664
2012-02-28,0,,42.5,-5.416875000000001
2012-02-29,1,snow_kartepe_cm_out_of_range;snow_kartepe_cm_imputed_linear,0.0,-4.214125
2012-03-01,0,,4.5,-3.5127916666666668
2012-03-02,0,,18.0,-0.136125
2012-03-03,0,,0.0,-2.005041666666667
2012-03-04,0,,0.0,-0.0585416666666666
2012-03-05,0,,0.0,1.9780833333333336
2012-03-06,0,,0.0,-1.4186666666666667
2012-03-07,0,,0.0,0.2405833333333334
2012-03-08,0,,0.0,3.552833333333333
2012-03-09,0,,0.0,0.1590833333333334
2012-03-10,0,,0.0,-1.5312083333333335
2012-03-11,0,,5.75,-0.340625
2012-03-12,0,,20.0,-0.6641666666666666
2012-03-13,0,,56.5,-0.5364166666666667
2012-03-14,0,,0.0,0.4716666666666666
2012-03-15,0,,0.0,-1.9037916666666663
2012-03-16,0,,0.0,-2.0969166666666665
2012-03-17,0,,0.0,6.258375
2012-03-18,0,,0.0,9.371583333333332
2012-03-19,0,,0.0,10.562375
2012-03-20,0,,0.0,9.184
2012-03-21,0,,0.0,8.5495
2012-03-22,0,,0.0,7.034916666666665
2012-03-23,2,inflow_m3_statistical_outlier,0.0,8.799041666666666
2012-03-24,2,inflow_m3_statistical_outlier,0.0,11.498260869565216
2012-03-25,2,inflow_m3_statistical_outlier,0.0,9.897958333333332
2012-03-26,2,inflow_m3_statistical_outlier,0.0,4.744291666666668
2012-03-27,0,,0.0,2.282375
2012-03-28,0,,0.0,3.031541666666667
2012-03-29,0,,0.0,8.360833333333332
2012-03-30,2,inflow_m3_statistical_outlier,0.0,6.603291666666665
2012-03-31,2,inflow_m3_statistical_outlier,0.0,8.449083333333332
2012-04-01,2,inflow_m3_statistical_outlier,0.0,6.104541666666667
2012-04-02,0,,0.0,4.066208333333334
2012-04-03,0,,0.0,11.774583333333334
2012-04-04,2,inflow_m3_statistical_outlier,0.0,15.923333333333332
2012-04-05,2,inflow_m3_statistical_outlier,0.0,15.815833333333332
2012-04-06,2,inflow_m3_statistical_outlier,0.0,15.791249999999996
2012-04-07,2,inflow_m3_statistical_outlier,0.0,14.455416666666665
2012-04-08,2,inflow_m3_statistical_outlier,0.0,13.884958333333335
2012-04-09,2,inflow_m3_statistical_outlier,0.0,4.039958333333332
2012-04-10,2,inflow_m3_statistical_outlier,0.0,2.049583333333333
2012-04-11,0,,0.0,3.7434166666666666
2012-04-12,0,,0.0,11.131249999999996
2012-04-13,0,,0.0,15.060833333333331
2012-04-14,2,inflow_m3_statistical_outlier,6.75,12.2875
2012-04-15,2,inflow_m3_statistical_outlier,0.75,11.553041666666664
2012-04-16,2,inflow_m3_statistical_outlier,0.75,14.155
2012-04-17,0,,0.0,18.452083333333327
2012-04-18,2,inflow_m3_statistical_outlier,7.0,13.10325
2012-04-19,2,inflow_m3_statistical_outlier,4.5,10.873458333333334
2012-04-20,0,,0.0,15.945416666666668
2012-04-21,0,,4.75,11.19375
2012-04-22,0,,0.5,11.932916666666666
2012-04-23,0,,0.0,14.012083333333337
2012-04-24,0,,0.0,16.909999999999997
2012-04-25,0,,0.0,19.092500000000005
2012-04-26,0,,0.0,12.975416666666666
2012-04-27,0,,1.25,11.822166666666668
2012-04-28,0,,0.0,14.898333333333332
2012-04-29,0,,0.0,15.407500000000004
2012-04-30,0,,0.0,16.55625
2012-05-01,0,,0.0,15.24375
2012-05-02,0,,0.0,16.018333333333334
2012-05-03,0,,0.0,14.8025
2012-05-04,0,,0.0,17.46708333333333
2012-05-05,0,,0.0,17.162916666666668
2012-05-06,0,,0.0,16.88833333333333
2012-05-07,0,,0.0,18.14583333333333
2012-05-08,0,,0.0,16.326249999999998
2012-05-09,0,,0.5,12.106666666666667
2012-05-10,0,,1.0,11.614999999999997
2012-05-11,0,,0.0,13.841250000000002
2012-05-12,0,,6.75,14.576666666666668
2012-05-13,0,,8.5,12.395000000000003
2012-05-14,0,,4.0,11.4
2012-05-15,0,,34.0,14.114999999999997
2012-05-16,0,,0.0,14.36125
2012-05-17,0,,2.25,14.873749999999996
2012-05-18,0,,2.5,13.139166666666666
2012-05-19,0,,7.5,11.517916666666666
2012-05-20,0,,10.0,10.942916666666669
2012-05-21,0,,0.0,14.229583333333338
2012-05-22,0,,0.0,18.54208333333333
2012-05-23,0,,6.75,14.025833333333331
2012-05-24,0,,6.0,13.19
2012-05-25,0,,8.25,13.082083333333332
2012-05-26,0,,0.5,11.447083333333335
2012-05-27,0,,12.25,15.217916666666667
2012-05-28,0,,15.25,13.4925
2012-05-29,0,,4.0,13.797500000000005
2012-05-30,0,,0.75,13.28
2012-05-31,0,,1.0,14.14583333333333
2012-06-01,0,,0.0,16.551250000000003
2012-06-02,0,,0.0,18.545
2012-06-03,0,,0.0,20.19958333333333
2012-06-04,0,,0.0,20.96458333333333
2012-06-05,0,,0.0,21.4375
2012-06-06,0,,48.0,14.662500000000003
2012-06-07,0,,0.0,13.565833333333336
2012-06-08,0,,0.0,16.271249999999995
2012-06-09,0,,0.0,18.687500000000004
2012-06-10,0,,0.0,21.035
2012-06-11,0,,0.0,22.88458333333333
2012-06-12,0,,0.0,24.34
2012-06-13,0,,0.0,24.814583333333346
2012-06-14,0,,0.0,21.53583333333334
2012-06-15,0,,0.0,20.315
2012-06-16,0,,0.0,18.39875
2012-06-17,0,,0.0,17.09583333333333
2012-06-18,0,,0.0,19.181249999999995
2012-06-19,0,,0.0,20.24416666666667
2012-06-20,0,,0.0,19.06625
2012-06-21,0,,0.0,19.28458333333333
2012-06-22,0,,0.0,21.11500000000001
2012-06-23,0,,0.0,20.807916666666664
2012-06-24,0,,0.0,20.51
2012-06-25,0,,0.0,21.15041666666667
2012-06-26,0,,6.5,22.23875
2012-06-27,0,,26.25,15.441249999999997
2012-06-28,0,,0.0,16.689999999999994
2012-06-29,0,,0.0,17.51791666666666
2012-06-30,0,,0.0,18.25958333333333
2012-07-01,0,,0.0,17.7554166666667
2012-07-02,0,,0.0,17.8475
2012-07-03,0,,0.0,18.5775
2012-07-04,0,,0.0,21.4679166666667
2012-07-05,0,,0.0,21.7025
2012-07-06,0,,0.0,19.634583333333342
2012-07-07,0,,0.0,21.60041666666667
2012-07-08,0,,13.75,19.140833333333333
2012-07-09,0,,0.25,19.91375
2012-07-10,0,,0.0,22.672083333333333
2012-07-11,0,,0.0,21.97333333333333
2012-07-12,0,,0.0,23.000833333333333
2012-07-13,0,,0.0,23.4833333333333
2012-07-14,0,,0.0,22.3816666666667
2012-07-15,0,,0.0,24.1720833333333
2012-07-16,0,,0.0,24.6004166666667
2012-07-17,0,,0.0,20.01
2012-07-18,0,,0.0,18.81375
2012-07-19,0,,0.0,19.538333333333338
2012-07-20,0,,0.0,20.81666666666667
2012-07-21,0,,0.0,20.40416666666667
2012-07-22,0,,0.0,21.26625
2012-07-23,0,,0.0,20.76
2012-07-24,0,,0.0,22.436666666666667
2012-07-25,0,,0.0,23.42916666666667
2012-07-26,0,,0.0,22.88291666666667
2012-07-27,0,,0.0,22.707083333333333
2012-07-28,0,,0.0,21.734166666666667
2012-07-29,0,,0.0,22.046666666666667
2012-07-30,0,,0.0,22.69
2012-07-31,0,,0.0,20.6375
2012-08-01,0,,3.25,17.75666666666667
2012-08-02,0,,0.0,20.92583333333333
2012-08-03,0,,0.0,20.8958333333333
2012-08-04,0,,0.0,21.2195833333333
2012-08-05,0,,0.0,21.8758333333333
2012-08-06,0,,0.0,22.83
2012-08-07,0,,0.0,23.0795833333333
2012-08-08,0,,0.0,23.0329166666667
2012-08-09,0,,0.0,22.4904166666667
2012-08-10,0,,0.0,21.80666666666666
2012-08-11,0,,0.0,21.56375
2012-08-12,0,,1.75,18.64333333333333
2012-08-13,0,,0.0,18.287500000000005
2012-08-14,0,,0.0,20.46625
2012-08-15,0,,0.0,20.94
2012-08-16,0,,0.0,20.54833333333333
2012-08-17,0,,0.0,19.411249999999995
2012-08-18,0,,0.0,18.420416666666668
2012-08-19,0,,0.0,18.11666666666667
2012-08-20,0,,0.0,17.557916666666667
2012-08-21,0,,0.0,20.90333333333333
2012-08-22,0,,0.0,22.21291666666667
2012-08-23,0,,0.0,22.935416666666672
2012-08-24,0,,0.0,21.642916666666665
2012-08-25,0,,0.0,22.12375
2012-08-26,0,,0.0,24.029166666666665
2012-08-27,0,,7.5,21.984166666666667
2012-08-28,0,,12.5,13.618333333333334
2012-08-29,0,,0.0,14.778333333333336
2012-08-30,0,,0.0,15.569583333333334
2012-08-31,0,,0.0,16.60291666666667
2012-09-01,0,,0.0,17.55375
2012-09-02,0,,0.0,17.006250000000005
2012-09-03,0,,0.0,17.323333333333334
2012-09-04,0,,0.0,17.74208333333333
2012-09-05,0,,0.0,18.241666666666667
2012-09-06,0,,0.0,19.39
2012-09-07,0,,0.0,16.7008333333333
2012-09-08,0,,0.0,15.1083333333333
2012-09-09,0,,0.0,15.8470833333333
2012-09-10,0,,0.0,15.6158333333333
2012-09-11,0,,0.0,14.5479166666667
2012-09-12,0,,0.0,16.4295833333333
2012-09-13,0,,0.0,17.5841666666667
2012-09-14,0,,0.0,21.045416666666664
2012-09-15,0,,0.0,23.290833333333328
2012-09-16,0,,0.0,20.74208333333333
2012-09-17,0,,0.75,19.13875
2012-09-18,0,,7.75,17.52625
2012-09-19,2,outflow_treatment_m3_statistical_outlier,2.75,16.33208333333333
2012-09-20,0,,0.0,16.565833333333337
2012-09-21,0,,5.5,11.420374999999996
2012-09-22,0,,0.0,11.535416666666668
2012-09-23,0,,0.0,15.144166666666669
2012-09-24,0,,0.0,17.789999999999996
2012-09-25,0,,0.0,20.094166666666663
2012-09-26,0,,0.0,20.964166666666664
2012-09-27,0,,0.0,19.30291666666666
2012-09-28,0,,0.0,18.06
2012-09-29,0,,0.0,16.981666666666666
2012-09-30,0,,0.0,17.69375
2012-10-01,0,,0.0,19.78708333333333
2012-10-02,0,,0.0,19.18458333333333
2012-10-03,0,,0.0,18.842916666666664
2012-10-04,0,,0.0,16.556250000000002
2012-10-05,0,,0.25,16.11416666666667
2012-10-06,0,,0.0,14.992916666666666
2012-10-07,0,,0.0,17.151249999999997
2012-10-08,0,,29.0,13.205833333333333
2012-10-09,0,,0.0,10.029125000000002
2012-10-10,0,,0.0,11.685416666666663
2012-10-11,0,,0.0,11.77208333333333
2012-10-12,0,,0.0,14.64125
2012-10-13,0,,0.0,16.14375
2012-10-14,0,,0.0,17.3625
2012-10-15,0,,0.0,19.418333333333337
2012-10-16,0,,0.0,20.27
2012-10-17,0,,0.0,17.94583333333333
2012-10-18,0,,0.0,14.17
2012-10-19,0,,0.0,11.994166666666665
2012-10-20,0,,0.0,11.032916666666669
2012-10-21,0,,4.5,13.089583333333332
2012-10-22,2,outflow_treatment_m3_statistical_outlier,0.0,14.344583333333334
2012-10-23,0,,0.5,13.534583333333336
2012-10-24,0,,19.5,11.505416666666669
2012-10-25,0,,1.5,10.155416666666666
2012-10-26,0,,0.0,11.344583333333334
2012-10-27,2,outflow_treatment_m3_statistical_outlier,0.0,15.238750000000003
2012-10-28,0,,0.0,19.39708333333333
2012-10-29,0,,13.25,15.904166666666669
2012-10-30,0,,1.0,10.584416666666664
2012-10-31,0,,0.0,11.194583333333334
2012-11-01,0,,0.0,16.180416666666662
2012-11-02,0,,26.0,15.46708333333333
2012-11-03,0,,0.0,12.874166666666667
2012-11-04,0,,0.0,13.656249999999998
2012-11-05,0,,0.0,14.458749999999997
2012-11-06,0,,2.25,15.718333333333334
2012-11-07,0,,24.75,9.33533333333333
2012-11-08,0,,58.75,7.381250000000001
2012-11-09,0,,6.29,7.6705
2012-11-10,0,,2.6,6.97641666666667
2012-11-11,0,,0.74,7.15758333333333
2012-11-12,0,,0.07,7.250625
2012-11-13,0,,0.12,8.32791666666667
2012-11-14,0,,0.15,7.59054166666667
2012-11-15,0,,0.03,8.07916666666667
2012-11-16,0,,0.0,8.199
2012-11-17,0,,0.25,7.692708333333332
2012-11-18,0,,0.0,7.152708333333336
2012-11-19,0,,0.0,7.635291666666667
2012-11-20,0,,0.0,6.910875000000001
2012-11-21,0,,0.0,7.825541666666669
2012-11-22,0,,30.5,7.668541666666667
2012-11-23,0,,4.5,5.784916666666667
2012-11-24,0,,13.75,5.8109166666666665
2012-11-25,0,,1.25,4.421458333333333
2012-11-26,0,,0.0,4.435
2012-11-27,0,,0.0,7.151374999999998
2012-11-28,0,,0.0,11.36458333333333
2012-11-29,0,,0.0,13.2425
2012-11-30,0,,0.25,13.340000000000002
2012-12-01,0,,12.5,12.240416666666668
2012-12-02,0,,16.25,13.746083333333331
2012-12-03,0,,12.0,7.957416666666667
2012-12-04,0,,1.5,-1.0
2012-12-05,0,,0.0,2.0
2012-12-06,0,,0.0,3.0
2012-12-07,0,,11.25,-0.4142631578947369
2012-12-08,0,,1.0,2.579625
2012-12-09,0,,5.25,7.762916666666668
2012-12-10,0,,36.25,2.8840833333333333
2012-12-11,0,,5.75,4.754124999999999
2012-12-12,0,,1.0,1.6232916666666677
2012-12-13,0,,0.0,-1.171125
2012-12-14,0,,0.0,-1.86675
2012-12-15,0,,0.0,0.7397083333333333
2012-12-16,0,,8.25,4.827166666666666
2012-12-17,0,,8.75,5.243791666666668
2012-12-18,0,,0.5,5.388041666666667
2012-12-19,0,,10.0,3.951625
2012-12-20,0,,20.0,-2.656
2012-12-21,0,,7.25,-1.8364736842105265
2012-12-22,0,,0.0,-1.0
2012-12-23,0,,0.0,0.0
2012-12-24,0,,0.0,-1.0
2012-12-25,0,,0.25,8.837956521739132
2012-12-26,0,,0.25,12.947499999999998
2012-12-27,0,,0.0,9.527875
2012-12-28,0,,0.0,8.987739130434784
2012-12-29,0,,0.0,6.0
2012-12-30,0,,0.0,5.0
2012-12-31,0,,0.25,3.7299090909090906
2013-01-01,0,,0.0,4.0
2013-01-02,0,,0.25,4.395909090909092
2013-01-03,0,,0.0,3.0
2013-01-04,0,,8.25,2.594826086956521
2013-01-05,0,,5.25,1.1969999999999998
2013-01-06,0,,0.0,-2.0
2013-01-07,0,,0.0,-4.0
2013-01-08,0,,0.0,-6.0
2013-01-09,0,,0.0,-8.0
2013-01-10,0,,0.0,-4.0
2013-01-11,0,,10.5,3.474809523809524
2013-01-12,0,,18.0,4.12242105263158
2013-01-13,0,,0.0,-1.0
2013-01-14,0,,0.25,3.761652173913043
2013-01-15,0,,0.0,5.882666666666668
2013-01-16,0,,1.25,5.590833333333335
2013-01-17,0,,2.5,6.950875
2013-01-18,0,,1.5,8.149368421052634
2013-01-19,0,,2.0,4.787250000000001
2013-01-20,0,,0.5,9.765478260869566
2013-01-21,0,,0.25,11.158749999999998
2013-01-22,0,,0.0,9.364041666666669
2013-01-23,0,,0.0,6.544565217391304
2013-01-24,0,,0.0,8.623318181818185
2013-01-25,0,,0.0,6.7733333333333325
2013-01-26,0,,0.0,6.519523809523809
2013-01-27,0,,0.0,0.0
2013-01-28,0,,0.0,-0.4
2013-01-29,0,,0.0,-1.2
2013-01-30,0,,0.0,-1.96
2013-01-31,0,,8.75,0.726304347826087
2013-02-01,0,,3.0,3.1771250000000006
2013-02-02,0,,0.5,8.245
2013-02-03,0,,0.25,12.424166666666666
2013-02-04,0,,0.0,10.445666666666666
2013-02-05,0,,0.0,6.508833333333334
2013-02-06,0,,0.0,10.730416666666668
2013-02-07,0,,0.0,11.385833333333332
2013-02-08,0,,7.25,5.788083333333334
2013-02-09,0,,2.0,6.921333333333333
2013-02-10,0,,2.0,5.32075
2013-02-11,0,,20.75,2.538375
2013-02-12,0,,1.25,4.013958333333334
2013-02-13,0,,0.25,7.8836666666666675
2013-02-14,0,,0.25,5.87875
2013-02-15,0,,31.0,0.6646666666666668
2013-02-16,0,,7.25,-1.4809166666666664
2013-02-17,0,,0.25,-0.737375
2013-02-18,0,,0.75,-1.9525833333333336
2013-02-19,0,,1.25,2.411
2013-02-20,0,,4.5,0.2172499999999999
2013-02-21,0,,0.5,4.455739130434782
2013-02-22,0,,1.5,6.645625
2013-02-23,0,,0.75,7.012374999999999
2013-02-24,0,,0.25,9.278166666666666
2013-02-25,0,,0.25,11.561666666666666
2013-02-26,0,,0.0,8.04352
2013-02-27,0,,0.5,3.200708333333333
2013-02-28,0,,12.25,-0.33775
2013-03-01,0,,1.25,2.5360416666666663
2013-03-02,0,,0.25,4.640875
2013-03-03,0,,0.0,0.8735416666666668
2013-03-04,0,,0.0,1.7151249999999991
2013-03-05,0,,0.0,-1.657166666666667
2013-03-06,0,,0.0,7.231086956521739
2013-03-07,0,,0.0,10.301666666666668
2013-03-08,0,,0.0,10.21583333333333
2013-03-09,0,,0.0,10.494583333333336
2013-03-10,0,,0.0,12.0
2013-03-11,0,,0.0,13.164583333333333
2013-03-12,0,,13.0,9.964541666666667
2013-03-13,0,,0.75,11.399999999999997
2013-03-14,0,,0.0,16.150833333333328
2013-03-15,0,,18.25,6.5389583333333325
2013-03-16,0,,13.5,-0.5498333333333333
2013-03-17,0,,5.75,-1.911125
2013-03-18,0,,0.75,5.642541666666666
2013-03-19,0,,0.0,11.384583333333332
2013-03-20,0,,0.0,10.7475
2013-03-21,0,,0.0,15.62766666666667
2013-03-22,0,,19.0,3.066500000000001
2013-03-23,0,,6.5,1.249875
2013-03-24,0,,1.0,8.212083333333334
2013-03-25,0,,0.0,12.945416666666668
2013-03-26,0,,0.0,10.155458333333334
2013-03-27,0,,9.5,5.983166666666668
2013-03-28,0,,3.5,2.380583333333333
2013-03-29,0,,1.25,9.358666666666666
2013-03-30,0,,0.5,17.642916666666668
2013-03-31,0,,0.0,18.227391304347822
2013-04-01,0,,0.0,12.139166666666666
2013-04-02,0,,0.0,14.614166666666668
2013-04-03,0,,0.25,13.242916666666666
2013-04-04,0,,0.25,9.649583333333332
2013-04-05,0,,0.25,16.202499999999997
2013-04-06,0,,0.0,18.32708333333333
2013-04-07,0,,0.0,12.589416666666668
2013-04-08,0,,13.0,4.586791666666668
2013-04-09,0,,3.0,3.6675416666666663
2013-04-10,0,,1.25,8.323208333333332
2013-04-11,0,,0.5,9.263541666666669
2013-04-12,0,,0.0,12.107916666666666
2013-04-13,0,,0.0,15.411666666666669
2013-04-14,0,,0.25,8.506875000000003
2013-04-15,0,,25.0,5.107500000000001
2013-04-16,0,,13.5,4.618333333333334
2013-04-17,0,,3.0,3.389956521739129
2013-04-18,0,,0.75,2.7014583333333344
2013-04-19,0,,0.25,4.562708333333334
2013-04-20,0,,0.25,5.37
2013-04-21,0,,1.0,4.790083333333333
2013-04-22,0,,1.75,6.987958333333332
2013-04-23,0,,0.0,9.789125
2013-04-24,0,,0.0,13.819583333333336
2013-04-25,0,,0.0,15.72625
2013-04-26,0,,0.0,16.42125
2013-04-27,0,,0.0,19.800416666666667
2013-04-28,0,,0.0,19.429166666666667
2013-04-29,0,,0.0,18.959166666666665
2013-04-30,0,,0.0,15.490000000000002
2013-05-01,0,,0.0,17.617916666666662
2013-05-02,0,,0.0,16.094583333333336
2013-05-03,0,,0.0,16.57333333333333
2013-05-04,0,,0.0,17.656666666666666
2013-05-05,0,,0.0,16.72041666666667
2013-05-06,0,,0.0,15.03
2013-05-07,0,,0.0,13.58
2013-05-08,0,,0.0,14.65
2013-05-09,0,,0.75,12.57
2013-05-10,0,,0.5,12.647916666666667
2013-05-11,0,,0.0,13.03375
2013-05-12,0,,2.25,15.90875
2013-05-13,0,,8.25,13.050416666666663
2013-05-14,0,,28.0,12.45041666666667
2013-05-15,0,,23.25,12.26291666666667
2013-05-16,0,,0.0,17.260833333333334
2013-05-17,0,,0.25,19.976666666666663
2013-05-18,0,,0.0,19.223333333333333
2013-05-19,0,,0.0,18.585833333333333
2013-05-20,0,,0.0,18.230833333333333
2013-05-21,0,,0.0,19.36541666666667
2013-05-22,0,,0.0,22.28333333333333
2013-05-23,0,,0.0,22.444999999999997
2013-05-24,0,,0.0,17.65291666666667
2013-05-25,0,,0.0,21.51333333333333
2013-05-26,0,,0.0,21.0
2013-05-27,0,,0.0,18.0
2013-05-28,0,,0.0,16.0
2013-05-29,0,,0.0,20.4
2013-05-30,0,,0.0,20.382380952380952
2013-05-31,0,,0.0,19.488333333333333
2013-06-01,0,,0.0,16.0
2013-06-02,0,,0.0,15.0
2013-06-03,0,,0.0,13.842941176470587
2013-06-04,0,,0.0,17.017083333333336
2013-06-05,0,,3.25,15.50166666666667
2013-06-06,0,,0.75,15.992916666666666
2013-06-07,0,,0.25,16.825
2013-06-08,0,,0.0,16.879999999999995
2013-06-09,0,,0.5,15.557499999999996
2013-06-10,0,,0.0,18.224166666666665
2013-06-11,0,,1.75,19.362916666666667
2013-06-12,0,,2.0,15.964583333333335
2013-06-13,0,,41.25,16.121666666666666
2013-06-14,0,,2.25,15.429583333333332
2013-06-15,0,,0.25,17.03375
2013-06-16,0,,1.75,19.34708333333333
2013-06-17,0,,0.0,18.661250000000003
2013-06-18,0,,0.0,18.826666666666664
2013-06-19,0,,0.0,18.40375
2013-06-20,0,,0.0,18.19625
2013-06-21,0,,0.0,17.274166666666662
2013-06-22,0,,0.0,18.44875
2013-06-23,0,,0.0,22.63625
2013-06-24,0,,0.0,22.79958333333333
2013-06-25,0,,0.0,22.163750000000004
2013-06-26,0,,0.0,19.4375
2013-06-27,0,,0.0,20.012916666666666
2013-06-28,0,,0.0,19.96250000000001
2013-06-29,0,,0.0,20.13875
2013-06-30,0,,1.0,18.74458333333333
2013-07-01,0,,3.5,14.565
2013-07-02,0,,0.0,15.55958333333333
2013-07-03,0,,0.0,15.922499999999998
2013-07-04,0,,0.0,17.56625
2013-07-05,0,,0.0,18.5025
2013-07-06,0,,3.0,18.99625
2013-07-07,0,,0.75,18.279583333333328
2013-07-08,0,,0.0,21.01083333333333
2013-07-09,0,,0.25,20.65
2013-07-10,0,,0.0,19.954166666666666
2013-07-11,0,,0.0,19.432499999999997
2013-07-12,0,,0.0,19.695
2013-07-13,0,,0.0,19.87333333333333
2013-07-14,0,,0.0,19.1475
2013-07-15,0,,0.0,18.85333333333333
2013-07-16,0,,0.0,18.21291666666667
2013-07-17,0,,54.5,17.604583333333334
2013-07-18,0,,7.25,17.17666666666667
2013-07-19,0,,5.75,17.107499999999998
2013-07-20,0,,0.0,19.04541666666667
2013-07-21,0,,1.0,18.67875
2013-07-22,0,,0.0,16.552083333333332
2013-07-23,0,,0.0,18.385833333333327
2013-07-24,0,,0.0,20.920416666666668
2013-07-25,0,,0.0,21.45625
2013-07-26,0,,0.0,20.19083333333333
2013-07-27,0,,0.0,18.601666666666667
2013-07-28,0,,0.0,18.155416666666664
2013-07-29,0,,1.0,20.524583333333336
2013-07-30,0,,0.0,22.674166666666665
2013-07-31,0,,6.75,21.131666666666664
2013-08-01,0,,2.25,18.10375
2013-08-02,0,,0.0,19.27
2013-08-03,0,,0.0,19.92458333333333
2013-08-04,0,,0.0,20.49
2013-08-05,0,,0.0,19.067499999999995
2013-08-06,0,,0.0,19.540000000000003
2013-08-07,0,,0.0,19.76541666666667
2013-08-08,0,,0.0,19.97375
2013-08-09,0,,0.0,20.33583333333333
2013-08-10,0,,0.0,21.13333333333333
2013-08-11,0,,0.0,19.97208333333333
2013-08-12,0,,0.0,20.102083333333336
2013-08-13,0,,0.0,20.60916666666667
2013-08-14,0,,0.0,21.205416666666668
2013-08-15,0,,0.0,21.17125
2013-08-16,0,,0.0,21.687083333333334
2013-08-17,0,,66.0,19.63875
2013-08-18,0,,0.0,19.383333333333333
2013-08-19,0,,0.0,20.12375
2013-08-20,0,,0.0,20.299166666666665
2013-08-21,0,,0.0,19.92208333333333
2013-08-22,0,,0.0,19.38791666666667
2013-08-23,0,,0.0,19.32333333333333
2013-08-24,0,,0.0,19.297083333333333
2013-08-25,0,,0.0,19.942083333333336
2013-08-26,0,,0.0,20.518750000000004
2013-08-27,0,,0.0,21.38083333333333
2013-08-28,0,,0.0,22.984166666666667
2013-08-29,0,,2.5,22.245416666666667
2013-08-30,0,,1.25,17.130833333333335
2013-08-31,0,,2.0,15.115000000000002
2013-09-01,0,,0.0,15.927916666666668
2013-09-02,0,,0.0,16.942916666666665
2013-09-03,0,,4.75,18.017916666666665
2013-09-04,0,,1.25,12.346250000000005
2013-09-05,0,,0.25,13.3
2013-09-06,0,,0.0,16.226666666666667
2013-09-07,0,,0.0,16.225833333333334
2013-09-08,0,,0.0,14.72833333333333
2013-09-09,0,,0.0,13.9925
2013-09-10,0,,0.0,16.31833333333334
2013-09-11,0,,0.0,19.49958333333333
2013-09-12,0,,0.0,21.80666666666667
2013-09-13,0,,0.0,22.012500000000003
2013-09-14,0,,1.5,13.140833333333337
2013-09-15,0,,0.0,15.640416666666669
2013-09-16,0,,0.5,17.505000000000006
2013-09-17,0,,0.0,16.57291666666666
2013-09-18,0,,2.75,16.622916666666665
2013-09-19,0,,0.25,17.343333333333337
2013-09-20,0,,4.25,11.858333333333333
2013-09-21,0,,0.0,11.961666666666666
2013-09-22,0,,4.75,11.420416666666666
2013-09-23,0,,0.0,12.37333333333333
2013-09-24,0,,0.0,13.687499999999998
2013-09-25,0,,0.0,16.052083333333332
2013-09-26,0,,0.0,18.68583333333333
2013-09-27,0,,1.5,16.137083333333333
2013-09-28,0,,0.0,14.408749999999998
2013-09-29,0,,0.0,17.22291666666667
2013-09-30,0,,0.0,19.944583333333338
2013-10-01,2,outflow_treatment_m3_statistical_outlier,15.5,14.00916666666667
2013-10-02,0,,59.25,7.622249999999998
2013-10-03,0,,18.0,3.350708333333332
2013-10-04,0,,2.5,2.216375
2013-10-05,0,,10.75,3.096208333333333
2013-10-06,0,,0.25,4.20175
2013-10-07,0,,0.0,5.816041666666666
2013-10-08,0,,0.0,8.814708333333334
2013-10-09,0,,0.0,13.41041666666667
2013-10-10,0,,0.0,15.425
2013-10-11,0,,0.0,16.085833333333333
2013-10-12,0,,0.0,14.645833333333336
2013-10-13,0,,0.0,11.033958333333333
2013-10-14,0,,0.0,10.834583333333333
2013-10-15,0,,0.0,15.237916666666669
2013-10-16,0,,12.25,15.555833333333334
2013-10-17,0,,37.25,11.418749999999998
2013-10-18,2,inflow_m3_statistical_outlier,92.0,8.754791666666666
2013-10-19,0,,4.75,7.070666666666665
2013-10-20,0,,0.0,7.414260869565219
2013-10-21,0,,0.0,11.04325
2013-10-22,0,,0.0,12.648333333333332
2013-10-23,0,,0.0,10.334500000000002
2013-10-24,0,,0.0,8.663375
2013-10-25,0,,0.0,8.193875
2013-10-26,0,,0.0,7.808791666666667
2013-10-27,2,outflow_treatment_m3_statistical_outlier,0.0,11.532458333333333
2013-10-28,0,,0.0,14.239166666666662
2013-10-29,0,,0.0,14.132083333333336
2013-10-30,0,,0.0,12.098416666666663
2013-10-31,0,,0.0,9.765833333333337
2013-11-01,0,,0.0,10.281500000000005
2013-11-02,0,,0.0,11.170833333333333
2013-11-03,0,,0.0,13.486249999999998
2013-11-04,0,,0.0,14.466666666666669
2013-11-05,0,,0.0,14.620416666666667
2013-11-06,0,,0.75,14.762499999999998
2013-11-07,0,,16.0,5.247625000000001
2013-11-08,0,,8.375,6.388375000000001
2013-11-09,0,,4.5625,5.818000000000001
2013-11-10,0,,0.05,6.103187500000001
2013-11-11,0,,0.04,5.889296875000001
2013-11-12,0,,0.0,6.709210937500001
2013-11-13,0,,0.09,6.025949218750001
2013-11-14,0,,0.04,6.777537109375
2013-11-15,0,,4.0,7.529125
2013-11-16,0,,5.0,5.456739583333334
2013-11-17,0,,0.25,5.095479166666667
2013-11-18,0,,0.0,4.9433333333333325
2013-11-19,0,,0.0,11.040416666666667
2013-11-20,0,,0.25,12.972500000000002
2013-11-21,0,,1.75,12.80375
2013-11-22,0,,0.25,11.480833333333337
2013-11-23,0,,0.0,12.298333333333332
2013-11-24,0,,0.0,13.204166666666666
2013-11-25,0,,14.0,9.204791666666669
2013-11-26,0,,3.5,7.997125
2013-11-27,0,,7.0,8.03108333333333
2013-11-28,0,,23.5,2.9074583333333344
2013-11-29,0,,0.25,1.2573749999999997
2013-11-30,0,,0.0,5.505791666666666
2013-12-01,0,,0.0,10.400416666666668
2013-12-02,0,,13.75,4.730041666666668
2013-12-03,0,,0.0,-1.7199583333333333
2013-12-04,0,,0.0,-1.0335
2013-12-05,0,,0.0,1.2157083333333336
2013-12-06,0,,0.0,6.170458333333333
2013-12-07,0,,14.0,-2.135
2013-12-08,0,,3.25,-2.208541666666666
2013-12-09,0,,6.25,1.1958333333333333
2013-12-10,0,,52.0,-2.7691250000000003
2013-12-11,0,,11.25,-4.954416666666667
2013-12-12,0,,0.0,-5.056250000000001
2013-12-13,0,,0.5,-2.3952500000000003
2013-12-14,0,,4.75,-0.3629583333333332
2013-12-15,0,,0.25,0.8026666666666666
2013-12-16,0,,0.75,1.5533333333333337
2013-12-17,0,,1.0,0.290125
2013-12-18,0,,0.0,-0.2181249999999999
2013-12-19,0,,0.0,0.54325
2013-12-20,0,,0.0,3.981
2013-12-21,0,,0.0,2.757208333333333
2013-12-22,0,,0.0,1.9548333333333332
2013-12-23,0,,0.0,6.190749999999999
2013-12-24,0,,0.0,7.96191666666667
2013-12-25,0,,0.0,6.962166666666668
2013-12-26,0,,0.0,7.03125
2013-12-27,0,,0.0,7.747708333333333
2013-12-28,0,,0.0,9.233333333333333
2013-12-29,0,,0.0,5.057291666666667
2013-12-30,0,,0.0,2.490833333333334
2013-12-31,0,,0.0,1.7583749999999998
2014-01-01,0,,0.0,1.7176666666666662
2014-01-02,0,,0.0,4.828083333333333
2014-01-03,0,,0.0,4.953041666666667
2014-01-04,0,,0.0,4.524916666666667
2014-01-05,0,,0.0,6.356208333333334
2014-01-06,0,,0.0,6.940083333333334
2014-01-07,0,,0.0,5.391416666666665
2014-01-08,0,,0.0,5.7729583333333325
2014-01-09,0,,0.0,6.095583333333333
2014-01-10,0,,0.0,7.970249999999999
2014-01-11,0,,0.0,5.785583333333332
2014-01-12,0,,0.0,7.51575
2014-01-13,0,,0.0,5.834291666666668
2014-01-14,0,,0.0,7.594166666666665
2014-01-15,0,,0.0,9.634624999999998
2014-01-16,0,,0.0,9.47545833333333
2014-01-17,0,,0.0,9.099333333333332
2014-01-18,0,,0.0,10.911666666666669
2014-01-19,0,,0.0,9.969666666666669
2014-01-20,0,,0.0,6.714229166666667
2014-01-21,0,,1.42,3.4604895833333336
2014-01-22,0,,0.95,1.991078125
2014-01-23,0,,1.18,0.9073723958333334
2014-01-24,0,,0.06,0.36551953125
2014-01-25,0,,1.09,-0.9382194010416668
2014-01-26,0,,0.12,-1.3563388671875
2014-01-27,0,,0.05,-1.1472791341145836
2014-01-28,0,,1.23,-1.2518090006510418
2014-01-29,0,,0.97,-1.808987833658854
2014-01-30,0,,0.25,-2.3661666666666665
2014-01-31,0,,0.5,-1.7744583333333337
2014-02-01,0,,0.25,-2.2419583333333337
2014-02-02,0,,0.5,0.20675
2014-02-03,0,,0.25,0.5216666666666665
2014-02-04,0,,0.0,-0.1763333333333333
2014-02-05,0,,0.25,1.8687916666666675
2014-02-06,0,,0.0,3.285375
2014-02-07,0,,0.0,6.113208333333333
2014-02-08,0,,0.0,9.395875
2014-02-09,0,,1.5,9.750833333333333
2014-02-10,0,,0.75,9.094
2014-02-11,0,,0.0,12.67125
2014-02-12,0,,0.0,13.822500000000002
2014-02-13,0,,0.0,11.45825
2014-02-14,0,,2.5,7.691280000000001
2014-02-15,0,,10.5,3.536041666666667
2014-02-16,0,,1.0,6.505875
2014-02-17,0,,0.5,13.367916666666666
2014-02-18,0,,0.0,11.8825
2014-02-19,0,,0.0,14.272916666666667
2014-02-20,0,,0.0,13.424166666666665
2014-02-21,0,,0.0,10.863916666666666
2014-02-22,0,,0.0,4.23325
2014-02-23,0,,0.0,4.493333333333331
2014-02-24,0,,5.75,3.101833333333333
2014-02-25,0,,26.0,1.1751250000000002
2014-02-26,0,,3.0,-0.201875
2014-02-27,0,,0.5,1.911125
2014-02-28,0,,0.5,6.535333333333333
2014-03-01,0,,0.0,8.450000000000001
2014-03-02,0,,0.0,10.032083333333334
2014-03-03,0,,0.0,10.901958333333331
2014-03-04,0,,0.0,9.053083333333332
2014-03-05,0,,3.25,9.113291666666669
2014-03-06,0,,0.75,8.31
2014-03-07,0,,11.75,5.374291666666665
2014-03-08,0,,12.0,2.857916666666666
2014-03-09,0,,12.0,2.3772083333333325
2014-03-10,0,,29.75,2.4499166666666667
2014-03-11,0,,11.5,0.144625
2014-03-12,0,,0.0,1.7172916666666662
2014-03-13,0,,1.5,0.3870416666666667
2014-03-14,0,,0.25,5.125083333333333
2014-03-15,0,,0.0,10.912541666666664
2014-03-16,0,,6.25,6.908041666666667
2014-03-17,0,,0.75,8.831708333333333
2014-03-18,0,,0.0,11.295833333333334
2014-03-19,0,,0.0,13.867291666666672
2014-03-20,0,,3.5,6.297083333333333
2014-03-21,0,,0.0,10.238416666666666
2014-03-22,0,,0.0,13.493333333333332
2014-03-23,0,,0.0,12.787083333333332
2014-03-24,0,,0.0,14.10086956521739
2014-03-25,0,,0.0,9.140375000000002
2014-03-26,0,,0.0,9.197166666666666
2014-03-27,0,,0.0,12.614583333333334
2014-03-28,0,,0.0,9.158333333333331
2014-03-29,0,,2.25,1.21175
2014-03-30,0,,0.5,2.1898260869565216
2014-03-31,0,,0.0,9.346217391304346
2014-04-01,0,,0.0,11.404166666666669
2014-04-02,0,,0.0,8.279166666666667
2014-04-03,0,,0.0,9.577666666666666
2014-04-04,0,,0.0,14.817916666666669
2014-04-05,0,,0.0,15.3725
2014-04-06,0,,0.0,11.235250000000002
2014-04-07,0,,0.0,5.322041666666666
2014-04-08,0,,0.0,6.153499999999998
2014-04-09,0,,0.0,11.139166666666666
2014-04-10,0,,0.0,11.083791666666668
2014-04-11,0,,0.0,6.571958333333332
2014-04-12,0,,0.0,5.0843750000000005
2014-04-13,0,,0.0,8.344083333333334
2014-04-14,0,,0.0,9.031875
2014-04-15,0,,0.0,12.555833333333334
2014-04-16,0,,0.0,13.580833333333333
2014-04-17,0,,0.0,13.839583333333332
2014-04-18,0,,6.75,9.767083333333334
2014-04-19,0,,0.75,10.213
2014-04-20,0,,5.75,10.913583333333332
2014-04-21,0,,0.0,12.757500000000002
2014-04-22,0,,0.0,16.465
2014-04-23,0,,0.0,17.541249999999998
2014-04-24,0,,2.0,15.212916666666668
2014-04-25,0,,2.0,14.17041666666666
2014-04-26,0,,0.25,9.424083333333332
2014-04-27,0,,13.0,10.075416666666666
2014-04-28,0,,17.25,10.066666666666668
2014-04-29,0,,0.0,11.636250000000002
2014-04-30,0,,16.25,9.50575
2014-05-01,0,,2.75,11.394583333333337
2014-05-02,0,,0.75,12.096666666666666
2014-05-03,0,,0.0,15.14958333333333
2014-05-04,0,,5.5,14.917083333333329
2014-05-05,0,,29.25,11.38
2014-05-06,0,,10.0,6.990458333333333
2014-05-07,0,,0.25,7.952416666666668
2014-05-08,0,,18.5,8.738749999999998
2014-05-09,0,,22.0,9.525833333333331
2014-05-10,0,,3.0,10.327500000000002
2014-05-11,0,,5.25,11.201666666666666
2014-05-12,0,,0.0,16.614166666666666
2014-05-13,0,,0.0,15.981249999999998
2014-05-14,0,,0.0,20.159166666666664
2014-05-15,0,,0.0,15.452916666666662
2014-05-16,0,,0.0,14.45583333333333
2014-05-17,0,,0.0,13.092083333333337
2014-05-18,0,,0.0,12.975
2014-05-19,0,,0.0,14.863749999999998
2014-05-20,0,,0.0,13.534875
2014-05-21,0,,0.0,13.14708333333333
2014-05-22,0,,0.0,14.181666666666668
2014-05-23,0,,0.0,15.097500000000002
2014-05-24,0,,0.0,14.735
2014-05-25,0,,0.0,16.550833333333333
2014-05-26,0,,0.0,18.15958333333333
2014-05-27,0,,0.0,19.664583333333336
2014-05-28,0,,0.0,20.738333333333333
2014-05-29,0,,0.75,20.295416666666664
2014-05-30,0,,17.5,12.765625
2014-05-31,0,,2.5,12.656250000000002
2014-06-01,0,,0.0,11.873749999999998
2014-06-02,0,,15.5,12.103750000000003
2014-06-03,0,,1.5,14.764583333333327
2014-06-04,0,,12.75,15.142083333333334
2014-06-05,0,,28.5,13.719166666666666
2014-06-06,0,,14.75,14.473333333333333
2014-06-07,0,,0.0,16.41125
2014-06-08,0,,7.0,15.55833333333333
2014-06-09,0,,0.0,16.48833333333333
2014-06-10,0,,0.0,18.316666666666663
2014-06-11,0,,0.0,18.08458333333333
2014-06-12,0,,0.0,15.9875
2014-06-13,0,,0.0,18.8448
2014-06-14,0,,0.0,20.905416666666667
2014-06-15,0,,0.0,19.13125
2014-06-16,0,,14.0,17.448333333333334
2014-06-17,0,,0.0,20.71916666666667
2014-06-18,0,,0.0,21.505416666666665
2014-06-19,0,,22.5,19.33125
2014-06-20,0,,8.0,14.274583333333334
2014-06-21,0,,15.0,15.998749999999996
2014-06-22,0,,0.0,15.310416666666663
2014-06-23,0,,0.0,17.240833333333335
2014-06-24,0,,0.0,18.76375
2014-06-25,0,,0.0,22.85625
2014-06-26,0,,0.0,23.08666666666667
2014-06-27,0,,1.25,20.56916666666667
2014-06-28,0,,0.25,15.179166666666667
2014-06-29,0,,0.0,15.90416666666667
2014-06-30,0,,0.0,18.291515151515156
2014-07-01,0,,0.0,18.753333333333337
2014-07-02,0,,0.0,18.559166666666663
2014-07-03,0,,0.0,17.136249999999993
2014-07-04,0,,21.75,15.406666666666666
2014-07-05,0,,0.0,16.831666666666663
2014-07-06,0,,0.0,18.48833333333334
2014-07-07,0,,0.0,18.82708333333333
2014-07-08,0,,0.0,19.200416666666666
2014-07-09,0,,0.0,21.50333333333333
2014-07-10,0,,0.0,23.346666666666664
2014-07-11,0,,0.0,23.743749999999995
2014-07-12,0,,9.75,21.36791666666667
2014-07-13,0,,0.0,19.05875
2014-07-14,0,,0.0,19.64375
2014-07-15,0,,16.0,18.81166666666667
2014-07-16,0,,10.0,17.765000000000004
2014-07-17,0,,0.0,19.00375
2014-07-18,0,,0.0,19.31375
2014-07-19,0,,1.25,18.745
2014-07-20,0,,1.0,18.271249999999995
2014-07-21,0,,0.0,19.46333333333333
2014-07-22,0,,0.0,22.26125
2014-07-23,0,,0.0,23.063333333333336
2014-07-24,0,,19.5,19.27666666666666
2014-07-25,0,,0.0,19.635416666666668
2014-07-26,0,,0.0,19.8475
2014-07-27,0,,0.0,21.101666666666667
2014-07-28,0,,0.0,22.199166666666667
2014-07-29,0,,0.0,22.02583333333334
2014-07-30,0,,0.0,20.69833333333333
2014-07-31,0,,0.0,20.765416666666667
2014-08-01,0,,0.0,22.12708333333333
2014-08-02,0,,10.0,19.876666666666672
2014-08-03,0,,7.25,19.25695652173913
2014-08-04,0,,0.0,20.83458333333333
2014-08-05,0,,0.0,20.6975
2014-08-06,0,,0.0,21.51608695652174
2014-08-07,0,,3.25,19.00260869565217
2014-08-08,0,,6.25,18.48541666666667
2014-08-09,0,,12.75,17.99458333333333
2014-08-10,0,,0.0,20.440869565217398
2014-08-11,0,,0.0,21.044347826086952
2014-08-12,0,,0.0,20.685
2014-08-13,0,,0.0,21.07125
2014-08-14,0,,0.0,22.8175
2014-08-15,0,,0.0,22.76333333333333
2014-08-16,0,,0.0,22.715416666666663
2014-08-17,0,,15.5,20.927916666666665
2014-08-18,0,,48.5,16.194583333333334
2014-08-19,0,,0.0,16.827916666666663
2014-08-20,0,,0.0,19.284166666666664
2014-08-21,0,,0.0,20.20625
2014-08-22,0,,0.0,21.04125
2014-08-23,0,,0.0,20.290416666666665
2014-08-24,0,,0.0,21.571304347826093
2014-08-25,0,,2.25,19.88708333333333
2014-08-26,0,,0.0,19.122083333333336
2014-08-27,0,,0.0,20.077916666666663
2014-08-28,0,,1.5,20.347391304347827
2014-08-29,0,,1.0,15.51041666666667
2014-08-30,0,,0.0,17.8
2014-08-31,0,,1.5,17.450000000000003
2014-09-01,0,,0.0,18.09916666666666
2014-09-02,0,,0.0,19.74521739130435
2014-09-03,0,,8.0,19.90590909090909
2014-09-04,0,,0.0,20.446666666666665
2014-09-05,0,,0.25,19.49458333333333
2014-09-06,0,,0.75,17.33916666666666
2014-09-07,0,,1.0,18.075909090909093
2014-09-08,0,,0.125,16.577499999999997
2014-09-09,0,,0.0,16.93708333333333
2014-09-10,0,,0.0,16.476521739130433
2014-09-11,0,,0.0,17.14260869565217
2014-09-12,0,,0.0,18.10083333333333
2014-09-13,0,,0.0,17.869166666666665
2014-09-14,0,,0.0,18.173749999999995
2014-09-15,0,,0.0,16.959999999999997
2014-09-16,0,,14.0,17.428333333333335
2014-09-17,0,,47.5,14.121666666666664
2014-09-18,0,,25.25,13.068333333333332
2014-09-19,0,,5.75,12.801249999999998
2014-09-20,0,,0.0,13.0675
2014-09-21,0,,0.5,14.90130434782609
2014-09-22,0,,0.0,18.41521739130435
2014-09-23,0,,14.25,13.459521739130436
2014-09-24,0,,0.0,10.23726086956522
2014-09-25,0,,0.0,11.3525
2014-09-26,0,,6.25,12.705416666666666
2014-09-27,0,,62.25,11.759166666666664
2014-09-28,2,inflow_m3_out_of_range;inflow_m3_statistical_outlier,44.25,10.553333333333333
2014-09-29,0,,0.75,10.569416666666667
2014-09-30,0,,0.0,10.385541666666668
2014-10-01,0,,0.0,11.094208333333333
2014-10-02,0,,0.0,12.831666666666669
2014-10-03,0,,4.0,10.6825
2014-10-04,0,,0.0,10.857083333333334
2014-10-05,0,,0.5,11.6425
2014-10-06,0,,0.0,12.235000000000005
2014-10-07,0,,0.0,14.857499999999996
2014-10-08,0,,0.5,14.040833333333335
2014-10-09,0,,3.0,12.820833333333333
2014-10-10,0,,0.25,12.850833333333336
2014-10-11,0,,1.5,12.752916666666664
2014-10-12,0,,0.5,11.302083333333336
2014-10-13,0,,0.0,11.599583333333335
2014-10-14,0,,0.0,11.902083333333332
2014-10-15,0,,0.25,14.0325
2014-10-16,0,,0.0,17.648333333333333
2014-10-17,0,,0.25,16.715416666666666
2014-10-18,0,,31.25,10.588625
2014-10-19,0,,0.0,5.742000000000001
2014-10-20,0,,0.0,7.851652173913044
2014-10-21,0,,0.0,12.744166666666665
2014-10-22,0,,0.0,14.68913043478261
2014-10-23,0,,5.0,15.974166666666669
2014-10-24,0,,5.5,13.139166666666666
2014-10-25,0,,1.75,10.84666666666667
2014-10-26,0,,7.25,11.202916666666669
2014-10-27,0,,48.0,8.636041666666666
2014-10-28,0,,13.25,9.15
2014-10-29,0,,12.5,10.768333333333336
2014-10-30,0,,50.25,8.123875
2014-10-31,2,inflow_m3_statistical_outlier,46.0,6.805541666666669
2014-11-01,2,inflow_m3_statistical_outlier,2.5,4.901625
2014-11-02,0,,0.25,4.522375
2014-11-03,0,,0.0,2.598583333333333
2014-11-04,0,,0.0,7.242625
2014-11-05,0,,0.0,9.832041666666669
2014-11-06,0,,0.0,11.279583333333331
2014-11-07,0,,0.0,13.39625
2014-11-08,0,,0.0,14.11625
2014-11-09,0,,0.0,13.70625
2014-11-10,0,,0.0,11.500833333333334
2014-11-11,0,,0.0,9.679958333333332
2014-11-12,0,,0.0,11.11875
2014-11-13,0,,0.0,13.254583333333336
2014-11-14,0,,0.0,11.617083333333332
2014-11-15,0,,8.0,9.817083333333334
2014-11-16,0,,0.75,8.358125000000003
2014-11-17,0,,1.75,11.1425
2014-11-18,0,,0.5,13.19916666666666
2014-11-19,0,,9.5,13.87916666666667
2014-11-20,0,,39.5,6.240666666666667
2014-11-21,0,,17.0,3.696375
2014-11-22,0,,21.75,2.7923333333333336
2014-11-23,0,,10.0,2.3635
2014-11-24,0,,5.75,3.073166666666666
2014-11-25,0,,43.0,2.42225
2014-11-26,2,inflow_m3_statistical_outlier,33.75,0.7226666666666669
2014-11-27,2,inflow_m3_statistical_outlier,1.0,1.0334166666666669
2014-11-28,0,,0.0,5.049625
2014-11-29,0,,0.0,9.181166666666664
2014-11-30,2,inflow_m3_statistical_outlier,23.75,4.586958333333333
2014-12-01,0,,5.0,4.359041666666667
2014-12-02,0,,1.5,11.391666666666667
2014-12-03,0,,0.75,13.13
2014-12-04,0,,2.75,11.200000000000005
2014-12-05,0,,0.75,9.875
2014-12-06,0,,0.0,11.269166666666669
2014-12-07,0,,0.0,10.676666666666664
2014-12-08,0,,0.0,11.301249999999998
2014-12-09,0,,0.0,9.891208333333337
2014-12-10,0,,0.0,6.150875
2014-12-11,0,,0.0,10.162291666666668
2014-12-12,0,,42.25,6.1738333333333335
2014-12-13,0,,2.75,4.050083333333334
2014-12-14,0,,0.25,4.7119583333333335
2014-12-15,0,,0.0,4.920208333333334
2014-12-16,0,,0.0,6.103333333333334
2014-12-17,0,,0.0,8.535958333333335
2014-12-18,0,,1.5,7.010458333333335
2014-12-19,0,,0.25,4.831416666666667
2014-12-20,0,,0.0,6.767833333333333
2014-12-21,0,,20.5,3.397249999999999
2014-12-22,0,,5.5,0.8884583333333333
2014-12-23,0,,0.0,6.226541666666667
2014-12-24,0,,0.0,10.04375
2014-12-25,0,,0.0,9.949916666666669
2014-12-26,0,,0.0,8.090375
2014-12-27,0,,4.75,2.432375000000001
2014-12-28,0,,0.5,4.977791666666668
2014-12-29,0,,18.5,2.0416666666666674
2014-12-30,0,,3.25,-2.474375
2014-12-31,0,,0.75,-1.157375
2015-01-01,0,,0.75,-1.329041666666667
2015-01-02,0,,0.75,-3.069333333333333
2015-01-03,0,,5.5,-0.7367499999999999
2015-01-04,0,,52.75,1.2071250000000002
2015-01-05,0,,16.25,-2.102208333333333
2015-01-06,0,,6.0,-3.0049130434782607
2015-01-07,0,,0.5,-6.337833333333333
2015-01-08,0,,0.5,-4.950208333333333
2015-01-09,0,,0.25,-4.599208333333334
2015-01-10,0,,23.0,0.9661666666666666
2015-01-11,0,,2.0,6.874125
2015-01-12,2,inflow_m3_statistical_outlier,41.75,-0.4602083333333333
2015-01-13,0,,5.75,0.6405833333333334
2015-01-14,0,,0.25,3.773458333333334
2015-01-15,0,,0.0,2.919708333333333
2015-01-16,0,,0.0,-0.0641666666666666
2015-01-17,0,,0.0,3.888375
2015-01-18,0,,0.0,5.377083333333334
2015-01-19,0,,0.0,7.826952380952382
2015-01-20,0,,0.0,7.778083333333336
2015-01-21,0,,0.0,7.507708333333333
2015-01-22,0,,0.0,8.461
2015-01-23,2,inflow_m3_statistical_outlier,0.0,9.250708333333334
2015-01-24,2,inflow_m3_statistical_outlier,0.0,6.779583333333334
2015-01-25,0,,0.0,6.772708333333335
2015-01-26,0,,0.0,5.289958333333334
2015-01-27,0,,0.0,5.851958333333333
2015-01-28,2,inflow_m3_statistical_outlier,2.75,1.9190416666666663
2015-01-29,0,,1.0,5.2491666666666665
2015-01-30,0,,0.0,7.429666666666667
2015-01-31,2,inflow_m3_statistical_outlier,0.0,10.372500000000002
2015-02-01,2,inflow_m3_statistical_outlier,0.0,13.222083333333332
2015-02-02,2,inflow_m3_statistical_outlier,16.75,5.1714782608695655
2015-02-03,2,inflow_m3_statistical_outlier,10.75,3.238375
2015-02-04,2,inflow_m3_statistical_outlier,0.5,7.175583333333333
2015-02-05,0,,0.0,10.825333333333331
2015-02-06,0,,0.0,10.358041666666663
2015-02-07,0,,0.5,1.2543333333333335
2015-02-08,0,,8.5,1.44575
2015-02-09,0,,9.5,-1.7829999999999997
2015-02-10,0,,2.5,-3.133875
2015-02-11,0,,0.5,-2.1655416666666665
2015-02-12,0,,33.0,-0.48725
2015-02-13,0,,9.25,0.3529166666666667
2015-02-14,0,,0.5,0.7839166666666665
2015-02-15,0,,7.75,1.3069166666666667
2015-02-16,0,,22.25,-1.3931250000000002
2015-02-17,0,,3.25,-5.364291666666666
2015-02-18,0,,0.25,-4.832708333333334
2015-02-19,0,,0.0,-3.6831666666666663
2015-02-20,0,,0.5,-1.1603333333333334
2015-02-21,0,,33.5,-0.82
2015-02-22,0,,0.25,5.1617083333333325
2015-02-23,0,,2.0,5.477291666666666
2015-02-24,2,inflow_m3_statistical_outlier,0.0,6.994416666666666
2015-02-25,2,inflow_m3_statistical_outlier,0.0,7.566125000000002
2015-02-26,2,inflow_m3_statistical_outlier,0.0,8.269083333333333
2015-02-27,2,inflow_m3_statistical_outlier,0.0,8.853625
2015-02-28,2,inflow_m3_statistical_outlier,0.0,5.574083333333333
2015-03-01,2,inflow_m3_statistical_outlier,0.0,2.548083333333333
2015-03-02,0,,0.0,6.065874999999999
2015-03-03,2,inflow_m3_statistical_outlier,0.75,4.252541666666666
2015-03-04,0,,0.0,1.3575416666666669
2015-03-05,0,,0.25,7.736250000000001
2015-03-06,0,,0.0,9.606374999999998
2015-03-07,0,,0.0,2.282875
2015-03-08,0,,0.0,1.5659166666666666
2015-03-09,0,,0.0,2.1982916666666665
2015-03-10,0,,0.0,2.85708333333333
2015-03-11,0,,0.0,2.5867916666666666
2015-03-12,0,,0.0,1.7157916666666662
2015-03-13,0,,0.0,4.23316666666667
2015-03-14,0,,5.0,6.335375
2015-03-15,0,,10.5,3.123375
2015-03-16,0,,6.0,1.3752499999999996
2015-03-17,0,,2.25,-0.7609166666666666
2015-03-18,0,,0.25,-1.2262916666666666
2015-03-19,0,,0.0,-0.3153750000000003
2015-03-20,0,,3.25,-0.250208333333333
2015-03-21,0,,37.25,0.663416666666667
2015-03-22,0,,3.25,7.314625
2015-03-23,0,,5.25,4.1697500000000005
2015-03-24,0,,0.5,3.5933750000000013
2015-03-25,0,,0.0,11.420833333333333
2015-03-26,0,,0.0,13.694999999999997
2015-03-27,2,inflow_m3_statistical_outlier,0.0,13.292916666666663
2015-03-28,2,inflow_m3_statistical_outlier,0.0,9.685043478260871
2015-03-29,2,inflow_m3_statistical_outlier,3.75,8.468791666666666
2015-03-30,2,inflow_m3_statistical_outlier,0.5,10.088695652173914
2015-03-31,0,,0.0,8.409125
2015-04-01,0,,15.25,10.577333333333334
2015-04-02,0,,3.25,2.84758333333333
2015-04-03,0,,6.75,3.7044166666666674
2015-04-04,0,,1.25,3.3159583333333327
2015-04-05,0,,0.0,7.467166666666667
2015-04-06,0,,25.75,10.247791666666666
2015-04-07,2,inflow_m3_statistical_outlier,7.0,1.63333333333333
2015-04-08,0,,8.0,0.546625
2015-04-09,2,inflow_m3_statistical_outlier,59.0,0.004791666666667
2015-04-10,2,inflow_m3_statistical_outlier,25.5,1.0321250000000002
2015-04-11,0,,0.0,6.114124999999999
2015-04-12,0,,0.0,8.689791666666666
2015-04-13,2,inflow_m3_statistical_outlier,0.0,12.181250000000004
2015-04-14,2,inflow_m3_statistical_outlier,0.0,10.117666666666668
2015-04-15,2,inflow_m3_statistical_outlier,0.0,9.097500000000002
2015-04-16,2,inflow_m3_statistical_outlier,0.0,13.738333333333337
2015-04-17,2,inflow_m3_statistical_outlier,0.0,16.47833333333333
2015-04-18,2,inflow_m3_statistical_outlier,0.0,16.36666666666667
2015-04-19,0,,0.0,3.812791666666668
2015-04-20,0,,0.0,5.7632916666666665
2015-04-21,0,,0.0,1.4846249999999994
2015-04-22,0,,9.0,1.561125
2015-04-23,0,,8.25,2.5285416666666665
2015-04-24,0,,0.0,10.562500000000002
2015-04-25,0,,0.0,12.440833333333336
2015-04-26,0,,0.0,10.673333333333334
2015-04-27,0,,0.0,15.312916666666672
2015-04-28,0,,0.0,18.415
2015-04-29,0,,0.0,14.183750000000002
2015-04-30,0,,0.0,10.156041666666663
2015-05-01,0,,0.0,11.059166666666668
2015-05-02,0,,0.0,15.776250000000005
2015-05-03,0,,0.0,10.524166666666664
2015-05-04,0,,0.0,14.196666666666667
2015-05-05,0,,0.0,16.62875
2015-05-06,0,,0.0,17.3991666666667
2015-05-07,0,,0.0,17.846250000000005
2015-05-08,0,,0.0,10.505
2015-05-09,0,,0.0,11.025791666666665
2015-05-10,0,,0.0,10.477043478260873
2015-05-11,0,,0.0,11.5864
2015-05-12,0,,0.0,12.2977916666667
2015-05-13,0,,0.0,13.131666666666668
2015-05-14,0,,0.0,16.406250000000004
2015-05-15,0,,0.0,19.3325
2015-05-16,0,,0.0,20.44416666666667
2015-05-17,0,,0.0,18.88125
2015-05-18,0,,0.0,19.351250000000004
2015-05-19,0,,0.0,21.342916666666667
2015-05-20,0,,0.0,17.61125
2015-05-21,0,,0.0,14.324583333333337
2015-05-22,0,,0.0,16.449999999999992
2015-05-23,0,,0.0,20.75333333333333
2015-05-24,0,,0.25,20.56083333333334
2015-05-25,0,,0.0,18.6554166666667
2015-05-26,0,,0.5,18.0529166666667
2015-05-27,0,,24.5,13.0141666666667
2015-05-28,0,,11.0,10.77875
2015-05-29,0,,0.0,10.7004166666667
2015-05-30,0,,0.0,12.315
2015-05-31,0,,0.0,14.1254166666667
2015-06-01,0,,0.0,14.3179166666667
2015-06-02,0,,1.25,15.0675
2015-06-03,0,,25.0,13.23791666666667
2015-06-04,0,,0.25,15.262083333333331
2015-06-05,0,,36.5,14.53875
2015-06-06,0,,23.5,15.01375
2015-06-07,0,,4.5,14.371250000000002
2015-06-08,0,,1.25,14.365
2015-06-09,0,,0.5,15.0433333333333
2015-06-10,0,,3.25,15.335
2015-06-11,0,,0.5,16.166666666666664
2015-06-12,0,,7.0,16.5316666666667
2015-06-13,0,,0.0,16.91875
2015-06-14,0,,0.0,18.9825
2015-06-15,0,,0.0,21.5691666666667
2015-06-16,0,,0.5,20.92625
2015-06-17,0,,0.0,17.8320833333333
2015-06-18,0,,2.5,16.93333333333333
2015-06-19,0,,70.25,15.270416666666668
2015-06-20,0,,0.0,15.261666666666668
2015-06-21,0,,0.0,17.275833333333335
2015-06-22,0,,15.5,15.4825
2015-06-23,0,,0.5,14.832916666666671
2015-06-24,0,,0.25,16.5470833333333
2015-06-25,0,,0.0,17.356250000000003
2015-06-26,0,,0.0,15.860833333333332
2015-06-27,0,,28.5,16.240833333333335
2015-06-28,0,,2.25,15.32125
2015-06-29,0,,11.75,17.0875
2015-06-30,0,,0.0,16.876666666666665
2015-07-01,0,,0.0,17.83125
2015-07-02,0,,0.0,17.4070833333333
2015-07-03,0,,0.0,16.770833333333332
2015-07-04,0,,0.0,17.586666666666666
2015-07-05,0,,0.0,17.477083333333336
2015-07-06,0,,0.0,18.2366666666667
2015-07-07,0,,0.0,18.813333333333333
2015-07-08,0,,0.0,21.57625
2015-07-09,0,,0.0,23.22125000000001
2015-07-10,0,,0.0,20.88000000000001
2015-07-11,0,,5.25,17.00458333333333
2015-07-12,0,,0.0,17.309583333333332
2015-07-13,0,,0.0,17.889166666666668
2015-07-14,0,,0.0,19.1458333333333
2015-07-15,0,,0.0,18.19666666666667
2015-07-16,0,,0.0,19.008750000000003
2015-07-17,0,,0.0,18.71208333333333
2015-07-18,0,,0.0,19.007916666666667
2015-07-19,0,,0.0,19.52125
2015-07-20,0,,0.0,19.69916666666667
2015-07-21,0,,0.0,19.566666666666663
2015-07-22,0,,0.0,20.3625
2015-07-23,0,,0.0,20.535
2015-07-24,0,,0.0,21.1416666666667
2015-07-25,0,,0.0,20.18875
2015-07-26,0,,0.0,23.7158333333333
2015-07-27,0,,0.0,24.46250000000001
2015-07-28,0,,0.0,25.0541666666667
2015-07-29,0,,0.0,25.6625
2015-07-30,0,,0.0,25.9304166666667
2015-07-31,0,,0.0,21.76
2015-08-01,0,,0.0,21.5195833333333
2015-08-02,0,,0.0,21.1033333333333
2015-08-03,0,,0.0,20.0404166666667
2015-08-04,0,,0.0,22.43416666666667
2015-08-05,0,,0.0,22.281666666666663
2015-08-06,0,,0.0,22.786249999999995
2015-08-07,0,,0.0,21.13708333333333
2015-08-08,0,,0.0,21.16375
2015-08-09,0,,0.0,21.682916666666667
2015-08-10,0,,0.0,20.9308333333333
2015-08-11,0,,0.0,21.5420833333333
2015-08-12,0,,0.0,22.87041666666666
2015-08-13,0,,0.0,22.330416666666665
2015-08-14,0,,0.0,23.050416666666667
2015-08-15,0,,0.0,21.75916666666667
2015-08-16,0,,0.0,22.39375
2015-08-17,0,,0.0,23.9829166666667
2015-08-18,0,,0.0,22.23541666666667
2015-08-19,0,,0.0,21.1404166666667
2015-08-20,0,,0.25,22.2079166666667
2015-08-21,0,,3.75,21.32875
2015-08-22,0,,22.75,18.3595833333333
2015-08-23,0,,23.75,17.2658333333333
2015-08-24,0,,0.25,17.6041666666667
2015-08-25,0,,0.0,17.836041666666702
2015-08-26,0,,0.0,18.0679166666667
2015-08-27,0,,0.0,17.9195833333333
2015-08-28,0,,0.0,18.52041666666667
2015-08-29,0,,0.0,19.832916666666662
2015-08-30,0,,0.0,19.53291666666667
2015-08-31,0,,0.0,19.762916666666666
2015-09-01,0,,0.0,23.847916666666663
2015-09-02,0,,0.0,24.58666666666667
2015-09-03,0,,0.0,23.57625
2015-09-04,0,,0.0,21.97833333333333
2015-09-05,0,,0.0,23.57625
2015-09-06,0,,0.0,25.36791666666667
2015-09-07,0,,2.0,18.78772727272728
2015-09-08,0,,0.75,16.438333333333333
2015-09-09,0,,0.0,17.892500000000002
2015-09-10,0,,0.0,20.92
2015-09-11,0,,0.0,22.52541666666666
2015-09-12,0,,25.75,18.013749999999998
2015-09-13,0,,48.5,17.135833333333334
2015-09-14,0,,1.25,17.36583333333333
2015-09-15,0,,0.25,16.71833333333333
2015-09-16,0,,0.0,17.82416666666666
2015-09-17,0,,0.0,18.457083333333333
2015-09-18,0,,0.0,18.0175
2015-09-19,0,,0.0,17.140000000000004
2015-09-20,0,,0.0,18.039583333333333
2015-09-21,0,,0.0,17.429583333333333
2015-09-22,0,,2.75,18.15833333333333
2015-09-23,0,,3.25,17.678749999999997
2015-09-24,0,,0.0,18.664583333333336
2015-09-25,0,,0.0,18.99125
2015-09-26,0,,0.0,19.375
2015-09-27,0,,0.0,19.23708333333333
2015-09-28,0,,18.25,17.609583333333337
2015-09-29,2,precip_kartepe_mm_out_of_range;inflow_m3_statistical_outlier;precip_kartepe_mm_imputed_linear,101.0,16.198750000000004
2015-09-30,2,inflow_m3_out_of_range;precip_kartepe_mm_out_of_range;inflow_m3_statistical_outlier;precip_kartepe_mm_imputed_linear,92.25,12.927083333333334
2015-10-01,2,inflow_m3_statistical_outlier,26.25,12.400416666666665
2015-10-02,0,,2.75,12.695
2015-10-03,0,,0.0,14.316250000000002
2015-10-04,0,,0.0,14.793749999999998
2015-10-05,0,,0.0,15.387916666666662
2015-10-06,0,,19.5,13.06565217391304
2015-10-07,0,,38.75,12.27875
2015-10-08,0,,15.0,12.78875
2015-10-09,0,,0.0,10.837083333333332
2015-10-10,0,,0.0,14.47875
2015-10-11,0,,7.0,16.597916666666666
2015-10-12,0,,13.0,16.7733333333333
2015-10-13,0,,9.25,11.2508333333333
2015-10-14,0,,1.25,10.96
2015-10-15,0,,4.0,11.5925
2015-10-16,0,,0.0,12.775833333333331
2015-10-17,0,,0.0,14.73666666666667
2015-10-18,0,,0.0,12.50666666666667
2015-10-19,0,,0.0,13.408749999999996
2015-10-20,0,,0.0,16.3341666666667
2015-10-21,0,,7.75,14.1125
2015-10-22,0,,16.75,14.0858333333333
2015-10-23,0,,35.75,13.35
2015-10-24,0,,20.75,8.17320833333333
2015-10-25,0,,0.0,8.33779166666667
2015-10-26,0,,0.0,8.88904166666667
2015-10-27,0,,4.25,8.26066666666667
2015-10-28,0,,0.0,7.274541666666667
2015-10-29,0,,0.0,7.802208333333334
2015-10-30,0,,0.5,8.699500000000002
2015-10-31,0,,3.25,7.364458333333332
2015-11-01,0,,0.0,6.371708333333332
2015-11-02,0,,0.0,5.95075
2015-11-03,0,,0.0,7.26391666666667
2015-11-04,0,,0.0,9.55258333333333
2015-11-05,0,,0.0,8.62158333333334
2015-11-06,0,,0.0,9.34683333333333
2015-11-07,0,,0.0,8.84366666666667
2015-11-08,0,,0.0,8.10075
2015-11-09,0,,0.0,9.273458333333332
2015-11-10,0,,0.0,10.533333333333331
2015-11-11,0,,0.0,12.3558333333333
2015-11-12,0,,0.0,12.6241666666667
2015-11-13,0,,0.0,11.590000000000002
2015-11-14,0,,0.0,12.550416666666663
2015-11-15,0,,0.0,8.321791666666668
2015-11-16,0,,0.0,10.5234166666667
2015-11-17,0,,0.0,7.288125
2015-11-18,0,,0.0,11.0375
2015-11-19,0,,0.0,11.1166666666667
2015-11-20,0,,0.0,14.4679166666667
2015-11-21,0,,0.0,14.4958333333333
2015-11-22,0,,0.0,15.8291666666667
2015-11-23,0,,0.0,14.936249999999996
2015-11-24,0,,0.0,14.0825
2015-11-25,0,,0.0,12.98
2015-11-26,0,,0.0,11.927083333333334
2015-11-27,0,,0.0,13.2379166666667
2015-11-28,0,,1.25,9.38854166666667
2015-11-29,0,,2.5,5.516375
2015-11-30,0,,0.0,3.88325
2015-12-01,0,,0.75,8.72266666666667
2015-12-02,0,,0.75,1.35275
2015-12-03,0,,0.0,2.1194166666666674
2015-12-04,0,,0.0,2.5010000000000003
2015-12-05,0,,0.0,3.0031250000000007
2015-12-06,0,,0.0,5.340291666666668
2015-12-07,0,,0.0,7.167291666666667
2015-12-08,0,,0.0,5.62320833333333
2015-12-09,0,,0.0,5.43033333333333
2015-12-10,0,,0.0,4.547208333333333
2015-12-11,0,,0.0,3.214
2015-12-12,0,,0.75,2.74008333333333
2015-12-13,0,,0.0,3.49408333333333
2015-12-14,0,,0.0,4.718541666666666
2015-12-15,0,,0.0,3.83758333333333
2015-12-16,0,,0.0,2.7402916666666663
2015-12-17,0,,0.25,2.65308333333333
2015-12-18,0,,0.0,2.0341666666666667
2015-12-19,0,,0.0,2.532208333333333
2015-12-20,0,,0.0,3.4298333333333333
2015-12-21,0,,0.0,6.33375
2015-12-22,0,,0.0,6.605083333333333
2015-12-23,0,,0.0,7.524625
2015-12-24,0,,0.0,9.34245833333333
2015-12-25,0,,0.0,5.63083333333333
2015-12-26,0,,0.0,4.80191666666667
2015-12-27,0,,0.0,8.46366666666667
2015-12-28,0,,0.0,9.589249999999998
2015-12-29,0,,5.75,3.58854166666667
2015-12-30,0,,5.5,-3.98683333333333
2015-12-31,0,,3.75,-5.52933333333333
2016-01-01,0,,1.25,-6.46166666666667
2016-01-02,0,,0.25,-5.361625
2016-01-03,0,,65.75,1.23116666666667
2016-01-04,0,,5.75,4.423416666666666
2016-01-05,2,inflow_m3_statistical_outlier,10.5,6.62466666666667
2016-01-06,2,inflow_m3_statistical_outlier,1.25,12.6833333333333
2016-01-07,2,inflow_m3_statistical_outlier,8.25,5.96525
2016-01-08,0,temp_kartepe_c_sudden_jump,1.25,2.29729166666667
2016-01-09,0,temp_kartepe_c_sudden_jump,0.25,6.44716666666667
2016-01-10,0,,7.5,9.26845833333333
2016-01-11,0,precip_kazandere_mm_imputed_linear,26.75,11.6454166666667
2016-01-12,0,,46.0,11.61875
2016-01-13,2,temp_kartepe_c_out_of_range;inflow_m3_statistical_outlier;temp_kartepe_c_imputed_linear,10.75,5.433708333333333
2016-01-14,0,,4.0,1.989083333333333
2016-01-15,0,,0.0,5.39183333333333
2016-01-16,0,,0.25,10.1010833333333
2016-01-17,0,,24.0,4.23520833333333
2016-01-18,0,,0.0,-3.1569583333333338
2016-01-19,0,,0.0,-5.61016666666667
2016-01-20,0,,1.25,-1.27
2016-01-21,0,,27.0,0.559666666666667
2016-01-22,0,,3.75,-3.3880416666666666
2016-01-23,0,,7.75,-5.075083333333333
2016-01-24,0,,0.25,-4.965833333333333
2016-01-25,0,,5.5,-5.17875
2016-01-26,0,,32.0,-2.34054166666667
2016-01-27,0,,0.25,1.066625
2016-01-28,0,,0.0,5.404
2016-01-29,0,,0.25,6.98929166666667
2016-01-30,0,,0.0,4.314125
2016-01-31,0,,0.0,7.57658333333333
2016-02-01,0,,0.0,7.10475
2016-02-02,0,,0.0,8.942208333333335
2016-02-03,0,,0.0,12.4329166666667
2016-02-04,0,,0.0,10.55125
2016-02-05,2,inflow_m3_statistical_outlier,39.75,2.213125
2016-02-06,0,,22.75,-1.386375
2016-02-07,0,,5.75,-2.16204166666667
2016-02-08,0,,0.5,2.62258333333333
2016-02-09,0,,0.0,5.418666666666666
2016-02-10,0,,1.0,7.84925
2016-02-11,2,inflow_m3_statistical_outlier,21.0,7.93941666666667
2016-02-12,2,inflow_m3_statistical_outlier,9.0,10.45875
2016-02-13,2,inflow_m3_statistical_outlier,3.25,11.845416666666663
2016-02-14,2,inflow_m3_statistical_outlier,0.25,13.854583333333336
2016-02-15,2,inflow_m3_statistical_outlier,0.0,18.3295833333333
2016-02-16,0,,0.0,18.4754166666667
2016-02-17,0,,0.0,16.24125
2016-02-18,0,,0.0,17.5454166666667
2016-02-19,0,,0.25,6.00004166666667
2016-02-20,0,,1.75,3.30616666666667
2016-02-21,0,,0.25,1.36979166666667
2016-02-22,0,,0.0,8.45595833333333
2016-02-23,0,,0.0,13.866666666666664
2016-02-24,0,,10.0,10.59825
2016-02-25,0,,1.75,7.01875
2016-02-26,0,,4.5,11.730833333333331
2016-02-27,0,,4.0,8.974208333333333
2016-02-28,0,,0.0,12.11916666666667
2016-02-29,0,,0.0,19.0658333333333
2016-03-01,0,,0.0,16.6158333333333
2016-03-02,0,,7.0,10.423416666666666
2016-03-03,0,,4.25,7.93283333333333
2016-03-04,0,,7.25,8.226875
2016-03-05,0,,16.25,5.408625
2016-03-06,0,,0.0,11.3495833333333
2016-03-07,0,,0.0,14.1641666666667
2016-03-08,0,,0.0,14.73875
2016-03-09,0,,0.0,15.0866666666667
2016-03-10,0,,0.0,9.70291666666667
2016-03-11,0,,0.0,10.1779166666667
2016-03-12,0,,0.0,8.70466666666667
2016-03-13,0,,6.75,6.3265
2016-03-14,0,,47.5,1.37991666666667
2016-03-15,0,,7.5,1.26129166666667
2016-03-16,0,,0.25,1.35658333333333
2016-03-17,0,,0.0,1.0344166666666668
2016-03-18,0,,0.25,7.68691666666667
2016-03-19,0,,11.0,5.095625
2016-03-20,0,,0.5,3.42666666666667
2016-03-21,0,,0.75,11.00875
2016-03-22,0,,0.0,15.05
2016-03-23,0,,0.0,17.11375
2016-03-24,0,,10.5,10.544916666666667
2016-03-25,0,,32.5,3.36054166666667
2016-03-26,0,,5.0,-0.4745
2016-03-27,0,,0.0,1.27304166666667
2016-03-28,0,,0.25,2.578
2016-03-29,0,,0.0,9.221916666666663
2016-03-30,0,,0.0,11.605416666666663
2016-03-31,0,,0.0,15.04625
2016-04-01,0,,0.0,16.634166666666665
2016-04-02,0,,0.0,8.776249999999997
2016-04-03,0,,0.0,9.028416666666663
2016-04-04,0,,0.0,12.2154166666667
2016-04-05,0,,0.0,15.197499999999998
2016-04-06,0,,0.0,17.8833333333333
2016-04-07,0,,0.0,20.10458333333333
2016-04-08,0,,0.0,20.29208333333333
2016-04-09,0,,0.0,17.052500000000002
2016-04-10,0,,0.0,13.095
2016-04-11,0,,0.0,10.4666666666667
2016-04-12,0,,0.0,11.78083333333335
2016-04-13,0,,0.0,14.3679166666667
2016-04-14,0,,0.0,20.1033333333333
2016-04-15,0,,0.0,13.3541666666667
2016-04-16,0,,0.0,17.5725
2016-04-17,0,,0.0,19.065
2016-04-18,0,,0.0,18.31875
2016-04-19,0,,0.0,18.691875000000003
2016-04-20,0,,0.0,12.7356666666667
2016-04-21,0,,0.0,6.085
2016-04-22,0,,0.0,13.8608333333333
2016-04-23,0,,0.0,15.3433333333333
2016-04-24,0,,0.0,13.82875
2016-04-25,0,,0.0,12.445
2016-04-26,0,,0.0,8.68125
2016-04-27,0,,0.0,9.69666666666667
2016-04-28,0,,0.0,11.80125
2016-04-29,0,,0.0,11.9625833333333
2016-04-30,0,,0.0,10.7135
2016-05-01,0,,0.0,11.0442083333333
2016-05-02,0,,0.0,15.017499999999998
2016-05-03,0,,14.5,11.2762083333333
2016-05-04,0,,7.5,9.879416666666666
2016-05-05,0,,0.25,9.29241666666667
2016-05-06,0,,8.75,8.962375
2016-05-07,0,,0.0,12.0583333333333
2016-05-08,0,,0.0,14.6858333333333
2016-05-09,0,,0.0,14.067083333333333
2016-05-10,0,,0.0,10.929375
2016-05-11,0,,0.0,14.599166666666669
2016-05-12,0,,2.0,18.9745833333333
2016-05-13,0,,1.0,20.0116666666667
2016-05-14,0,,0.0,20.2416666666667
2016-05-15,0,,3.5,17.0554166666667
2016-05-16,0,,0.25,16.7795652173913
2016-05-17,0,,1.25,10.8075
2016-05-18,0,,2.5,9.642749999999998
2016-05-19,0,,0.0,13.599583333333335
2016-05-20,0,,0.0,16.342916666666667
2016-05-21,0,,24.25,15.262916666666664
2016-05-22,0,,58.25,10.592083333333331
2016-05-23,0,,2.25,11.635
2016-05-24,0,,0.0,17.419583333333332
2016-05-25,0,,2.25,14.652083333333335
2016-05-26,0,,4.5,11.6054166666667
2016-05-27,0,,12.75,11.77375
2016-05-28,0,,0.0,13.6925
2016-05-29,0,,0.0,18.0808333333333
2016-05-30,0,,0.0,22.13958333333333
2016-05-31,0,,0.0,21.68625
2016-06-01,0,,0.0,21.0391666666667
2016-06-02,0,,0.0,22.15291666666667
2016-06-03,0,,4.75,18.00541666666667
2016-06-04,0,,0.0,17.433333333333334
2016-06-05,0,,0.0,17.054999999999996
2016-06-06,0,,0.0,17.9670833333333
2016-06-07,0,,11.0,13.149583333333332
2016-06-08,0,,0.25,11.510416666666666
2016-06-09,0,,0.25,12.0845833333333
2016-06-10,0,,0.0,15.33625
2016-06-11,0,,0.0,18.15375
2016-06-12,0,,0.0,21.8320833333333
2016-06-13,0,,1.0,21.78375
2016-06-14,0,,18.0,16.942916666666665
2016-06-15,0,,0.0,19.71125
2016-06-16,0,,0.0,21.5766666666667
2016-06-17,0,,0.0,22.18875
2016-06-18,0,,0.0,23.95833333333333
2016-06-19,0,,0.0,25.12041666666667
2016-06-20,0,,0.0,25.24875
2016-06-21,0,,0.0,23.469999999999995
2016-06-22,0,,0.0,22.1933333333333
2016-06-23,0,,0.0,22.055833333333336
2016-06-24,0,,0.0,22.35875
2016-06-25,0,,0.0,22.18625
2016-06-26,0,,6.5,23.38
2016-06-27,0,,0.0,20.95625
2016-06-28,0,,9.75,19.445416666666663
2016-06-29,0,,0.25,18.992500000000003
2016-06-30,0,,15.25,18.8391666666667
2016-07-01,0,,0.0,21.2666666666667
2016-07-02,0,,0.0,21.6558333333333
2016-07-03,0,,1.0,21.0175
2016-07-04,0,,0.0,21.35625
2016-07-05,0,,26.5,18.3666666666667
2016-07-06,0,,0.0,19.0054166666667
2016-07-07,0,,4.5,19.4220833333333
2016-07-08,0,,0.0,17.7695833333333
2016-07-09,0,,0.0,17.8883333333333
2016-07-10,0,,0.0,19.7070833333333
2016-07-11,0,,0.0,18.51666666666667
2016-07-12,0,,0.0,20.3033333333333
2016-07-13,0,,0.0,22.34125
2016-07-14,0,,0.0,21.8808333333333
2016-07-15,0,,0.0,23.6808333333333
2016-07-16,0,,0.0,27.0908333333333
2016-07-17,0,,0.0,23.9745833333333
2016-07-18,0,,4.0,17.29625
2016-07-19,0,,1.25,16.7158333333333
2016-07-20,0,,1.25,17.9925
2016-07-21,0,,0.0,17.6866666666667
2016-07-22,0,,0.0,19.8375
2016-07-23,0,,0.0,20.4679166666667
2016-07-24,0,,0.0,21.03875
2016-07-25,0,,0.0,20.8216666666667
2016-07-26,0,,0.0,20.5345833333333
2016-07-27,0,,0.0,20.7879166666667
2016-07-28,0,,0.0,21.6716666666667
2016-07-29,0,,0.0,21.899583333333336
2016-07-30,0,,0.0,21.47958333333333
2016-07-31,0,,0.0,21.854166666666668
2016-08-01,0,,0.0,24.3745833333333
2016-08-02,0,,0.0,23.69875
2016-08-03,0,,25.25,21.3295833333333
2016-08-04,0,,1.75,21.304166666666664
2016-08-05,0,,0.0,22.187916666666663
2016-08-06,0,,0.0,21.462083333333325
2016-08-07,0,,0.0,22.97708333333333
2016-08-08,0,,0.0,23.35875
2016-08-09,0,,0.0,23.4520833333333
2016-08-10,0,,0.0,22.5079166666667
2016-08-11,0,,0.0,23.6629166666667
2016-08-12,0,,22.5,21.238750000000003
2016-08-13,1,precip_kartepe_mm_out_of_range;precip_kartepe_mm_imputed_linear,58.75,15.735
2016-08-14,0,,0.0,16.274166666666666
2016-08-15,0,,0.0,18.199583333333333
2016-08-16,0,,0.0,18.6459090909091
2016-08-17,0,,0.0,19.8220833333333
2016-08-18,0,,0.0,20.5816666666667
2016-08-19,0,,0.0,22.20833333333333
2016-08-20,0,,4.0,21.0575
2016-08-21,0,,1.5,20.3375
2016-08-22,0,,0.0,22.529166666666665
2016-08-23,0,,0.0,21.09625
2016-08-24,0,,0.5,21.0508333333333
2016-08-25,0,,67.5,18.68458333333333
2016-08-26,0,,3.25,18.0766666666667
2016-08-27,0,,0.5,19.19
2016-08-28,0,,0.5,18.4095833333333
2016-08-29,0,,0.0,18.93208333333333
2016-08-30,0,,0.0,19.44291666666667
2016-08-31,0,,0.25,19.343333333333337
2016-09-01,0,,0.0,17.8191666666667
2016-09-02,0,,0.0,17.802083333333332
2016-09-03,0,,0.0,17.485833333333332
2016-09-04,0,,0.0,17.89125
2016-09-05,0,,0.0,20.3804166666667
2016-09-06,0,,0.0,20.7583333333333
2016-09-07,0,,0.0,20.0
2016-09-08,0,,0.0,19.9708333333333
2016-09-09,0,,0.0,19.734583333333333
2016-09-10,0,,0.0,19.391666666666666
2016-09-11,0,,1.75,19.06416666666667
2016-09-12,0,,6.5,17.75625
2016-09-13,0,,3.5,15.86333333333333
2016-09-14,0,,0.0,16.966666666666665
2016-09-15,0,,0.0,17.729166666666668
2016-09-16,0,,0.0,16.4775
2016-09-17,0,,0.0,19.37625
2016-09-18,0,,0.0,22.01
2016-09-19,0,,0.0,22.47333333333333
2016-09-20,0,,25.75,15.757916666666668
2016-09-21,0,,5.0,12.254583333333334
2016-09-22,0,,9.25,11.925
2016-09-23,0,,12.25,9.77041666666667
2016-09-24,0,,0.0,11.1183333333333
2016-09-25,0,,0.0,12.2970833333333
2016-09-26,0,,0.0,12.9125
2016-09-27,0,,39.5,12.57375
2016-09-28,0,,0.75,11.939166666666669
2016-09-29,0,,0.0,13.289583333333333
2016-09-30,0,,0.0,15.163749999999997
2016-10-01,0,,0.0,16.100833333333327
2016-10-02,0,,0.0,16.569374999999994
2016-10-03,0,,0.0,17.03791666666666
2016-10-04,0,,3.25,15.882916666666668
2016-10-05,0,temp_aytepe_c_imputed_linear,3.5,11.7895833333333
2016-10-06,0,,0.25,12.965
2016-10-07,0,,1.75,15.6941666666667
2016-10-08,0,,7.0,13.50375
2016-10-09,0,,0.75,11.77
2016-10-10,0,,0.5,13.160416666666665
2016-10-11,0,,2.25,16.836250000000003
2016-10-12,0,,13.0,18.6533333333333
2016-10-13,0,,2.5,11.82875
2016-10-14,0,,0.25,10.2768333333333
2016-10-15,0,,0.0,9.65875
2016-10-16,0,,0.25,12.1833333333333
2016-10-17,0,,8.0,7.299041666666667
2016-10-18,0,,0.0,6.45816666666667
2016-10-19,0,,0.0,7.6321249999999985
2016-10-20,0,,0.0,9.86883333333333
2016-10-21,0,,0.25,10.746666666666664
2016-10-22,0,,0.25,13.204166666666666
2016-10-23,0,,2.25,13.376666666666663
2016-10-24,0,,2.75,11.34
2016-10-25,0,,8.0,9.295
2016-10-26,0,,11.875,9.065
2016-10-27,0,,0.0,8.82679166666667
2016-10-28,0,,15.75,8.026416666666668
2016-10-29,0,,11.5,8.076166666666667
2016-10-30,0,,0.0,6.390249999999999
2016-10-31,0,,2.5,3.99295833333333
2016-11-01,0,,11.75,2.13913636363636
2016-11-02,0,,1.5,6.16495833333333
2016-11-03,0,,0.75,11.609166666666669
2016-11-04,0,,0.75,10.149583333333336
2016-11-05,0,,5.25,11.836249999999998
2016-11-06,0,,0.5,14.222083333333336
2016-11-07,0,,0.0,16.2970833333333
2016-11-08,0,,0.0,19.335
2016-11-09,0,,0.25,17.7258333333333
2016-11-10,0,,0.5,12.3595833333333
2016-11-11,0,,2.75,11.5754166666667
2016-11-12,0,,4.75,13.5783333333333
2016-11-13,0,,8.75,9.351625
2016-11-14,0,,2.5,3.504250000000001
2016-11-15,0,,22.75,1.31208333333333
2016-11-16,0,,8.5,0.311458333333333
2016-11-17,0,,0.5,2.9455
2016-11-18,0,,0.25,7.447791666666668
2016-11-19,0,,0.0,9.89975
2016-11-20,0,,0.0,8.891666666666666
2016-11-21,0,snow_cilekli_cm_imputed_linear,0.0,6.692125
2016-11-22,0,,0.0,6.24304166666667
2016-11-23,0,,0.0,6.26216666666667
2016-11-24,0,,0.0,5.36620833333333
2016-11-25,0,,0.0,7.201583333333335
2016-11-26,0,,0.0,8.395791666666664
2016-11-27,0,,0.0,12.67125
2016-11-28,0,,25.75,8.51041666666667
2016-11-29,0,,37.25,3.365
2016-11-30,0,,30.25,-0.08925
2016-12-01,0,,9.5,-1.19566666666667
2016-12-02,0,,13.25,2.57975
2016-12-03,0,,0.0,1.76654166666667
2016-12-04,0,,0.0,1.25425
2016-12-05,0,,0.0,0.610666666666667
2016-12-06,0,,0.0,3.464375
2016-12-07,0,,13.5,0.444791666666667
2016-12-08,0,,0.0,-0.009375
2016-12-09,0,,0.0,6.82045833333333
2016-12-10,0,,0.0,5.98483333333333
2016-12-11,0,,0.0,9.59570833333333
2016-12-12,0,,8.25,5.81941666666667
2016-12-13,0,,31.75,-1.46570833333333
2016-12-14,0,,0.5,-3.80633333333333
2016-12-15,0,,0.25,-0.825166666666667
2016-12-16,0,,0.0,-1.31816666666667
2016-12-17,0,,3.5,-2.34533333333333
2016-12-18,0,,0.25,-4.17866666666667
2016-12-19,0,,0.0,-3.88241666666667
2016-12-20,0,,1.75,-0.2158749999999999
2016-12-21,0,,0.0,-0.591833333333333
2016-12-22,0,,0.5,-0.233458333333333
2016-12-23,0,,18.5,1.70295833333333
2016-12-24,0,,38.25,1.78375
2016-12-25,0,,11.25,0.695625
2016-12-26,0,,1.0,0.313916666666667
2016-12-27,0,,1.75,1.09458333333333
2016-12-28,0,,23.0,-0.026625
2016-12-29,0,,2.25,-1.04
2016-12-30,0,,0.0,-1.2
2016-12-31,0,,0.0,-1.8
2017-01-01,0,,2.25,-2.0026666666666664
2017-01-02,0,,0.5,-3.64270833333333
2017-01-03,0,,1.25,0.9295
2017-01-04,0,,20.75,3.37191666666667
2017-01-05,0,,6.25,6.00233333333333
2017-01-06,0,,20.25,2.42416666666667
2017-01-07,0,,11.75,-6.69141666666667
2017-01-08,0,,1.0,-5.34541666666667
2017-01-09,0,,3.25,-5.18
2017-01-10,0,,0.0,-5.0
2017-01-11,0,,0.0,4.78536363636364
2017-01-12,0,,6.5,-0.3707083333333334
2017-01-13,0,,0.25,2.28916666666667
2017-01-14,0,,0.0,5.18983333333333
2017-01-15,0,,7.5,2.21320833333333
2017-01-16,0,,11.25,4.695695652173913
2017-01-17,0,,1.5,5.4885
2017-01-18,0,,6.75,3.69873913043478
2017-01-19,0,,15.0,1.98729166666667
2017-01-20,0,,9.0,-0.34585
2017-01-21,0,,0.0,-1.0
2017-01-22,0,,0.0,-1.1288
2017-01-23,0,,0.0,-0.5806956521739132
2017-01-24,0,,0.0,1.98875
2017-01-25,0,,18.0,-0.647916666666667
2017-01-26,0,,0.25,-3.7051739130434767
2017-01-27,0,,0.0,-4.0
2017-01-28,0,,0.0,-3.5
2017-01-29,0,,0.0,-3.2
2017-01-30,0,,17.0,-3.64491666666667
2017-01-31,0,,0.0,-6.152250000000002
2017-02-01,0,,0.0,-0.770375
2017-02-02,0,,0.0,2.81858333333333
2017-02-03,0,,0.0,7.31266666666667
2017-02-04,0,,0.0,8.42804166666667
2017-02-05,0,,5.75,7.686
2017-02-06,2,inflow_m3_statistical_outlier,0.75,9.710000000000004
2017-02-07,2,inflow_m3_statistical_outlier,0.0,8.805166666666667
2017-02-08,0,,0.0,5.775125
2017-02-09,0,,6.25,2.2153333333333336
2017-02-10,0,,2.75,-0.2115
2017-02-11,0,,0.0,-2.07416666666667
2017-02-12,0,,0.5,-2.277625
2017-02-13,0,,0.5,-2.564625
2017-02-14,0,,0.5,-4.07425
2017-02-15,0,,4.5,-2.0817500000000004
2017-02-16,0,,6.25,-2.81379166666667
2017-02-17,0,,0.25,2.00991666666667
2017-02-18,0,,0.0,6.41375
2017-02-19,0,,0.0,8.476625
2017-02-20,0,,3.75,4.279375000000001
2017-02-21,0,,0.25,6.67620833333333
2017-02-22,0,,0.0,7.14491666666667
2017-02-23,0,,0.0,10.826125
2017-02-24,0,,0.0,11.3375
2017-02-25,0,,0.0,8.82216666666667
2017-02-26,0,,0.0,6.06533333333333
2017-02-27,0,,0.0,9.655375
2017-02-28,0,,0.0,11.6920833333333
2017-03-01,0,,0.0,12.495
2017-03-02,0,,0.0,6.800666666666667
2017-03-03,0,,0.0,6.192708333333335
2017-03-04,0,,0.0,8.480416666666665
2017-03-05,0,,0.0,11.80425
2017-03-06,0,,0.0,12.089166666666666
2017-03-07,0,,0.0,11.8804166666667
2017-03-08,0,,0.0,12.6833333333333
2017-03-09,0,,0.0,10.221416666666668
2017-03-10,0,,0.0,8.36083333333333
2017-03-11,0,,0.25,4.95979166666667
2017-03-12,0,,8.25,3.953875
2017-03-13,0,,4.5,2.96408333333333
2017-03-14,0,,27.25,1.3280416666666666
2017-03-15,0,,0.0,2.505
2017-03-16,0,,0.0,2.38575
2017-03-17,0,,14.75,0.4807916666666668
2017-03-18,0,,3.75,6.846374999999999
2017-03-19,0,,0.0,7.800583333333333
2017-03-20,0,,0.0,9.773666666666664
2017-03-21,0,,0.0,11.232
2017-03-22,0,,0.0,8.865583333333332
2017-03-23,0,,0.0,9.84945833333333
2017-03-24,0,,0.0,12.40625
2017-03-25,0,,0.0,12.005
2017-03-26,0,,0.0,9.89558333333333
2017-03-27,0,,0.0,1.95675
2017-03-28,0,,0.0,7.631041666666666
2017-03-29,0,,0.0,12.64875
2017-03-30,0,,0.0,10.532541666666669
2017-03-31,0,,0.0,4.09966666666667
2017-04-01,0,,0.0,2.69654166666667
2017-04-02,0,,0.0,8.65475
2017-04-03,0,,0.0,14.795
2017-04-04,0,,0.0,16.0341666666667
2017-04-05,0,,0.0,12.82375
2017-04-06,0,,0.0,11.0083333333333
2017-04-07,0,,0.25,6.275666666666667
2017-04-08,0,,1.0,5.105458333333333
2017-04-09,0,,0.25,4.711041666666668
2017-04-10,0,,0.0,6.7015
2017-04-11,0,,0.0,11.960416666666667
2017-04-12,0,,0.0,11.153875
2017-04-13,0,,0.0,10.9092083333333
2017-04-14,0,,0.0,13.9375
2017-04-15,0,,0.0,15.393333333333336
2017-04-16,0,,0.0,14.85
2017-04-17,0,,0.0,13.368333333333334
2017-04-18,0,,7.0,3.99541666666667
2017-04-19,0,,1.25,13.08
2017-04-20,0,,1.0,11.4755416666667
2017-04-21,0,,0.25,3.75225
2017-04-22,0,,22.5,3.734666666666666
2017-04-23,0,,16.5,5.164499999999999
2017-04-24,0,,0.75,5.112875
2017-04-25,0,,0.0,11.0345416666667
2017-04-26,0,,0.0,14.817500000000004
2017-04-27,0,,0.0,16.99375
2017-04-28,0,,0.0,18.2225
2017-04-29,0,,0.0,20.0641666666667
2017-04-30,0,,0.0,17.71625
2017-05-01,0,,0.0,12.9316666666667
2017-05-02,0,,0.0,15.4133333333333
2017-05-03,0,,0.0,15.773333333333332
2017-05-04,0,,0.0,18.055
2017-05-05,0,,0.0,19.68
2017-05-06,0,,18.0,11.96
2017-05-07,0,,2.0,14.5720833333333
2017-05-08,0,,0.5,16.309583333333325
2017-05-09,0,,8.25,16.72125
2017-05-10,0,,12.0,10.286541666666665
2017-05-11,0,,0.0,13.893333333333336
2017-05-12,0,,0.0,20.7170833333333
2017-05-13,0,,0.0,21.0
2017-05-14,0,,0.0,20.85854166666665
2017-05-15,0,,0.0,11.237083333333336
2017-05-16,0,temp_kazandere_c_imputed_linear,0.0,11.68020833333332
2017-05-17,0,,0.5,12.1233333333333
2017-05-18,0,,1.0,11.262083333333337
2017-05-19,0,,0.25,9.126916666666666
2017-05-20,0,,0.0,13.413750000000002
2017-05-21,0,,7.25,9.14475
2017-05-22,0,,3.75,12.416666666666666
2017-05-23,0,,0.0,11.384958333333332
2017-05-24,0,,0.0,14.3208333333333
2017-05-25,0,,0.0,17.47666666666667
2017-05-26,0,,2.0,14.9204166666667
2017-05-27,0,,1.75,13.29375
2017-05-28,0,,0.0,12.84875
2017-05-29,0,,1.5,13.9825
2017-05-30,0,,5.5,12.72
2017-05-31,0,,3.0,17.170416666666668
2017-06-01,0,,0.0,19.3354166666667
2017-06-02,0,,0.25,20.27833333333333
2017-06-03,0,,0.25,21.039166666666663
2017-06-04,0,,0.5,18.77583333333333
2017-06-05,0,,0.75,17.269583333333333
2017-06-06,0,,0.0,18.016250000000003
2017-06-07,0,,0.0,21.93083333333333
2017-06-08,0,,7.75,20.175
2017-06-09,0,,25.0,13.9945833333333
2017-06-10,0,,4.75,14.4625
2017-06-11,0,,0.0,15.4920833333333
2017-06-12,0,,0.0,16.31
2017-06-13,0,,0.0,17.35083333333333
2017-06-14,0,,0.0,19.61375
2017-06-15,0,,3.75,17.3704166666667
2017-06-16,0,,0.0,17.60375
2017-06-17,0,,0.25,18.5329166666667
2017-06-18,0,,18.75,14.12875
2017-06-19,0,,9.25,13.60125
2017-06-20,0,,20.0,16.00041666666667
2017-06-21,0,,0.0,19.5495833333333
2017-06-22,0,,0.0,20.844166666666663
2017-06-23,0,,0.0,22.8583333333333
2017-06-24,0,,0.0,22.5054166666667
2017-06-25,0,,0.0,20.8079166666667
2017-06-26,0,,0.0,21.51375
2017-06-27,0,,0.0,21.8875
2017-06-28,0,,0.0,23.95
2017-06-29,0,,0.0,26.7433333333333
2017-06-30,0,,0.0,26.84875
2017-07-01,0,,0.0,26.8708333333333
2017-07-02,0,,0.0,26.2008333333333
2017-07-03,0,,6.0,25.055
2017-07-04,0,,37.75,16.604166666666664
2017-07-05,0,,0.0,16.58583333333333
2017-07-06,0,,0.0,16.9633333333333
2017-07-07,0,,0.0,18.7383333333333
2017-07-08,0,,0.0,18.6570833333333
2017-07-09,0,,0.0,22.4675
2017-07-10,0,,0.0,20.54208333333333
2017-07-11,0,,0.0,19.8666666666667
2017-07-12,0,,0.0,21.667500000000004
2017-07-13,0,,0.0,23.6466666666667
2017-07-14,0,,1.0,20.715
2017-07-15,0,,0.0,18.3329166666667
2017-07-16,0,,2.25,20.4875
2017-07-17,0,,2.5,18.89333333333333
2017-07-18,0,,8.0,18.6108333333333
2017-07-19,0,,19.75,18.19833333333333
2017-07-20,0,,0.0,18.5370833333333
2017-07-21,0,,0.0,19.0375
2017-07-22,0,,0.0,20.26625
2017-07-23,0,,0.0,21.8391666666667
2017-07-24,0,,0.0,22.9720833333333
2017-07-25,0,,0.0,26.0329166666667
2017-07-26,0,,0.0,26.15375
2017-07-27,0,,24.0,22.59375
2017-07-28,0,,2.0,17.983749999999997
2017-07-29,0,,0.0,20.925
2017-07-30,0,,0.0,20.670416666666664
2017-07-31,0,,0.0,19.89166666666667
2017-08-01,0,,0.0,19.98416666666667
2017-08-02,0,,0.5,20.948750000000008
2017-08-03,0,,0.0,21.27875
2017-08-04,0,,1.5,21.274583333333336
2017-08-05,0,,0.0,22.552916666666672
2017-08-06,0,,0.0,23.187083333333334
2017-08-07,0,,0.0,24.234583333333337
2017-08-08,0,,0.25,23.448749999999997
2017-08-09,0,,0.5,22.19375
2017-08-10,0,,0.0,21.37333333333333
2017-08-11,0,,0.0,21.336249999999996
2017-08-12,0,,0.0,22.272916666666664
2017-08-13,0,,0.0,22.78708333333334
2017-08-14,0,,0.0,19.24375
2017-08-15,0,,8.0,18.898333333333333
2017-08-16,0,,25.75,20.429166666666664
2017-08-17,0,,0.0,19.861666666666668
2017-08-18,0,,0.0,21.4375
2017-08-19,0,,0.0,20.6670833333333
2017-08-20,0,,3.25,21.20375
2017-08-21,0,,14.25,19.75708333333333
2017-08-22,0,,55.25,16.9970833333333
2017-08-23,0,,0.0,16.927083333333332
2017-08-24,0,,0.0,18.1575
2017-08-25,0,,0.0,18.450000000000003
2017-08-26,0,,0.0,18.835416666666667
2017-08-27,0,,1.25,19.90791666666667
2017-08-28,0,,0.0,19.307083333333328
2017-08-29,0,,1.25,18.382916666666677
2017-08-30,0,,0.5,14.672916666666667
2017-08-31,0,,0.0,16.035833333333333
2017-09-01,0,,0.0,17.21291666666667
2017-09-02,0,,0.0,19.91541666666667
2017-09-03,0,,0.0,23.68208333333333
2017-09-04,0,,0.25,20.688333333333336
2017-09-05,0,,2.5,16.29125
2017-09-06,0,,7.0,13.558333333333332
2017-09-07,0,,0.0,18.4616666666667
2017-09-08,0,,0.0,20.294583333333325
2017-09-09,0,,0.0,22.31375
2017-09-10,0,,0.0,23.825833333333332
2017-09-11,0,,0.0,24.71541666666667
2017-09-12,0,,0.0,23.003750000000007
2017-09-13,0,,0.0,21.28833333333333
2017-09-14,0,,0.0,19.3775
2017-09-15,0,,0.0,20.095
2017-09-16,0,,0.0,20.74708333333333
2017-09-17,0,,0.0,21.94416666666667
2017-09-18,0,,0.0,22.162083333333328
2017-09-19,0,,0.0,23.53625
2017-09-20,0,,0.0,25.25500000000001
2017-09-21,0,,1.75,18.95458333333333
2017-09-22,0,,1.75,14.126250000000004
2017-09-23,0,,0.0,13.083333333333336
2017-09-24,0,,0.0,14.554583333333332
2017-09-25,0,,0.75,17.49125
2017-09-26,0,,0.25,16.5233333333333
2017-09-27,0,,2.0,16.4516666666667
2017-09-28,0,,4.0,11.6683333333333
2017-09-29,0,,0.75,11.0958333333333
2017-09-30,0,,7.5,12.9829166666667
2017-10-01,0,,57.75,11.1125
2017-10-02,0,,2.5,10.105833333333337
2017-10-03,0,,0.0,9.739541666666666
2017-10-04,0,,0.0,11.072083333333332
2017-10-05,0,,0.0,12.900833333333331
2017-10-06,0,,0.0,16.465
2017-10-07,0,,0.5,17.40875
2017-10-08,0,,5.75,9.05283333333333
2017-10-09,0,,0.0,9.562083333333332
2017-10-10,0,,0.0,10.4670833333333
2017-10-11,0,,0.0,10.425875
2017-10-12,0,,0.0,10.4554166666667
2017-10-13,0,,6.75,12.349583333333335
2017-10-14,0,,13.5,9.722874999999998
2017-10-15,0,,1.0,11.67458333333333
2017-10-16,0,,0.0,12.4745833333333
2017-10-17,0,,0.0,13.455416666666672
2017-10-18,0,,0.0,15.70375
2017-10-19,0,,0.0,16.4054166666667
2017-10-20,0,,0.25,15.5147368421053
2017-10-21,0,,0.0,15.0429166666667
2017-10-22,0,,0.0,13.9120833333333
2017-10-23,0,,0.0,16.31791666666667
2017-10-24,0,,2.5,14.0029166666667
2017-10-25,0,,28.0,12.4479166666667
2017-10-26,0,,8.0,9.56245833333333
2017-10-27,0,,0.5,11.2995833333333
2017-10-28,0,,15.0,11.2410416666667
2017-10-29,0,,11.5,8.30095833333334
2017-10-30,0,,2.5,6.117541666666665
2017-10-31,0,,0.0,3.74325
2017-11-01,0,,0.0,3.77954166666667
2017-11-02,0,,0.0,5.75120833333333
2017-11-03,0,,1.75,9.27425
2017-11-04,0,,1.5,8.65683333333333
2017-11-05,0,,8.5,8.54479166666667
2017-11-06,0,,0.25,7.75816666666667
2017-11-07,0,,0.0,9.167375000000002
2017-11-08,0,,0.0,12.18125
2017-11-09,0,,0.0,11.1233333333333
2017-11-10,0,,0.0,8.69029166666667
2017-11-11,0,,0.0,10.7431666666667
2017-11-12,0,,0.0,15.1516666666667
2017-11-13,0,,0.0,15.337916666666665
2017-11-14,0,,0.0,13.592083333333331
2017-11-15,0,,0.0,11.28875
2017-11-16,0,,0.0,9.66208333333333
2017-11-17,0,,0.0,10.8083333333333
2017-11-18,0,,0.0,12.60875
2017-11-19,0,,0.0,11.74875
2017-11-20,0,,26.9,5.732125
2017-11-21,0,,1.6,1.78133333333333
2017-11-22,0,,6.0,5.04441666666667
2017-11-23,0,,1.75,7.38195833333333
2017-11-24,0,,0.25,8.318458333333334
2017-11-25,0,,0.0,8.511458333333335
2017-11-26,0,,0.0,10.518583333333332
2017-11-27,0,,9.5,11.220833333333331
2017-11-28,0,,26.25,6.478625
2017-11-29,0,,0.25,5.982875
2017-11-30,0,,0.0,10.8183333333333
2017-12-01,0,,0.0,13.545833333333334
2017-12-02,0,,0.0,15.585416666666667
2017-12-03,0,,0.0,16.495416666666667
2017-12-04,0,,30.75,9.153833333333331
2017-12-05,0,,8.25,0.575041666666667
2017-12-06,0,,23.0,0.5829583333333332
2017-12-07,0,,0.0,3.5078750000000003
2017-12-08,0,,0.0,7.421291666666666
2017-12-09,0,,0.0,8.3895
2017-12-10,0,,0.0,5.906833333333332
2017-12-11,0,,0.0,9.46
2017-12-12,0,,0.0,10.7883333333333
2017-12-13,0,,0.0,10.915
2017-12-14,0,,0.0,11.129583333333336
2017-12-15,0,,0.0,11.0904166666667
2017-12-16,0,,0.0,12.6154166666667
2017-12-17,0,,0.0,11.437
2017-12-18,0,,5.75,4.49979166666667
2017-12-19,0,,12.75,3.73704166666667
2017-12-20,0,,1.75,0.7062083333333332
2017-12-21,0,,8.5,1.5475
2017-12-22,0,,25.0,1.1937083333333331
2017-12-23,0,,8.5,0.1342916666666666
2017-12-24,0,,3.25,0.1077916666666667
2017-12-25,0,,24.0,5.492625
2017-12-26,0,,0.0,6.759
2017-12-27,0,,0.0,8.273833333333334
2017-12-28,0,,0.0,8.468916666666667
2017-12-29,0,,0.0,8.7505
2017-12-30,0,,0.0,6.706875
2017-12-31,0,,0.0,2.9170833333333337
2018-01-01,0,,0.0,6.616124999999999
2018-01-02,0,,0.0,9.523875
2018-01-03,0,,5.5,6.625249999999999
2018-01-04,0,,0.5,5.89333333333333
2018-01-05,0,,1.5,4.128041666666667
2018-01-06,0,,0.0,7.198125
2018-01-07,0,,0.0,9.323
2018-01-08,0,,0.0,9.094875
2018-01-09,0,,0.0,7.110624999999999
2018-01-10,0,,0.0,8.033000000000001
2018-01-11,0,,0.0,9.209791666666666
2018-01-12,0,,10.25,6.33425
2018-01-13,0,,18.5,3.052208333333333
2018-01-14,0,,22.25,0.0294166666666667
2018-01-15,0,,12.5,0.233916666666667
2018-01-16,0,,2.0,4.927125
2018-01-17,0,,18.0,7.089208333333333
2018-01-18,0,,11.75,-0.2406249999999999
2018-01-19,0,,0.0,-0.1
2018-01-20,0,,0.0,7.247291666666669
2018-01-21,0,,2.25,8.654791666666668
2018-01-22,0,,30.25,4.2755
2018-01-23,0,,10.5,0.061
2018-01-24,0,,0.0,-0.5
2018-01-25,0,,0.0,-0.8
2018-01-26,0,,0.0,-1.0
2018-01-27,0,,6.5,-1.18458333333333
2018-01-28,0,,3.5,0.342541666666667
2018-01-29,0,,20.5,4.394166666666667
2018-01-30,0,,0.5,7.641166666666669
2018-01-31,0,,0.0,6.56470833333333
2018-02-01,0,,0.0,9.086875
2018-02-02,0,,0.0,9.60875
2018-02-03,0,,0.0,12.3995833333333
2018-02-04,0,,17.25,8.50183333333334
2018-02-05,0,,0.0,3.10625
2018-02-06,0,,0.0,4.23204166666667
2018-02-07,0,,0.5,12.837166666666668
2018-02-08,0,,5.5,10.777956521739132
2018-02-09,0,,0.0,8.975625
2018-02-10,0,,2.5,8.951583333333332
2018-02-11,0,,6.0,7.15575
2018-02-12,0,,1.5,1.882625
2018-02-13,0,,0.25,3.740041666666667
2018-02-14,0,,0.5,6.655541666666668
2018-02-15,0,,0.0,6.206874999999999
2018-02-16,0,,2.0,4.33941666666667
2018-02-17,0,,4.25,2.73204166666667
2018-02-18,0,,0.5,3.74841666666667
2018-02-19,0,,0.0,2.9527083333333333
2018-02-20,0,,0.0,3.5822500000000006
2018-02-21,0,,0.5,5.771000000000001
2018-02-22,0,,0.5,8.97483333333333
2018-02-23,0,,3.25,3.856041666666668
2018-02-24,0,,25.0,2.8495416666666658
2018-02-25,0,,7.5,0.8845000000000001
2018-02-26,0,,13.0,3.4622083333333333
2018-02-27,0,,2.75,4.405416666666667
2018-02-28,0,,32.75,0.382125
2018-03-01,0,,0.25,-1.59233333333333
2018-03-02,0,,7.0,10.322958333333336
2018-03-03,0,,12.5,11.355083333333337
2018-03-04,0,,6.5,7.1215
2018-03-05,0,,4.75,8.47866666666667
2018-03-06,0,,3.75,12.856666666666667
2018-03-07,0,,0.0,14.86375
2018-03-08,0,,8.75,8.499125
2018-03-09,0,,0.75,6.904791666666667
2018-03-10,0,,0.0,10.465458333333332
2018-03-11,0,,0.0,12.4125
2018-03-12,0,,0.0,15.1675
2018-03-13,0,,7.25,11.3616666666667
2018-03-14,0,,0.5,9.930458333333336
2018-03-15,0,,3.75,7.352458333333334
2018-03-16,0,,0.5,11.9273333333333
2018-03-17,0,,0.0,18.38375
2018-03-18,0,,0.0,15.5358333333333
2018-03-19,0,,0.0,11.7145833333333
2018-03-20,0,,0.0,10.546375
2018-03-21,0,,0.0,12.3536666666667
2018-03-22,0,,0.0,6.583833333333332
2018-03-23,0,,0.0,9.71329166666667
2018-03-24,0,,0.0,4.81995833333333
2018-03-25,0,,0.25,7.88754166666667
2018-03-26,0,,0.0,13.289999999999996
2018-03-27,0,,2.5,11.2525
2018-03-28,0,,13.25,7.487791666666666
2018-03-29,0,,29.0,3.92741666666667
2018-03-30,0,,0.75,9.832083333333337
2018-03-31,0,,0.0,16.98
2018-04-01,0,,0.0,15.411708333333335
2018-04-02,0,,2.75,8.466583333333334
2018-04-03,0,,0.0,9.6935
2018-04-04,0,,0.0,15.2783333333333
2018-04-05,0,,0.0,19.02625
2018-04-06,0,,0.0,16.6357083333333
2018-04-07,0,,0.0,9.71470833333333
2018-04-08,0,,0.0,9.24745833333333
2018-04-09,0,,0.0,14.2654166666667
2018-04-10,0,,0.0,16.9620833333333
2018-04-11,0,,0.0,17.7654166666667
2018-04-12,0,,0.0,17.323333333333334
2018-04-13,0,,0.0,16.8520833333333
2018-04-14,0,,0.0,14.6704166666667
2018-04-15,0,,0.0,14.0545833333333
2018-04-16,0,,0.0,18.145
2018-04-17,0,,0.0,15.893333333333333
2018-04-18,0,,0.0,13.03075
2018-04-19,0,,0.25,12.846666666666666
2018-04-20,0,,14.25,7.32783333333334
2018-04-21,0,,0.0,9.69329166666667
2018-04-22,0,,0.0,15.6895833333333
2018-04-23,0,,0.0,18.2641666666667
2018-04-24,0,,0.0,19.52333333333333
2018-04-25,0,,0.0,19.5579166666667
2018-04-26,0,,0.0,19.76166666666666
2018-04-27,0,,0.0,18.1941666666667
2018-04-28,0,,0.0,16.39625
2018-04-29,0,,0.0,18.34125
2018-04-30,0,,0.0,18.70583333333333
2018-05-01,0,,0.0,17.415416666666665
2018-05-02,0,,0.0,18.545
2018-05-03,0,,0.0,20.225416666666664
2018-05-04,0,,0.0,19.2775
2018-05-05,0,,2.5,17.155833333333337
2018-05-06,0,,14.25,13.60875
2018-05-07,0,,57.75,13.146666666666668
2018-05-08,0,,5.5,13.481249999999998
2018-05-09,0,,13.5,14.028333333333334
2018-05-10,0,,5.5,14.6495833333333
2018-05-11,0,,32.0,12.859166666666669
2018-05-12,0,,1.25,9.500499999999995
2018-05-13,0,,0.0,12.100833333333334
2018-05-14,0,,0.0,16.965833333333332
2018-05-15,0,,0.0,20.872916666666665
2018-05-16,0,,0.0,22.888333333333332
2018-05-17,0,,0.0,21.877916666666668
2018-05-18,0,,0.0,21.11583333333333
2018-05-19,0,,4.5,19.59
2018-05-20,0,,0.0,15.650833333333331
2018-05-21,0,,0.25,15.081666666666669
2018-05-22,0,,1.75,15.4904166666667
2018-05-23,0,,0.0,15.8154166666667
2018-05-24,0,,31.25,17.8408333333333
2018-05-25,0,,2.5,16.610833333333336
2018-05-26,0,,41.25,16.217916666666667
2018-05-27,0,,5.25,16.093750000000004
2018-05-28,0,,5.0,14.960416666666662
2018-05-29,0,,4.5,14.9429166666667
2018-05-30,0,,0.25,15.384166666666667
2018-05-31,0,,0.0,15.29125
2018-06-01,0,,0.0,17.5783333333333
2018-06-02,0,,0.0,16.2220833333333
2018-06-03,0,,0.0,16.7116666666667
2018-06-04,0,,0.0,20.4533333333333
2018-06-05,0,,0.5,20.437083333333337
2018-06-06,0,,11.25,21.3420833333333
2018-06-07,0,,0.0,21.3820833333333
2018-06-08,0,,0.0,20.2854166666667
2018-06-09,0,,0.0,23.38375
2018-06-10,0,,0.0,20.07
2018-06-11,0,,0.0,17.7116666666667
2018-06-12,0,,0.0,18.198750000000008
2018-06-13,0,,0.0,20.855833333333333
2018-06-14,0,,0.0,22.9775
2018-06-15,0,,0.0,23.2495833333333
2018-06-16,0,,0.5,20.45625
2018-06-17,0,,0.75,17.8058333333333
2018-06-18,0,,0.0,19.2895833333333
2018-06-19,0,,30.0,19.5983333333333
2018-06-20,0,,0.0,19.96
2018-06-21,0,,0.0,20.0125
2018-06-22,0,,3.75,19.6429166666667
2018-06-23,0,,22.5,17.7691666666667
2018-06-24,0,,4.25,15.3358333333333
2018-06-25,0,,0.25,16.2058333333333
2018-06-26,0,,9.75,19.540000000000003
2018-06-27,0,,0.25,20.4966666666667
2018-06-28,0,,12.75,20.02958333333333
2018-06-29,0,,0.0,20.0475
2018-06-30,0,,0.0,20.5654166666667
2018-07-01,0,,0.25,19.9370833333333
2018-07-02,0,,0.0,21.2220833333333
2018-07-03,0,,0.0,23.49625
2018-07-04,0,,0.0,22.4075
2018-07-05,0,,0.0,21.505416666666665
2018-07-06,0,,0.0,20.9079166666667
2018-07-07,0,,0.0,20.955
2018-07-08,0,,0.0,20.5391666666667
2018-07-09,0,,0.0,21.2325
2018-07-10,0,,7.0,21.88000000000001
2018-07-11,0,,0.0,20.9883333333333
2018-07-12,0,,0.25,19.936250000000005
2018-07-13,0,,1.25,21.44625
2018-07-14,0,,2.0,20.3479166666667
2018-07-15,0,,0.75,19.5879166666667
2018-07-16,0,,0.0,20.942916666666665
2018-07-17,0,,4.5,22.90750000000001
2018-07-18,0,,0.25,19.58708333333333
2018-07-19,0,,1.5,20.337499999999995
2018-07-20,0,,2.0,19.8375
2018-07-21,0,,0.0,22.462499999999995
2018-07-22,0,,0.0,23.14458333333333
2018-07-23,0,,4.0,23.6970833333333
2018-07-24,0,,17.75,18.870416666666664
2018-07-25,0,,21.75,19.595416666666665
2018-07-26,0,,0.5,22.1725
2018-07-27,0,,4.0,20.36916666666667
2018-07-28,0,,0.0,21.1625
2018-07-29,0,,0.0,22.17375
2018-07-30,0,,0.0,22.721666666666668
2018-07-31,0,,0.75,22.1329166666667
2018-08-01,0,,4.0,22.0929166666667
2018-08-02,0,,1.25,22.59875
2018-08-03,0,,0.5,21.9320833333333
2018-08-04,0,,0.0,22.02
2018-08-05,0,,0.0,21.88375
2018-08-06,0,,0.0,22.2404166666667
2018-08-07,0,,0.0,21.7929166666667
2018-08-08,0,,6.5,21.9620833333333
2018-08-09,0,,0.0,21.5516666666667
2018-08-10,0,,0.0,20.66666666666666
2018-08-11,0,,0.0,18.99333333333333
2018-08-12,0,,0.0,19.080416666666665
2018-08-13,0,,0.0,19.3620833333333
2018-08-14,0,,0.0,20.834166666666665
2018-08-15,0,,0.0,21.32625
2018-08-16,0,,0.0,22.453333333333333
2018-08-17,0,,0.0,22.1270833333333
2018-08-18,0,,0.0,22.2066666666667
2018-08-19,0,,0.0,22.11625
2018-08-20,0,,0.0,20.62375
2018-08-21,0,,0.0,21.0004166666667
2018-08-22,0,,0.0,21.2395833333333
2018-08-23,0,,0.0,21.1991666666667
2018-08-24,0,,0.0,22.4758333333333
2018-08-25,0,,0.0,21.1754166666667
2018-08-26,0,,0.0,21.5060869565217
2018-08-27,0,,2.75,22.1720833333333
2018-08-28,0,,2.0,21.39833333333333
2018-08-29,0,,0.75,20.5675
2018-08-30,0,,0.0,21.5120833333333
2018-08-31,0,,0.0,21.68375
2018-09-01,0,,0.0,22.3829166666667
2018-09-02,0,,0.0,22.2525
2018-09-03,0,,0.0,21.8095833333333
2018-09-04,0,,0.0,21.7245833333333
2018-09-05,0,,13.25,20.975
2018-09-06,0,,10.5,17.0941666666667
2018-09-07,0,,0.0,19.61875
2018-09-08,0,,0.0,18.7391666666667
2018-09-09,0,,0.0,17.6791666666667
2018-09-10,0,,7.75,15.29125
2018-09-11,0,,1.5,16.0279166666667
2018-09-12,0,,0.0,17.638749999999998
2018-09-13,0,,0.25,17.784583333333327
2018-09-14,0,,13.75,16.62875
2018-09-15,0,,0.0,17.938749999999995
2018-09-16,0,,1.25,18.8275
2018-09-17,0,,0.0,17.0029166666667
2018-09-18,0,,0.0,16.689166666666665
2018-09-19,0,,0.0,16.887083333333333
2018-09-20,0,,0.0,17.697083333333335
2018-09-21,0,,0.0,17.4595833333333
2018-09-22,0,,0.0,18.2945833333333
2018-09-23,0,,0.0,19.3533333333333
2018-09-24,0,,10.25,21.1004166666667
2018-09-25,0,,34.75,10.535833333333334
2018-09-26,0,,5.0,9.14625
2018-09-27,0,,0.5,12.8141666666667
2018-09-28,0,,0.0,15.2695833333333
2018-09-29,0,,0.0,18.0058333333333
2018-09-30,0,,8.0,16.12875
2018-10-01,0,,0.5,16.86375
2018-10-02,0,,0.25,16.5545833333333
2018-10-03,0,,1.0,17.2395833333333
2018-10-04,0,,0.0,12.7625
2018-10-05,0,,0.0,11.740833333333336
2018-10-06,0,,0.0,12.813750000000004
2018-10-07,0,,0.0,13.933749999999998
2018-10-08,0,,0.0,14.333333333333334
2018-10-09,0,,0.0,13.177916666666668
2018-10-10,0,,0.0,13.400833333333331
2018-10-11,0,,3.5,13.6370833333333
2018-10-12,0,,6.5,15.2908333333333
2018-10-13,0,,29.0,14.7720833333333
2018-10-14,0,,4.75,15.59
2018-10-15,0,,0.5,15.1525
2018-10-16,0,,0.5,14.3708333333333
2018-10-17,0,,4.5,15.5858333333333
2018-10-18,0,,0.25,15.46083333333334
2018-10-19,0,,1.0,15.4995833333333
2018-10-20,0,,5.0,13.4304166666667
2018-10-21,0,,0.25,11.9858333333333
2018-10-22,0,,0.0,12.85
2018-10-23,0,,0.0,13.5558333333333
2018-10-24,0,,25.75,12.53375
2018-10-25,0,,12.25,4.393
2018-10-26,0,,0.5,9.352833333333336
2018-10-27,0,,0.0,12.746249999999998
2018-10-28,0,,0.0,14.472916666666665
2018-10-29,0,,0.0,16.1125
2018-10-30,0,,0.0,18.08791666666667
2018-10-31,0,temp_aytepe_c_sudden_jump,3.25,18.50333333333333
2018-11-01,0,,0.0,14.83875
2018-11-02,0,,0.0,11.911666666666669
2018-11-03,0,,0.75,11.657083333333334
2018-11-04,0,,0.75,11.969166666666666
2018-11-05,0,,0.75,11.817083333333334
2018-11-06,0,,0.5,11.43625
2018-11-07,0,,0.0,10.9358333333333
2018-11-08,0,,0.5,10.595416666666669
2018-11-09,0,,0.75,11.376666666666663
2018-11-10,0,,0.75,10.731250000000005
2018-11-11,0,,0.5,10.67
2018-11-12,0,,0.5,9.317125
2018-11-13,0,,3.75,7.792208333333332
2018-11-14,0,,0.25,5.45475
2018-11-15,0,,16.0,5.18883333333333
2018-11-16,0,,12.25,4.6037083333333335
2018-11-17,0,,0.75,6.145374999999999
2018-11-18,0,,2.75,9.983916666666666
2018-11-19,0,,4.75,13.2733333333333
2018-11-20,0,,0.75,13.4879166666667
2018-11-21,0,,0.0,13.5570833333333
2018-11-22,0,,18.25,7.77566666666667
2018-11-23,0,,6.5,5.174625
2018-11-24,0,,0.25,4.99470833333333
2018-11-25,0,,0.0,7.48066666666667
2018-11-26,0,,4.5,11.9675
2018-11-27,0,,0.5,14.8870833333333
2018-11-28,0,,24.5,9.1435
2018-11-29,2,inflow_m3_statistical_outlier,56.5,4.51095833333333
2018-11-30,2,inflow_m3_statistical_outlier,31.25,2.121458333333333
2018-12-01,0,,1.25,2.444291666666667
2018-12-02,0,,0.0,5.752208333333332
2018-12-03,0,,0.0,7.75375
2018-12-04,0,,0.5,8.046000000000001
2018-12-05,0,,38.5,6.567125000000002
2018-12-06,2,inflow_m3_statistical_outlier,45.5,1.8211666666666668
2018-12-07,0,,2.25,-0.1177083333333333
2018-12-08,0,,0.25,5.150166666666667
2018-12-09,0,,3.25,7.671083333333333
2018-12-10,0,,24.0,7.13816666666667
2018-12-11,0,,3.0,2.36225
2018-12-12,0,,5.25,0.702083333333333
2018-12-13,0,,0.5,2.0342916666666664
2018-12-14,0,,0.0,2.0
2018-12-15,0,,0.0,5.0
2018-12-16,0,,0.0,6.0
2018-12-17,0,,0.0,8.63133333333333
2018-12-18,0,,50.0,7.07016666666667
2018-12-19,2,inflow_m3_statistical_outlier,18.5,0.991529411764706
2018-12-20,0,,0.75,1.5060000000000002
2018-12-21,0,,0.0,3.16064705882353
2018-12-22,0,,0.0,6.69554166666666
2018-12-23,0,,5.5,6.29304166666666
2018-12-24,0,,19.25,8.349583333333333
2018-12-25,0,,28.25,0.020916666666667
2018-12-26,0,,0.0,-1.66829166666667
2018-12-27,0,,0.0,-0.025666666666667
2018-12-28,0,,0.0,-0.0310833333333333
2018-12-29,0,,0.0,1.465833333333333
2018-12-30,0,,22.5,1.1392083333333327
2018-12-31,0,,1.0,0.755708333333333
2019-01-01,0,,0.0,1.31595833333333
2019-01-02,0,,4.25,2.03375
2019-01-03,0,,15.0,2.353333333333333
2019-01-04,0,,15.5,-0.0437083333333332
2019-01-05,0,,4.0,0.3749166666666666
2019-01-06,0,,7.75,-1.308
2019-01-07,0,,6.75,-2.345125
2019-01-08,0,,0.0,-4.03125
2019-01-09,0,,30.5,-1.063
2019-01-10,0,,0.0,6.13741666666667
2019-01-11,0,,0.0,4.3885
2019-01-12,0,,1.75,1.2777083333333332
2019-01-13,0,,4.0,0.4366249999999999
2019-01-14,0,,0.0,0.0
2019-01-15,0,,24.0,-0.532416666666667
2019-01-16,0,,0.0,-2.0
2019-01-17,0,,0.0,3.345428571428571
2019-01-18,0,,0.0,3.6
2019-01-19,0,,0.0,3.8
2019-01-20,0,,0.0,4.2
2019-01-21,0,,0.0,4.395166666666666
2019-01-22,0,,0.0,5.16629166666667
2019-01-23,0,,0.0,8.12033333333333
2019-01-24,0,,0.0,7.355125
2019-01-25,0,,0.0,8.312416666666666
2019-01-26,0,,0.0,7.769666666666666
2019-01-27,0,,0.0,4.789750000000001
2019-01-28,0,,0.0,7.765374999999998
2019-01-29,0,,0.0,9.640583333333334
2019-01-30,0,,0.0,9.1875
2019-01-31,0,,3.75,7.6985
2019-02-01,0,,4.5,6.341375
2019-02-02,0,,0.0,9.601
2019-02-03,0,,0.0,12.0291666666667
2019-02-04,0,,0.0,12.8958333333333
2019-02-05,0,,0.0,11.0739166666667
2019-02-06,0,,6.0,6.11366666666667
2019-02-07,0,,14.75,1.81545833333333
2019-02-08,0,,9.25,2.73958333333333
2019-02-09,0,,8.75,1.96954166666667
2019-02-10,0,,0.0,3.34920833333333
2019-02-11,0,,0.0,8.947125
2019-02-12,0,,10.5,8.0545
2019-02-13,0,,27.5,1.60441666666667
2019-02-14,0,,25.0,0.650625
2019-02-15,0,,0.0,0.930166666666667
2019-02-16,0,,0.0,0.736458333333334
2019-02-17,0,,0.0,3.26154166666667
2019-02-18,0,,0.0,7.174541666666667
2019-02-19,0,,0.0,8.803833333333332
2019-02-20,0,,0.0,9.436333333333332
2019-02-21,0,,0.0,6.055083333333332
2019-02-22,0,,0.0,5.907375000000002
2019-02-23,0,,13.75,-0.3979999999999999
2019-02-24,0,,0.0,0.2856666666666667
2019-02-25,0,,14.0,1.78258333333333
2019-02-26,0,,4.0,1.49175
2019-02-27,0,,28.75,0.148458333333333
2019-02-28,0,,9.75,2.283291666666667
2019-03-01,0,,0.25,8.35766666666667
2019-03-02,0,,0.5,5.292375
2019-03-03,0,,0.25,0.444458333333333
2019-03-04,0,,0.0,4.735375
2019-03-05,0,,0.0,10.4824166666667
2019-03-06,0,,0.0,7.94133333333333
2019-03-07,0,,0.0,10.3643333333333
2019-03-08,0,,0.0,13.320833333333338
2019-03-09,0,,0.0,13.170416666666666
2019-03-10,0,,0.0,13.049583333333336
2019-03-11,0,,0.0,14.6141666666667
2019-03-12,0,,15.25,8.588041666666667
2019-03-13,0,,5.25,3.13720833333333
2019-03-14,0,,2.0,4.31716666666667
2019-03-15,0,,2.0,2.7660416666666667
2019-03-16,0,,0.5,8.073250000000002
2019-03-17,0,,0.0,11.478708333333332
2019-03-18,0,,0.0,16.38125
2019-03-19,0,,0.0,14.3941666666667
2019-03-20,0,,0.0,7.461833333333332
2019-03-21,0,,0.0,5.311708333333332
2019-03-22,0,,0.0,5.659708333333334
2019-03-23,0,,0.0,5.090374999999999
2019-03-24,0,,0.0,3.0295
2019-03-25,0,,0.0,8.546875
2019-03-26,0,,0.0,9.500041666666666
2019-03-27,0,,0.0,5.25616666666667
2019-03-28,0,,0.0,3.84675
2019-03-29,0,,0.0,2.30320833333333
2019-03-30,0,,0.0,3.22375
2019-03-31,0,,0.0,4.61045833333333
2019-04-01,0,,0.0,6.466375
2019-04-02,0,,0.0,6.98270833333333
2019-04-03,0,,0.0,4.80991666666667
2019-04-04,0,,0.0,5.80170833333333
2019-04-05,0,,0.0,11.9308333333333
2019-04-06,0,,0.0,13.7316666666667
2019-04-07,0,,0.0,13.90625
2019-04-08,0,,0.0,14.0975
2019-04-09,0,,0.0,11.1870833333333
2019-04-10,0,,0.0,10.5504166666667
2019-04-11,0,,0.0,12.0066666666667
2019-04-12,0,,0.0,13.37916666666667
2019-04-13,0,,0.0,12.707916666666664
2019-04-14,0,,7.5,9.953708333333331
2019-04-15,0,,15.25,6.19208333333334
2019-04-16,0,,4.75,4.18575
2019-04-17,0,,0.25,7.335
2019-04-18,0,,20.25,5.93804166666667
2019-04-19,0,,1.75,3.5952083333333325
2019-04-20,0,,9.25,2.670375
2019-04-21,0,,1.25,4.682708333333333
2019-04-22,0,,1.0,7.490791666666666
2019-04-23,0,,0.25,12.26625
2019-04-24,0,,0.0,16.1291666666667
2019-04-25,0,,0.0,16.7058333333333
2019-04-26,0,,0.0,15.095833333333331
2019-04-27,0,,0.0,18.005416666666665
2019-04-28,0,,0.25,17.888333333333332
2019-04-29,0,,0.0,19.227916666666665
2019-04-30,0,,0.0,18.8725
2019-05-01,0,,1.25,16.15625
2019-05-02,0,,0.25,11.8870833333333
2019-05-03,0,,0.0,14.7191666666667
2019-05-04,0,,0.5,17.2175
2019-05-05,0,,5.25,17.1120833333333
2019-05-06,0,,0.0,17.711249999999996
2019-05-07,0,,11.25,10.5285
2019-05-08,0,,3.0,8.35741666666667
2019-05-09,0,,0.0,11.8095833333333
2019-05-10,0,,4.25,12.57875
2019-05-11,0,,2.5,12.430833333333334
2019-05-12,0,,0.0,16.00625
2019-05-13,0,,0.0,17.03375
2019-05-14,0,,0.75,21.28625
2019-05-15,0,,0.0,22.1066666666667
2019-05-16,0,,0.0,19.695
2019-05-17,0,,5.75,16.3033333333333
2019-05-18,0,,0.75,16.0291666666667
2019-05-19,0,,0.0,21.10375
2019-05-20,0,,1.25,22.8258333333333
2019-05-21,0,,0.0,21.5408333333333
2019-05-22,0,,0.25,20.3320833333333
2019-05-23,0,,1.5,18.0833333333333
2019-05-24,0,,0.5,15.345
2019-05-25,0,,2.75,15.855
2019-05-26,0,,0.0,18.8325
2019-05-27,0,,0.0,21.7708333333333
2019-05-28,0,,0.0,25.5995833333333
2019-05-29,0,,0.0,23.0108333333333
2019-05-30,0,,0.0,21.8904166666667
2019-05-31,0,,0.0,21.1991666666667
2019-06-01,0,,0.0,19.75125
2019-06-02,0,,8.0,18.7258333333333
2019-06-03,2,evaporation_m3_statistical_outlier,4.75,19.83875
2019-06-04,0,,0.0,18.90375
2019-06-05,0,,0.0,20.1420833333333
2019-06-06,2,evaporation_m3_statistical_outlier,0.0,21.0241666666667
2019-06-07,2,evaporation_m3_statistical_outlier,0.0,20.7225
2019-06-08,2,evaporation_m3_statistical_outlier,0.0,20.9920833333333
2019-06-09,2,evaporation_m3_statistical_outlier,0.0,19.8770833333333
2019-06-10,0,,4.5,18.6845833333333
2019-06-11,0,,0.25,19.0666666666667
2019-06-12,0,,11.5,18.2045833333333
2019-06-13,0,,0.0,21.1483333333333
2019-06-14,0,,2.5,20.1908333333333
2019-06-15,0,,0.0,20.0
2019-06-16,0,,0.0,19.0
2019-06-17,0,,0.0,19.5
2019-06-18,0,,0.0,19.0
2019-06-19,0,,9.75,18.0
2019-06-20,0,,1.5,18.1908333333333
2019-06-21,0,,6.75,19.04958333333333
2019-06-22,0,,0.0,22.571666666666665
2019-06-23,0,,0.0,23.154166666666665
2019-06-24,0,,0.0,22.660416666666663
2019-06-25,0,,0.0,22.8075
2019-06-26,0,,0.0,22.6125
2019-06-27,0,,0.0,21.3383333333333
2019-06-28,0,,1.0,22.12666666666666
2019-06-29,0,,0.0,17.694583333333334
2019-06-30,0,,0.0,17.46875
2019-07-01,0,,0.0,19.2179166666667
2019-07-02,0,,0.0,21.83
2019-07-03,0,,0.0,23.038333333333327
2019-07-04,0,,0.0,22.51
2019-07-05,0,,0.0,20.512083333333333
2019-07-06,0,,0.0,20.739166666666662
2019-07-07,2,evaporation_m3_statistical_outlier,0.0,22.282083333333333
2019-07-08,2,evaporation_m3_statistical_outlier,0.0,23.97125
2019-07-09,2,evaporation_m3_statistical_outlier,0.0,23.995
2019-07-10,0,,24.5,20.2779166666667
2019-07-11,0,,25.75,15.8016666666667
2019-07-12,0,,0.0,17.364583333333332
2019-07-13,0,,0.0,18.550833333333333
2019-07-14,0,,8.75,16.685416666666665
2019-07-15,0,,0.0,16.724166666666665
2019-07-16,0,,0.0,19.475416666666664
2019-07-17,0,,39.25,17.603749999999998
2019-07-18,0,,2.0,17.839583333333334
2019-07-19,0,,0.0,20.046666666666667
2019-07-20,0,,0.0,20.872916666666665
2019-07-21,0,,0.0,19.887083333333333
2019-07-22,0,,0.0,21.080416666666668
2019-07-23,0,,0.0,21.16208333333333
2019-07-24,0,,8.25,18.574166666666667
2019-07-25,0,,0.0,17.265
2019-07-26,0,,0.0,20.3595833333333
2019-07-27,0,,0.0,21.375
2019-07-28,0,,0.0,22.0529166666667
2019-07-29,0,,0.0,24.0975
2019-07-30,0,,0.0,22.1158333333333
2019-07-31,0,,0.0,22.5
2019-08-01,0,,0.0,22.71875
2019-08-02,0,,0.0,21.3908333333333
2019-08-03,0,,5.75,23.7779166666667
2019-08-04,0,,1.25,18.0766666666667
2019-08-05,0,,0.0,18.56958333333333
2019-08-06,0,,0.0,18.827500000000004
2019-08-07,0,,0.0,19.9258333333333
2019-08-08,0,,0.0,21.8766666666667
2019-08-09,0,,0.0,21.2266666666667
2019-08-10,0,,0.0,21.0220833333333
2019-08-11,0,,0.0,21.1391666666667
2019-08-12,0,,0.0,21.7029166666667
2019-08-13,0,,0.0,21.7408333333333
2019-08-14,0,,0.25,23.29
2019-08-15,0,,6.5,21.060416666666665
2019-08-16,0,,19.25,19.3783333333333
2019-08-17,0,,43.0,16.4745833333333
2019-08-18,0,,0.5,16.64125
2019-08-19,0,,0.0,18.22083333333333
2019-08-20,0,,14.0,19.285833333333333
2019-08-21,0,,10.5,19.132916666666667
2019-08-22,0,,0.0,21.098333333333336
2019-08-23,0,,0.0,21.8325
2019-08-24,0,,0.0,22.5054166666667
2019-08-25,0,,0.0,22.3579166666667
2019-08-26,0,,0.0,21.86375
2019-08-27,0,,0.0,21.2808333333333
2019-08-28,0,,0.0,20.69083333333333
2019-08-29,0,,0.0,19.825
2019-08-30,0,,0.0,19.43
2019-08-31,0,,0.0,18.7616666666667
2019-09-01,0,,0.0,20.25375
2019-09-02,0,,0.0,20.17666666666666
2019-09-03,0,,0.0,19.9591666666667
2019-09-04,0,,0.0,19.5633333333333
2019-09-05,0,,0.0,19.7345833333333
2019-09-06,0,,0.0,17.2425
2019-09-07,0,,0.0,18.2904166666667
2019-09-08,0,,0.0,18.6333333333333
2019-09-09,0,,0.0,18.535
2019-09-10,0,,0.0,19.4054166666667
2019-09-11,0,,0.0,19.4454166666667
2019-09-12,0,,0.0,19.95882352941177
2019-09-13,0,,0.0,17.958750000000006
2019-09-14,0,,0.0,17.858333333333334
2019-09-15,0,,0.25,17.887500000000003
2019-09-16,0,,0.25,16.7479166666667
2019-09-17,0,,0.0,19.4658333333333
2019-09-18,0,,0.0,21.135416666666668
2019-09-19,0,,0.0,17.91
2019-09-20,0,,52.25,13.06375
2019-09-21,1,temp_cilekli_c_out_of_range;temp_cilekli_c_imputed_climatology,1.25,10.577625
2019-09-22,1,temp_cilekli_c_out_of_range;temp_cilekli_c_imputed_climatology,0.0,12.398333333333332
2019-09-23,1,temp_cilekli_c_out_of_range;temp_cilekli_c_imputed_climatology,0.0,15.73125
2019-09-24,1,temp_cilekli_c_out_of_range;temp_cilekli_c_imputed_climatology,2.0,17.0391666666667
2019-09-25,1,temp_cilekli_c_out_of_range;temp_cilekli_c_imputed_climatology,0.0,16.3570833333333
2019-09-26,1,temp_cilekli_c_out_of_range;temp_cilekli_c_imputed_climatology,0.0,18.3654166666667
2019-09-27,1,temp_cilekli_c_out_of_range;temp_cilekli_c_imputed_climatology,0.25,16.06625
2019-09-28,1,temp_cilekli_c_out_of_range;temp_cilekli_c_imputed_climatology,0.0,15.8970833333333
2019-09-29,1,temp_cilekli_c_out_of_range;temp_cilekli_c_imputed_climatology,0.0,17.3358333333333
2019-09-30,1,temp_cilekli_c_out_of_range;temp_cilekli_c_imputed_climatology,0.0,19.166249999999994
2019-10-01,1,temp_cilekli_c_out_of_range;temp_cilekli_c_imputed_climatology,0.0,19.22375
2019-10-02,1,temp_cilekli_c_out_of_range;temp_cilekli_c_imputed_climatology,0.0,20.2858333333333
2019-10-03,1,temp_cilekli_c_out_of_range;temp_cilekli_c_imputed_climatology,0.0,20.6716666666667
2019-10-04,1,temp_cilekli_c_out_of_range;temp_cilekli_c_imputed_climatology,2.25,20.250833333333333
2019-10-05,1,temp_cilekli_c_out_of_range;temp_cilekli_c_imputed_climatology,26.5,15.307083333333331
2019-10-06,1,temp_cilekli_c_out_of_range;temp_cilekli_c_imputed_climatology,2.0,11.11083333333333
2019-10-07,1,temp_cilekli_c_out_of_range;temp_cilekli_c_imputed_climatology,7.25,13.4075
2019-10-08,1,temp_cilekli_c_out_of_range;temp_cilekli_c_imputed_climatology,11.75,11.117916666666666
2019-10-09,1,temp_cilekli_c_out_of_range;temp_cilekli_c_imputed_climatology,0.0,14.2320833333333
2019-10-10,1,temp_cilekli_c_out_of_range;temp_cilekli_c_imputed_climatology,0.0,17.4795833333333
2019-10-11,1,temp_cilekli_c_out_of_range;temp_cilekli_c_imputed_climatology,0.0,15.997916666666669
2019-10-12,0,,0.0,14.509166666666664
2019-10-13,0,,0.0,16.847916666666666
2019-10-14,0,,0.0,17.737083333333334
2019-10-15,0,,0.5,16.862083333333334
2019-10-16,0,,0.0,15.77375
2019-10-17,0,,0.0,16.365
2019-10-18,0,,0.0,16.3066666666667
2019-10-19,0,,0.0,15.9408333333333
2019-10-20,0,,0.0,14.975
2019-10-21,0,,0.0,15.1391666666667
2019-10-22,0,,0.5,14.348695652173914
2019-10-23,0,,0.0,13.6041666666667
2019-10-24,0,,0.0,13.1266666666667
2019-10-25,0,,0.0,13.48958333333333
2019-10-26,0,,0.0,13.099583333333332
2019-10-27,0,,0.0,12.680833333333332
2019-10-28,0,,0.0,13.4458333333333
2019-10-29,0,,0.0,13.1445833333333
2019-10-30,0,,0.0,12.9358333333333
2019-10-31,0,,10.0,12.676250000000003
2019-11-01,0,,12.25,7.63191666666667
2019-11-02,0,,0.25,8.51966666666666
2019-11-03,0,,0.0,13.1079166666667
2019-11-04,0,,0.0,16.4108333333333
2019-11-05,0,,0.0,16.4954166666667
2019-11-06,0,,0.0,17.0333333333333
2019-11-07,0,,0.0,16.894583333333333
2019-11-08,0,,0.0,16.7841666666667
2019-11-09,0,,0.0,16.5420833333333
2019-11-10,0,,0.0,17.5829166666667
2019-11-11,0,,0.0,16.6804166666667
2019-11-12,0,,0.0,18.33125
2019-11-13,0,,0.0,19.070416666666667
2019-11-14,0,,0.0,14.887083333333337
2019-11-15,0,,0.0,13.897916666666667
2019-11-16,0,,0.0,14.5325
2019-11-17,0,,0.0,16.024166666666666
2019-11-18,0,,0.0,16.275
2019-11-19,0,,0.0,14.320833333333333
2019-11-20,0,,0.0,13.8120833333333
2019-11-21,0,,0.0,11.868
2019-11-22,0,,0.0,11.0
2019-11-23,0,,0.0,11.3
2019-11-24,0,,0.0,11.0
2019-11-25,0,,0.0,11.0
2019-11-26,0,,0.0,9.0
2019-11-27,0,,0.0,8.0
2019-11-28,0,,0.25,12.727499999999996
2019-11-29,0,,12.75,11.932083333333336
2019-11-30,0,,27.25,11.2869166666667
2019-12-01,0,,16.75,4.158291666666666
2019-12-02,0,,0.0,5.447375
2019-12-03,0,,7.5,6.39745833333333
2019-12-04,0,,3.25,6.0
2019-12-05,0,,0.0,5.0
2019-12-06,0,,0.0,4.26315
2019-12-07,0,,0.0,4.0
2019-12-08,0,,0.0,4.5
2019-12-09,0,,0.0,5.0
2019-12-10,0,,0.0,5.859500000000001
2019-12-11,0,,0.0,8.735416666666667
2019-12-12,0,,0.0,9.010416666666666
2019-12-13,0,,0.5,9.753809523809522
2019-12-14,0,,0.0,10.0
2019-12-15,0,,0.0,11.461428571428572
2019-12-16,0,,0.0,11.7566666666667
2019-12-17,0,,0.0,13.53875
2019-12-18,0,,0.0,15.8875
2019-12-19,0,,0.0,13.602222222222222
2019-12-20,0,,0.0,12.044666666666668
2019-12-21,0,,0.0,13.303125
2019-12-22,0,,0.0,14.508
2019-12-23,0,,0.0,10.546
2019-12-24,0,,0.0,7.77825
2019-12-25,0,,0.0,5.81533333333333
2019-12-26,0,,0.0,3.0
2019-12-27,0,,0.0,0.0
2019-12-28,0,,0.0,0.0
2019-12-29,0,,0.0,0.0
2019-12-30,0,,0.0,1.0
2019-12-31,2,inflow_m3_statistical_outlier,0.0,1.0
2020-01-01,0,,0.0,-0.5
2020-01-02,0,,0.0,0.0
2020-01-03,0,,0.0,-0.2
2020-01-04,0,,0.0,-0.5
2020-01-05,0,,0.0,1.0
2020-01-06,0,,0.0,1.0
2020-01-07,2,inflow_m3_statistical_outlier,67.9,2.14275
2020-01-08,2,inflow_m3_statistical_outlier,3.25,1.13507692307692
2020-01-09,0,,0.0,-1.0
2020-01-10,0,,0.0,-0.5
2020-01-11,0,,0.0,2.0
2020-01-12,0,,0.0,2.0
2020-01-13,0,,0.0,2.0
2020-01-14,0,,0.0,1.0
2020-01-15,0,,0.0,1.0
2020-01-16,0,,0.0,2.0
2020-01-17,0,,0.0,1.0
2020-01-18,0,,0.0,0.0
2020-01-19,0,,0.0,-0.5
2020-01-20,0,,0.0,-1.0
2020-01-21,0,,0.0,-1.5
2020-01-22,0,,0.0,-1.0
2020-01-23,0,,0.0,-1.0
2020-01-24,0,,0.0,-3.0
2020-01-25,0,,0.0,1.5
2020-01-26,0,,0.0,2.0
2020-01-27,0,,0.0,3.0
2020-01-28,0,,0.0,2.0
2020-01-29,0,,0.0,2.0
2020-01-30,0,,0.0,1.0
2020-01-31,0,,0.0,1.0
2020-02-01,0,,0.0,3.0
2020-02-02,0,,0.0,5.0
2020-02-03,0,,0.0,9.0
2020-02-04,0,,0.0,8.0
2020-02-05,2,inflow_m3_statistical_outlier,0.0,6.0
2020-02-06,2,inflow_m3_statistical_outlier,0.0,-1.0
2020-02-07,0,,0.0,-2.0
2020-02-08,0,,0.0,-5.0
2020-02-09,0,,0.0,-7.0
2020-02-10,0,,0.0,-3.0
2020-02-11,0,,0.0,1.0
2020-02-12,0,,0.0,1.0
2020-02-13,0,,0.0,1.0
2020-02-14,0,,0.0,2.0
2020-02-15,0,,0.0,2.0
2020-02-16,0,,0.0,1.0
2020-02-17,0,,0.0,2.0
2020-02-18,0,,0.0,5.0
2020-02-19,0,,0.0,4.0
2020-02-20,0,,0.0,4.0
2020-02-21,0,,0.0,1.0
2020-02-22,0,,0.0,0.0
2020-02-23,0,,0.0,0.0
2020-02-24,0,,0.0,3.0
2020-02-25,0,,0.0,7.0
2020-02-26,0,,0.0,9.0
2020-02-27,0,,0.0,9.0
2020-02-28,0,,0.0,5.0
2020-02-29,0,,0.0,2.0
2020-03-01,0,,0.0,5.0
2020-03-02,0,,0.0,9.0
2020-03-03,0,,0.0,13.0
2020-03-04,0,,0.0,14.0
2020-03-05,0,,0.0,8.0
2020-03-06,0,,0.0,6.0
2020-03-07,0,,0.0,10.0
2020-03-08,0,,0.0,14.0
2020-03-09,0,,0.0,15.0
2020-03-10,0,,0.0,7.0
2020-03-11,0,,0.0,9.0
2020-03-12,0,,0.0,9.0
2020-03-13,0,,0.0,8.0
2020-03-14,0,,0.0,8.0
2020-03-15,0,,0.0,2.0
2020-03-16,0,,0.0,-1.5
2020-03-17,0,,0.0,-2.0
2020-03-18,0,,0.0,-1.0
2020-03-19,0,,0.0,-0.5
2020-03-20,0,,0.0,0.0
2020-03-21,0,,0.0,6.0
2020-03-22,0,,0.0,6.5
2020-03-23,0,,0.0,5.0
2020-03-24,0,,0.0,3.0
2020-03-25,0,,0.0,2.0
2020-03-26,0,,0.0,4.0
2020-03-27,0,,0.0,4.0
2020-03-28,0,,0.0,3.0
2020-03-29,0,,0.0,2.0
2020-03-30,0,,0.0,6.0
2020-03-31,0,,0.0,2.0
2020-04-01,0,,0.0,2.0
2020-04-02,0,,0.0,3.0
2020-04-03,0,,0.0,2.0
2020-04-04,0,,0.0,8.0
2020-04-05,0,,0.0,7.0
2020-04-06,0,,0.0,2.0
2020-04-07,0,,0.0,2.0
2020-04-08,0,,0.0,2.0
2020-04-09,0,,0.0,3.0
2020-04-10,0,,0.0,7.0
2020-04-11,0,,0.0,10.0
2020-04-12,0,,0.0,7.0
2020-04-13,0,,0.0,11.0
2020-04-14,0,,0.0,15.0
2020-04-15,0,,0.0,4.0
2020-04-16,0,,0.0,6.0
2020-04-17,0,,0.0,13.0
2020-04-18,0,,0.0,14.0
2020-04-19,0,,0.0,19.0
2020-04-20,0,,0.0,11.0
2020-04-21,0,,0.0,5.0
2020-04-22,0,,0.0,3.0
2020-04-23,0,,0.0,6.0
2020-04-24,0,,0.0,5.0
2020-04-25,0,,0.0,9.0
2020-04-26,0,,0.0,11.0
2020-04-27,0,,0.0,12.0
2020-04-28,0,,0.0,11.0
2020-04-29,0,,0.0,15.0
2020-04-30,0,,0.0,14.0
2020-05-01,0,,0.0,13.0
2020-05-02,0,,0.0,12.0
2020-05-03,0,,0.0,12.0
2020-05-04,0,,0.0,9.0
2020-05-05,0,,0.0,9.0
2020-05-06,0,,0.0,12.0
2020-05-07,0,,0.0,7.0
2020-05-08,0,,0.0,8.0
2020-05-09,0,,0.0,11.0
2020-05-10,0,,0.0,15.0
2020-05-11,0,,0.0,19.0
2020-05-12,0,,0.0,20.0
2020-05-13,0,,0.0,16.0
2020-05-14,0,,0.0,21.0
2020-05-15,0,,0.0,25.0
2020-05-16,0,,0.0,21.0
2020-05-17,0,,0.0,23.0
2020-05-18,0,,0.0,20.0
2020-05-19,0,,0.0,22.0
2020-05-20,0,,0.0,24.0
2020-05-21,0,,0.0,15.0
2020-05-22,0,,0.0,4.0
2020-05-23,0,,0.0,5.0
2020-05-24,0,,0.0,10.0
2020-05-25,0,,0.0,10.0
2020-05-26,0,,0.0,10.0
2020-05-27,0,,0.0,9.0
2020-05-28,0,,0.0,9.0
2020-05-29,0,,0.0,10.0
2020-05-30,0,,0.0,12.0
2020-05-31,0,,0.0,13.0
2020-06-01,0,,0.0,12.0
2020-06-02,0,,0.0,11.0
2020-06-03,0,,0.0,12.0
2020-06-04,0,,0.0,14.0
2020-06-05,0,,0.0,19.0
2020-06-06,0,,0.0,22.0
2020-06-07,0,,0.0,20.0
2020-06-08,0,,0.0,19.0
2020-06-09,0,,0.0,20.0
2020-06-10,0,,0.0,20.0
2020-06-11,0,,0.0,17.0
2020-06-12,0,,0.0,16.0
2020-06-13,0,,0.0,15.0
2020-06-14,0,,0.0,15.0
2020-06-15,0,,0.0,16.0
2020-06-16,0,,0.0,20.0
2020-06-17,0,,0.0,20.0
2020-06-18,0,,0.0,16.0
2020-06-19,0,,0.0,16.0
2020-06-20,0,,0.0,17.0
2020-06-21,0,,0.0,16.0
2020-06-22,0,,0.0,17.0
2020-06-23,0,,3.25,17.526666666666664
2020-06-24,0,,1.75,19.3525
2020-06-25,0,,1.0,19.2608333333333
2020-06-26,0,,0.0,19.283333333333328
2020-06-27,0,,0.0,19.945416666666667
2020-06-28,0,,0.0,20.23625
2020-06-29,0,,0.0,20.72125
2020-06-30,0,,0.0,21.0
2020-07-01,0,,0.0,22.0
2020-07-02,0,,0.0,22.0
2020-07-03,0,,0.0,21.265
2020-07-04,0,,0.0,23.3970833333333
2020-07-05,0,,0.0,22.7116666666667
2020-07-06,0,,0.0,23.66125000000001
2020-07-07,0,,0.0,23.6129166666667
2020-07-08,0,,0.0,17.4108333333333
2020-07-09,0,,0.0,18.090833333333325
2020-07-10,0,,0.0,19.48958333333333
2020-07-11,0,,0.0,20.7575
2020-07-12,0,,0.0,20.09041666666667
2020-07-13,0,,20.25,18.1420833333333
2020-07-14,0,,0.0,16.33875
2020-07-15,0,,0.0,16.77875
2020-07-16,0,,0.0,18.3516666666667
2020-07-17,0,,0.0,18.2804166666667
2020-07-18,0,,0.0,20.7058333333333
2020-07-19,0,,1.25,20.24875
2020-07-20,0,,0.0,20.6291666666667
2020-07-21,0,,0.0,20.2566666666667
2020-07-22,0,,0.0,20.1858333333333
2020-07-23,0,,0.0,21.711250000000003
2020-07-24,0,,0.0,20.764999999999997
2020-07-25,0,,0.0,20.65333333333333
2020-07-26,0,,0.0,21.96166666666667
2020-07-27,0,,0.0,22.4016666666667
2020-07-28,0,,0.0,22.782916666666665
2020-07-29,0,,0.0,23.6658333333333
2020-07-30,0,,0.0,22.30125
2020-07-31,0,,0.0,23.23875
2020-08-01,0,,0.0,23.06083333333333
2020-08-02,0,,0.0,19.865
2020-08-03,0,,0.0,20.21125
2020-08-04,0,,0.0,21.57708333333333
2020-08-05,0,,0.0,20.9525
2020-08-06,0,,0.0,22.7229166666667
2020-08-07,0,,0.0,23.4133333333333
2020-08-08,0,,0.0,23.1216666666667
2020-08-09,0,,0.0,22.0695833333333
2020-08-10,0,,0.0,21.47125
2020-08-11,0,,0.0,21.70583333333333
2020-08-12,0,,0.0,21.870416666666667
2020-08-13,0,,0.0,21.629999999999995
2020-08-14,0,,0.0,19.53
2020-08-15,0,,0.0,20.13875
2020-08-16,0,,0.0,19.335
2020-08-17,0,,0.0,19.39375
2020-08-18,0,,0.0,20.22708333333333
2020-08-19,0,,0.0,20.655
2020-08-20,0,,0.0,19.047083333333337
2020-08-21,0,,0.0,20.410416666666663
2020-08-22,0,,0.0,22.172083333333333
2020-08-23,0,,0.0,20.69875
2020-08-24,0,,0.0,21.54083333333333
2020-08-25,0,,0.0,21.105416666666667
2020-08-26,0,,0.0,20.35333333333333
2020-08-27,0,,0.0,21.211250000000003
2020-08-28,0,,0.0,22.9104166666667
2020-08-29,0,,0.0,25.2675
2020-08-30,0,,0.0,25.0508333333333
2020-08-31,0,,0.0,21.6591666666667
2020-09-01,0,,0.0,23.96125
2020-09-02,0,,0.0,24.1583333333333
2020-09-03,0,,0.0,24.36791666666667
2020-09-04,0,,18.0,19.095416666666665
2020-09-05,0,,3.75,16.67291666666667
2020-09-06,0,,0.0,19.430000000000003
2020-09-07,0,,0.0,20.16583333333333
2020-09-08,0,,0.0,20.536250000000003
2020-09-09,0,,0.0,19.6825
2020-09-10,0,,0.0,20.0158333333333
2020-09-11,0,,0.0,20.0791666666667
2020-09-12,0,,0.0,20.295
2020-09-13,0,,2.0,20.3283333333333
2020-09-14,0,,0.25,20.290416666666665
2020-09-15,0,,0.0,19.83375
2020-09-16,0,,0.0,19.65125
2020-09-17,0,,0.0,20.1425
2020-09-18,0,,0.25,19.242083333333337
2020-09-19,0,,0.25,15.545
2020-09-20,0,,6.5,16.097916666666663
2020-09-21,0,,6.25,16.6308333333333
2020-09-22,0,,0.0,17.159583333333337
2020-09-23,0,,0.0,17.6983333333333
2020-09-24,0,,0.0,20.2654166666667
2020-09-25,0,,0.0,20.2883333333333
2020-09-26,0,,0.0,23.39875
2020-09-27,0,,0.0,19.9679166666667
2020-09-28,0,,0.0,23.085
2020-09-29,0,,2.0,19.9858333333333
2020-09-30,0,,2.25,14.2125
2020-10-01,0,,0.0,15.1083333333333
2020-10-02,0,,0.0,16.931666666666665
2020-10-03,0,,0.0,19.122916666666665
2020-10-04,0,,0.0,22.31375
2020-10-05,0,,0.0,26.07625
2020-10-06,0,,0.0,26.085
2020-10-07,0,,0.0,23.9475
2020-10-08,0,,21.25,18.08375
2020-10-09,0,,16.0,14.997916666666669
2020-10-10,0,,0.0,14.515416666666672
2020-10-11,0,,0.0,16.807916666666667
2020-10-12,0,,0.0,18.95875
2020-10-13,0,,3.5,18.82708333333333
2020-10-14,0,,0.0,17.0808333333333
2020-10-15,0,,0.0,17.4808333333333
2020-10-16,0,,0.0,19.7020833333333
2020-10-17,0,,1.0,19.73125
2020-10-18,0,,20.5,14.1675
2020-10-19,0,,1.5,11.2908333333333
2020-10-20,0,,5.25,12.7420833333333
2020-10-21,0,,0.0,14.07375
2020-10-22,0,,0.0,15.822499999999998
2020-10-23,0,,0.0,17.915
2020-10-24,0,,0.0,19.52208333333333
2020-10-25,0,,0.0,20.137083333333333
2020-10-26,0,,0.0,16.1629166666667
2020-10-27,0,,0.0,15.86875
2020-10-28,0,,0.25,16.0858333333333
2020-10-29,0,,0.0,14.7116666666667
2020-10-30,0,,15.0,11.6520833333333
2020-10-31,0,,6.75,9.29225
2020-11-01,0,,0.0,7.63608333333333
2020-11-02,0,,0.0,9.22579166666666
2020-11-03,0,,0.0,10.2054166666667
2020-11-04,0,,1.5,10.1204166666667
2020-11-05,0,,25.25,11.5325
2020-11-06,0,,6.75,9.79875
2020-11-07,0,,0.0,8.79208333333333
2020-11-08,0,,0.0,9.56433333333334
2020-11-09,0,,0.0,11.0745833333333
2020-11-10,0,,9.25,10.755
2020-11-11,0,,2.25,10.1916666666667
2020-11-12,0,,0.25,8.998
2020-11-13,0,,3.75,9.59095833333333
2020-11-14,0,,6.5,8.7255
2020-11-15,0,,0.25,8.11141666666667
2020-11-16,0,,0.0,8.150166666666667
2020-11-17,0,,0.0,8.5
2020-11-18,0,,5.75,8.819375
2020-11-19,0,,0.25,6.770291666666668
2020-11-20,0,,0.25,6.507124999999999
2020-11-21,0,,0.0,6.43525
2020-11-22,0,,0.0,5.497916666666668
2020-11-23,0,,0.0,6.160625
2020-11-24,0,,0.0,6.434291666666667
2020-11-25,0,,0.0,6.190916666666669
2020-11-26,0,,0.0,6.378916666666668
2020-11-27,0,,0.0,9.70878571428571
2020-11-28,0,,0.0,10.5458333333333
2020-11-29,0,,0.0,10.9233333333333
2020-11-30,0,,14.25,8.96225
2020-12-01,0,,7.0,4.50311111111111
2020-12-02,0,,1.75,5.239125
2020-12-03,0,,0.75,7.688666666666667
2020-12-04,0,,0.0,11.870434782608696
2020-12-05,0,,0.0,10.283714285714286
2020-12-06,0,,0.0,7.959541666666666
2020-12-07,0,,0.0,9.038416666666668
2020-12-08,0,,0.0,9.598333333333334
2020-12-09,0,,0.0,10.89075
2020-12-10,0,,0.0,11.75125
2020-12-11,0,,0.0,10.078333333333337
2020-12-12,0,,7.5,10.92125
2020-12-13,0,,0.0,12.508333333333333
2020-12-14,0,,17.5,11.15541666666667
2020-12-15,0,,31.75,7.168333333333333
2020-12-16,0,,1.25,5.925833333333333
2020-12-17,0,,3.75,6.324916666666667
2020-12-18,0,,0.0,5.675416666666667
2020-12-19,0,,0.25,4.8773333333333335
2020-12-20,0,,0.25,4.995916666666666
2020-12-21,0,,5.0,3.4855
2020-12-22,0,,2.0,2.515333333333333
2020-12-23,0,,1.0,4.915291666666668
2020-12-24,0,,0.25,8.797791666666667
2020-12-25,0,,0.0,11.75291666666667
2020-12-26,0,,0.0,12.795833333333334
2020-12-27,0,,0.0,12.370416666666666
2020-12-28,0,,1.75,9.57041666666667
2020-12-29,2,outflow_treatment_m3_statistical_outlier,0.0,10.8416666666667
2020-12-30,0,,0.0,11.035
2020-12-31,0,,0.0,11.0
2021-01-01,0,,0.0,9.0
2021-01-02,0,,0.0,11.0
2021-01-03,0,,0.0,7.0
2021-01-04,0,precip_cilekli_mm_imputed_linear,0.8,6.729
2021-01-05,0,,0.0,10.260382352941177
2021-01-06,0,,0.0,7.993
2021-01-07,0,,0.0,10.615264705882351
2021-01-08,0,,0.0,13.210416666666667
2021-01-09,0,,17.5,11.05389583333333
2021-01-10,0,,17.75,11.001088235294118
2021-01-11,0,,0.25,16.882941176470588
2021-01-12,0,,29.75,12.983764705882356
2021-01-13,0,,29.75,2.852043478260869
2021-01-14,0,,0.0,0.2432222222222221
2021-01-15,0,,0.0,-1.0
2021-01-16,0,,0.0,-2.946434782608695
2021-01-17,0,,0.0,-3.752
2021-01-18,0,,0.0,-8.0
2021-01-19,0,,0.0,-7.0
2021-01-20,0,,0.0,-6.0
2021-01-21,0,,0.0,-2.0
2021-01-22,0,,0.0,1.0
2021-01-23,0,,0.0,8.74
2021-01-24,0,,0.0,8.898565217391305
2021-01-25,0,,8.0,9.147173913043478
2021-01-26,0,,0.0,11.94217391304348
2021-01-27,0,,84.75,1.8176956521739125
2021-01-28,0,,0.5,-0.347
2021-01-29,0,,1.0,3.2475217391304345
2021-01-30,0,,0.25,4.950434782608696
2021-01-31,0,,0.25,9.590916666666663
2021-02-01,0,,0.0,12.554583333333332
2021-02-02,0,,0.0,11.57625
2021-02-03,0,,0.0,11.74125
2021-02-04,0,,0.0,11.808750000000002
2021-02-05,0,,0.0,11.423333333333332
2021-02-06,0,,0.0,12.15
2021-02-07,0,,0.0,15.967916666666667
2021-02-08,0,,0.0,15.854166666666666
2021-02-09,0,,0.0,13.165833333333332
2021-02-10,0,,0.0,11.6275
2021-02-11,0,,16.75,12.928875000000003
2021-02-12,0,temp_tepecik_c_sudden_jump,3.25,-1.2491666666666663
2021-02-13,0,,0.25,-2.4605714285714284
2021-02-14,0,,0.0,-2.0
2021-02-15,0,,0.0,-3.0
2021-02-16,0,,0.0,-5.0
2021-02-17,0,,0.0,-5.0
2021-02-18,0,,0.0,-4.0
2021-02-19,0,,0.0,-6.0
2021-02-20,0,,0.0,-3.5
2021-02-21,0,,0.0,-2.0
2021-02-22,0,,0.0,2.0
2021-02-23,0,,0.0,6.0
2021-02-24,0,,0.0,3.0
2021-02-25,0,,0.0,3.0
2021-02-26,0,,0.0,2.0
2021-02-27,0,,0.0,6.0
2021-02-28,0,,0.0,1.9466956521739127
2021-03-01,0,,0.0,3.512333333333332
2021-03-02,0,,11.25,1.825708333333333
2021-03-03,0,,2.25,2.885708333333333
2021-03-04,0,,0.0,7.374210526315789
2021-03-05,0,,0.0,12.525652173913045
2021-03-06,0,,41.0,5.461874999999999
2021-03-07,0,,34.25,0.2054583333333333
2021-03-08,0,,0.75,4.368058823529411
2021-03-09,0,,0.0,6.788791666666666
2021-03-10,0,,0.0,8.492083333333333
2021-03-11,0,,0.0,0.7435833333333332
2021-03-12,0,,0.0,4.402708333333334
2021-03-13,0,,0.0,9.265833333333337
2021-03-14,0,,0.0,11.289583333333333
2021-03-15,0,,0.0,10.634541666666667
2021-03-16,0,,0.0,6.402791666666663
2021-03-17,0,,0.0,4.412041666666666
2021-03-18,0,,0.0,3.5261666666666667
2021-03-19,0,,0.0,5.103666666666666
2021-03-20,0,,0.0,4.586749999999999
2021-03-21,0,,7.75,5.575125
2021-03-22,0,,16.25,10.550791666666663
2021-03-23,2,inflow_m3_statistical_outlier,71.25,1.0729583333333332
2021-03-24,0,,5.0,-0.2778333333333332
2021-03-25,0,,13.25,0.2539000000000001
2021-03-26,0,,0.0,1.3235
2021-03-27,0,,0.0,2.0
2021-03-28,0,,0.0,3.0
2021-03-29,0,,0.0,4.833458333333333
2021-03-30,0,,0.0,2.935583333333333
2021-03-31,0,,0.0,2.741625000000001
2021-04-01,0,,5.0,2.984375
2021-04-02,0,,0.0,9.795583333333337
2021-04-03,0,,0.0,13.143749999999995
2021-04-04,0,,15.75,12.362375000000002
2021-04-05,2,inflow_m3_statistical_outlier,20.25,7.51425
2021-04-06,2,inflow_m3_statistical_outlier,0.0,16.642083333333332
2021-04-07,2,inflow_m3_statistical_outlier,0.0,13.030208333333334
2021-04-08,2,inflow_m3_statistical_outlier,78.25,1.6632916666666666
2021-04-09,0,,9.75,1.4344583333333334
2021-04-10,0,,0.5,2.9838750000000007
2021-04-11,0,,0.0,3.368583333333334
2021-04-12,0,,0.0,6.076374999999999
2021-04-13,0,,0.0,12.55625
2021-04-14,0,,0.0,13.960416666666664
2021-04-15,0,,0.0,10.9825
2021-04-16,0,,0.0,7.411291666666667
2021-04-17,0,,0.0,12.409041666666669
2021-04-18,0,,0.0,17.8325
2021-04-19,0,,0.0,11.784166666666666
2021-04-20,0,,0.0,10.32825
2021-04-21,0,,0.0,11.617083333333335
2021-04-22,0,,0.0,13.569166666666668
2021-04-23,0,,0.0,15.917916666666668
2021-04-24,0,,0.0,10.237791666666665
2021-04-25,0,,0.0,6.725708333333331
2021-04-26,0,,0.0,8.557375
2021-04-27,0,,0.0,17.499166666666667
2021-04-28,0,,0.0,20.097916666666663
2021-04-29,0,,0.0,19.749166666666664
2021-04-30,0,,0.0,21.589166666666667
2021-05-01,0,,0.0,24.99458333333333
2021-05-02,0,,0.0,26.008333333333336
2021-05-03,0,,0.0,20.569166666666668
2021-05-04,0,,0.0,14.69083333333333
2021-05-05,0,,0.0,18.028333333333336
2021-05-06,0,,0.2,16.82625
2021-05-07,0,,0.0,21.82875
2021-05-08,0,,0.0,13.3305
2021-05-09,0,,0.0,9.359208333333331
2021-05-10,0,,0.0,9.784124999999998
2021-05-11,0,,0.0,11.359749999999998
2021-05-12,0,,0.0,16.359166666666667
2021-05-13,0,,0.0,20.08875
2021-05-14,0,,0.0,19.368749999999995
2021-05-15,0,,0.0,18.41708333333333
2021-05-16,0,,0.0,13.768750000000002
2021-05-17,0,,0.0,17.68583333333334
2021-05-18,0,,0.0,16.216250000000006
2021-05-19,0,,0.0,20.2525
2021-05-20,0,,0.0,18.922083333333333
2021-05-21,0,,0.0,11.7875
2021-05-22,0,,0.0,11.661250000000004
2021-05-23,0,,0.0,17.665416666666662
2021-05-24,0,,0.0,19.92041666666667
2021-05-25,0,,0.0,18.280416666666667
2021-05-26,0,,0.0,18.332916666666662
2021-05-27,0,,0.0,19.73
2021-05-28,0,,0.0,16.472083333333334
2021-05-29,0,,0.0,14.455416666666666
2021-05-30,0,,0.0,17.19458333333333
2021-05-31,0,,11.0,14.2125
2021-06-01,0,,9.0,11.5316
2021-06-02,0,,4.25,10.1252
2021-06-03,0,,0.0,12.5468
2021-06-04,0,,0.0,13.8912
2021-06-05,0,,0.0,15.1608
2021-06-06,0,,0.0,18.34
2021-06-07,0,,0.0,19.3636
2021-06-08,0,,0.0,16.428
2021-06-09,0,,0.0,17.97958
2021-06-10,0,,0.0,18.66
2021-06-11,0,,0.0,18.5744
2021-06-12,0,,0.0,19.28
2021-06-13,0,,0.0,18.98759
2021-06-14,0,,26.75,11.716
2021-06-15,0,,4.25,13.32666
2021-06-16,0,,17.5,13.376
2021-06-17,0,,0.25,17.4876
2021-06-18,0,,0.0,18.9132
2021-06-19,0,,0.0,18.3628
2021-06-20,0,,0.0,19.662
2021-06-21,0,,0.0,18.3428
2021-06-22,0,,0.0,20.33167
2021-06-23,0,,0.0,18.66125
2021-06-24,0,,0.0,21.62593
2021-06-25,0,,0.0,21.748
2021-06-26,0,,0.0,22.3
2021-06-27,0,,0.0,20.4184
2021-06-28,0,,0.0,20.125
2021-06-29,0,,0.0,21.9208
2021-06-30,0,,0.0,24.2636
2021-07-01,0,,0.0,24.29667
2021-07-02,0,,0.0,23.0412
2021-07-03,0,,0.0,16.6472
2021-07-04,0,,0.0,16.33125
2021-07-05,0,,0.0,18.30333
2021-07-06,0,,33.0,17.05209
2021-07-07,0,,15.5,19.5975
2021-07-08,0,,23.25,19.27209
2021-07-09,0,,0.0,20.0296
2021-07-10,0,,0.0,20.7368
2021-07-11,0,,0.0,21.51913
2021-07-12,0,,0.0,22.31125
2021-07-13,0,,0.0,22.27416
2021-07-14,0,,0.0,22.1296
2021-07-15,0,,0.0,22.84042
2021-07-16,0,,0.0,22.2004
2021-07-17,0,,0.0,25.2932
2021-07-18,0,,0.0,24.9256
2021-07-19,0,,0.0,25.6184
2021-07-20,0,,0.0,23.63079999999999
2021-07-21,0,,0.0,21.8884
2021-07-22,0,,0.0,19.3748
2021-07-23,0,,1.25,18.3444
2021-07-24,0,,0.0,20.0356
2021-07-25,0,,0.0,20.2524
2021-07-26,0,,0.0,21.315199999999997
2021-07-27,0,,0.0,23.0144
2021-07-28,0,,0.0,23.8312
2021-07-29,0,,0.0,24.43459
2021-07-30,0,,0.0,26.1248
2021-07-31,0,,0.0,26.3392
2021-08-01,0,,0.0,25.0644
2021-08-02,0,,0.0,27.36084
2021-08-03,0,,0.0,27.38
2021-08-04,0,,0.0,26.29329
2021-08-05,0,,0.0,27.65681
2021-08-06,0,,18.75,26.352
2021-08-07,0,,15.25,19.3472
2021-08-08,0,,1.0,18.6976
2021-08-09,0,,0.0,20.5156
2021-08-10,0,,0.0,21.656
2021-08-11,0,,0.0,21.81837
2021-08-12,0,,1.5,20.77752
2021-08-13,0,,0.0,19.90666
2021-08-14,0,,0.0,19.40667
2021-08-15,0,,0.0,19.53875
2021-08-16,0,,0.0,20.15792
2021-08-17,0,,0.0,21.79542
2021-08-18,0,,0.0,20.968
2021-08-19,0,,16.5,18.4475
2021-08-20,0,,0.0,18.63042
2021-08-21,0,,0.0,18.95875
2021-08-22,0,,0.0,20.10201
2021-08-23,0,,0.0,20.1252
2021-08-24,0,,0.0,20.77958
2021-08-25,0,,0.0,21.46042
2021-08-26,0,,0.0,23.70125
2021-08-27,0,,0.0,25.63209
2021-08-28,0,,0.0,23.55583
2021-08-29,0,,0.0,23.96708
2021-08-30,0,,0.0,22.28616
2021-08-31,0,,0.25,20.43792
2021-09-01,0,,1.5,19.79958
2021-09-02,0,,1.5,16.64625
2021-09-03,0,,2.0,14.72583
2021-09-04,0,,0.0,16.67625
2021-09-05,0,,6.75,17.15828
2021-09-06,0,,0.75,15.42458
2021-09-07,0,,0.0,14.30955
2021-09-08,0,,0.0,15.4475
2021-09-09,0,,4.75,16.16958
2021-09-10,0,,9.75,14.72167
2021-09-11,0,,0.0,15.06333
2021-09-12,0,,0.0,16.22037
2021-09-13,0,,0.0,16.43202
2021-09-14,0,,0.25,17.27208
2021-09-15,0,,7.5,16.75292
2021-09-16,0,,10.25,15.985
2021-09-17,0,,0.0,18.82625
2021-09-18,0,,0.25,21.43833
2021-09-19,0,,2.5,20.24792
2021-09-20,0,,1.0,22.05167
2021-09-21,0,,22.75,14.09666
2021-09-22,0,,8.75,12.1955
2021-09-23,0,,15.75,9.100583
2021-09-24,0,,0.0,12.4075
2021-09-25,0,,0.0,15.28792
2021-09-26,0,,0.0,16.04737
2021-09-27,0,,0.0,14.64353
2021-09-28,0,,0.5,14.28458
2021-09-29,0,,4.0,13.92239
2021-09-30,0,,1.75,11.85186
2021-10-01,0,,0.0,11.32719
2021-10-02,0,,1.5,11.74217
2021-10-03,0,,0.25,11.84817
2021-10-04,0,,1.0,11.62281
2021-10-05,0,,1.25,11.09458
2021-10-06,0,,0.25,11.25417
2021-10-07,0,,0.0,11.80458
2021-10-08,0,,0.0,13.67159
2021-10-09,0,,1.25,14.54625
2021-10-10,0,,1.5,14.10708
2021-10-11,0,,0.75,15.77167
2021-10-12,0,,4.0,14.66668
2021-10-13,0,,8.5,10.88958
2021-10-14,0,,0.0,13.95792
2021-10-15,0,,0.25,16.54121
2021-10-16,0,,7.75,14.36401
2021-10-17,0,,12.5,11.5375
2021-10-18,0,,4.0,10.60004
2021-10-19,0,,0.0,9.616317
2021-10-20,0,,0.0,9.86375
2021-10-21,0,,0.0,13.83667
2021-10-22,0,,0.0,13.86875
2021-10-23,0,,0.0,13.50084
2021-10-24,0,,21.75,8.940125
2021-10-25,0,,0.0,7.116166
2021-10-26,0,,0.0,7.653875
2021-10-27,0,,0.0,9.498382
2021-10-28,0,,0.0,8.970125
2021-10-29,0,,0.0,9.332334
2021-10-30,0,,0.0,9.686666
2021-10-31,0,,2.75,11.25583
2021-11-01,0,,0.5,11.96625
2021-11-02,0,,4.25,14.56561
2021-11-03,0,,0.0,16.18208
2021-11-04,0,,0.0,17.17083
2021-11-05,0,,0.0,18.90208
2021-11-06,0,,0.0,11.2
2021-11-07,0,,0.0,16.83922
2021-11-08,0,,0.0,18.70157
2021-11-09,0,,28.75,10.36008
2021-11-10,0,,3.5,4.706084
2021-11-11,0,,0.0,5.4255
2021-11-12,0,,0.0,8.655499
2021-11-13,0,,0.0,10.65792
2021-11-14,0,,0.0,11.52158
2021-11-15,0,,0.0,8.297334
2021-11-16,0,,0.0,7.598793
2021-11-17,0,,0.0,6.998667
2021-11-18,0,,4.75,6.915791
2021-11-19,0,,6.0,5.133167
2021-11-20,0,,0.5,6.072525
2021-11-21,0,,0.0,9.803793
2021-11-22,0,,0.0,11.94708
2021-11-23,0,,25.25,10.86431
2021-11-24,0,,3.5,5.569542
2021-11-25,0,,0.0,7.293734
2021-11-26,0,,3.0,12.74658
2021-11-27,0,,1.25,14.40614
2021-11-28,0,,1.5,15.79196
2021-11-29,0,,33.5,15.21792
2021-11-30,0,,13.0,6.019367
2021-12-01,0,,0.0,4.853787
2021-12-02,0,,0.0,8.753125
2021-12-03,0,,0.5,11.99083
2021-12-04,0,,1.5,10.41492
2021-12-05,0,,0.0,11.17172
2021-12-06,0,,0.0,13.60656
2021-12-07,0,,14.0,9.984322
2021-12-08,0,,1.75,7.651542
2021-12-09,0,,0.75,9.60218
2021-12-10,0,,6.25,10.89854
2021-12-11,0,,0.75,13.03792
2021-12-12,0,,7.25,10.94883
2021-12-13,0,,5.0,7.705792
2021-12-14,0,,48.0,6.778749
2021-12-15,2,inflow_m3_statistical_outlier,36.75,1.997625
2021-12-16,0,,12.0,1.767583
2021-12-17,0,,14.0,1.512
2021-12-18,0,,13.0,1.436177
2021-12-19,0,,0.0,1.3
2021-12-20,0,,1.0,1.325312
2021-12-21,0,,0.25,0.05485714
2021-12-22,0,,0.0,-1.0
2021-12-23,0,,0.0,-2.0
2021-12-24,0,,0.0,-2.0
2021-12-25,0,,0.0,2.0
2021-12-26,0,,0.0,9.041749
2021-12-27,0,,0.0,9.585001
2021-12-28,0,,0.0,9.868879
2021-12-29,0,,0.0,9.822016
2021-12-30,0,,0.0,8.9815
2021-12-31,0,,0.0,5.353434
2022-01-01,0,,7.75,8.048041
2022-01-02,0,,2.0,5.192167
2022-01-03,0,,0.0,9.167874
2022-01-04,0,,0.0,9.172791
2022-01-05,0,,0.0,12.07224
2022-01-06,0,,0.0,12.75627
2022-01-07,0,,0.0,9.109251
2022-01-08,0,,0.0,10.39787
2022-01-09,0,,0.0,10.11079
2022-01-10,0,,0.0,8.648292
2022-01-11,0,,17.5,5.263459
2022-01-12,0,,37.5,-0.9652083
2022-01-13,0,,0.0,-2.976913
2022-01-14,0,,0.0,-3.0
2022-01-15,0,,1.5,-2.0
2022-01-16,0,,0.0,-2.5
2022-01-17,0,,0.0,-2.0
2022-01-18,0,,0.0,-2.5
2022-01-19,0,,0.0,-5.0
2022-01-20,0,,0.0,-4.0
2022-01-21,0,,43.75,2.084542
2022-01-22,0,,5.5,-2.9885
2022-01-23,0,,0.0,-3.2758
2022-01-24,0,,0.0,-7.0
2022-01-25,0,,0.0,-6.0
2022-01-26,0,,0.0,-5.0
2022-01-27,0,,0.0,-5.0
2022-01-28,0,,0.0,-4.0
2022-01-29,0,,0.0,-3.0
2022-01-30,0,,0.0,-2.0
2022-01-31,0,,0.0,-2.0
2022-02-01,0,,0.0,2.0
2022-02-02,0,,0.0,6.302526
2022-02-03,0,,10.25,1.35725
2022-02-04,0,,0.0,1.0
2022-02-05,0,,0.0,1.0
2022-02-06,0,,0.0,2.0
2022-02-07,0,,13.75,7.701334
2022-02-08,2,inflow_m3_statistical_outlier,69.25,1.526792
2022-02-09,0,,0.0,0.3673333
2022-02-10,0,,0.0,2.0
2022-02-11,0,,0.0,8.07
2022-02-12,0,,0.0,10.9
2022-02-13,0,,0.0,2.572143
2022-02-14,0,,1.5,1.82825
2022-02-15,0,,0.25,4.374208
2022-02-16,0,,0.0,7.739055
2022-02-17,0,,0.0,8.926667
2022-02-18,0,,18.5,3.284917
2022-02-19,0,,0.0,6.844667
2022-02-20,0,,0.0,10.16109
2022-02-21,0,,0.0,10.18454
2022-02-22,0,,0.0,10.16529
2022-02-23,0,,2.75,6.079668
2022-02-24,2,inflow_m3_statistical_outlier,47.25,2.497083
2022-02-25,2,inflow_m3_statistical_outlier,11.25,1.887875
2022-02-26,0,,0.0,4.06775
2022-02-27,0,,3.0,4.650125
2022-02-28,0,,2.5,2.418166
2022-03-01,0,,0.25,0.4471333
2022-03-02,0,,0.5,-0.53525
2022-03-03,0,,0.25,-0.517875
2022-03-04,0,,0.0,3.364041
2022-03-05,0,,0.25,4.074792
2022-03-06,0,,0.25,3.922666
2022-03-07,0,,8.25,2.150416
2022-03-08,0,,20.0,0.8500834
2022-03-09,0,,7.25,-1.121333
2022-03-10,0,,0.0,-2.552625
2022-03-11,0,,0.0,-3.0784
2022-03-12,0,,0.0,-5.0
2022-03-13,0,,0.0,-5.0
2022-03-14,0,,0.0,-3.0
2022-03-15,0,,0.0,-3.0
2022-03-16,0,,0.0,1.0
2022-03-17,0,,0.0,-1.0
2022-03-18,0,,0.0,-4.0
2022-03-19,0,,0.0,-3.0
2022-03-20,0,,0.0,-3.0
2022-03-21,0,,0.0,-1.0
2022-03-22,0,,0.0,0.0
2022-03-23,0,,0.0,0.0
2022-03-24,0,,0.0,0.0
2022-03-25,0,,0.0,3.0
2022-03-26,0,,0.0,6.0
2022-03-27,0,,0.0,7.0
2022-03-28,0,,0.0,12.7525
2022-03-29,0,,0.0,10.94708
2022-03-30,2,inflow_m3_statistical_outlier,0.0,12.90416
2022-03-31,2,inflow_m3_statistical_outlier,0.0,15.99542
2022-04-01,2,inflow_m3_statistical_outlier,0.0,18.69958
2022-04-02,2,inflow_m3_statistical_outlier,0.0,15.95125
2022-04-03,2,inflow_m3_statistical_outlier,0.0,10.22033
2022-04-04,2,inflow_m3_statistical_outlier,0.0,7.361582
2022-04-05,0,,0.0,7.858667
2022-04-06,0,,0.0,11.53003
2022-04-07,2,inflow_m3_statistical_outlier,0.75,14.38083
2022-04-08,2,inflow_m3_statistical_outlier,0.0,13.10542
2022-04-09,2,inflow_m3_statistical_outlier;evaporation_m3_statistical_outlier,0.0,17.81958
2022-04-10,2,inflow_m3_statistical_outlier,0.0,17.34171
2022-04-11,2,inflow_m3_statistical_outlier,6.75,3.66375
2022-04-12,0,,0.75,4.874338
2022-04-13,0,,0.0,7.056209
2022-04-14,0,,0.0,10.56321
2022-04-15,0,,0.0,13.92125
2022-04-16,0,,0.0,16.94542
2022-04-17,0,,0.0,9.218749
2022-04-18,0,,10.0,5.514292
2022-04-19,0,,8.25,4.001667
2022-04-20,0,,0.0,10.16646
2022-04-21,0,,0.0,10.82554
2022-04-22,0,,0.0,18.88334
2022-04-23,0,,0.0,18.73541
2022-04-24,0,,0.0,18.01583
2022-04-25,0,,0.0,19.18051
2022-04-26,0,,0.0,17.31957
2022-04-27,0,,0.0,16.23107
2022-04-28,0,,0.0,14.69333
2022-04-29,0,,0.0,11.90083
2022-04-30,0,,0.0,9.902917
2022-05-01,0,,0.0,9.662541
2022-05-02,0,,0.0,10.74958
2022-05-03,0,,0.0,8.630917
2022-05-04,0,,0.0,7.251208
2022-05-05,0,,0.0,10.00963
2022-05-06,0,,0.0,9.905
2022-05-07,0,,0.0,9.245292
2022-05-08,0,,0.0,10.66325
2022-05-09,0,,0.0,9.852999
2022-05-10,0,,0.0,11.71041
2022-05-11,0,,0.0,14.18958
2022-05-12,0,,0.0,17.23208
2022-05-13,0,,0.0,19.975
2022-05-14,0,,0.0,19.00375
2022-05-15,0,,0.0,18.475
2022-05-16,0,,0.0,18.37916
2022-05-17,0,,0.0,19.42792
2022-05-18,0,,12.5,13.13333
2022-05-19,0,,0.0,8.948251
2022-05-20,0,,0.0,14.28958
2022-05-21,0,,0.0,19.59125
2022-05-22,0,,0.0,19.23208
2022-05-23,0,,1.0,15.83833
2022-05-24,0,,0.25,18.11625
2022-05-25,0,,0.0,19.79917
2022-05-26,0,,0.0,22.57375
2022-05-27,0,,0.0,21.52458
2022-05-28,0,,0.0,23.12958
2022-05-29,0,,0.0,24.85041
2022-05-30,0,,0.0,22.54208
2022-05-31,0,,0.0,19.70875
2022-06-01,0,,0.0,19.70292
2022-06-02,0,,0.0,18.09333
2022-06-03,0,,0.0,18.94667
2022-06-04,0,,0.0,19.74833
2022-06-05,0,,0.0,20.51208
2022-06-06,0,,0.0,18.65833
2022-06-07,0,,0.25,16.11417
2022-06-08,0,,0.75,16.16667
2022-06-09,0,,0.5,20.65
2022-06-10,0,,1.5,22.10834
2022-06-11,0,,8.75,16.51833
2022-06-12,0,,13.75,16.7525
2022-06-13,0,,0.75,18.42042
2022-06-14,0,,0.0,20.39458
2022-06-15,0,,13.5,18.43208
2022-06-16,0,,0.0,16.88292
2022-06-17,0,,0.5,17.60625
2022-06-18,0,,0.0,17.80541
2022-06-19,0,,0.0,17.01708
2022-06-20,0,,0.25,17.74833
2022-06-21,0,,0.25,19.55167
2022-06-22,0,,0.0,21.6225
2022-06-23,0,,0.25,20.11667
2022-06-24,0,,8.5,17.58625
2022-06-25,0,,0.0,17.63
2022-06-26,0,,0.0,17.88416
2022-06-27,0,,37.75,17.92695
2022-06-28,0,,2.75,17.69958
2022-06-29,0,,11.0,17.40292
2022-06-30,0,,0.0,18.46125
2022-07-01,0,,0.0,20.40292
2022-07-02,0,,0.0,20.35167
2022-07-03,0,,0.0,18.04083
2022-07-04,0,,0.0,18.38875
2022-07-05,0,,0.0,19.27667
2022-07-06,0,,0.0,20.68583
2022-07-07,0,,0.0,20.41
2022-07-08,0,,1.75,20.12963
2022-07-09,0,,10.75,18.71125
2022-07-10,0,,5.25,16.61458
2022-07-11,0,,0.5,18.40542
2022-07-12,0,,0.0,18.69583
2022-07-13,0,,4.75,17.79083
2022-07-14,0,,0.0,19.08333
2022-07-15,0,,0.0,19.54208
2022-07-16,0,,0.0,19.97766
2022-07-17,0,,0.0,21.04958
2022-07-18,0,,0.0,17.90333
2022-07-19,0,,0.0,18.47875
2022-07-20,0,,0.0,18.73428
2022-07-21,0,,0.0,20.69375
2022-07-22,0,,0.0,20.64667
2022-07-23,0,,0.0,22.20292
2022-07-24,0,,0.0,22.26167
2022-07-25,0,,0.0,21.49167
2022-07-26,0,,0.0,21.86208
2022-07-27,0,,0.0,22.00384
2022-07-28,0,,0.0,21.81292
2022-07-29,0,,0.0,21.05417
2022-07-30,0,,0.0,21.61625
2022-07-31,0,,0.0,21.855
2022-08-01,0,,0.0,21.37167
2022-08-02,0,,0.0,20.95458
2022-08-03,0,,0.0,20.93083
2022-08-04,0,,1.25,20.02167
2022-08-05,0,,0.0,21.35917
2022-08-06,0,,0.0,21.47708
2022-08-07,0,,0.0,21.77667
2022-08-08,0,,10.75,22.53125
2022-08-09,0,,0.75,21.045
2022-08-10,0,,4.5,21.24125
2022-08-11,0,,1.0,18.94958
2022-08-12,0,,0.0,20.84542
2022-08-13,0,,0.5,20.21417
2022-08-14,0,,2.25,22.10583
2022-08-15,0,,7.75,19.51875
2022-08-16,0,,0.0,23.50125
2022-08-17,0,,0.0,24.25333
2022-08-18,0,,0.0,23.86083
2022-08-19,0,,0.0,21.87042
2022-08-20,0,,0.0,21.92792
2022-08-21,0,,0.0,21.98208
2022-08-22,0,,0.25,23.13167
2022-08-23,0,,0.0,24.04416
2022-08-24,0,,7.0,21.99084
2022-08-25,0,,0.0,21.07542
2022-08-26,0,,1.0,21.22958
2022-08-27,0,,0.0,21.9575
2022-08-28,0,,0.0,22.69
2022-08-29,0,,2.0,22.48208
2022-08-30,0,,0.0,22.65792
2022-08-31,0,,2.0,20.76459
2022-09-01,0,,0.25,21.08667
2022-09-02,0,,0.0,22.70292
2022-09-03,0,,6.5,20.59917
2022-09-04,0,,1.75,17.955
2022-09-05,0,,6.5,14.9225
2022-09-06,0,,9.5,15.46417
2022-09-07,0,,0.0,15.43208
2022-09-08,0,,0.0,16.76125
2022-09-09,0,,0.0,19.79458
2022-09-10,0,,0.0,22.81333
2022-09-11,0,,0.0,21.15375
2022-09-12,0,,12.75,15.51583
2022-09-13,0,,0.0,15.44875
2022-09-14,0,,0.0,17.44375
2022-09-15,0,,0.0,23.69041
2022-09-16,0,,0.0,25.565
2022-09-17,0,,0.0,26.13125
2022-09-18,0,,0.0,19.11667
2022-09-19,0,,0.0,14.7125
2022-09-20,0,,0.0,14.51583
2022-09-21,0,,15.25,13.35875
2022-09-22,0,,13.5,8.944917
2022-09-23,0,,4.75,10.33917
2022-09-24,0,,0.0,11.86417
2022-09-25,0,,0.0,15.88917
2022-09-26,0,,0.0,19.06375
2022-09-27,0,,0.0,20.73
2022-09-28,0,,2.0,19.08666
2022-09-29,0,,0.0,20.65292
2022-09-30,0,,0.0,21.75083
2022-10-01,0,,0.0,23.365
2022-10-02,0,,2.0,16.345
2022-10-03,0,,1.0,14.33
2022-10-04,0,,14.5,10.83667
2022-10-05,0,,0.0,11.98125
2022-10-06,0,,7.5,13.29375
2022-10-07,0,,38.75,12.60458
2022-10-08,0,,35.25,12.52583
2022-10-09,0,,0.25,12.36792
2022-10-10,0,,0.0,12.94292
2022-10-11,0,,0.0,12.94375
2022-10-12,0,,0.0,12.59333
2022-10-13,0,,0.0,12.92625
2022-10-14,0,,2.0,12.6575
2022-10-15,0,,22.25,12.22708
2022-10-16,1,precip_kartepe_mm_out_of_range;precip_kartepe_mm_imputed_linear,60.25,12.0225
2022-10-17,0,,7.75,12.0425
2022-10-18,0,,1.5,12.12917
2022-10-19,0,,3.0,12.12417
2022-10-20,0,,3.0,9.992541
2022-10-21,0,,0.0,7.716042
2022-10-22,0,,0.0,11.99708
2022-10-23,0,,0.0,14.59208
2022-10-24,0,,0.0,14.23625
2022-10-25,0,,0.0,15.48792
2022-10-26,0,,0.0,14.14417
2022-10-27,0,,0.0,11.5125
2022-10-28,0,,0.0,10.12367
2022-10-29,0,,0.0,9.445
2022-10-30,0,,0.0,11.79167
2022-10-31,0,,0.0,11.77417
2022-11-01,0,,0.0,10.67375
2022-11-02,0,,0.0,14.95792
2022-11-03,0,,0.0,12.83208
2022-11-04,0,,0.0,15.56375
2022-11-05,0,,0.0,18.13959
2022-11-06,0,,0.0,16.87917
2022-11-07,0,,1.75,10.34167
2022-11-08,0,,0.0,8.100458
2022-11-09,0,,0.0,7.957
2022-11-10,0,,0.0,8.360042
2022-11-11,0,,0.0,9.299957
2022-11-12,0,,0.0,9.230417
2022-11-13,0,,0.0,10.0
2022-11-14,0,,0.0,9.015042
2022-11-15,0,,0.0,8.821374
2022-11-16,0,,0.0,10.65708
2022-11-17,0,,5.0,13.89208
2022-11-18,0,,0.25,15.3775
2022-11-19,0,,0.0,17.68875
2022-11-20,0,,0.0,17.66958
2022-11-21,0,,4.5,14.50583
2022-11-22,0,,2.5,11.3175
2022-11-23,0,,3.25,12.11208
2022-11-24,0,,16.25,9.728
2022-11-25,0,,9.0,5.639333
2022-11-26,0,,6.25,4.614041
2022-11-27,0,,0.0,5.470959
2022-11-28,0,,8.75,7.709
2022-11-29,0,,0.0,9.135417
2022-11-30,0,,0.0,9.717501
2022-12-01,0,,0.0,10.68583
2022-12-02,0,,8.0,10.075
2022-12-03,0,,1.75,7.490876
2022-12-04,0,,0.25,7.377125
2022-12-05,0,,0.0,7.587334
2022-12-06,0,,0.25,6.766708
2022-12-07,0,,0.0,7.77925
2022-12-08,0,,0.0,11.46292
2022-12-09,0,,0.25,13.62583
2022-12-10,0,,0.0,13.76417
2022-12-11,0,,3.25,13.5075
2022-12-12,0,,0.5,12.06875
2022-12-13,0,,30.25,4.213833
2022-12-14,0,,0.75,7.516083
2022-12-15,0,,6.75,13.66167
2022-12-16,0,,0.0,14.53875
2022-12-17,0,,0.0,15.51292
2022-12-18,0,,5.0,9.124584
2022-12-19,0,,20.75,1.691292
2022-12-20,0,,2.25,0.9362917
2022-12-21,0,,0.0,3.263708
2022-12-22,0,,0.0,5.072543
2022-12-23,0,,0.0,6.064
2022-12-24,0,,0.0,7.1455
2022-12-25,0,,0.25,6.16925
2022-12-26,0,,0.0,5.621625
2022-12-27,0,,0.0,9.756541
2022-12-28,0,,0.25,6.725123
2022-12-29,0,,0.0,8.93825
2022-12-30,0,,0.0,9.116708
2022-12-31,0,,0.0,8.803
2023-01-01,0,,0.0,8.124416
2023-01-02,0,,0.0,9.182208
2023-01-03,0,,0.0,10.14708
2023-01-04,0,,0.0,6.884041
2023-01-05,0,,0.0,7.074543
2023-01-06,0,,0.0,6.289668
2023-01-07,0,,0.0,6.033542
2023-01-08,0,,0.0,5.2145
2023-01-09,0,,0.0,5.183792
2023-01-10,0,,0.0,8.819124
2023-01-11,0,,6.25,9.335416
2023-01-12,0,,0.25,8.530583
2023-01-13,0,,0.25,6.824667
2023-01-14,0,,0.0,5.780166
2023-01-15,0,,0.0,4.92675
2023-01-16,0,,0.0,7.760125
2023-01-17,0,,0.0,11.52946
2023-01-18,0,,0.0,12.92167
2023-01-19,0,,0.0,13.58458
2023-01-20,0,,0.0,11.14729
2023-01-21,0,,0.0,11.02804
2023-01-22,0,,0.0,10.54579
2023-01-23,0,,0.0,5.26875
2023-01-24,0,,0.0,3.231208
2023-01-25,0,,9.0,2.169167
2023-01-26,0,,0.5,8.457166
2023-01-27,0,,1.5,7.83675
2023-01-28,0,,13.25,3.465458
2023-01-29,0,,4.75,-0.1137917
2023-01-30,0,,5.0,-0.709625
2023-01-31,0,,0.25,-0.116375
2023-02-01,0,,45.5,0.4116249
2023-02-02,0,,0.0,2.216375
2023-02-03,0,,0.0,0.2358334
2023-02-04,0,,0.0,1.302083
2023-02-05,0,,32.25,0.8529167
2023-02-06,0,,16.5,-0.53225
2023-02-07,0,,27.75,-2.297213
2023-02-08,0,,45.75,-0.8684583
2023-02-09,0,,0.0,-3.7615935
2023-02-10,0,,0.0,-3.802917
2023-02-11,0,,0.0,-4.449269
2023-02-12,0,,0.0,-3.4479065
2023-02-13,0,,0.0,-3.86332625
2023-02-14,0,,0.0,-1.8637292
2023-02-15,0,,0.0,-3.468875
2023-02-16,0,,0.0,-2.132552
2023-02-17,0,,0.0,2.893875
2023-02-18,0,,0.0,5.7254685
2023-02-19,0,,0.0,10.43439
2023-02-20,0,,0.0,1.946594925
2023-02-21,0,,0.0,6.256156
2023-02-22,0,,0.0,7.2904405
2023-02-23,0,,0.0,5.88405
2023-02-24,0,,0.0,7.815738250000001
2023-02-25,0,,0.0,11.25167
2023-02-26,0,,0.0,12.12917
2023-02-27,2,inflow_m3_statistical_outlier,0.0,13.605
2023-02-28,0,,0.0,11.94375
2023-03-01,2,inflow_m3_statistical_outlier,0.0,6.198334
2023-03-02,0,,0.0,4.381374
2023-03-03,0,,0.0,5.596749
2023-03-04,0,,0.0,8.065042
2023-03-05,0,,23.5,6.715458
2023-03-06,0,,1.5,7.238292
2023-03-07,0,,0.25,10.03896
2023-03-08,0,,0.75,11.50261
2023-03-09,0,,0.0,11.8625
2023-03-10,0,,0.0,13.88417
2023-03-11,0,,22.75,10.64508
2023-03-12,0,,9.0,10.64508
2023-03-13,0,,0.5,2.117917
2023-03-14,0,,0.0,4.284083
2023-03-15,0,,0.0,5.993562
2023-03-16,0,,7.25,7.703041
2023-03-17,2,inflow_m3_statistical_outlier,44.0,4.189042
2023-03-18,2,inflow_m3_statistical_outlier,15.25,4.436125
2023-03-19,2,inflow_m3_statistical_outlier,15.5,5.696249
2023-03-20,2,inflow_m3_statistical_outlier,1.0,7.201834
2023-03-21,0,,0.0,11.81083
2023-03-22,0,,0.25,7.498217
2023-03-23,0,,5.0,5.495883
2023-03-24,0,,0.0,9.561996
2023-03-25,0,,0.0,12.75167
2023-03-26,0,,3.25,9.780625
2023-03-27,0,,8.5,14.77617
2023-03-28,0,,39.75,3.334666
2023-03-29,0,,46.5,-0.329708332
2023-03-30,0,,1.25,1.091042
2023-03-31,0,,0.0,9.150584
2023-04-01,0,,0.0,14.89792
2023-04-02,0,,10.95,11.75228
2023-04-03,0,,0.0,15.21208
2023-04-04,0,,6.0,11.80292
2023-04-05,0,,4.0,5.240584
2023-04-06,0,,3.0,7.625332
2023-04-07,0,,0.0,5.112792
2023-04-08,0,,0.0,8.007292
2023-04-09,0,,0.1,6.638916
2023-04-10,0,,0.0,5.820917
2023-04-11,0,,3.0,6.190542
2023-04-12,0,,1.5,7.038125
2023-04-13,0,,0.0,11.12138
2023-04-14,0,,0.0,17.42667
2023-04-15,0,,0.0,18.03833
2023-04-16,0,,0.0,17.08083
2023-04-17,0,,0.0,15.03417
2023-04-18,0,,0.0,12.99
2023-04-19,0,,0.0,10.81042
2023-04-20,0,,0.0,10.24
2023-04-21,0,,0.0,10.50304
2023-04-22,0,,0.0,10.0
2023-04-23,0,,0.0,10.1
2023-04-24,0,,0.0,9.5
2023-04-25,0,,0.7,11.0
2023-04-26,0,,5.75,11.0525
2023-04-27,2,inflow_m3_statistical_outlier,43.5,6.779624
2023-04-28,0,,1.0,6.140292
2023-04-29,0,,2.25,6.064791
2023-04-30,0,,0.0,11.52625
2023-05-01,0,,0.0,13.07542
2023-05-02,0,,0.0,14.44667
2023-05-03,0,,1.0,19.245
2023-05-04,0,,1.0,14.67454
2023-05-05,0,,2.0,9.314583
2023-05-06,0,,0.0,8.969791
2023-05-07,0,,1.0,8.9
2023-05-08,0,,1.0,8.86
2023-05-09,0,,2.0,8.82
2023-05-10,0,,2.0,8.76
2023-05-11,0,,1.0,8.72
2023-05-12,0,,6.0,8.683874
2023-05-13,0,,0.75,10.06
2023-05-14,0,,0.0,14.42125
2023-05-15,0,,0.0,20.07916
2023-05-16,0,,0.0,21.505
2023-05-17,0,,25.25,15.24292
2023-05-18,0,,2.5,12.165
2023-05-19,0,,0.5,11.57833
2023-05-20,0,,0.0,13.20917
2023-05-21,0,,0.5,14.46125
2023-05-22,0,,1.0,12.6575
2023-05-23,0,,2.5,12.84125
2023-05-24,0,,1.0,13.65167
2023-05-25,0,,0.0,14.81
2023-05-26,0,,0.0,16.38972
2023-05-27,0,,1.0,14.99291
2023-05-28,0,,1.25,14.70833
2023-05-29,0,,2.5,14.61375
2023-05-30,0,,3.0,15.90625
2023-05-31,0,,0.0,16.59292
2023-06-01,0,,0.0,17.0916
2023-06-02,0,,6.25,17.81708
2023-06-03,0,,30.75,15.56333
2023-06-04,0,,6.25,14.34208
2023-06-05,0,,0.0,14.81458
2023-06-06,0,,0.0,15.50042
2023-06-07,0,,0.0,16.61708
2023-06-08,0,,7.5,16.89708
2023-06-09,0,,0.25,15.97208
2023-06-10,0,,0.0,20.99333
2023-06-11,0,,0.0,20.0
2023-06-12,0,,6.0,18.0
2023-06-13,0,,3.0,17.0
2023-06-14,0,,2.0,19.0
2023-06-15,0,,0.0,18.93209
2023-06-16,0,,3.25,20.915
2023-06-17,0,,33.5,18.08875
2023-06-18,0,,8.0,17.35625
2023-06-19,0,,8.75,17.6662
2023-06-20,0,,0.25,18.10208
2023-06-21,0,,0.0,19.52333
2023-06-22,0,,0.0,20.02083
2023-06-23,0,,0.0,21.36417
2023-06-24,0,,0.0,22.705
2023-06-25,0,,0.0,21.6825
2023-06-26,0,,2.25,20.22417
2023-06-27,0,,0.0,19.03917
2023-06-28,0,,0.0,20.85958
2023-06-29,0,,6.25,16.22584
2023-06-30,0,,0.0,19.23875
2023-07-01,0,,0.0,21.35542
2023-07-02,0,,0.0,24.41167
2023-07-03,0,,0.0,22.55375
2023-07-04,0,,0.0,22.14792
2023-07-05,0,,5.25,21.45792
2023-07-06,0,,0.0,21.59125
2023-07-07,0,,37.25,23.205
2023-07-08,0,,79.5,17.17083
2023-07-09,2,inflow_m3_statistical_outlier,12.75,15.40375
2023-07-10,0,,0.0,19.72208
2023-07-11,0,,0.0,22.90542
2023-07-12,0,,0.0,24.34542
2023-07-13,0,,0.0,26.20667
2023-07-14,0,,0.0,25.88625
2023-07-15,0,,0.0,22.29334
2023-07-16,0,,0.0,20.6
2023-07-17,0,,0.0,20.92583
2023-07-18,0,,0.0,20.675
2023-07-19,0,,0.0,22.95041
2023-07-20,0,,0.0,25.41917
2023-07-21,0,,0.0,24.16292
2023-07-22,0,,0.0,27.01583
2023-07-23,0,,0.0,24.63125
2023-07-24,0,,0.0,21.06042
2023-07-25,0,,0.0,25.21333
2023-07-26,0,,0.0,30.0575
2023-07-27,0,,3.0,18.96875
2023-07-28,0,,0.0,19.02458
2023-07-29,0,,0.0,19.18875
2023-07-30,0,,0.0,19.35625
2023-07-31,0,,0.0,20.41375
2023-08-01,0,,0.0,21.51208
2023-08-02,0,,0.0,24.46583
2023-08-03,0,,0.0,26.57583
2023-08-04,0,,0.0,26.32167
2023-08-05,2,outflow_treatment_m3_statistical_outlier,0.0,28.14292
2023-08-06,2,outflow_treatment_m3_statistical_outlier,0.0,26.07583
2023-08-07,2,outflow_treatment_m3_statistical_outlier,0.0,23.4025
2023-08-08,0,,10.5,19.81
2023-08-09,0,,12.75,17.90125
2023-08-10,0,,3.0,18.92625
2023-08-11,0,,18.5,18.07084
2023-08-12,0,,1.75,19.05042
2023-08-13,0,,2.25,21.40917
2023-08-14,0,,0.5,22.265
2023-08-15,0,,0.0,24.05458
2023-08-16,0,,0.0,22.72958
2023-08-17,0,,0.0,22.62583
2023-08-18,0,,0.0,22.43542
2023-08-19,0,,0.0,21.47083
2023-08-20,0,,0.0,22.17709
2023-08-21,0,,0.0,23.15792
2023-08-22,0,,0.0,24.275
2023-08-23,0,,0.0,22.94917
2023-08-24,0,,0.0,21.51917
2023-08-25,0,,0.0,22.015
2023-08-26,0,,0.0,22.03333
2023-08-27,0,,0.0,21.62417
2023-08-28,0,,0.0,20.23125
2023-08-29,0,,0.0,23.94625
2023-08-30,0,,0.0,25.30542
2023-08-31,0,,0.0,23.58125
2023-09-01,0,,0.0,21.33167
2023-09-02,0,,6.5,20.96875
2023-09-03,0,,15.75,17.9975
2023-09-04,0,,0.0,19.43
2023-09-05,0,,0.0,20.45792
2023-09-06,0,,0.0,20.06083
2023-09-07,0,,0.25,19.43666
2023-09-08,0,,0.0,17.72083
2023-09-09,0,,0.0,17.36458
2023-09-10,0,,0.0,16.8125
2023-09-11,0,,0.0,16.19958
2023-09-12,0,,0.0,16.17
2023-09-13,0,,0.0,17.70292
2023-09-14,0,,0.0,18.47
2023-09-15,0,,0.0,18.40958
2023-09-16,0,,0.0,17.96542
2023-09-17,0,,0.0,17.21042
2023-09-18,0,,0.0,16.40708
2023-09-19,0,,0.0,16.335
2023-09-20,0,,0.0,16.56833
2023-09-21,0,,0.0,17.26792
2023-09-22,0,,0.0,21.42208
2023-09-23,0,,0.0,22.41042
2023-09-24,0,,0.0,19.54
2023-09-25,0,,0.0,18.865
2023-09-26,0,,0.0,18.47709
2023-09-27,0,,1.0,18.225
2023-09-28,0,,1.5,17.7987
2023-09-29,0,,8.75,17.24333
2023-09-30,0,,44.0,16.52333
2023-10-01,0,,52.0,15.30375
2023-10-02,0,,12.25,13.74708
2023-10-03,0,,0.25,13.86125
2023-10-04,0,,0.0,13.685
2023-10-05,0,,0.0,14.52708
2023-10-06,0,,0.0,15.23417
2023-10-07,0,,0.0,15.74125
2023-10-08,0,,4.0,17.17625
2023-10-09,0,,3.5,10.745
2023-10-10,0,,1.75,12.42125
2023-10-11,0,,0.25,11.91044
2023-10-12,0,,0.0,14.13542
2023-10-13,0,,0.0,14.70917
2023-10-14,0,,0.0,14.60458
2023-10-15,0,,0.0,16.09334
2023-10-16,0,,17.5,11.34875
2023-10-17,0,,7.5,11.4675
2023-10-18,0,,22.0,11.22125
2023-10-19,0,,0.0,12.76375
2023-10-20,0,,0.0,18.9125
2023-10-21,0,,0.0,21.33667
2023-10-22,0,,0.0,21.73125
2023-10-23,0,,0.0,20.34708
2023-10-24,0,,0.0,18.5475
2023-10-25,0,,0.0,20.645
2023-10-26,0,,0.25,19.53
2023-10-27,0,,0.0,19.70417
2023-10-28,0,,0.0,19.48709
2023-10-29,0,,0.0,17.56917
2023-10-30,0,,0.0,17.66916
2023-10-31,0,,0.0,18.29667
2023-11-01,0,,0.0,17.49042
2023-11-02,0,,10.75,14.81125
2023-11-03,0,,0.0,18.73833
2023-11-04,0,,8.75,19.06417
2023-11-05,0,,0.0,16.69958
2023-11-06,0,,0.0,17.52917
2023-11-07,0,,0.0,16.88375
2023-11-08,0,,3.5,17.32583
2023-11-09,0,,9.0,9.169168
2023-11-10,0,,0.0,13.62667
2023-11-11,0,,23.0,15.57292
2023-11-12,0,,0.25,13.45958
2023-11-13,0,,21.25,11.13079
2023-11-14,0,,0.0,11.46379
2023-11-15,0,,23.75,14.40417
2023-11-16,0,,4.75,8.27125
2023-11-17,0,,0.0,10.675
2023-11-18,0,,55.5,6.275459
2023-11-19,0,,18.25,1.68
2023-11-20,0,,0.0,6.036333
2023-11-21,0,,0.0,11.21408
2023-11-22,0,,3.25,14.08458
2023-11-23,0,,4.75,11.06417
2023-11-24,0,,4.25,13.135
2023-11-25,0,,12.75,11.62667
2023-11-26,0,,15.75,2.064667
2023-11-27,0,,1.25,0.1879583
2023-11-28,0,,3.75,6.88375
2023-11-29,0,,53.5,10.99375
2023-11-30,0,,1.25,10.25354
2023-12-01,0,,0.0,14.93458
2023-12-02,0,,0.0,17.10458
2023-12-03,0,,0.0,14.915
2023-12-04,0,,2.0,6.922958
2023-12-05,0,,0.5,6.730125
2023-12-06,0,,1.5,8.325625
2023-12-07,0,,21.25,9.599584
2023-12-08,0,,47.75,5.948542
2023-12-09,2,inflow_m3_out_of_range;inflow_m3_statistical_outlier,46.25,4.012709
2023-12-10,2,inflow_m3_statistical_outlier,1.25,6.413292
2023-12-11,0,,0.0,7.0815
2023-12-12,0,,0.0,7.246332
2023-12-13,0,,0.0,10.1405
2023-12-14,0,,0.0,15.31167
2023-12-15,0,,0.0,10.223
2023-12-16,0,,35.5,4.818542
2023-12-17,0,,5.75,1.456417
2023-12-18,0,,0.0,5.309291
2023-12-19,0,,0.0,9.025584
2023-12-20,0,,0.0,10.36292
2023-12-21,0,,0.0,9.354416
2023-12-22,0,,13.25,10.18875
2023-12-23,0,,0.0,9.299251
2023-12-24,0,,0.0,7.451168
2023-12-25,0,,0.0,13.34458
2023-12-26,0,,0.0,13.15292
2023-12-27,0,,0.0,11.13292
2023-12-28,0,,0.0,9.855
2023-12-29,0,,0.0,11.58292
2023-12-30,0,,0.0,11.12
2023-12-31,0,,0.0,11.06917
