date,qa_flag,notes,precip_aytepe_mm,temp_aytepe_c,snow_aytepe_cm
2006-01-01,0,,0.0,4.522975694444444,0.0
2006-01-02,0,,0.0,6.902444444444445,0.0
2006-01-03,0,,0.0,8.540422453703703,0.0
2006-01-04,0,,0.0,7.39740625,0.0
2006-01-05,0,,0.8,5.191829861111112,0.0
2006-01-06,0,,0.0,4.468385416666666,0.0
2006-01-07,0,,5.2,-1.4203506944444444,3.678819444444444
2006-01-08,0,,4.8,-1.9296840277777776,12.494097222222225
2006-01-09,0,,0.2,-3.038965277777777,15.595833333333331
2006-01-10,0,,0.6,-2.881388888888889,15.857291666666663
2006-01-11,0,,2.2,-2.990434027777777,18.103125
2006-01-12,0,,4.8,-1.87753125,31.09131944444444
2006-01-13,0,,2.4,-2.561493055555555,10.35464015151515
2006-01-14,0,,0.4,-3.132888888888889,0.0
2006-01-15,0,,0.0,-3.959142361111111,0.0
2006-01-16,0,,0.0,-3.2263923611111114,51.91960227272726
2006-01-17,0,,0.0,-2.749111111111111,50.5079861111111
2006-01-18,0,,6.2,-0.1683159722222222,51.83263888888888
2006-01-19,0,,15.2,-1.556565972222222,55.83958333333333
2006-01-20,0,,0.0,-5.095493055555555,65.79583333333335
2006-01-21,0,,0.2,-1.9457847222222224,63.192708333333336
2006-01-22,0,,0.0,-0.7387673611111113,59.29236111111111
2006-01-23,0,,0.2,-6.3530138888888885,57.17187500000001
2006-01-24,0,,0.0,-6.97038888888889,55.726041666666646
2006-01-25,0,,0.0,-5.680309027777779,46.46234848484848
2006-01-26,0,,4.0,-6.343472222222222,0.0
2006-01-27,0,,0.2,-6.987114583333334,0.0
2006-01-28,0,,2.8,-5.127795138888889,101.14027777777778
2006-01-29,0,,0.0,-3.982659722222222,105.86875000000002
2006-01-30,0,,0.0,-1.243097222222222,100.95625
2006-01-31,0,,0.0,1.6106388888888885,96.2371527777778
2006-02-01,0,,0.0,0.078763888888889,91.7871527777778
2006-02-02,0,,0.0,0.981673611111111,88.87187499999999
2006-02-03,0,,0.0,1.7324722222222222,86.25208333333335
2006-02-04,0,,0.0,-0.0094652777777777,84.103125
2006-02-05,0,,0.8,-1.0328333333333335,82.20972222222224
2006-02-06,0,,1.6,-4.63267013888889,70.98361742424242
2006-02-07,0,,0.0,-4.714055555555556,0.0
2006-02-08,0,,0.0,-4.043545138888888,0.0
2006-02-09,0,,7.0,-1.98015625,106.8840909090909
2006-02-10,0,,40.8,-0.0797986111111111,114.20988005050503
2006-02-11,0,,0.2,-2.3701527777777778,112.90104166666669
2006-02-12,0,,2.2,-3.937034722222222,112.20691287878788
2006-02-13,0,,1.8,-5.065565972222222,111.35304292929293
2006-02-14,0,,0.8,-7.0137881944444445,118.37915734728234
2006-02-15,0,,1.0,-8.621486111111112,122.89465337902838
2006-02-16,0,,0.4,-5.772076388888888,124.25905934343432
2006-02-17,0,,0.0,0.5137430555555554,117.94999999999996
2006-02-18,0,,1.8,5.26484375,108.03298611111114
2006-02-19,0,,0.0,5.198416666666666,98.68020833333334
2006-02-20,0,,0.0,5.941885416666666,90.47534722222224
2006-02-21,0,,0.0,6.137354166666667,87.97777777777776
2006-02-22,0,,0.0,6.82792013888889,85.72222222222223
2006-02-23,0,,0.0,7.641052083333332,81.70416666666665
2006-02-24,0,,0.2,7.509210493827161,57.67442129629631
2006-02-25,2,inflow_m3_statistical_outlier,0.0,7.509210493827161,0.0
2006-02-26,2,inflow_m3_statistical_outlier,0.0,5.343595910493827,0.0
2006-02-27,2,inflow_m3_statistical_outlier,2.6,4.142206349206349,50.472916666666656
2006-02-28,2,inflow_m3_statistical_outlier,5.0,5.8295,52.56041666666668
2006-03-01,2,inflow_m3_statistical_outlier,5.6,4.709708333333333,44.79618055555555
2006-03-02,2,inflow_m3_statistical_outlier,0.2,6.376399305555555,39.00138888888888
2006-03-03,2,inflow_m3_statistical_outlier,26.6,0.6558472222222222,33.079166666666666
2006-03-04,0,,0.0,5.288628472222221,31.046875
2006-03-05,0,,0.0,9.18039236111111,28.61631944444444
2006-03-06,0,,0.0,10.189513888888888,24.682291666666664
2006-03-07,0,,7.8,3.739131944444445,20.15798611111111
2006-03-08,0,,0.8,-3.617373737373738,20.239741161616163
2006-03-09,0,,0.0,-6.034159722222221,33.61145833333334
2006-03-10,0,,8.6,1.0968993055555556,30.14756944444445
2006-03-11,2,inflow_m3_statistical_outlier,12.4,5.614000000000001,21.966319444444448
2006-03-12,2,inflow_m3_statistical_outlier,4.8,8.673784722222223,11.478819444444444
2006-03-13,2,inflow_m3_statistical_outlier,1.4,6.16182638888889,5.516666666666668
2006-03-14,2,inflow_m3_statistical_outlier,14.8,0.4233020833333333,1.1274305555555555
2006-03-15,0,,1.8,-1.456314393939394,0.0052083333333333
2006-03-16,0,,2.8,-0.681282196969697,8.259722222222221
2006-03-17,0,,0.2,-0.1897569444444444,6.103472222222222
2006-03-18,0,,1.8,-0.7030034722222221,4.773958333333333
2006-03-19,0,,2.0,-0.2638611111111111,6.350347222222223
2006-03-20,0,,0.0,4.958170138888888,4.010763888888888
2006-03-21,0,,0.0,7.796864583333334,0.2274305555555555
2006-03-22,0,,0.0,13.25107638888889,0.0
2006-03-23,0,,0.0,11.613822916666669,0.0
2006-03-24,0,,2.0,0.4639652777777776,0.0
2006-03-25,0,,0.0,-0.2138055555555555,0.0
2006-03-26,0,,0.0,2.3073125,0.0
2006-03-27,0,,0.0,5.815086805555555,0.0
2006-03-28,0,,0.0,9.08789236111111,0.0
2006-03-29,0,,0.0,12.832381944444442,0.0
2006-03-30,0,,0.4,6.036875,0.0
2006-03-31,0,,0.0,8.80162152777778,0.0
2006-04-01,0,,0.0,7.996493055555555,0.0
2006-04-02,0,,0.0,8.731097222222223,0.0
2006-04-03,0,,0.0,8.470611111111111,0.0
2006-04-04,0,,0.0,3.475652777777776,0.0
2006-04-05,0,,0.0,4.121010416666667,0.0
2006-04-06,0,,0.0,13.422465277777777,0.0
2006-04-07,0,,0.0,14.21847222222222,0.0
2006-04-08,0,,0.6,6.08890625,0.0
2006-04-09,0,,0.0,2.3924618055555555,0.0
2006-04-10,0,,0.0,4.056159722222223,0.0
2006-04-11,0,,0.2,14.513125,0.0
2006-04-12,0,,2.2,13.663725694444445,0.0
2006-04-13,0,,0.0,11.085381944444444,0.0
2006-04-14,0,,1.4,6.444343750000001,0.0
2006-04-15,0,,0.0,9.72369097222222,0.0
2006-04-16,0,,0.0,11.992604166666668,0.0
2006-04-17,0,,0.0,11.794479166666669,0.0
2006-04-18,0,,0.0,13.679201388888886,0.0
2006-04-19,0,,0.0,15.027569444444447,0.0
2006-04-20,0,,0.0,9.434576388888887,0.0
2006-04-21,0,,0.0,8.487420138888888,0.0
2006-04-22,0,,0.0,8.129475694444443,0.0
2006-04-23,0,,0.0,5.632489583333334,0.0
2006-04-24,0,,0.2,4.736336805555555,0.0
2006-04-25,0,,0.0,4.487090277777778,0.0
2006-04-26,0,,0.0,4.684545138888889,0.0
2006-04-27,0,,0.0,6.116805555555557,0.0
2006-04-28,0,,0.0,6.408795138888888,0.0
2006-04-29,0,,3.2,4.645805555555556,0.0
2006-04-30,0,,0.0,5.887322916666668,0.0
2006-05-01,0,,0.2,5.93234375,0.0
2006-05-02,0,,1.8,4.567638888888889,0.0
2006-05-03,0,,0.0,3.482520833333334,0.0
2006-05-04,0,,0.0,3.124121527777778,0.0
2006-05-05,0,,0.0,2.5004678571428576,0.0
2006-05-06,0,,0.0,3.92,0.0
2006-05-07,2,outflow_treatment_m3_statistical_outlier,0.0,4.789921568627451,0.0
2006-05-08,0,,2.2,7.704340277777777,0.0
2006-05-09,0,,0.2,9.139951388888887,0.0
2006-05-10,0,,0.0,13.940451388888889,0.0
2006-05-11,0,,0.0,12.345649305555552,0.0
2006-05-12,0,,7.4,10.01946875,0.0
2006-05-13,0,,0.8,8.297923611111111,0.0
2006-05-14,0,,0.2,12.01409722222222,0.0
2006-05-15,0,,0.0,12.0663125,0.0
2006-05-16,0,,0.0,7.712802083333333,0.0
2006-05-17,0,,0.0,11.92767361111111,0.0
2006-05-18,0,,0.0,13.07479166666667,0.0
2006-05-19,0,,0.0,14.462847222222225,0.0
2006-05-20,0,,2.0,16.40190972222222,0.0
2006-05-21,0,,0.0,20.282847222222223,0.0
2006-05-22,0,,0.0,18.93510416666667,0.0
2006-05-23,2,outflow_treatment_m3_statistical_outlier,0.0,17.796006944444446,0.0
2006-05-24,0,,0.0,18.757951388888888,0.0
2006-05-25,0,,0.0,17.73920138888889,0.0
2006-05-26,0,,0.0,12.779618055555558,0.0
2006-05-27,0,,0.0,14.230868055555554,0.0
2006-05-28,0,,0.0,15.944444444444445,0.0
2006-05-29,0,,0.0,19.967152777777777,0.0
2006-05-30,0,,0.0,21.469618055555557,0.0
2006-05-31,2,evaporation_m3_statistical_outlier,0.0,20.53239583333333,0.0
2006-06-01,0,,0.0,19.610555555555557,0.0
2006-06-02,2,evaporation_m3_statistical_outlier,0.0,25.826736111111103,0.0
2006-06-03,2,evaporation_m3_statistical_outlier,0.0,22.620729166666663,0.0
2006-06-04,2,evaporation_m3_statistical_outlier,0.0,17.58597222222222,0.0
2006-06-05,0,,0.0,14.951319444444444,0.0
2006-06-06,0,,0.0,11.7790625,0.0
2006-06-07,0,,0.2,10.82944444444444,0.0
2006-06-08,0,,8.0,11.290791666666664,0.0
2006-06-09,0,,13.8,10.4634375,0.0
2006-06-10,0,,3.0,10.158229166666668,0.0
2006-06-11,0,,0.4,11.496805555555554,0.0
2006-06-12,0,,0.2,12.094791666666666,0.0
2006-06-13,0,,13.2,9.091395833333335,0.0
2006-06-14,0,,3.2,10.0546875,0.0
2006-06-15,0,,2.8,11.750659722222222,0.0
2006-06-16,0,,0.0,13.70253472222222,0.0
2006-06-17,0,,0.0,16.561180555555556,0.0
2006-06-18,2,evaporation_m3_statistical_outlier,0.0,18.4740625,0.0
2006-06-19,2,evaporation_m3_statistical_outlier,0.0,19.26427083333333,0.0
2006-06-20,0,,0.0,18.52086805555556,0.0
2006-06-21,0,,0.0,15.381840277777783,0.0
2006-06-22,0,,0.0,15.520104166666664,0.0
2006-06-23,0,,0.0,16.41989583333333,0.0
2006-06-24,0,,0.0,16.237465277777776,0.0
2006-06-25,0,,0.0,16.479375,0.0
2006-06-26,0,,0.0,17.478854166666665,0.0
2006-06-27,0,,0.4,17.718333333333337,0.0
2006-06-28,0,,25.6,16.93,0.0
2006-06-29,0,,0.0,18.87869047619048,0.0
2006-06-30,0,,0.0,18.88352941176471,0.0
2006-07-01,0,,0.0,19.333611111111114,0.0
2006-07-02,0,,3.4,17.88201388888889,0.0
2006-07-03,0,,0.6,10.84590277777778,0.0
2006-07-04,0,,0.0,11.191770833333337,0.0
2006-07-05,2,outflow_treatment_m3_statistical_outlier,0.0,13.409513888888888,0.0
2006-07-06,0,,0.0,13.143020833333331,0.0
2006-07-07,0,,0.0,14.712708333333332,0.0
2006-07-08,0,,0.0,15.2690625,0.0
2006-07-09,0,,0.0,14.211423611111115,0.0
2006-07-10,0,,0.0,14.273368055555556,0.0
2006-07-11,0,,0.0,14.927048611111111,0.0
2006-07-12,0,,0.4,16.838333333333335,0.0
2006-07-13,0,,0.2,16.859131944444442,0.0
2006-07-14,0,,0.0,17.206527777777776,0.0
2006-07-15,0,,0.0,17.624895833333337,0.0
2006-07-16,0,,0.0,16.916319444444444,0.0
2006-07-17,0,,0.0,15.1659375,0.0
2006-07-18,0,,0.0,13.891701388888889,0.0
2006-07-19,2,outflow_treatment_m3_statistical_outlier,3.8,14.578541666666666,0.0
2006-07-20,0,,0.2,15.99604166666667,0.0
2006-07-21,0,,0.0,16.141388888888887,0.0
2006-07-22,0,,0.0,15.00784722222222,0.0
2006-07-23,0,,0.0,14.964131944444444,0.0
2006-07-24,0,,0.2,16.95090277777778,0.0
2006-07-25,0,,0.0,17.34965277777778,0.0
2006-07-26,0,,0.0,17.613472222222217,0.0
2006-07-27,0,,0.2,17.51711805555556,0.0
2006-07-28,2,outflow_treatment_m3_statistical_outlier,0.0,18.578506944444445,0.0
2006-07-29,0,,0.0,18.904479166666665,0.0
2006-07-30,0,,0.0,18.211111111111112,0.0
2006-07-31,0,,0.0,17.096875,0.0
2006-08-01,0,,0.0,17.70885416666667,0.0
2006-08-02,0,,0.0,18.534548611111116,0.0
2006-08-03,0,,0.0,20.013541666666672,0.0
2006-08-04,0,,0.0,24.71038194444444,0.0
2006-08-05,2,evaporation_m3_statistical_outlier,0.0,27.23930555555556,0.0
2006-08-06,2,evaporation_m3_statistical_outlier,0.0,25.31621527777777,0.0
2006-08-07,0,,0.0,21.192569444444445,0.0
2006-08-08,0,,0.2,19.65211805555556,0.0
2006-08-09,0,,0.0,19.29322916666667,0.0
2006-08-10,0,,0.0,22.213194444444444,0.0
2006-08-11,0,,0.0,21.925,0.0
2006-08-12,0,,0.0,18.45392361111111,0.0
2006-08-13,0,,0.0,18.782881944444444,0.0
2006-08-14,0,,0.0,20.573958333333334,0.0
2006-08-15,0,,0.2,18.7528125,0.0
2006-08-16,0,,0.0,18.571770833333336,0.0
2006-08-17,0,,0.0,20.426597222222217,0.0
2006-08-18,0,,0.2,19.93371527777777,0.0
2006-08-19,0,,0.0,19.7540625,0.0
2006-08-20,0,,0.0,22.699479166666677,0.0
2006-08-21,0,,0.0,24.077222222222225,0.0
2006-08-22,0,,0.0,20.261354166666667,0.0
2006-08-23,0,,0.0,17.36909722222222,0.0
2006-08-24,0,,0.0,17.446805555555557,0.0
2006-08-25,0,,0.0,18.98211805555556,0.0
2006-08-26,0,,0.0,21.548263888888886,0.0
2006-08-27,0,,0.0,23.65902777777778,0.0
2006-08-28,0,,7.6,19.055729166666666,0.0
2006-08-29,0,,0.0,18.04048611111111,0.0
2006-08-30,0,,0.2,21.629791666666677,0.0
2006-08-31,0,,8.2,10.62861111111111,0.0
2006-09-01,0,,14.4,10.004895833333334,0.0
2006-09-02,0,,6.8,11.179027777777778,0.0
2006-09-03,0,,0.0,14.581006944444445,0.0
2006-09-04,0,,0.0,18.122881944444444,0.0
2006-09-05,0,,0.0,19.170625,0.0
2006-09-06,0,,0.0,14.963715277777782,0.0
2006-09-07,0,,0.0,13.848055555555554,0.0
2006-09-08,0,,0.0,15.037708333333336,0.0
2006-09-09,0,,0.2,14.982291666666663,0.0
2006-09-10,0,,0.8,12.27864583333333,0.0
2006-09-11,0,,0.2,11.947222222222225,0.0
2006-09-12,0,,0.0,12.149409722222224,0.0
2006-09-13,0,,0.0,12.673055555555557,0.0
2006-09-14,0,,0.0,12.10621527777778,0.0
2006-09-15,0,,0.0,12.665833333333332,0.0
2006-09-16,0,,0.0,13.360590277777776,0.0
2006-09-17,0,,0.2,18.444131944444447,0.0
2006-09-18,0,,7.4,17.64229166666667,0.0
2006-09-19,0,,1.6,14.94916666666667,0.0
2006-09-20,0,,10.2,15.064756944444442,0.0
2006-09-21,0,,0.6,12.561041666666666,0.0
2006-09-22,0,,1.6,12.800729166666663,0.0
2006-09-23,0,,4.8,12.9453125,0.0
2006-09-24,0,,8.6,13.308944444444444,0.0
2006-09-25,0,,3.2,11.760972222222223,0.0
2006-09-26,0,,0.0,14.183999999999996,0.0
2006-09-27,0,,0.2,17.123988095238097,0.0
2006-09-28,0,,5.6,15.989097222222222,0.0
2006-09-29,0,,10.8,13.534826388888892,0.0
2006-09-30,0,,0.4,12.112881944444444,0.0
2006-10-01,0,,0.2,10.911736111111107,0.0
2006-10-02,0,,0.0,11.694166666666666,0.0
2006-10-03,0,,0.0,13.543507130124777,0.0
2006-10-04,0,,0.0,18.217534722222226,0.0
2006-10-05,0,,0.0,19.710347222222225,0.0
2006-10-06,0,,0.0,15.72125,0.0
2006-10-07,0,,0.0,13.268472222222224,0.0
2006-10-08,0,,0.4,13.8409375,0.0
2006-10-09,0,,4.8,13.053645833333333,0.0
2006-10-10,0,,0.4,11.55284722222222,0.0
2006-10-11,0,,0.4,10.770555555555552,0.0
2006-10-12,0,,0.2,10.059652777777776,0.0
2006-10-13,0,,6.8,9.123305555555554,0.0
2006-10-14,0,,27.0,8.119322916666667,0.0
2006-10-15,0,,0.2,6.706916666666667,0.0
2006-10-16,0,,12.6,6.768274678604223,0.0
2006-10-17,0,,12.4,4.700836805555555,0.0
2006-10-18,0,,5.2,6.059847222222223,0.0
2006-10-19,0,,0.0,10.459559027777775,0.0
2006-10-20,0,,0.0,9.789239130434783,0.0
2006-10-21,0,,0.0,11.875572916666666,0.0
2006-10-22,0,,4.2,12.946666666666667,0.0
2006-10-23,0,,0.2,11.770611111111112,0.0
2006-10-24,0,,0.0,12.910944444444445,0.0
2006-10-25,0,,0.0,13.421,0.0
2006-10-26,0,,1.0,9.604465277777775,0.0
2006-10-27,2,outflow_treatment_m3_statistical_outlier,10.4,6.993451388888889,0.0
2006-10-28,0,,0.2,8.095674603174603,0.0
2006-10-29,0,,0.0,7.724830555555554,0.0
2006-10-30,0,,0.6,9.031356209150326,0.0
2006-10-31,0,,11.2,9.623506944444443,0.0
2006-11-01,0,,0.2,8.235459523809524,0.0
2006-11-02,0,,6.4,7.4149611111111104,0.0
2006-11-03,0,,23.8,-0.4328854166666666,0.0
2006-11-04,0,,5.2,-3.594892361111111,0.0
2006-11-05,0,,0.0,-4.612426143790849,0.0
2006-11-06,0,,0.2,-1.7320444444444447,0.0
2006-11-07,0,,0.0,2.0,0.0
2006-11-08,0,,0.0,3.0,0.0
2006-11-09,0,,0.0,7.460115079365077,0.0
2006-11-10,0,,10.4,5.257142361111112,0.0
2006-11-11,0,,6.0,0.4149444444444443,0.0
2006-11-12,0,,0.0,4.895958333333333,0.0
2006-11-13,0,,15.2,2.5350208333333337,0.0
2006-11-14,0,,0.0,3.14725,0.0
2006-11-15,0,,0.0,6.589309027777777,0.0
2006-11-16,0,,0.0,8.749836805555555,0.0
2006-11-17,0,,0.0,10.078819444444443,0.0
2006-11-18,0,,0.0,6.6510902777777785,0.0
2006-11-19,0,,0.0,4.311934027777778,0.0
2006-11-20,0,,0.0,6.369451388888888,0.0
2006-11-21,0,,0.0,5.989524305555555,0.0
2006-11-22,0,,0.0,8.712913194444441,0.0
2006-11-23,0,,0.0,10.689166666666669,0.0
2006-11-24,0,,0.0,11.39954861111111,0.0
2006-11-25,0,,0.0,11.223229166666664,0.0
2006-11-26,0,,0.0,11.399444444444446,0.0
2006-11-27,0,,0.0,10.894791666666668,0.0
2006-11-28,0,,0.0,4.97536111111111,0.0
2006-11-29,0,,0.2,2.899159722222222,0.0
2006-11-30,2,reservoir_level_m_statistical_outlier,0.0,1.8361092171717173,0.0
2006-12-01,2,reservoir_level_m_statistical_outlier,0.0,1.7718541666666667,0.0
2006-12-02,2,reservoir_level_m_statistical_outlier,0.0,3.221888888888888,0.0
2006-12-03,2,reservoir_level_m_statistical_outlier,0.0,5.062472222222222,0.0
2006-12-04,2,reservoir_level_m_statistical_outlier,0.6,4.389385416666668,0.0
2006-12-05,2,reservoir_level_m_statistical_outlier,0.0,5.726687500000001,0.0
2006-12-06,2,reservoir_level_m_statistical_outlier,0.0,6.916791666666668,0.0
2006-12-07,2,reservoir_level_m_statistical_outlier,0.0,6.945677083333333,0.0
2006-12-08,2,reservoir_level_m_statistical_outlier,0.0,7.078249999999998,0.0
2006-12-09,2,reservoir_level_m_statistical_outlier;outflow_treatment_m3_statistical_outlier,0.0,7.102347222222222,0.0
2006-12-10,2,reservoir_level_m_statistical_outlier;outflow_treatment_m3_statistical_outlier,0.0,6.259822916666667,0.0
2006-12-11,2,reservoir_level_m_statistical_outlier;outflow_treatment_m3_statistical_outlier,0.8,5.936645833333333,0.0
2006-12-12,2,reservoir_level_m_statistical_outlier;outflow_treatment_m3_statistical_outlier,6.0,4.443315972222222,0.0
2006-12-13,2,reservoir_level_m_statistical_outlier;outflow_treatment_m3_statistical_outlier,4.4,2.5278576388888885,0.0
2006-12-14,2,reservoir_level_m_statistical_outlier;outflow_treatment_m3_statistical_outlier,0.0,1.5835798611111114,0.0
2006-12-15,2,reservoir_level_m_statistical_outlier;outflow_treatment_m3_statistical_outlier,0.0,3.1096875,0.0
2006-12-16,2,reservoir_level_m_statistical_outlier;outflow_treatment_m3_statistical_outlier,0.0,5.911305555555557,0.0
2006-12-17,2,reservoir_level_m_statistical_outlier;outflow_treatment_m3_statistical_outlier,0.0,8.727527777777778,0.0
2006-12-18,2,reservoir_level_m_statistical_outlier;outflow_treatment_m3_statistical_outlier,0.0,9.623975694444445,0.0
2006-12-19,2,reservoir_level_m_statistical_outlier;outflow_treatment_m3_statistical_outlier,1.6,7.346173611111111,0.0
2006-12-20,2,reservoir_level_m_statistical_outlier;outflow_treatment_m3_statistical_outlier,27.4,4.065961805555556,0.0
2006-12-21,2,reservoir_level_m_statistical_outlier;outflow_treatment_m3_statistical_outlier,3.6,-0.8530138888888888,0.0
2006-12-22,2,reservoir_level_m_statistical_outlier;outflow_treatment_m3_statistical_outlier,0.0,-2.2055069444444446,0.0
2006-12-23,2,reservoir_level_m_statistical_outlier;outflow_treatment_m3_statistical_outlier,0.0,-1.7316527777777784,0.0
2006-12-24,2,reservoir_level_m_statistical_outlier;outflow_treatment_m3_statistical_outlier,0.0,-1.8781388888888888,0.0
2006-12-25,2,outflow_treatment_m3_statistical_outlier,0.2,-2.075902777777778,0.0
2006-12-26,2,outflow_treatment_m3_statistical_outlier,0.0,-6.549251893939393,0.0
2006-12-27,2,outflow_treatment_m3_statistical_outlier,0.0,-7.89248611111111,0.0
2006-12-28,0,,5.4,-5.237680555555556,0.0
2006-12-29,0,,0.0,-1.348263888888889,0.0
2006-12-30,0,,0.0,-1.1368055555555556,0.0
2006-12-31,0,,9.0,2.0,0.0
2007-01-01,0,,0.2,3.916083333333333,0.0
2007-01-02,0,,0.0,5.829291666666667,0.0
2007-01-03,0,,29.0,2.0475833333333333,0.0
2007-01-04,0,,0.0,-1.4635416666666667,27.36830357142857
2007-01-05,0,,0.0,-1.7584166666666663,30.646180555555556
2007-01-06,0,,11.8,-0.1331666666666666,28.65625
2007-01-07,0,,1.0,0.661708333333333,27.585416666666667
2007-01-08,0,,0.0,1.6577083333333336,26.72152777777778
2007-01-09,0,,0.0,3.2775,25.69166666666667
2007-01-10,0,,0.0,4.019416666666667,24.234375
2007-01-11,0,,0.0,3.7414166666666655,23.328125
2007-01-12,0,,3.0,3.0803333333333325,21.92118055555556
2007-01-13,0,,2.6,1.94975,18.678125
2007-01-14,0,,0.0,4.3816250000000005,17.69375
2007-01-15,0,,0.0,3.586125,17.128125
2007-01-16,0,,0.0,3.861833333333335,16.12222222222222
2007-01-17,0,,0.0,6.1397916666666665,15.65833333333333
2007-01-18,0,,0.0,4.265500000000001,15.49340277777778
2007-01-19,0,,30.0,4.967875,10.65659722222222
2007-01-20,0,,2.4,1.0030416666666664,7.872916666666664
2007-01-21,0,,0.0,4.519583333333332,7.014583333333331
2007-01-22,0,,0.0,7.343875000000001,3.319791666666668
2007-01-23,0,,0.0,9.108958333333332,0.4274305555555555
2007-01-24,0,,0.0,7.959916666666666,0.0
2007-01-25,0,,0.0,8.708916666666669,0.0
2007-01-26,0,,0.0,9.6525,0.0
2007-01-27,2,inflow_m3_statistical_outlier,67.8,3.367666666666666,1.1850694444444445
2007-01-28,0,,0.0,-6.429541666666668,12.84722222222222
2007-01-29,0,,0.0,-2.505708333333334,11.830208333333331
2007-01-30,0,,0.0,-4.882874999999999,24.16006944444444
2007-01-31,0,,0.0,-3.2079166666666663,28.410763888888884
2007-02-01,0,,4.2,1.5699166666666666,24.991666666666664
2007-02-02,0,,0.0,-3.2472083333333344,27.342708333333334
2007-02-03,0,,0.0,-6.324291666666667,30.928472222222226
2007-02-04,0,,4.6,-4.6422083333333335,30.493402777777774
2007-02-05,0,,2.6,-3.862458333333333,29.721527777777773
2007-02-06,0,,7.0,-1.8875833333333336,30.609027777777783
2007-02-07,0,,0.4,2.0939166666666664,28.77569444444445
2007-02-08,0,,0.0,4.34475,24.56458333333333
2007-02-09,0,,0.0,5.209083333333334,19.945833333333336
2007-02-10,0,,0.0,6.337374999999999,16.340625
2007-02-11,0,,0.0,6.205041666666666,13.42326388888889
2007-02-12,0,,1.0,5.768041666666666,9.854513888888889
2007-02-13,0,,0.8,7.284416666666666,2.203125
2007-02-14,0,,5.6,4.5557083333333335,0.0
2007-02-15,0,,2.2,2.608541666666667,0.0
2007-02-16,0,,1.0,1.8719166666666671,0.0
2007-02-17,0,,3.0,0.9328333333333336,0.0
2007-02-18,0,,0.8,-0.6397083333333333,0.0
2007-02-19,0,,1.4,3.6408333333333354,0.0
2007-02-20,0,,0.0,5.343458333333333,0.0
2007-02-21,0,,0.0,5.419833333333334,0.0
2007-02-22,0,,0.0,7.130375000000001,0.0
2007-02-23,0,,0.8,1.0527916666666666,0.0
2007-02-24,0,,0.0,-3.721791666666666,0.4475694444444444
2007-02-25,0,,7.2,-2.492666666666666,0.6104166666666667
2007-02-26,0,,0.0,-1.334208333333333,1.4399305555555555
2007-02-27,0,,0.2,6.156083333333334,0.3024305555555556
2007-02-28,0,,0.2,1.881,0.0
2007-03-01,0,,0.4,5.3777083333333335,0.0
2007-03-02,0,,9.8,8.71825,0.0
2007-03-03,0,,17.2,5.212916666666668,0.0
2007-03-04,0,,24.4,4.457958333333333,0.0
2007-03-05,0,,11.6,0.0915833333333333,0.0
2007-03-06,0,,4.2,2.373166666666667,0.0
2007-03-07,0,,0.2,6.683291666666666,0.0
2007-03-08,0,,0.2,2.773,0.0
2007-03-09,0,,0.0,-0.38825,0.0
2007-03-10,0,,0.8,0.8592083333333336,0.0
2007-03-11,0,,2.0,0.4952916666666666,0.0
2007-03-12,0,,0.2,0.6065,0.0
2007-03-13,0,,0.0,-1.95225,0.4715277777777779
2007-03-14,0,,0.0,-1.1251249999999997,0.0625
2007-03-15,0,,0.0,-1.8311250000000003,21.846875
2007-03-16,0,,15.4,0.1189166666666666,24.642992424242426
2007-03-17,0,,0.6,4.908333333333333,19.084375000000005
2007-03-18,0,,0.0,7.081583333333335,13.476388888888888
2007-03-19,0,,0.0,9.975041666666668,6.136805555555556
2007-03-20,0,,0.0,10.542291666666666,0.5170138888888889
2007-03-21,0,,1.0,13.27083333333333,0.0
2007-03-22,0,,0.0,12.4025,0.0
2007-03-23,0,,12.8,6.431916666666669,0.0
2007-03-24,0,,1.8,5.469791666666668,0.0
2007-03-25,0,,0.0,2.7092916666666658,0.0
2007-03-26,0,,0.2,0.7502083333333335,0.0
2007-03-27,0,,2.6,-1.4649166666666666,0.0
2007-03-28,0,,0.0,-1.089708333333333,0.0
2007-03-29,0,,0.2,1.78,0.0
2007-03-30,0,,4.2,9.010083333333334,0.0
2007-03-31,0,,19.4,5.127416666666668,0.0
2007-04-01,0,,4.6,1.0365416666666667,0.0194444444444444
2007-04-02,0,,0.0,3.0305000000000004,0.0
2007-04-03,0,,0.0,4.085083333333333,0.0
2007-04-04,0,,0.0,8.523250000000003,0.0
2007-04-05,0,,14.2,7.257458333333335,0.0
2007-04-06,0,,0.2,6.587916666666666,0.0
2007-04-07,0,,0.4,8.559916666666668,0.0
2007-04-08,0,,0.0,7.653833333333334,0.0
2007-04-09,0,,0.0,5.591791666666668,0.0
2007-04-10,0,,0.0,8.292833333333334,0.0
2007-04-11,0,,4.8,5.573541666666666,0.0
2007-04-12,0,,0.0,5.232458333333334,0.0
2007-04-13,0,,0.0,5.971458333333332,0.0
2007-04-14,0,,0.0,4.861125,0.0
2007-04-15,0,,3.2,3.05125,0.0
2007-04-16,0,,5.8,0.253125,0.0
2007-04-17,0,,0.2,1.528833333333334,0.0
2007-04-18,0,,1.8,1.6067083333333334,0.0
2007-04-19,0,,2.4,4.046875,0.0
2007-04-20,0,,0.0,7.077416666666667,0.0
2007-04-21,0,,0.0,12.728333333333332,0.0
2007-04-22,0,,0.0,9.258541666666666,0.0
2007-04-23,0,,0.0,5.271499999999999,0.0
2007-04-24,0,,0.2,8.0615,0.0
2007-04-25,0,,0.0,5.4489166666666655,0.0
2007-04-26,0,,0.0,4.059458333333334,0.0
2007-04-27,0,,0.0,4.494000000000001,0.0
2007-04-28,0,,0.0,5.394416666666667,0.0
2007-04-29,0,,0.0,7.418416666666666,0.0
2007-04-30,0,,0.0,11.462083333333332,0.0
2007-05-01,0,,0.0,12.75375,0.0
2007-05-02,0,,6.6,6.890208333333334,0.0
2007-05-03,0,,0.2,8.937166666666668,0.0
2007-05-04,0,,0.0,11.993333333333334,0.0
2007-05-05,0,,0.0,19.29583333333333,0.0
2007-05-06,0,,0.0,23.28625,0.0
2007-05-07,0,,0.0,20.582916666666662,0.0
2007-05-08,0,,0.0,15.9625,0.0
2007-05-09,0,,0.8,16.109583333333333,0.0
2007-05-10,0,,0.0,13.204583333333332,0.0
2007-05-11,0,,0.0,12.5075,0.0
2007-05-12,0,,0.0,14.425,0.0
2007-05-13,0,,0.0,15.33875,0.0
2007-05-14,0,,0.0,15.710416666666662,0.0
2007-05-15,0,,0.0,18.977083333333333,0.0
2007-05-16,0,,0.0,20.25875,0.0
2007-05-17,0,,0.0,20.12375,0.0
2007-05-18,0,,0.0,15.2025,0.0
2007-05-19,0,,0.0,18.49375,0.0
2007-05-20,0,,0.0,14.75,0.0
2007-05-21,0,,27.0,14.2075,0.0
2007-05-22,0,,0.0,11.814583333333337,0.0
2007-05-23,0,,0.0,13.877083333333337,0.0
2007-05-24,0,,0.0,14.951666666666668,0.0
2007-05-25,0,,0.0,16.33125,0.0
2007-05-26,0,,0.2,15.4825,0.0
2007-05-27,0,,0.0,17.145416666666666,0.0
2007-05-28,0,,17.8,18.225416666666668,0.0
2007-05-29,0,,10.6,15.985833333333336,0.0
2007-05-30,0,,0.0,16.93875,0.0
2007-05-31,0,,0.0,14.72,0.0010416666666666
2007-06-01,0,,0.0,15.202916666666669,0.0
2007-06-02,0,,0.0,16.05875,0.0
2007-06-03,0,,0.0,16.125,0.0
2007-06-04,0,,0.0,18.11541666666666,0.0
2007-06-05,0,,4.6,17.33208333333334,0.0
2007-06-06,0,,0.8,14.765833333333331,0.0
2007-06-07,0,,39.6,11.502083333333337,0.0
2007-06-08,0,,10.4,11.316666666666665,0.0
2007-06-09,0,,0.2,13.726666666666668,0.0
2007-06-10,0,,2.2,14.269583333333332,0.0
2007-06-11,0,,0.6,13.958333333333334,0.0
2007-06-12,0,,0.0,18.23,0.0
2007-06-13,0,,0.0,19.71625,0.0
2007-06-14,0,,0.0,19.96208333333333,0.0
2007-06-15,0,,0.4,19.04041666666667,0.0
2007-06-16,0,,0.0,19.615416666666665,0.0
2007-06-17,0,,0.0,17.932916666666667,0.0
2007-06-18,0,,0.0,17.95875,0.0
2007-06-19,0,,0.0,20.050833333333333,0.0
2007-06-20,0,,0.0,19.2075,0.0
2007-06-21,0,,0.0,17.245,0.0
2007-06-22,0,,0.0,20.539583333333336,0.0
2007-06-23,0,,0.0,25.055,0.0
2007-06-24,0,,0.0,21.516666666666666,0.0
2007-06-25,0,,0.0,22.781666666666663,0.0
2007-06-26,0,,0.0,26.89875,0.7958333333333333
2007-06-27,0,,0.0,27.86625,0.6055555555555554
2007-06-28,0,,0.0,22.225,0.8767361111111112
2007-06-29,0,,2.0,15.698333333333332,0.0145833333333333
2007-06-30,0,,0.2,14.632083333333334,0.0
2007-07-01,0,,0.0,15.067083333333333,0.0
2007-07-02,0,,0.0,15.934166666666668,4.5888888888888895
2007-07-03,0,,0.0,19.121666666666663,3.052083333333333
2007-07-04,0,,0.0,21.531666666666663,0.0
2007-07-05,0,,0.0,21.33541666666667,0.0
2007-07-06,0,,3.4,14.070416666666668,0.0
2007-07-07,0,,0.0,17.9,0.0
2007-07-08,0,,0.0,19.254583333333333,0.0
2007-07-09,0,,0.0,19.93541666666667,0.0
2007-07-10,0,,0.0,22.67333333333333,0.0
2007-07-11,0,,0.0,24.11041666666667,0.0
2007-07-12,0,,0.4,17.754166666666666,0.0
2007-07-13,0,,39.0,12.185416666666663,0.0
2007-07-14,0,,0.0,14.24875,0.0
2007-07-15,0,,0.2,15.614583333333336,0.0
2007-07-16,0,,0.0,16.43541666666666,0.0
2007-07-17,0,,0.0,19.5975,0.0
2007-07-18,0,,0.0,22.422083333333333,0.0
2007-07-19,0,,0.0,20.015833333333333,0.0
2007-07-20,0,,0.0,19.512916666666666,0.0
2007-07-21,0,,0.2,19.596666666666668,0.0
2007-07-22,0,,0.0,21.864166666666662,0.0
2007-07-23,0,,0.0,24.49208333333333,0.0
2007-07-24,0,,0.0,26.19416666666666,0.0
2007-07-25,0,,0.0,26.41625,0.0
2007-07-26,0,,0.0,20.546666666666667,0.0
2007-07-27,0,,0.0,18.1675,0.0
2007-07-28,0,,0.0,17.57166666666667,0.0
2007-07-29,0,,0.0,17.711666666666662,0.0
2007-07-30,0,,0.2,20.9175,0.0
2007-07-31,0,,0.0,18.954583333333336,0.0
2007-08-01,0,,39.6,17.47,0.0
2007-08-02,0,,4.8,13.71125,0.0
2007-08-03,0,,0.2,15.984166666666669,0.0
2007-08-04,0,,0.0,16.201666666666664,0.0
2007-08-05,0,,0.2,18.25208333333333,0.0
2007-08-06,0,,0.0,19.99333333333333,0.0
2007-08-07,0,,0.0,16.85625,0.0
2007-08-08,0,,0.0,18.850833333333327,0.0
2007-08-09,0,,0.0,20.719166666666663,0.0
2007-08-10,0,,0.0,21.619166666666672,0.0
2007-08-11,0,,0.0,23.546666666666667,0.0
2007-08-12,0,,0.0,21.13041666666667,0.0
2007-08-13,0,,0.0,18.80625,0.0
2007-08-14,0,,0.0,18.995833333333334,0.0
2007-08-15,0,,0.0,18.29041666666667,0.0
2007-08-16,0,,0.0,17.75291666666667,0.0
2007-08-17,0,,0.0,17.679166666666664,0.0
2007-08-18,0,,0.0,18.415,0.0
2007-08-19,0,,0.0,19.22833333333333,0.0
2007-08-20,0,,0.0,20.585,0.0
2007-08-21,0,,0.0,22.82416666666667,0.0
2007-08-22,0,,0.0,22.006666666666664,0.0
2007-08-23,0,,0.0,20.113333333333333,0.0
2007-08-24,0,,0.0,20.10583333333333,0.0
2007-08-25,0,,0.0,20.1425,0.0
2007-08-26,0,,12.0,20.555,0.0
2007-08-27,0,,41.6,15.61875,0.0
2007-08-28,0,,17.6,16.635416666666664,0.0
2007-08-29,0,,0.0,17.96625,0.0
2007-08-30,0,,0.2,22.30416666666666,0.1947916666666666
2007-08-31,0,,0.0,24.75125,0.0125
2007-09-01,0,,0.4,21.046666666666667,0.0
2007-09-02,0,,2.4,16.745833333333337,0.0
2007-09-03,0,,0.0,18.305,0.0
2007-09-04,0,,0.0,18.28625,0.0
2007-09-05,0,,0.2,20.23541666666667,0.0
2007-09-06,0,,4.2,17.66,0.0
2007-09-07,0,,0.2,13.759166666666667,0.4097222222222222
2007-09-08,0,,0.4,10.8975,0.2319444444444444
2007-09-09,0,,0.0,11.34875,0.5368055555555555
2007-09-10,0,,0.0,14.033333333333331,0.1819444444444444
2007-09-11,0,,0.0,15.94041666666667,0.1895833333333333
2007-09-12,0,,0.0,13.68958333333334,0.0020833333333333
2007-09-13,0,,0.0,11.979166666666664,0.5222222222222221
2007-09-14,0,,0.2,12.446666666666664,0.8385416666666667
2007-09-15,0,,0.2,13.65,0.4885416666666666
2007-09-16,0,,0.0,11.127083333333331,1.2600694444444445
2007-09-17,0,,0.0,14.638333333333334,3.463888888888889
2007-09-18,0,,0.0,17.647083333333335,0.927777777777778
2007-09-19,0,,0.0,16.765833333333333,1.7277777777777776
2007-09-20,0,,0.0,14.054166666666664,0.0
2007-09-21,0,,36.0,11.84125,0.0
2007-09-22,0,,20.6,10.564583333333331,0.0
2007-09-23,0,,13.8,9.73375,0.0
2007-09-24,0,,0.0,10.624166666666666,0.0
2007-09-25,0,,0.6,13.217083333333337,0.0940972222222222
2007-09-26,0,,0.0,18.39125,0.1704861111111111
2007-09-27,0,,0.0,20.16125,0.0406249999999999
2007-09-28,0,,0.0,19.80875,0.0
2007-09-29,0,,0.0,16.882083333333334,0.496875
2007-09-30,0,,0.0,12.929583333333335,0.0
2007-10-01,0,,0.2,11.512916666666667,0.0
2007-10-02,0,,0.2,12.415,0.0
2007-10-03,0,,0.0,13.9725,0.0
2007-10-04,0,,1.6,13.879166666666665,0.0
2007-10-05,0,,1.4,13.34,0.0
2007-10-06,0,,0.0,15.225416666666666,0.0
2007-10-07,0,,0.0,16.048333333333332,0.0
2007-10-08,0,,0.0,14.075416666666662,0.0
2007-10-09,0,,0.0,14.224583333333332,0.0
2007-10-10,0,,0.2,13.542083333333336,0.0
2007-10-11,0,,0.2,14.242083333333332,0.0
2007-10-12,0,,2.0,13.781666666666666,0.0
2007-10-13,0,,23.2,11.007125000000002,0.0
2007-10-14,0,,35.2,3.047541666666667,0.0
2007-10-15,0,,7.6,2.264333333333333,0.0
2007-10-16,0,,0.0,7.585083333333334,0.0
2007-10-17,0,,0.0,12.9725,0.0
2007-10-18,0,,0.0,14.8025,0.0
2007-10-19,0,,0.0,14.364166666666668,0.0
2007-10-20,0,,4.8,10.564166666666663,0.0
2007-10-21,0,,3.0,11.776666666666667,0.0
2007-10-22,0,,3.0,13.285833333333333,0.1809027777777777
2007-10-23,0,,0.0,12.35708333333333,0.1190972222222222
2007-10-24,0,,7.4,10.52458333333333,0.2600694444444444
2007-10-25,0,,2.8,9.207541666666668,0.14375
2007-10-26,0,,0.0,8.081458333333336,0.1524305555555556
2007-10-27,0,,0.2,7.608375,0.1569444444444444
2007-10-28,0,,0.0,9.889333333333331,0.2069444444444445
2007-10-29,0,,0.4,9.655166666666666,0.3600694444444445
2007-10-30,0,,5.0,7.550916666666667,0.523611111111111
2007-10-31,0,,0.0,13.574166666666668,0.5225694444444445
2007-11-01,0,,0.2,14.89333333333333,0.2684027777777777
2007-11-02,0,,3.6,7.391583333333332,0.4868055555555556
2007-11-03,0,,0.0,6.4909583333333325,0.4312500000000002
2007-11-04,0,,2.8,9.189166666666663,0.4447916666666666
2007-11-05,0,,27.0,4.978416666666665,0.2725694444444444
2007-11-06,0,,4.4,1.5317083333333334,0.0
2007-11-07,0,,1.0,1.0371666666666668,0.2447916666666666
2007-11-08,0,,7.0,2.035333333333333,0.3958333333333333
2007-11-09,0,,0.0,3.557708333333333,0.1569444444444444
2007-11-10,0,,34.0,3.656291666666668,0.6972222222222223
2007-11-11,0,,13.0,1.6180416666666666,5.664236111111111
2007-11-12,0,,20.8,6.790375000000001,0.5479166666666666
2007-11-13,0,,0.8,0.4716666666666667,0.2364583333333333
2007-11-14,0,,0.6,7.246583333333334,0.6245370370370371
2007-11-15,0,,0.0,11.68,0.5496527777777778
2007-11-16,0,,0.0,9.910791666666668,0.7430555555555555
2007-11-17,0,,0.0,13.328333333333331,0.4934027777777777
2007-11-18,0,,2.6,9.551583333333332,0.4180555555555555
2007-11-19,0,,4.4,5.323333333333332,0.3777777777777777
2007-11-20,0,,14.4,2.641375,0.1979166666666666
2007-11-21,0,,0.2,1.551375,0.1774305555555556
2007-11-22,0,,0.0,4.733458333333333,0.2309027777777777
2007-11-23,0,,0.0,8.408541666666666,0.2156249999999999
2007-11-24,0,,0.0,8.528333333333334,0.1614583333333333
2007-11-25,0,,0.0,8.069625,0.0927083333333333
2007-11-26,0,,5.6,9.628916666666669,0.1993055555555555
2007-11-27,0,,4.0,-3.0784583333333324,3.1326388888888883
2007-11-28,0,,0.0,-2.818375,3.6815972222222224
2007-11-29,0,,0.0,0.6849583333333333,5.02152777777778
2007-11-30,0,,24.0,6.235541666666666,1.2114583333333333
2007-12-01,0,,12.0,0.0697083333333334,0.623263888888889
2007-12-02,0,,0.2,2.0775416666666677,0.7878472222222223
2007-12-03,0,,0.0,5.092874999999999,0.6934027777777778
2007-12-04,0,,10.6,7.252791666666666,0.3076388888888888
2007-12-05,2,outflow_treatment_m3_statistical_outlier,30.0,3.2103333333333333,0.2375
2007-12-06,0,,11.2,1.8654166666666667,0.2006944444444445
2007-12-07,0,,0.0,0.7060833333333333,0.6527777777777778
2007-12-08,0,,0.2,4.454166666666667,0.3100694444444444
2007-12-09,0,,5.6,6.796416666666665,0.3788194444444445
2007-12-10,0,,12.8,6.24725,0.5906249999999998
2007-12-11,0,,10.4,5.585541666666667,0.8107638888888886
2007-12-12,0,,7.6,3.68825,0.4836805555555555
2007-12-13,0,,14.8,-1.3881666666666668,14.03194444444444
2007-12-14,0,,0.0,-1.4999166666666668,16.288888888888888
2007-12-15,0,,0.2,0.8315,15.791319444444444
2007-12-16,0,,0.6,1.359125,12.684027777777777
2007-12-17,0,,5.0,-2.478541666666666,15.32291666666667
2007-12-18,0,,0.4,-4.227541666666667,18.085416666666664
2007-12-19,0,,0.0,-3.5869166666666668,19.29513888888889
2007-12-20,0,,0.0,-3.4792499999999986,19.739930555555556
2007-12-21,0,,0.2,-2.361333333333333,19.04097222222222
2007-12-22,0,,0.0,-1.7992083333333333,18.415972222222223
2007-12-23,0,,0.0,0.842625,18.023263888888888
2007-12-24,0,,0.0,1.8824166666666664,17.51701388888889
2007-12-25,0,,0.0,-0.4993333333333333,17.971180555555556
2007-12-26,0,,0.0,0.4105416666666666,18.245486111111106
2007-12-27,0,,0.0,-0.8903750000000001,18.65972222222223
2007-12-28,0,,1.4,-1.9557916666666664,18.77291666666666
2007-12-29,0,,0.0,-3.3821250000000003,20.290277777777774
2007-12-30,0,,0.0,-1.4490833333333333,20.077430555555555
2007-12-31,0,,0.0,-0.6938333333333334,20.032638888888886
2008-01-01,0,,0.0,1.259166666666667,20.67916666666667
2008-01-02,0,,1.0,0.2137083333333333,20.88333333333334
2008-01-03,0,,4.0,-5.127541666666667,24.912499999999994
2008-01-04,0,,0.0,-6.045875,34.62916666666666
2008-01-05,0,,0.0,-5.617166666666667,39.5
2008-01-06,0,,0.2,-0.7765416666666666,38.3925
2008-01-07,0,,3.4,0.3389583333333332,34.72458333333334
2008-01-08,0,,0.0,-2.3506666666666667,32.491666666666674
2008-01-09,0,,0.8,-1.91,31.80333333333333
2008-01-10,0,,0.6,-3.4361666666666664,33.175000000000004
2008-01-11,0,,0.2,-2.8247499999999994,32.68333333333334
2008-01-12,0,,0.0,-0.7620416666666667,33.05416666666667
2008-01-13,0,,0.0,0.3946666666666665,33.362500000000004
2008-01-14,0,,0.0,1.7042916666666663,33.32083333333334
2008-01-15,0,,2.4,-0.2211249999999999,36.00416666666666
2008-01-16,0,,0.2,0.978125,34.09166666666668
2008-01-17,0,,0.0,3.642333333333333,32.46666666666667
2008-01-18,0,,0.0,4.465958333333334,31.84583333333333
2008-01-19,0,,0.0,0.7825,31.816666666666663
2008-01-20,0,,0.0,1.910625,31.683333333333337
2008-01-21,0,,0.0,2.846458333333333,31.50833333333334
2008-01-22,0,,0.0,4.453416666666668,29.725
2008-01-23,0,,3.0,2.364,28.325
2008-01-24,0,,2.8,-3.457208333333333,41.62083333333333
2008-01-25,0,,0.2,-4.404083333333333,41.395833333333336
2008-01-26,0,,0.0,-3.725958333333333,39.88333333333333
2008-01-27,0,,25.4,0.09375,45.72916666666666
2008-01-28,0,,3.6,-3.505791666666667,61.25833333333331
2008-01-29,0,,1.6,-5.277541666666667,62.72916666666667
2008-01-30,0,,0.0,-5.966208333333335,65.67916666666666
2008-01-31,0,,0.2,-4.009083333333332,66.375
2008-02-01,0,,0.0,-0.202375,64.49166666666666
2008-02-02,0,,0.0,3.064833333333333,61.42916666666667
2008-02-03,0,,0.0,4.550083333333333,56.625
2008-02-04,0,,0.0,5.675625,52.85416666666666
2008-02-05,0,,0.0,5.468166666666666,50.933333333333344
2008-02-06,0,,0.0,3.394625,49.4375
2008-02-07,0,,0.8,-0.5365833333333334,48.87083333333334
2008-02-08,0,,0.0,-1.1873749999999998,48.48749999999999
2008-02-09,0,,1.8,-1.3362916666666669,48.98749999999999
2008-02-10,0,,4.0,-0.9629583333333334,50.679166666666674
2008-02-11,0,,2.0,-2.262083333333333,58.94583333333333
2008-02-12,0,,0.0,-3.4331666666666667,60.20416666666667
2008-02-13,0,,0.0,-4.371,67.03333333333332
2008-02-14,0,,0.6,-4.195833333333334,73.5291666666667
2008-02-15,0,,2.2,-2.330291666666667,73.02916666666667
2008-02-16,0,,3.4,-6.106541666666666,86.65416666666667
2008-02-17,0,,0.0,-7.747583333333334,127.775
2008-02-18,0,,0.0,-8.974916666666667,134.7458333333333
2008-02-19,0,,1.0,-4.443666666666667,132.20833333333331
2008-02-20,0,,0.2,0.6150833333333333,124.85833333333332
2008-02-21,0,,0.0,4.0595,116.07499999999996
2008-02-22,0,,0.0,4.334375,109.75416666666666
2008-02-23,0,,0.0,5.0616666666666665,104.74166666666666
2008-02-24,0,,0.0,0.3109583333333331,100.49166666666665
2008-02-25,0,,0.0,3.535666666666668,98.7375
2008-02-26,0,,0.0,8.249833333333331,94.44583333333334
2008-02-27,0,,0.0,8.476625,89.12916666666668
2008-02-28,0,,9.6,7.155666666666666,81.49166666666666
2008-02-29,0,,0.2,5.46,76.21666666666668
2008-03-01,0,,6.6,8.025249999999998,72.6625
2008-03-02,2,inflow_m3_statistical_outlier,17.6,3.92625,68.23333333333333
2008-03-03,2,inflow_m3_statistical_outlier,0.0,8.314791666666666,62.079166666666666
2008-03-04,2,inflow_m3_statistical_outlier,0.0,12.41625,55.39166666666668
2008-03-05,2,inflow_m3_statistical_outlier,0.0,9.710708333333336,48.40833333333335
2008-03-06,0,,0.0,6.993666666666667,42.333333333333336
2008-03-07,2,inflow_m3_statistical_outlier,0.0,13.678333333333336,34.39166666666668
2008-03-08,2,inflow_m3_statistical_outlier,0.0,9.46025,25.179166666666664
2008-03-09,0,,0.0,7.334041666666668,19.2875
2008-03-10,0,,0.4,5.438166666666668,15.45416666666666
2008-03-11,0,,0.0,7.036791666666665,10.825000000000005
2008-03-12,0,,0.0,7.915708333333334,2.1750000000000007
2008-03-13,0,,26.8,4.918000000000001,0.5416666666666667
2008-03-14,0,,0.8,0.7447499999999999,0.7291666666666666
2008-03-15,0,,0.2,7.590416666666669,0.0
2008-03-16,0,,0.0,9.575208333333332,0.0
2008-03-17,0,,0.7999879999999999,10.653041666666663,0.0
2008-03-18,0,,12.2,6.922333333333334,0.0
2008-03-19,0,,16.6,8.043583333333332,0.0
2008-03-20,2,inflow_m3_statistical_outlier,14.6,6.808208333333333,0.0
2008-03-21,2,inflow_m3_statistical_outlier,35.6,5.911958333333335,0.0
2008-03-22,2,inflow_m3_statistical_outlier,0.2,11.76125,0.0
2008-03-23,0,,0.0,14.203333333333328,0.0
2008-03-24,0,,5.6,14.256291666666664,0.0
2008-03-25,0,,23.8,3.2951250000000005,0.0
2008-03-26,0,,0.6,1.4860416666666667,0.0
2008-03-27,0,,1.4,6.879499999999999,0.0
2008-03-28,0,,0.0,4.921958333333333,0.0
2008-03-29,0,,0.0,1.433416666666667,0.0
2008-03-30,0,,11.8,0.5973333333333333,0.0
2008-03-31,0,,2.2,-0.2682173913043478,2.930833333333334
2008-04-01,0,,0.0,1.6259583333333338,0.6066666666666667
2008-04-02,0,,0.0,6.999875,0.0
2008-04-03,0,,2.2,5.786458333333332,0.0
2008-04-04,0,,0.8,5.195833333333334,0.0
2008-04-05,0,,1.0,9.475333333333332,0.0
2008-04-06,0,,14.0,6.939249999999999,0.0
2008-04-07,0,,17.6,4.687541666666667,0.0
2008-04-08,0,,0.0,11.272916666666667,0.0
2008-04-09,0,,0.0,9.939958333333331,0.0
2008-04-10,0,,0.4,12.257083333333329,0.0
2008-04-11,0,,0.2,14.357083333333335,0.0
2008-04-12,0,,0.0,20.990833333333335,0.0
2008-04-13,0,,0.0,20.872083333333336,0.0
2008-04-14,0,,0.0,18.83083333333333,0.0
2008-04-15,0,,0.0,13.615416666666665,0.0
2008-04-16,0,,0.6,7.754166666666669,0.0
2008-04-17,0,,0.0,10.225,0.0
2008-04-18,0,,0.0,11.491208333333338,0.0
2008-04-19,0,,0.0,14.822083333333335,0.0
2008-04-20,0,,0.0,18.47375,0.0
2008-04-21,0,,0.0,19.5525,0.0
2008-04-22,0,,0.0,20.939583333333328,0.0
2008-04-23,0,,0.0,13.58875,0.0
2008-04-24,0,,2.0,6.1460833333333325,0.0
2008-04-25,0,,7.6,3.438166666666666,0.0
2008-04-26,0,,4.4,5.129375,0.0
2008-04-27,0,,9.6,6.50625,0.0
2008-04-28,0,,0.6,4.490708333333333,0.0
2008-04-29,0,,0.0,7.944958333333332,0.0
2008-04-30,0,,0.0,10.584625,0.0
2008-05-01,0,,0.0,11.710416666666662,0.0
2008-05-02,0,,0.4,12.166708333333332,0.0
2008-05-03,0,,0.0,8.412291666666667,0.0
2008-05-04,0,,0.0,6.689583333333332,0.0
2008-05-05,0,,11.4,5.808541666666667,0.0
2008-05-06,0,,0.6,5.823583333333333,0.0
2008-05-07,0,,0.0,6.726958333333335,0.0
2008-05-08,0,,3.2,4.626583333333333,0.0
2008-05-09,0,,0.0,6.731541666666665,0.0
2008-05-10,0,,0.0,5.56,0.0
2008-05-11,0,,0.0,6.318874999999999,0.0
2008-05-12,0,,0.0,6.979375,0.0
2008-05-13,0,,0.0,10.3,0.0
2008-05-14,0,,5.0,11.685416666666669,0.0
2008-05-15,0,,0.0,8.12325,0.0
2008-05-16,0,,0.0,11.664583333333333,0.0
2008-05-17,0,,0.0,15.1,0.0
2008-05-18,0,,0.0,16.197083333333335,0.0
2008-05-19,0,,0.0,18.89,0.0
2008-05-20,0,,0.0,21.082083333333333,0.0
2008-05-21,0,,7.6,20.78875,0.0
2008-05-22,0,,0.0,17.10791666666667,0.0
2008-05-23,0,,0.0,16.52583333333333,0.0
2008-05-24,0,,0.0,15.392916666666666,0.0
2008-05-25,0,,0.0,14.0875,0.0
2008-05-26,0,,1.2,13.31625,0.0
2008-05-27,0,,0.0,14.6075,0.0
2008-05-28,0,,2.2,18.292916666666667,0.0
2008-05-29,0,,0.0,9.013916666666663,0.0
2008-05-30,0,,0.0,12.22125,0.0
2008-05-31,0,,0.0,15.610833333333332,0.0
2008-06-01,0,,0.0,13.93625,0.0
2008-06-02,0,,0.0,10.490541666666669,0.0
2008-06-03,0,,0.0,11.088166666666668,0.0
2008-06-04,0,,0.0,17.40625,0.0
2008-06-05,0,,0.0,17.840833333333332,0.0
2008-06-06,0,,16.8,14.784166666666664,0.0
2008-06-07,0,,1.0,13.413333333333334,0.0
2008-06-08,0,,5.4,14.38166666666667,0.0
2008-06-09,0,,0.0,13.170416666666668,0.0
2008-06-10,0,,10.8,12.255,0.0
2008-06-11,0,,0.0,15.520416666666668,0.0
2008-06-12,0,,0.0,18.2425,0.0
2008-06-13,0,,0.0,19.905,0.0
2008-06-14,0,,0.0,18.68458333333333,0.0
2008-06-15,0,,11.2,15.499166666666667,0.0
2008-06-16,0,,0.0,16.07,0.0
2008-06-17,0,,0.0,18.53875,0.0
2008-06-18,0,,0.0,21.22416666666667,0.0
2008-06-19,0,,0.0,22.67625,0.0
2008-06-20,0,,0.0,16.270833333333332,0.0
2008-06-21,0,,0.8,14.43541666666666,0.0
2008-06-22,0,,0.0,16.045,0.0
2008-06-23,0,,0.0,18.036666666666665,0.0
2008-06-24,0,,0.0,20.43625,0.0
2008-06-25,0,,0.0,19.98375,0.0
2008-06-26,0,,0.0,18.872916666666665,0.0
2008-06-27,0,,0.0,18.059583333333336,0.0
2008-06-28,0,,0.0,17.439166666666665,0.0
2008-06-29,0,,0.0,16.808333333333334,0.0
2008-06-30,0,,0.0,16.06375,0.0
2008-07-01,0,,0.0,16.83375,0.0
2008-07-02,0,,0.0,17.021666666666665,0.0
2008-07-03,0,,0.0,16.09208333333333,0.0
2008-07-04,0,,0.0,19.05625,0.0
2008-07-05,0,,0.8,19.89166666666667,0.0
2008-07-06,0,,1.8,16.09208333333333,0.0
2008-07-07,0,,0.0,17.355833333333333,0.0
2008-07-08,0,,0.0,21.43458333333333,0.0
2008-07-09,0,,0.0,18.652083333333334,0.0
2008-07-10,0,,0.0,16.3425,0.0
2008-07-11,0,,0.0,15.7025,0.0
2008-07-12,0,,0.0,15.341666666666669,0.0
2008-07-13,0,,0.0,16.322916666666668,0.0
2008-07-14,0,,0.0,18.887083333333333,0.0
2008-07-15,0,,1.0,21.79875,0.0
2008-07-16,0,,24.6,13.484583333333331,0.0
2008-07-17,0,,2.6,14.630416666666669,0.0
2008-07-18,0,,0.0,18.36125,0.0
2008-07-19,2,outflow_treatment_m3_statistical_outlier,0.0,18.10125,0.0
2008-07-20,0,,0.0,18.17958333333333,0.0
2008-07-21,0,,0.0,21.96666666666667,0.0
2008-07-22,0,,0.0,20.04458333333333,0.0
2008-07-23,0,,0.0,21.362916666666663,0.0
2008-07-24,0,,0.6,16.584583333333335,0.0
2008-07-25,0,,0.0,16.460833333333337,0.0
2008-07-26,0,,0.2,17.68041666666667,0.0
2008-07-27,0,,0.0,17.54625,0.0
2008-07-28,0,,0.0,17.32125,0.0
2008-07-29,0,,9.6,15.810833333333331,0.0
2008-07-30,0,,0.2,16.365,0.0
2008-07-31,0,,0.0,16.64666666666667,0.0
2008-08-01,0,,0.0,16.112916666666667,0.0
2008-08-02,0,,0.0,15.729166666666664,0.0
2008-08-03,0,,0.0,16.27375,0.0
2008-08-04,0,,0.0,17.16375,0.0
2008-08-05,0,,0.0,19.776666666666667,0.0
2008-08-06,0,,0.0,19.101666666666667,0.0
2008-08-07,0,,0.0,16.2025,0.0
2008-08-08,0,,0.0,16.147083333333335,0.0
2008-08-09,0,,0.0,18.73,0.0
2008-08-10,0,,0.0,17.72375,0.0
2008-08-11,0,,0.0,16.47208333333333,0.0
2008-08-12,0,,0.0,17.909583333333327,0.0
2008-08-13,0,,0.0,18.5925,0.0
2008-08-14,0,,0.0,20.657083333333336,0.0
2008-08-15,0,,0.0,19.43791666666667,0.0
2008-08-16,0,,0.0,21.925833333333333,0.0
2008-08-17,0,,0.0,25.05958333333333,0.0
2008-08-18,0,,0.0,23.54208333333333,0.0
2008-08-19,0,,0.0,18.55208333333333,0.0
2008-08-20,0,,0.0,18.389583333333334,0.0
2008-08-21,0,,0.0,19.049166666666668,0.0
2008-08-22,0,,0.0,19.50541666666667,0.0
2008-08-23,0,,0.0,20.90583333333333,0.0
2008-08-24,0,,0.0,23.56,0.0
2008-08-25,0,,0.0,19.85125,0.0
2008-08-26,0,,0.0,18.407083333333336,0.0
2008-08-27,0,,0.0,17.075,0.0
2008-08-28,0,,0.0,17.118333333333332,0.0
2008-08-29,0,,0.0,17.645833333333332,0.0
2008-08-30,0,,4.4,18.06583333333333,0.0
2008-08-31,0,,1.6,13.596666666666666,0.0
2008-09-01,0,,0.0,13.274166666666666,0.0
2008-09-02,0,,0.0,15.25,0.0
2008-09-03,0,,0.0,14.52125,0.0
2008-09-04,0,,0.2,15.95125,0.0
2008-09-05,0,,0.0,17.083333333333336,0.0
2008-09-06,0,,0.0,16.492083333333337,0.0
2008-09-07,0,,0.0,16.49916666666667,0.0
2008-09-08,0,,0.0,16.724166666666665,0.0
2008-09-09,0,,0.0,16.559166666666666,0.0
2008-09-10,0,,0.2,14.325833333333335,0.0
2008-09-11,0,,0.0,15.457916666666668,0.0
2008-09-12,0,,0.0,19.20875,0.0
2008-09-13,0,,0.0,21.91375,0.0
2008-09-14,0,,0.0,16.429583333333337,0.0
2008-09-15,0,,5.8,21.239166666666662,0.0
2008-09-16,0,,0.0,20.484166666666663,0.0
2008-09-17,0,,22.4,15.072083333333332,0.0
2008-09-18,0,,11.0,9.135875,0.0
2008-09-19,0,,0.0,9.6325,0.0
2008-09-20,0,,8.0,11.53875,0.0
2008-09-21,0,,22.4,9.604166666666666,0.0
2008-09-22,0,,2.4,9.52375,0.0
2008-09-23,0,,2.2,10.390416666666669,0.0
2008-09-24,0,,0.2,11.196666666666667,0.0
2008-09-25,0,,1.4,12.860434782608694,0.0
2008-09-26,0,,16.4,11.58125,0.0
2008-09-27,0,,40.0,9.104166666666666,0.0
2008-09-28,0,,6.6,8.491208333333333,0.0
2008-09-29,0,,12.0,7.181708333333333,0.0
2008-09-30,0,,1.0,8.327166666666665,0.0
2008-10-01,0,,0.0,10.795,0.0
2008-10-02,0,,1.4,14.52083333333333,0.0
2008-10-03,0,,15.4,15.670833333333334,0.0
2008-10-04,0,,0.0,15.885833333333336,0.0
2008-10-05,0,,4.4,11.546375000000005,0.0
2008-10-06,0,,0.0,9.086208333333332,0.0
2008-10-07,0,,0.0,10.790124999999998,0.0
2008-10-08,0,,0.2,11.075833333333334,0.0
2008-10-09,0,,0.0,9.269833333333336,0.0
2008-10-10,0,,0.6,9.06875,0.0
2008-10-11,0,,2.8,8.058708333333332,0.0
2008-10-12,0,,1.0,8.112,0.0
2008-10-13,0,,0.0,11.932083333333336,0.0
2008-10-14,0,,13.8,15.89625,0.0
2008-10-15,0,,24.8,10.14125,0.0
2008-10-16,0,,0.0,10.684166666666664,0.0
2008-10-17,0,,0.2,13.587083333333334,0.0
2008-10-18,0,,2.0,10.512083333333331,0.0
2008-10-19,0,,0.0,10.238541666666668,0.0
2008-10-20,0,,0.2,9.492916666666666,0.0
2008-10-21,0,,0.2,8.836458333333331,0.0
2008-10-22,0,,0.2,9.379208333333333,0.0
2008-10-23,0,,0.8,7.610708333333334,0.0
2008-10-24,0,,0.2,6.728916666666667,0.0
2008-10-25,0,,7.6,7.842333333333333,0.0
2008-10-26,0,,64.2,8.343375,0.0
2008-10-27,0,,20.4,7.844227272727275,0.0
2008-10-28,0,,2.2,7.530291666666667,0.0
2008-10-29,0,,0.0,11.593333333333334,0.0
2008-10-30,0,,0.0,15.494166666666665,0.0
2008-10-31,0,,0.0,15.350416666666668,0.0
2008-11-01,0,,0.0,15.56875,0.0
2008-11-02,0,,0.0,17.252083333333335,0.0
2008-11-03,0,,0.0,11.0905,0.0
2008-11-04,0,,0.0,11.013333333333334,0.0
2008-11-05,0,,0.0,12.510833333333332,0.0
2008-11-06,0,,0.0,9.56975,0.0
2008-11-07,0,,0.0,8.203416666666667,0.0
2008-11-08,0,,0.0,7.648333333333333,0.0
2008-11-09,0,,0.0,6.640249999999999,0.0
2008-11-10,0,,0.2,6.652375,0.0
2008-11-11,0,,0.2,6.8455,0.0
2008-11-12,0,,1.2,6.654333333333334,0.0
2008-11-13,0,,0.6,5.75875,0.0
2008-11-14,0,,0.0,5.465708333333333,0.0
2008-11-15,0,,0.4,6.087375000000001,0.0
2008-11-16,0,,0.2,6.089125000000002,0.0
2008-11-17,0,,3.0,6.576125000000001,0.0
2008-11-18,0,,3.2,5.038374999999999,0.0
2008-11-19,0,,10.4,7.735458333333335,0.0
2008-11-20,0,,0.6,5.757249999999999,0.0
2008-11-21,0,,0.0,8.0786,0.0
2008-11-22,0,,21.8,6.75625,0.0
2008-11-23,0,,5.2,0.5274166666666668,1.7
2008-11-24,0,,0.0,4.7565833333333325,2.5375
2008-11-25,0,,0.0,11.532916666666669,0.0
2008-11-26,0,,12.4,9.436916666666669,0.0
2008-11-27,0,,20.6,1.272625,0.0
2008-11-28,0,,1.4,1.149125,0.7475
2008-11-29,0,,5.6,4.841500000000001,0.8297499999999998
2008-11-30,0,,0.0,7.4496666666666655,0.5208333333333335
2008-12-01,0,,0.0,8.454916666666668,0.0
2008-12-02,0,,0.2,9.954666666666665,0.0
2008-12-03,0,,0.0,13.695,0.0
2008-12-04,0,,0.0,13.105,0.0
2008-12-05,0,,0.0,11.79625,0.0
2008-12-06,0,,0.0,14.47125,0.0
2008-12-07,0,,4.4,8.440541666666665,0.0
2008-12-08,0,,0.0,0.7871249999999996,0.14275
2008-12-09,0,,2.8,-1.2297083333333332,0.5705000000000002
2008-12-10,0,,0.0,0.9930000000000002,1.346791666666667
2008-12-11,0,,0.0,4.042416666666667,1.669833333333334
2008-12-12,0,,1.6,5.361708333333333,0.9181666666666668
2008-12-13,0,,2.8,5.382916666666666,0.0
2008-12-14,0,,0.2,6.001625000000001,0.0
2008-12-15,0,,0.0,3.420458333333333,0.0
2008-12-16,0,,0.0,3.4564583333333334,0.0
2008-12-17,0,,0.0,7.706208333333333,0.0
2008-12-18,0,,0.0,8.051916666666667,0.0
2008-12-19,0,,2.2,7.788916666666668,0.0
2008-12-20,0,,26.0,3.7302916666666666,0.0
2008-12-21,0,,12.4,0.8731666666666666,0.0
2008-12-22,0,,16.8,-0.0311666666666666,0.0
2008-12-23,0,,7.6,-1.1509583333333333,19.00625
2008-12-24,0,,2.6,-3.9975,39.86666666666667
2008-12-25,0,,0.2,-5.353125,40.29166666666667
2008-12-26,0,,0.2,-3.570041666666667,41.42479166666666
2008-12-27,0,,0.0,-4.652958333333332,44.246875
2008-12-28,0,,0.0,-2.693583333333333,43.90208333333333
2008-12-29,0,,0.0,-4.7908333333333335,61.35
2008-12-30,0,,0.0,-4.647375,54.540625
2008-12-31,0,,0.0,-2.437625000000001,55.52916666666668
2009-01-01,0,,0.2,-1.8382500000000004,59.466666666666654
2009-01-02,0,,0.0,-2.437625000000001,55.52916666666668
2009-01-03,0,,4.6,-1.8382500000000004,59.466666666666654
2009-01-04,0,,17.4,1.796541666666667,54.6125
2009-01-05,0,,8.6,-1.0415416666666666,55.59666666666666
2009-01-06,0,,6.4,-1.1254583333333337,73.04166666666667
2009-01-07,0,,0.2,-2.423875,71.94166666666666
2009-01-08,0,,2.6,-1.609333333333333,69.5875
2009-01-09,0,,0.0,-4.3642916666666665,68.44875
2009-01-10,0,,0.2,-2.6326666666666667,66.46666666666668
2009-01-11,0,,0.4,-3.7440416666666665,65.87475
2009-01-12,0,,0.2,-0.8609583333333334,64.71579166666666
2009-01-13,0,,0.0,3.819958333333334,63.36208333333334
2009-01-14,0,,2.0,4.352583333333333,60.91541666666668
2009-01-15,0,,0.0,6.556458333333334,56.65166666666666
2009-01-16,0,,6.0,3.4622916666666668,53.93625
2009-01-17,0,,5.8,-3.7480833333333337,59.88166666666668
2009-01-18,0,,0.2,-1.6098333333333332,60.80416666666666
2009-01-19,0,,0.0,2.814375,58.70125
2009-01-20,0,,0.0,5.437,55.41041666666667
2009-01-21,0,,0.0,6.5525416666666665,52.63416666666668
2009-01-22,0,,0.0,9.036416666666668,48.74583333333332
2009-01-23,0,,1.0,7.410916666666668,39.09583333333334
2009-01-24,0,,2.2,6.010625,29.87083333333334
2009-01-25,0,,4.4,7.164541666666668,17.295833333333334
2009-01-26,0,,5.6,5.930750000000001,7.109583333333331
2009-01-27,0,,0.0,8.647374999999998,1.1070833333333334
2009-01-28,0,,2.0,6.43825,0.0
2009-01-29,0,,22.8,1.4411249999999998,0.0
2009-01-30,0,,2.6,-0.6147083333333333,0.43625
2009-01-31,0,,0.2,-1.282166666666667,1.781541666666667
2009-02-01,0,,0.0,-0.3913333333333333,0.9158333333333336
2009-02-02,0,,0.0,2.39475,0.0
2009-02-03,0,,0.2,7.431875,0.0
2009-02-04,0,,0.0,9.431666666666668,0.0
2009-02-05,0,,0.2,7.624541666666666,0.0
2009-02-06,0,,0.0,7.425375,0.0
2009-02-07,0,,4.6,8.511041666666669,0.0
2009-02-08,0,,27.2,6.536625000000001,0.0
2009-02-09,0,,7.6,3.675625,0.0
2009-02-10,0,,3.0,-0.39875,2.1320833333333336
2009-02-11,0,,7.0,5.014083333333333,0.0
2009-02-12,0,,39.4,3.491791666666668,0.0
2009-02-13,2,inflow_m3_statistical_outlier,8.8,2.172333333333334,0.0
2009-02-14,0,,12.4,1.4423749999999995,0.8441666666666667
2009-02-15,0,,3.8,-2.151625,11.791666666666666
2009-02-16,0,,0.0,-3.184333333333333,15.8825
2009-02-17,0,,0.2,-1.9853333333333332,15.079583333333328
2009-02-18,0,,0.4,2.4036666666666666,10.6125
2009-02-19,0,,8.8,2.413791666666666,5.769583333333336
2009-02-20,0,,0.2,-1.0806666666666669,4.020833333333334
2009-02-21,0,,5.6,-2.926875,12.5
2009-02-22,0,,0.0,-3.593583333333333,23.625
2009-02-23,0,,0.0,-2.318375,28.4375
2009-02-24,0,,0.0,-1.74625,37.29208333333334
2009-02-25,0,,0.2,-1.4993333333333334,36.84041666666666
2009-02-26,0,,0.0,-2.708916666666666,53.68333333333333
2009-02-27,0,,0.0,-2.697833333333333,69.53541666666668
2009-02-28,0,,0.0,-2.24075,68.31291666666668
2009-03-01,0,,0.2,-0.0114583333333333,65.53375
2009-03-02,0,,5.8,1.474375,60.81
2009-03-03,0,,1.4,2.874875,52.88708333333334
2009-03-04,0,,0.0,6.178333333333334,45.15166666666666
2009-03-05,2,inflow_m3_statistical_outlier,3.2,8.599375,30.954166666666666
2009-03-06,2,inflow_m3_statistical_outlier,0.0,10.701666666666666,11.12875
2009-03-07,2,inflow_m3_statistical_outlier,13.6,4.399249999999999,0.4166666666666667
2009-03-08,2,inflow_m3_statistical_outlier,0.0,5.580666666666666,0.4166666666666667
2009-03-09,0,,0.0,5.472333333333332,0.4166666666666667
2009-03-10,0,,6.0,2.206916666666667,0.4166666666666667
2009-03-11,0,,0.2,1.018333333333333,0.7
2009-03-12,0,,5.6,2.516833333333333,1.0
2009-03-13,0,,2.2,-0.9784166666666668,3.06875
2009-03-14,0,,10.8,-1.028333333333333,7.529583333333336
2009-03-15,0,,1.6,-1.141125,10.39625
2009-03-16,0,,5.6,-0.495625,13.420416666666668
2009-03-17,0,,1.8,0.1511666666666667,9.825
2009-03-18,0,,5.2,0.5864583333333332,7.508333333333332
2009-03-19,0,,6.2,-2.610583333333333,15.93375
2009-03-20,0,,0.2,0.4476249999999999,12.0675
2009-03-21,0,,5.4,4.225499999999999,8.227083333333333
2009-03-22,0,,6.2,1.993833333333333,2.96875
2009-03-23,0,,0.4,-0.4694583333333333,1.6366666666666672
2009-03-24,0,,0.0,4.822791666666666,0.4041666666666667
2009-03-25,0,,5.2,6.513625,0.4041666666666667
2009-03-26,0,,8.0,0.6396250000000001,0.5904166666666666
2009-03-27,0,,1.0,-3.501791666666667,5.814916666666669
2009-03-28,0,,0.0,1.14404347826087,0.9304347826086956
2009-03-29,0,,0.0,9.086999999999998,0.0
2009-03-30,0,,0.2,12.10625,0.0
2009-03-31,0,,0.0,13.574583333333337,0.0
2009-04-01,0,,0.0,10.324541666666663,0.0
2009-04-02,0,,1.4,4.862583333333333,0.0
2009-04-03,0,,0.2,5.320666666666666,0.0
2009-04-04,0,,0.0,8.609291666666667,0.0
2009-04-05,0,,0.0,11.02875,0.0
2009-04-06,0,,10.2,7.489416666666668,0.0
2009-04-07,0,,3.2,4.759375,0.0
2009-04-08,0,,0.0,7.017833333333333,0.0
2009-04-09,0,,0.0,8.17925,0.0
2009-04-10,0,,0.0,8.331208333333333,0.0
2009-04-11,0,,0.0,7.861958333333335,0.0
2009-04-12,0,,0.0,7.642041666666667,0.0
2009-04-13,0,,0.0,14.768333333333333,0.0
2009-04-14,0,,0.0,8.981375000000002,0.0
2009-04-15,0,,0.8,3.817249999999999,0.0
2009-04-16,0,,6.2,7.169124999999997,0.0
2009-04-17,0,,0.0,6.408,0.0
2009-04-18,0,,0.0,11.975,0.0
2009-04-19,0,,0.0,13.92625,0.0
2009-04-20,0,,0.0,13.269583333333332,0.0
2009-04-21,0,,0.0,11.971666666666666,0.0
2009-04-22,0,,8.4,5.482791666666667,0.0
2009-04-23,0,,2.0,0.633875,0.0
2009-04-24,2,outflow_treatment_m3_statistical_outlier,0.0,8.475197916666668,0.0
2009-04-25,0,,0.0,4.631958333333333,0.0
2009-04-26,0,,3.2,2.825,0.0
2009-04-27,0,,0.8,2.04125,0.0
2009-04-28,0,,0.2,7.093791666666667,0.0
2009-04-29,0,,3.0,8.162874999999998,0.0
2009-04-30,0,,0.0,9.63525,0.0
2009-05-01,0,,20.4,9.118958333333332,0.0
2009-05-02,0,,6.6,6.470958333333333,0.0
2009-05-03,0,,0.0,8.536583333333333,0.0
2009-05-04,0,,1.6,5.3830833333333326,0.0
2009-05-05,0,,3.4,5.270833333333335,0.0
2009-05-06,0,,0.2,9.365333333333336,0.0
2009-05-07,0,,4.8,10.666833333333331,0.0
2009-05-08,0,,0.0,9.454875,0.0
2009-05-09,0,,0.0,11.30125,0.0
2009-05-10,0,,0.0,11.707083333333337,0.0
2009-05-11,0,,0.0,12.399583333333334,0.0
2009-05-12,0,,0.0,15.026666666666667,0.0
2009-05-13,0,,0.0,15.944166666666666,0.0
2009-05-14,0,,0.0,16.175416666666667,0.0
2009-05-15,0,,0.0,20.5525,0.0
2009-05-16,0,,0.0,21.250833333333333,0.0
2009-05-17,0,,0.0,18.579583333333336,0.0
2009-05-18,0,,8.0,15.62208333333333,0.0
2009-05-19,0,,0.6,11.055,0.0
2009-05-20,0,,2.8,9.600416666666668,0.0
2009-05-21,0,,0.4,9.62125,0.0
2009-05-22,0,,0.2,11.725416666666666,0.0
2009-05-23,0,,7.4,15.644583333333332,0.0
2009-05-24,0,,0.2,12.22,0.0
2009-05-25,0,,0.0,13.857083333333334,0.0
2009-05-26,0,,0.0,10.298166666666669,0.0
2009-05-27,0,,0.0,9.998208333333332,0.0
2009-05-28,0,,0.0,12.022916666666667,0.0
2009-05-29,0,,0.0,14.790416666666664,0.0
2009-05-30,0,,0.0,16.89,0.0
2009-05-31,0,,0.0,12.98375,0.0
2009-06-01,0,,0.0,18.0425,0.0
2009-06-02,0,,2.6,20.6975,0.0
2009-06-03,0,,0.0,19.30208333333333,0.0
2009-06-04,0,,4.6,12.835416666666667,0.0
2009-06-05,0,,0.2,15.644166666666669,0.0
2009-06-06,0,,0.0,18.69375,0.0
2009-06-07,0,,0.0,20.82916666666667,0.0
2009-06-08,0,,0.0,20.757083333333338,0.0
2009-06-09,0,,0.0,16.793333333333333,0.0
2009-06-10,0,,0.0,17.316666666666666,0.0
2009-06-11,0,,0.0,18.098333333333333,0.0
2009-06-12,0,,0.0,17.005,0.0
2009-06-13,0,,3.4,12.877083333333331,0.0
2009-06-14,0,,0.0,12.798333333333332,0.0
2009-06-15,0,,0.0,14.005,0.0
2009-06-16,0,,0.0,16.44125,0.0
2009-06-17,0,,0.0,17.377083333333335,0.0
2009-06-18,0,,0.0,12.683333333333332,0.0
2009-06-19,0,,0.0,15.0,0.0
2009-06-20,0,,0.0,19.0,0.0
2009-06-21,0,,0.0,21.0,0.0
2009-06-22,0,,0.0,22.77,0.0
2009-06-23,0,,0.0,21.73958333333333,0.0
2009-06-24,0,,0.0,21.187916666666663,0.0
2009-06-25,0,,0.0,16.96625,0.0
2009-06-26,0,,0.0,16.68583333333333,0.0
2009-06-27,0,,0.0,18.385833333333338,0.0
2009-06-28,0,,12.6,16.793333333333333,0.0
2009-06-29,0,,30.4,17.548333333333332,0.0
2009-06-30,0,,0.2,19.116666666666667,0.0
2009-07-01,0,,0.0,18.72375,0.0
2009-07-02,0,,0.2,17.23125,0.0
2009-07-03,0,,0.0,17.03333333333333,0.0
2009-07-04,0,,8.0,17.023333333333337,0.0
2009-07-05,0,,2.4,16.932916666666667,0.0
2009-07-06,0,,0.0,19.394583333333333,0.0
2009-07-07,0,,0.0,20.255,0.0
2009-07-08,0,,0.0,21.81583333333333,0.0
2009-07-09,0,,0.0,21.716666666666654,0.0
2009-07-10,0,,0.0,19.40041666666667,0.0
2009-07-11,0,,0.0,19.55541666666667,0.0
2009-07-12,0,,7.8,17.145416666666662,0.0
2009-07-13,0,,9.0,14.60333333333333,0.0
2009-07-14,0,,1.4,14.6575,0.0
2009-07-15,0,,8.0,16.378333333333334,0.0
2009-07-16,0,,0.0,17.454,0.0
2009-07-17,0,,0.2,19.889166666666664,0.0
2009-07-18,0,,0.0,20.04125,0.0
2009-07-19,0,,0.0,21.34541666666667,0.0
2009-07-20,0,,0.0,15.9275,0.0
2009-07-21,0,,0.4,15.733333333333327,0.0
2009-07-22,0,,0.0,16.0,0.0
2009-07-23,0,,0.0,17.378333333333327,0.0
2009-07-24,0,,0.0,20.50125,0.0
2009-07-25,0,,0.0,24.475,0.0
2009-07-26,0,,6.8,19.56416666666667,0.0
2009-07-27,0,,0.0,15.20375,0.0
2009-07-28,0,,0.2,15.38875,0.0
2009-07-29,0,,0.0,15.54125,0.0
2009-07-30,0,,0.0,16.16875,0.0
2009-07-31,0,,0.8,15.87875,0.0
2009-08-01,0,,0.2,17.016666666666666,0.0
2009-08-02,0,,0.6,17.48625,0.0
2009-08-03,0,,0.2,19.65458333333333,0.0
2009-08-04,0,,0.0,21.665,0.0
2009-08-05,0,,0.0,20.48666666666666,0.0
2009-08-06,0,,4.6,18.14583333333333,0.0
2009-08-07,0,,1.2,17.58791666666667,0.0
2009-08-08,0,,2.8,15.962916666666665,0.0
2009-08-09,0,,0.4,15.142916666666665,0.0
2009-08-10,0,,0.0,14.50125,0.0
2009-08-11,0,,0.0,13.900833333333331,0.0
2009-08-12,0,,0.0,14.19625,0.0
2009-08-13,0,,0.0,15.052083333333334,0.0
2009-08-14,0,,0.0,17.565,0.0
2009-08-15,0,,0.0,16.35083333333333,0.0
2009-08-16,2,outflow_treatment_m3_statistical_outlier,0.0,16.408333333333335,0.0
2009-08-17,0,,0.0,16.53875,0.0
2009-08-18,0,,0.0,16.210833333333333,0.0
2009-08-19,0,,0.0,17.126666666666665,0.0
2009-08-20,0,,0.0,16.770833333333332,0.0
2009-08-21,0,,0.0,14.66541666666667,0.0
2009-08-22,0,,0.0,14.34041666666667,0.0
2009-08-23,0,,0.0,14.48041666666667,0.0
2009-08-24,0,,0.0,15.150833333333338,0.0
2009-08-25,0,,0.2,14.500833333333334,0.0
2009-08-26,0,,0.0,15.54,0.0
2009-08-27,0,,0.0,15.435416666666669,0.0
2009-08-28,0,,0.0,18.545833333333334,0.0
2009-08-29,0,,0.0,19.300416666666667,0.0
2009-08-30,0,,0.0,16.69125,0.0
2009-08-31,0,,0.0,15.80333333333333,0.0
2009-09-01,0,,0.6,13.8675,0.0
2009-09-02,0,,0.2,14.5825,0.0
2009-09-03,0,,0.0,17.621599999999997,0.0
2009-09-04,0,,0.0,20.398333333333337,0.0
2009-09-05,0,,0.0,21.65833333333333,0.0
2009-09-06,0,,0.0,16.1775,0.0
2009-09-07,0,,0.0,14.885833333333336,0.0
2009-09-08,0,,5.0,14.75375,0.0
2009-09-09,0,,3.8,15.211666666666666,0.0
2009-09-10,0,,9.4,14.76,0.0
2009-09-11,0,,2.8,15.025,0.0
2009-09-12,0,,12.2,15.040416666666664,0.0
2009-09-13,0,,15.0,12.469166666666668,0.0
2009-09-14,0,,0.0,15.73625,0.0
2009-09-15,0,,0.0,13.972083333333336,0.0
2009-09-16,0,,1.0,13.412083333333332,0.0
2009-09-17,0,,0.2,14.980833333333331,0.0
2009-09-18,0,,0.0,14.235416666666673,0.0
2009-09-19,0,,14.0,12.18333333333333,0.0
2009-09-20,0,,4.0,9.127125,0.0
2009-09-21,0,,2.8,9.287958333333334,0.0
2009-09-22,0,,16.2,10.55958333333333,0.0
2009-09-23,0,,0.2,11.20625,0.0
2009-09-24,0,,0.0,14.500416666666666,0.0
2009-09-25,0,,0.0,14.035,0.0
2009-09-26,0,,0.0,12.175416666666663,0.0
2009-09-27,0,,0.0,9.30875,0.0
2009-09-28,0,,0.0,10.313875,0.0
2009-09-29,0,,0.0,13.500833333333333,0.0
2009-09-30,0,,0.0,14.177083333333334,0.0
2009-10-01,0,,0.0,15.306666666666668,0.0
2009-10-02,0,,0.0,16.6175,0.0
2009-10-03,0,,0.0,17.54333333333333,0.0
2009-10-04,0,,4.0,15.257083333333334,0.0
2009-10-05,0,,3.4,13.275,0.0
2009-10-06,0,,0.2,11.753333333333332,0.0
2009-10-07,0,,0.2,11.599166666666664,0.0
2009-10-08,0,,0.2,13.40958333333333,0.0
2009-10-09,0,,0.0,14.81625,0.0
2009-10-10,0,,0.0,14.85375,0.0
2009-10-11,0,,0.0,16.66916666666667,0.0
2009-10-12,0,,0.0,16.37625,0.0
2009-10-13,0,,5.0,14.5375,0.0
2009-10-14,0,,0.0,7.859541666666668,0.0
2009-10-15,0,,0.0,11.695833333333336,0.0
2009-10-16,0,,1.4,16.433333333333337,0.0
2009-10-17,0,,4.0,14.93875,0.0
2009-10-18,0,,0.2,15.892916666666666,0.0
2009-10-19,0,,1.8,17.722083333333337,0.0
2009-10-20,0,,1.0,14.61,0.0
2009-10-21,0,,8.0,9.427291666666664,0.0
2009-10-22,0,,0.0,11.267083333333332,0.0
2009-10-23,0,,0.0,16.62,0.0
2009-10-24,0,,0.0,16.78,0.0
2009-10-25,0,,0.2,15.2325,0.0
2009-10-26,0,,0.0,11.91375,0.0
2009-10-27,0,,8.2,11.105416666666663,0.0
2009-10-28,0,,17.4,8.397249999999998,0.0
2009-10-29,0,,0.2,7.523500000000001,0.0
2009-10-30,0,,43.0,6.27375,0.0
2009-10-31,2,precip_kartepe_mm_out_of_range;inflow_m3_statistical_outlier;precip_kartepe_mm_imputed_linear,108.8,5.69475,0.0
2009-11-01,2,inflow_m3_out_of_range;inflow_m3_statistical_outlier,55.2,1.865625,0.0
2009-11-02,2,inflow_m3_statistical_outlier,5.2,-0.12775,0.0
2009-11-03,0,,10.8,4.354124999999999,0.0
2009-11-04,0,,8.4,6.741416666666665,0.0
2009-11-05,0,,0.0,10.228375,0.0
2009-11-06,0,,0.0,12.404166666666669,0.0
2009-11-07,0,,0.0,15.210833333333335,0.0
2009-11-08,0,,0.0,15.252083333333331,0.0
2009-11-09,0,,0.0,12.511666666666663,0.0
2009-11-10,0,,0.0,13.353333333333332,0.0
2009-11-11,0,,7.4,7.892708333333332,0.0
2009-11-12,0,,12.6,6.351583333333333,0.0
2009-11-13,0,,0.0,3.6436666666666655,0.0
2009-11-14,0,,0.2,3.842708333333333,0.0
2009-11-15,0,,7.2,6.365333333333332,0.0
2009-11-16,0,,7.2,4.657,0.0
2009-11-17,0,,1.6,4.68175,0.0
2009-11-18,0,,0.0,7.077875,0.0
2009-11-19,0,,0.0,8.173958333333333,0.0
2009-11-20,0,,0.0,8.978166666666668,0.0
2009-11-21,0,,0.0,9.063583333333334,0.0
2009-11-22,0,,0.0,11.36125,0.0
2009-11-23,0,,0.0,13.228333333333332,0.0
2009-11-24,0,,0.0,8.949083333333332,0.0
2009-11-25,0,,0.0,6.466541666666667,0.0
2009-11-26,0,,0.0,8.606166666666667,0.0
2009-11-27,0,,0.0,9.250208333333331,0.0
2009-11-28,0,,0.0,8.642541666666668,0.0
2009-11-29,0,,4.2,6.958416666666667,0.0
2009-11-30,0,,0.0,7.436291666666668,0.0
2009-12-01,0,,0.0,8.376125,0.0
2009-12-02,0,,0.0,9.130208333333332,0.0
2009-12-03,0,,0.0,6.984416666666665,0.0
2009-12-04,0,,0.2,6.529958333333333,0.0
2009-12-05,0,,29.2,7.775875,0.0
2009-12-06,0,,34.8,4.684833333333334,0.0
2009-12-07,0,,1.0,1.9860000000000004,0.0
2009-12-08,0,,0.0,2.7386249999999994,0.0
2009-12-09,0,,0.2,4.366,0.0
2009-12-10,0,,3.8,3.9640000000000017,0.0
2009-12-11,0,,12.4,3.371791666666667,0.0
2009-12-12,0,,14.0,3.472208333333333,0.0
2009-12-13,2,inflow_m3_statistical_outlier,11.2,-2.172833333333334,7.85625
2009-12-14,0,,0.2,0.6563333333333334,6.4875
2009-12-15,0,,0.8,4.928791666666666,1.8970833333333337
2009-12-16,0,,6.6,5.070416666666668,0.0
2009-12-17,0,,0.2,2.9760416666666667,0.0
2009-12-18,0,,15.4,3.008083333333332,0.0
2009-12-19,0,,0.6,4.162166666666668,0.0
2009-12-20,0,,22.2,6.723833333333332,0.3362083333333334
2009-12-21,0,,8.6,-2.973125,4.283333333333333
2009-12-22,0,,0.2,1.5110416666666666,3.12125
2009-12-23,0,,0.0,6.959958333333334,0.4991666666666667
2009-12-24,0,,0.0,8.934541666666666,0.0
2009-12-25,0,,2.6,10.601666666666668,0.0
2009-12-26,0,,0.2,10.43125,0.0
2009-12-27,0,,2.8,11.869583333333331,0.0
2009-12-28,0,,12.2,5.173541666666668,0.0
2009-12-29,0,,0.0,2.438875,0.0
2009-12-30,0,,0.0,4.753625,0.0
2009-12-31,0,,0.0,9.578458333333334,0.0
2010-01-01,0,,0.0,13.055833333333332,0.0
2010-01-02,0,,44.6,4.549291666666667,0.0
2010-01-03,0,,13.4,0.0574166666666668,3.760833333333333
2010-01-04,0,,0.2,-5.895875,8.94125
2010-01-05,0,,0.2,0.4270416666666667,6.20625
2010-01-06,0,,0.0,7.119958333333334,1.3120833333333335
2010-01-07,0,,0.0,9.199624999999996,0.0
2010-01-08,0,,0.0,11.108875000000005,0.0
2010-01-09,0,,0.0,11.887083333333331,0.0
2010-01-10,0,,8.8,8.281458333333333,0.0
2010-01-11,0,,3.8,3.452625,0.0
2010-01-12,0,,0.2,3.729000000000001,0.0
2010-01-13,0,,4.6,2.941958333333333,0.0
2010-01-14,0,,1.4,0.463125,0.0
2010-01-15,0,,2.6,-0.6717083333333332,0.0
2010-01-16,0,,2.8,-0.887125,1.88375
2010-01-17,0,,0.0,2.1174166666666667,0.7545833333333333
2010-01-18,0,,0.2,4.638083333333333,0.1710833333333334
2010-01-19,0,,9.0,-2.7090833333333326,3.0583333333333336
2010-01-20,0,,0.0,-2.8993333333333333,1.7708333333333337
2010-01-21,0,,0.2,-2.86725,3.2225
2010-01-22,0,,1.0,-1.8019166666666668,20.0
2010-01-23,0,,0.8,-5.947666666666668,40.0
2010-01-24,0,,0.0,-6.404958333333334,60.0
2010-01-25,0,,0.0,-9.093875000000002,80.0
2010-01-26,0,,0.0,-7.077999999999999,74.67958333333337
2010-01-27,0,,0.2,-4.226,66.43125
2010-01-28,0,,1.4,0.3454166666666667,63.29625
2010-01-29,0,,18.6,3.217708333333334,49.225
2010-01-30,2,inflow_m3_statistical_outlier,0.2,6.746958333333333,35.95416666666667
2010-01-31,2,inflow_m3_statistical_outlier,6.4,5.257208333333333,24.825
2010-02-01,2,inflow_m3_statistical_outlier,25.6,4.056708333333333,17.34625
2010-02-02,2,inflow_m3_statistical_outlier,6.4,-3.2085833333333333,35.35833333333333
2010-02-03,0,,0.0,-6.998249999999999,66.30416666666666
2010-02-04,0,,0.0,-4.158041666666667,65.32791666666665
2010-02-05,0,,0.0,-5.138000000000001,65.85416666666667
2010-02-06,0,,0.2,-0.4508333333333332,62.34583333333333
2010-02-07,0,,8.4,2.8864583333333336,55.65
2010-02-08,0,,3.2,2.117125,43.99583333333333
2010-02-09,0,,0.0,-0.9688333333333332,41.023333333333326
2010-02-10,0,,3.4,6.253875000000001,36.30416666666665
2010-02-11,2,inflow_m3_statistical_outlier,5.0,6.5986666666666665,22.6375
2010-02-12,2,inflow_m3_statistical_outlier,0.0,7.678625,13.802083333333332
2010-02-13,2,inflow_m3_statistical_outlier,7.2,5.190625,4.277083333333335
2010-02-14,0,,0.4,9.399791666666667,0.4795833333333333
2010-02-15,2,inflow_m3_statistical_outlier,1.4,5.554708333333334,0.1550416666666666
2010-02-16,0,,0.0,4.99875,0.0
2010-02-17,0,,0.6,9.98875,0.0
2010-02-18,0,,5.0,10.061791666666666,0.0
2010-02-19,0,,0.2,10.416541666666667,0.0
2010-02-20,0,,2.8,13.759166666666673,0.0
2010-02-21,0,,11.4,3.6335833333333327,0.0
2010-02-22,0,,0.2,2.5201250000000006,0.0
2010-02-23,0,,5.8,5.865,0.0
2010-02-24,0,,3.8,6.911375,0.0
2010-02-25,0,,20.0,6.1702916666666665,0.0
2010-02-26,0,,2.6,3.739875,0.0
2010-02-27,0,,3.8,4.275124999999998,0.0
2010-02-28,0,,0.8,2.165916666666667,0.0
2010-03-01,0,,0.0,9.418625,0.0
2010-03-02,0,,21.2,6.117708333333334,0.0
2010-03-03,0,,0.0,2.794,0.0
2010-03-04,0,,22.8,6.4225,0.0
2010-03-05,2,inflow_m3_statistical_outlier,16.6,5.156458333333333,0.0
2010-03-06,2,inflow_m3_statistical_outlier,11.0,-1.2058749999999998,0.0
2010-03-07,0,,4.6,-2.2782916666666666,0.0
2010-03-08,0,,0.2,5.329041666666666,0.0
2010-03-09,0,,5.4,2.3988333333333336,0.0
2010-03-10,0,,0.2,1.811041666666667,0.0
2010-03-11,0,,0.0,8.172458333333333,0.0
2010-03-12,0,,2.6,5.3467916666666655,0.0
2010-03-13,0,,0.0,3.490708333333334,0.0
2010-03-14,0,,2.4,-0.7772916666666667,0.0
2010-03-15,0,,0.6,-0.44075,0.0
2010-03-16,0,,0.6,0.0748333333333333,0.0
2010-03-17,0,,6.8,-2.0493333333333337,4.854166666666665
2010-03-18,0,,0.0,-1.9055416666666665,4.085
2010-03-19,0,,0.0,2.182041666666667,2.3115
2010-03-20,0,,0.0,7.433291666666668,0.0204166666666666
2010-03-21,0,,0.0,10.421208333333334,0.0
2010-03-22,0,,0.0,11.5325,0.0
2010-03-23,0,,0.0,11.44725,0.0
2010-03-24,0,,0.0,7.042291666666667,0.0
2010-03-25,0,,0.0,2.58036,0.0
2010-03-26,0,,0.0,1.275166666666666,0.0
2010-03-27,0,,0.0,8.119521739130434,0.0
2010-03-28,0,,15.6,8.454458333333333,0.0
2010-03-29,0,,7.0,2.0704583333333333,0.0
2010-03-30,0,,0.2,7.483833333333334,0.0
2010-03-31,0,,0.0,10.473333333333333,0.0
2010-04-01,0,,6.4,10.579624999999998,0.0
2010-04-02,0,,4.2,8.485375000000001,0.0
2010-04-03,0,,1.4,7.229041666666666,0.0
2010-04-04,0,,0.0,9.138500000000002,0.0
2010-04-05,0,,0.0,14.088333333333331,0.0
2010-04-06,0,,32.2,7.326708333333333,0.0
2010-04-07,2,inflow_m3_statistical_outlier,16.8,2.72425,0.0
2010-04-08,0,,0.2,2.652791666666667,0.0
2010-04-09,0,,0.8,1.5517916666666665,0.0
2010-04-10,0,,0.0,3.555333333333333,0.0
2010-04-11,0,,0.0,2.0694583333333334,0.0
2010-04-12,0,,0.0,3.367458333333334,0.0
2010-04-13,0,,0.0,6.448416666666668,0.0
2010-04-14,0,,0.0,8.7465,0.0
2010-04-15,0,,0.0,12.89666666666667,0.0
2010-04-16,0,,0.0,15.785833333333334,0.0
2010-04-17,0,,0.8,11.596916666666669,0.0
2010-04-18,0,,0.2,9.155958333333333,0.0
2010-04-19,0,,2.6,15.487083333333333,0.0
2010-04-20,0,,4.4,11.003000000000002,0.0
2010-04-21,0,,11.0,5.459250000000001,0.0
2010-04-22,0,,0.0,10.024041666666667,0.0
2010-04-23,0,,0.0,14.040833333333332,0.0
2010-04-24,0,,0.0,16.151666666666667,0.0
2010-04-25,0,,0.0,10.135416666666666,0.0
2010-04-26,0,,1.6,6.699249999999998,0.0
2010-04-27,0,,0.6,3.8842083333333335,0.0
2010-04-28,0,,0.2,3.5173333333333328,0.0
2010-04-29,0,,0.0,4.557624999999999,0.0
2010-04-30,0,,0.0,6.770416666666667,0.0
2010-05-01,0,,0.0,9.552124999999997,0.0
2010-05-02,0,,0.0,11.121666666666668,0.0
2010-05-03,0,,0.0,12.469166666666668,0.0
2010-05-04,0,,0.0,12.498333333333331,0.0
2010-05-05,0,,0.0,12.271666666666668,0.0
2010-05-06,0,,0.0,16.123333333333335,0.0
2010-05-07,0,,0.0,16.513333333333332,0.0
2010-05-08,0,,0.0,14.839583333333335,0.0
2010-05-09,0,,0.0,14.0525,0.0
2010-05-10,0,,0.0,13.07,0.0
2010-05-11,0,,0.0,15.7275,0.0
2010-05-12,0,,0.0,17.78458333333333,0.0
2010-05-13,0,,0.4,21.16625,0.0
2010-05-14,0,,0.2,18.86875,0.0
2010-05-15,0,,1.0,18.24,0.0
2010-05-16,0,,0.0,15.294166666666664,0.0
2010-05-17,0,,0.0,12.387083333333337,0.0
2010-05-18,0,,6.4,8.597,0.0
2010-05-19,0,,1.0,9.53625,0.0
2010-05-20,0,,2.6,9.354458333333332,0.0
2010-05-21,0,,3.8,10.557083333333331,0.0
2010-05-22,0,,46.0,8.927291666666667,0.0
2010-05-23,0,,6.2,9.3375,0.0
2010-05-24,0,,1.0,12.738333333333337,0.0
2010-05-25,0,,0.0,15.250833333333334,0.0
2010-05-26,0,,0.0,17.54375,0.0
2010-05-27,0,,0.0,18.335416666666667,0.0
2010-05-28,2,outflow_treatment_m3_statistical_outlier,0.0,19.864166666666662,0.0
2010-05-29,2,outflow_treatment_m3_statistical_outlier,0.0,18.227083333333336,0.0
2010-05-30,0,,0.0,18.27125,0.0
2010-05-31,0,,0.0,21.2075,0.0
2010-06-01,0,,2.4,19.96333333333333,0.0
2010-06-02,0,,1.2,12.33125,0.0
2010-06-03,0,,0.2,16.47875,0.0
2010-06-04,0,,0.0,16.769583333333333,0.0
2010-06-05,0,,1.0,14.95083333333333,0.0
2010-06-06,0,,21.6,12.39625,0.0
2010-06-07,0,,47.6,11.33125,0.0
2010-06-08,0,,6.4,13.841666666666669,0.0
2010-06-09,0,,20.8,14.723333333333333,0.0
2010-06-10,0,,0.4,14.010833333333336,0.0
2010-06-11,0,,0.0,16.36958333333333,0.0
2010-06-12,0,,0.0,18.63083333333333,0.0
2010-06-13,0,,0.0,19.75875,0.0
2010-06-14,0,,0.0,20.72208333333333,0.0
2010-06-15,0,,0.0,21.4975,0.0
2010-06-16,0,,0.0,21.12625,0.0
2010-06-17,0,,0.0,18.1425,0.0
2010-06-18,0,,3.4,15.62125,0.0
2010-06-19,0,,0.0,18.25875,0.0
2010-06-20,0,,0.4,19.600416666666664,0.0
2010-06-21,0,,0.0,20.0675,0.0
2010-06-22,0,,13.6,14.425833333333332,0.0
2010-06-23,0,,10.0,13.086666666666666,0.0
2010-06-24,0,,7.8,10.835416666666664,0.0
2010-06-25,0,,2.2,11.565416666666666,0.0
2010-06-26,0,,0.0,14.815416666666666,0.0
2010-06-27,0,,0.0,16.2,0.0
2010-06-28,2,outflow_treatment_m3_statistical_outlier,3.8,15.30291666666666,0.0
2010-06-29,0,,0.0,15.917916666666663,0.0
2010-06-30,0,,2.4,15.934583333333334,0.0
2010-07-01,0,,0.0,17.703333333333337,0.0
2010-07-02,0,,0.0,18.29833333333333,0.0
2010-07-03,0,,0.0,17.6625,0.0
2010-07-04,0,,0.0,17.23666666666666,0.0
2010-07-05,0,,0.0,16.45208333333333,0.0
2010-07-06,2,outflow_treatment_m3_statistical_outlier,0.2,17.88,0.0
2010-07-07,2,outflow_treatment_m3_statistical_outlier,0.0,17.535833333333333,0.0
2010-07-08,0,,1.0,15.20875,0.0
2010-07-09,0,,0.2,15.085,0.0
2010-07-10,0,,0.2,15.84291666666667,0.0
2010-07-11,0,,0.0,17.13291666666667,0.0
2010-07-12,0,,0.0,18.82541666666667,0.0
2010-07-13,0,,0.0,18.9275,0.0
2010-07-14,0,,0.0,19.21916666666667,0.0
2010-07-15,0,,3.0,18.49833333333333,0.0
2010-07-16,0,,0.0,18.32208333333333,0.0
2010-07-17,0,,0.2,18.89625,0.0
2010-07-18,0,,0.0,19.159166666666664,0.0
2010-07-19,0,,0.0,19.8625,0.0
2010-07-20,0,,0.0,18.05375,0.0
2010-07-21,0,,0.0,18.45625,0.0
2010-07-22,0,,0.0,19.56583333333333,0.0
2010-07-23,0,,0.0,19.74375,0.0
2010-07-24,0,,0.0,19.417916666666667,0.0
2010-07-25,0,,0.0,21.28958333333333,0.0
2010-07-26,0,,4.2,20.49875,0.0
2010-07-27,0,,0.4,20.10875,0.0
2010-07-28,0,,0.0,17.665,0.0
2010-07-29,0,,0.0,16.847083333333337,0.0
2010-07-30,0,,0.0,19.363333333333333,0.0
2010-07-31,0,,0.2,22.67958333333333,0.0
2010-08-01,0,,0.0,21.795,0.0
2010-08-02,0,,0.0,20.321666666666665,0.0
2010-08-03,0,,0.0,20.797916666666666,0.0
2010-08-04,0,,0.2,21.83583333333333,0.0
2010-08-05,0,,0.4,22.575,0.0
2010-08-06,0,,0.0,25.077083333333334,0.0
2010-08-07,0,,0.0,22.57208333333333,0.0
2010-08-08,0,,0.0,20.915,0.0
2010-08-09,0,,0.4,21.405416666666667,0.0
2010-08-10,0,,0.0,22.42125,0.0
2010-08-11,0,,0.0,24.265,0.0
2010-08-12,0,,0.0,24.20166666666667,0.0
2010-08-13,0,,0.0,23.111666666666665,0.0
2010-08-14,0,,0.0,21.20625,0.0
2010-08-15,0,,0.0,20.976666666666663,0.0
2010-08-16,0,,0.0,22.78875,0.0
2010-08-17,0,,0.0,22.6325,0.0
2010-08-18,0,,0.0,20.398333333333333,0.0
2010-08-19,0,,0.2,20.155833333333337,0.0
2010-08-20,0,,0.0,19.629166666666663,0.0
2010-08-21,0,,0.0,17.098333333333333,0.0
2010-08-22,0,,0.0,17.194166666666668,0.0
2010-08-23,0,,0.0,15.738333333333337,0.0
2010-08-24,0,,0.0,17.287083333333335,0.0
2010-08-25,0,,0.2,18.365,0.0
2010-08-26,0,,0.0,18.52208333333333,0.0
2010-08-27,0,,0.0,20.216666666666665,0.0
2010-08-28,0,,0.0,24.89125,0.0
2010-08-29,0,,0.0,21.49958333333333,0.0
2010-08-30,0,,0.0,19.55958333333333,0.0
2010-08-31,0,,2.6,21.674166666666665,0.0
2010-09-01,0,,18.2,10.770833333333336,0.0
2010-09-02,0,,0.2,13.389166666666666,0.0
2010-09-03,0,,0.0,14.69375,0.0
2010-09-04,0,,0.0,16.991666666666664,0.0
2010-09-05,0,,6.6,16.265416666666667,0.0
2010-09-06,0,,1.0,14.059166666666664,0.0
2010-09-07,0,,2.4,13.969166666666666,0.0
2010-09-08,0,,0.0,17.02166666666667,0.0
2010-09-09,0,,0.0,16.977083333333336,0.0
2010-09-10,0,,0.0,13.354583333333338,0.0
2010-09-11,0,,0.2,13.626666666666669,0.0
2010-09-12,0,,2.6,14.131666666666668,0.0
2010-09-13,0,,0.4,12.342083333333337,0.0
2010-09-14,0,,0.0,13.450833333333335,0.0
2010-09-15,0,,0.2,14.930833333333332,0.0
2010-09-16,0,,0.0,15.428333333333333,0.0
2010-09-17,0,,0.0,14.82625,0.0
2010-09-18,0,,0.0,18.709583333333335,0.0
2010-09-19,0,,0.0,21.46846153846154,0.0
2010-09-20,0,,1.4,15.76764705882353,0.0
2010-09-21,0,,36.4,12.305416666666666,0.0
2010-09-22,0,,2.4,11.46125,0.0
2010-09-23,0,,0.0,12.93791666666666,0.0
2010-09-24,0,,0.6,15.108333333333333,0.0
2010-09-25,0,,0.2,17.37333333333333,0.0
2010-09-26,0,,0.0,19.78375,0.0
2010-09-27,0,,0.0,17.68875,0.0
2010-09-28,0,,0.0,16.932916666666674,0.0
2010-09-29,0,,15.0,17.887916666666666,0.0
2010-09-30,0,,0.0,10.80375,0.0
2010-10-01,0,,0.0,9.387083333333337,0.0
2010-10-02,0,,0.0,9.166541666666664,0.0
2010-10-03,0,,4.2,6.8486666666666665,0.0
2010-10-04,0,,0.0,7.166916666666669,0.0
2010-10-05,0,,0.2,7.395958333333333,0.0
2010-10-06,0,,1.2,7.306041666666666,0.0
2010-10-07,0,,14.8,5.833125,0.0
2010-10-08,0,,17.8,4.167333333333334,0.0
2010-10-09,0,,6.6,2.481666666666667,0.0
2010-10-10,0,,0.0,5.702125000000001,0.0
2010-10-11,0,,0.8,8.496541666666667,0.0
2010-10-12,0,,18.8,11.028666666666666,0.0
2010-10-13,0,,47.2,13.053333333333336,0.0
2010-10-14,0,,23.4,13.326666666666664,0.0
2010-10-15,0,,17.8,10.897916666666664,0.0
2010-10-16,0,,4.8,12.29,0.0
2010-10-17,0,,0.0,14.242083333333335,0.0
2010-10-18,0,,6.8,14.505833333333332,0.0
2010-10-19,0,,1.4,14.628333333333336,0.0
2010-10-20,0,,2.2,13.374583333333332,0.0
2010-10-21,0,,11.6,11.215291666666667,0.0
2010-10-22,0,,2.6,6.479916666666667,0.0
2010-10-23,0,,0.6,7.657291666666666,0.0
2010-10-24,0,,0.0,10.320791666666668,0.0
2010-10-25,0,,0.0,12.849166666666669,0.0
2010-10-26,0,,11.0,12.999166666666666,0.0
2010-10-27,0,,37.8,10.12875,0.0
2010-10-28,2,inflow_m3_out_of_range;inflow_m3_statistical_outlier,91.6,6.297666666666665,0.0
2010-10-29,2,inflow_m3_out_of_range;inflow_m3_statistical_outlier,13.4,2.022375,0.0
2010-10-30,0,,0.0,3.546210526315789,0.0
2010-10-31,0,,0.0,8.0,0.0
2010-11-01,0,,0.0,9.919047619047618,0.0
2010-11-02,0,,0.0,13.924583333333333,0.0
2010-11-03,0,,0.0,14.061666666666666,0.0
2010-11-04,2,outflow_treatment_m3_statistical_outlier,0.0,14.217916666666667,0.0
2010-11-05,0,,0.0,15.447083333333335,0.0
2010-11-06,0,,0.0,13.504583333333333,0.0
2010-11-07,0,,0.0,12.617083333333332,0.0
2010-11-08,0,,0.0,15.66208333333333,0.0
2010-11-09,0,,0.0,15.622916666666663,0.0
2010-11-10,0,,0.0,15.517083333333334,0.0
2010-11-11,0,,0.0,15.5525,0.0
2010-11-12,0,,0.0,14.345416666666669,0.0
2010-11-13,0,,0.0,15.1625,0.0
2010-11-14,0,,0.0,17.28083333333333,0.0
2010-11-15,0,,0.0,18.23583333333333,0.0
2010-11-16,0,,0.0,16.49958333333333,0.0
2010-11-17,0,,0.0,14.536666666666669,0.0
2010-11-18,0,,0.0,12.089583333333335,0.0
2010-11-19,0,,0.0,11.570416666666668,0.0
2010-11-20,0,,0.0,10.0,0.0
2010-11-21,0,,0.0,9.0,0.0
2010-11-22,0,,0.0,11.5,0.0
2010-11-23,0,,13.2,11.47218181818182,0.0
2010-11-24,0,,10.6,8.709833333333334,0.0
2010-11-25,0,,13.4,7.226520000000001,0.0
2010-11-26,0,,0.0,11.461208333333332,0.0
2010-11-27,0,,0.0,13.21541666666667,0.0
2010-11-28,0,,0.0,15.627916666666666,0.0
2010-11-29,0,,0.0,15.847916666666668,0.0
2010-11-30,0,,0.0,14.473333333333336,0.0
2010-12-01,0,,0.0,16.184583333333332,0.0
2010-12-02,0,,0.0,16.865416666666665,0.0
2010-12-03,0,,0.0,15.639583333333336,0.0
2010-12-04,0,,0.0,14.801750000000007,0.0
2010-12-05,0,,11.6,1.5357916666666662,0.0
2010-12-06,0,,0.2,2.038666666666667,0.0
2010-12-07,0,,0.0,6.546,0.0
2010-12-08,0,,0.0,9.67270833333333,0.0
2010-12-09,0,,8.4,10.108416666666663,0.0
2010-12-10,0,,15.4,-1.8668333333333331,12.254166666666666
2010-12-11,0,,5.4,-3.3002083333333325,24.9125
2010-12-12,0,,0.2,-5.433875,42.304166666666674
2010-12-13,0,,0.0,-1.9370833333333335,45.19166666666667
2010-12-14,0,,5.4,-0.9802916666666668,46.935833333333335
2010-12-15,0,,3.8,-0.0660625,44.85583333333334
2010-12-16,0,,13.4,4.483590909090909,33.9375
2010-12-17,0,,1.6,0.1256666666666666,22.99041666666667
2010-12-18,0,,0.0,3.737708333333333,22.19875
2010-12-19,0,,8.6,3.0526249999999995,16.475
2010-12-20,0,,0.0,7.925541666666668,9.5875
2010-12-21,2,inflow_m3_statistical_outlier,0.0,9.448375,2.36875
2010-12-22,0,,0.0,9.347416666666666,0.0820833333333333
2010-12-23,0,,0.0,8.122333333333332,0.0
2010-12-24,0,,0.0,8.474874999999999,0.0
2010-12-25,0,,0.4,9.61125,0.0
2010-12-26,0,,4.4,9.386333333333337,0.0
2010-12-27,0,,2.0,8.304499999999999,0.0
2010-12-28,0,,5.8,1.2185,0.0
2010-12-29,0,,5.2,-0.8059166666666666,1.7704166666666667
2010-12-30,0,,5.2,-1.98,13.477916666666664
2010-12-31,0,,0.2,-3.250833333333333,13.955875
2011-01-01,0,,0.0,-1.6496666666666666,12.705416666666672
2011-01-02,0,,0.0,0.6757083333333332,11.940166666666666
2011-01-03,0,,5.2,2.284666666666667,6.53625
2011-01-04,0,,4.4,-1.2497916666666664,17.625
2011-01-05,0,,0.2,-2.518,18.927625000000003
2011-01-06,0,,0.0,-1.951,17.784541666666666
2011-01-07,0,,0.2,-1.5276249999999998,17.019583333333333
2011-01-08,0,,0.0,1.4367916666666665,16.562458333333336
2011-01-09,0,,0.4,3.652625000000001,14.95
2011-01-10,0,,0.0,3.765,13.310833333333331
2011-01-11,0,,0.0,3.45225,12.470458333333337
2011-01-12,0,,0.0,4.5035,11.093333333333334
2011-01-13,0,,0.0,3.4735,9.768125
2011-01-14,0,,0.0,2.9076249999999995,9.175166666666664
2011-01-15,0,,0.0,4.037750000000001,8.563375
2011-01-16,0,,14.0,2.876208333333333,5.22875
2011-01-17,0,,4.6,0.086375,2.1383333333333336
2011-01-18,0,,0.0,0.5182916666666667,1.19625
2011-01-19,0,,0.0,1.5332083333333333,0.53125
2011-01-20,0,,0.0,5.450499999999999,0.0
2011-01-21,0,,0.0,5.893791666666666,0.0
2011-01-22,0,,0.4,6.238625,0.0
2011-01-23,0,,9.8,4.722333333333334,0.0
2011-01-24,0,,9.0,0.9612083333333338,1.07125
2011-01-25,0,,5.2,-1.4469583333333336,6.845833333333333
2011-01-26,0,,1.8,-2.5109166666666662,16.666666666666664
2011-01-27,0,,0.0,-1.5850833333333332,14.076666666666668
2011-01-28,0,,0.4,-0.6625416666666666,13.36
2011-01-29,0,,19.2,-2.30625,31.758333333333333
2011-01-30,0,,11.0,-3.056083333333333,66.82916666666668
2011-01-31,0,,2.4,-4.069833333333333,64.69291666666666
2011-02-01,0,,0.0,-4.431583333333333,62.01166666666668
2011-02-02,0,,0.0,-2.0660833333333337,61.04729166666666
2011-02-03,0,,0.0,-1.4904166666666665,58.215416666666655
2011-02-04,0,,0.0,-2.0977083333333337,55.55458333333334
2011-02-05,0,,0.0,2.8625833333333333,52.779583333333335
2011-02-06,0,,0.0,5.80075,48.85583333333334
2011-02-07,0,,0.0,5.386583333333333,45.61541666666666
2011-02-08,0,,0.0,6.480458333333334,42.62041666666666
2011-02-09,0,,0.0,1.4604583333333323,39.99333333333332
2011-02-10,0,,0.0,-1.8440833333333333,38.12958333333334
2011-02-11,0,,0.0,2.1552916666666664,37.16904166666666
2011-02-12,0,,1.2,4.076125,33.88458333333333
2011-02-13,0,,0.0,-0.6288749999999997,30.043333333333333
2011-02-14,0,,0.2,0.9843333333333334,28.31575
2011-02-15,0,,0.0,-3.384875,27.29583333333333
2011-02-16,0,,0.0,-3.79825,27.254166666666677
2011-02-17,0,,0.0,3.1080416666666664,26.3875
2011-02-18,0,,2.0,8.593583333333333,21.954166666666676
2011-02-19,0,,2.6,4.291875,15.9875
2011-02-20,0,,4.0,-1.2279583333333333,19.725
2011-02-21,0,,0.2,-0.301,21.49988091666667
2011-02-22,0,,2.6,3.992666666666668,18.37916666666667
2011-02-23,0,,2.4,4.528499999999999,13.99
2011-02-24,0,,1.8,1.7627916666666663,10.52875
2011-02-25,0,,2.0,0.7192083333333339,8.115833333333333
2011-02-26,0,,2.4,-2.321833333333333,17.4
2011-02-27,0,,0.0,-2.08975,20.73445833333334
2011-02-28,0,,1.0,-1.813125,20.8325
2011-03-01,0,,0.0,-2.677249999999999,24.586666666666662
2011-03-02,0,,0.4,-1.712291666666667,25.797541666666664
2011-03-03,0,,8.0,-1.10275,25.641666666666676
2011-03-04,0,,0.0,-2.6729583333333338,26.52133333333333
2011-03-05,0,,1.4,2.504833333333333,23.9
2011-03-06,0,,14.4,-0.2196249999999999,22.25
2011-03-07,0,,2.4,-3.9024166666666673,29.40416666666667
2011-03-08,0,,4.2,-4.764499999999999,39.1625
2011-03-09,0,,13.2,-4.532083333333333,46.0
2011-03-10,0,,9.0,-4.8175,52.0
2011-03-11,0,,0.2,-2.889583333333334,50.0
2011-03-12,0,,0.0,2.6654166666666668,55.0
2011-03-13,0,,0.0,5.288916666666667,60.0
2011-03-14,0,,0.0,8.857083333333332,70.68958333333335
2011-03-15,0,,0.0,10.380083333333332,59.63666666666666
2011-03-16,2,inflow_m3_statistical_outlier,0.0,10.9645,50.01041666666666
2011-03-17,2,inflow_m3_statistical_outlier,1.6,10.396291666666666,41.65
2011-03-18,2,inflow_m3_statistical_outlier,10.4,6.531541666666667,34.470833333333324
2011-03-19,2,inflow_m3_statistical_outlier,3.0,4.531499999999999,28.842916666666667
2011-03-20,2,inflow_m3_statistical_outlier,0.6,2.166041666666666,24.275
2011-03-21,2,inflow_m3_statistical_outlier,1.0,-0.5243333333333333,22.026666666666664
2011-03-22,0,,0.2,-1.7790416666666664,22.662916666666664
2011-03-23,0,,0.4,-2.437,24.897916666666664
2011-03-24,0,,0.0,2.345833333333333,23.383333333333336
2011-03-25,0,,0.0,8.080625,20.62083333333333
2011-03-26,0,,0.0,10.068333333333332,15.32916666666667
2011-03-27,0,,2.4000000000000004,8.533812500000002,9.560416666666669
2011-03-28,0,,0.4,7.827333333333332,3.941666666666668
2011-03-29,0,,2.4000000000000004,10.022333333333332,0.0
2011-03-30,0,,1.2,9.051166666666669,0.0
2011-03-31,0,,0.2,7.480208333333334,0.0
2011-04-01,0,,2.8,4.556041666666665,0.0
2011-04-02,0,,4.4,3.717125,0.0
2011-04-03,0,,1.4,3.177250000000001,0.0
2011-04-04,0,,1.4,2.2645000000000004,0.0
2011-04-05,0,,0.0,3.3777916666666665,0.0
2011-04-06,0,,0.2,1.9006666666666665,0.0
2011-04-07,0,,0.0,5.751708333333333,0.0
2011-04-08,0,,2.6,7.542375,0.0
2011-04-09,0,,2.2,7.203624999999998,0.0
2011-04-10,0,,2.0,1.868083333333333,0.0
2011-04-11,0,,2.6,-0.1355833333333332,0.4358333333333333
2011-04-12,0,,0.0,3.2194583333333324,0.0173333333333333
2011-04-13,0,,0.0,10.316625,0.0
2011-04-14,0,,10.2,3.171166666666668,0.0
2011-04-15,0,,0.0,5.336458333333334,0.0
2011-04-16,0,,0.0,2.3876666666666675,0.0
2011-04-17,0,,1.2000000000000002,1.971291666666666,0.0
2011-04-18,0,,1.0,5.628458333333334,0.0
2011-04-19,0,,0.2,2.7735833333333333,0.0
2011-04-20,0,,6.800000000000001,2.053166666666667,0.0
2011-04-21,0,,0.0,1.944541666666667,0.0
2011-04-22,0,,0.0,1.86475,0.0
2011-04-23,0,,0.0,1.4080833333333336,0.0
2011-04-24,0,,0.0,2.7151666666666667,0.0
2011-04-25,0,,0.0,2.674708333333333,0.0
2011-04-26,0,,0.0,10.203499999999998,0.0
2011-04-27,0,,5.6000000000000005,10.572458333333334,0.0
2011-04-28,0,,0.6000000000000001,8.234333333333334,0.0
2011-04-29,0,,0.0,6.903708333333334,0.0
2011-04-30,0,,0.0,9.232583333333332,0.0
2011-05-01,0,,1.4,13.193333333333335,0.0
2011-05-02,0,,1.2,13.289166666666668,0.0
2011-05-03,0,,0.4,14.511666666666663,0.0
2011-05-04,0,,5.000000000000001,9.787916666666664,0.0
2011-05-05,0,,3.000000000000001,5.803458333333334,0.0
2011-05-06,0,,2.8000000000000003,2.574458333333334,0.0
2011-05-07,0,,0.0,6.351125000000001,0.0
2011-05-08,0,,0.0,7.213041666666666,0.0
2011-05-09,0,,0.0,4.088541666666668,0.0
2011-05-10,0,,0.0,5.145125,0.0
2011-05-11,0,,2.2,5.491416666666666,0.0
2011-05-12,0,,7.200000000000002,5.371666666666667,0.0
2011-05-13,0,,2.8000000000000007,7.055541666666667,0.0
2011-05-14,0,,0.2,11.720833333333331,0.0
2011-05-15,0,,0.0,13.844166666666665,0.0
2011-05-16,0,,0.0,17.464583333333334,0.0
2011-05-17,0,,0.0,17.149166666666666,0.0
2011-05-18,0,,2.6,13.305833333333338,0.0
2011-05-19,0,,8.799999999999999,11.125416666666666,0.0
2011-05-20,0,,0.0,11.534999999999998,0.0
2011-05-21,0,,0.0,12.426666666666668,0.0
2011-05-22,0,,0.2,14.596,0.0
2011-05-23,0,,0.0,13.847647058823531,0.0
2011-05-24,0,,0.0,16.871666666666666,0.0
2011-05-25,0,,0.0,15.970833333333331,0.0
2011-05-26,0,,0.0,13.79166666666667,0.0
2011-05-27,0,,3.0,12.2175,0.0
2011-05-28,0,,3.8000000000000007,11.61875,0.0
2011-05-29,0,,1.6,10.89875,0.0
2011-05-30,0,,0.2,12.768750000000002,0.0
2011-05-31,0,,11.2,13.053333333333333,0.0
2011-06-01,0,,1.4,14.058333333333332,0.0
2011-06-02,0,,0.2,14.942500000000004,0.0
2011-06-03,0,,0.0,15.015000000000002,0.0
2011-06-04,0,,0.0,14.88125,0.0
2011-06-05,0,,0.0,16.369583333333335,0.0
2011-06-06,0,,0.0,15.077500000000002,0.0
2011-06-07,0,,0.0,15.783749999999998,0.0
2011-06-08,0,,0.0,20.04958333333333,0.0
2011-06-09,0,,0.0,22.402083333333337,0.0
2011-06-10,0,,1.4,14.70041666666667,0.0
2011-06-11,0,,2.6,13.172499999999998,0.0
2011-06-12,0,,4.6000000000000005,13.0875,0.0
2011-06-13,0,,10.000000000000002,13.032083333333333,0.0
2011-06-14,0,,0.0,13.748333333333337,0.0
2011-06-15,0,,1.7999999999999998,14.277500000000002,0.0
2011-06-16,0,,2.2,13.492083333333335,0.0
2011-06-17,0,,0.4,14.494583333333331,0.0
2011-06-18,0,,0.6000000000000001,14.663750000000002,0.0
2011-06-19,0,,0.0,17.34,0.0
2011-06-20,0,,3.0,17.335416666666664,0.0
2011-06-21,2,outflow_treatment_m3_statistical_outlier,0.0,14.739166666666664,0.0
2011-06-22,0,,0.0,15.029583333333331,0.0
2011-06-23,0,,0.0,16.036250000000003,0.0
2011-06-24,2,outflow_treatment_m3_statistical_outlier,0.0,18.816666666666663,0.0
2011-06-25,0,,18.8,15.82208333333333,0.0
2011-06-26,0,,1.8,9.85625,0.0
2011-06-27,0,,2.8,10.386666666666663,0.0
2011-06-28,0,,0.0,13.724583333333335,0.0
2011-06-29,0,,0.0,13.619583333333336,0.0
2011-06-30,0,,0.0,16.482916666666668,0.0
2011-07-01,0,,25.6,17.37125,0.0
2011-07-02,0,,2.4,15.582083333333332,0.0
2011-07-03,0,,0.2,18.734583333333337,0.0
2011-07-04,0,,0.0,15.370416666666666,0.0
2011-07-05,0,,0.0,17.95375,0.0
2011-07-06,0,,0.0,18.714583333333334,0.0
2011-07-07,0,,0.0,17.852083333333333,0.0
2011-07-08,0,,0.0,17.644166666666667,0.0
2011-07-09,0,,0.0,17.325833333333332,0.0
2011-07-10,0,,0.0,18.284166666666664,0.0
2011-07-11,0,,0.0,17.78166666666667,0.0
2011-07-12,0,,0.0,17.755,0.0
2011-07-13,0,,3.0000000000000004,17.254583333333336,0.0
2011-07-14,0,,0.2,18.05583333333333,0.0
2011-07-15,0,,0.0,18.24291666666667,0.0
2011-07-16,0,,0.0,19.808333333333326,0.0
2011-07-17,0,,0.0,20.78708333333333,0.0
2011-07-18,0,,0.0,20.409166666666668,0.0
2011-07-19,0,,0.0,20.65083333333333,0.0
2011-07-20,0,,0.0,22.55958333333333,0.0
2011-07-21,0,,0.0,20.19333333333333,0.0
2011-07-22,0,,0.0,18.882500000000004,0.0
2011-07-23,0,,0.0,19.95375,0.0
2011-07-24,0,,0.0,21.758750000000003,0.0
2011-07-25,0,,0.0,22.199583333333337,0.0
2011-07-26,0,,0.0,22.67458333333333,0.0
2011-07-27,0,,0.0,20.97875,0.0
2011-07-28,0,,0.0,19.359583333333337,0.0
2011-07-29,0,,0.0,20.77916666666667,0.0
2011-07-30,0,,0.0,20.51458333333333,0.0
2011-07-31,0,,0.0,17.98,0.0
2011-08-01,0,,0.0,17.47125,0.0
2011-08-02,0,,0.0,17.420416666666664,0.0
2011-08-03,0,,0.2,19.65647569444444,0.0
2011-08-04,0,,0.0,16.432916666666667,0.0
2011-08-05,0,,0.2,16.207083333333333,0.0
2011-08-06,0,,0.0,15.639166666666668,0.0
2011-08-07,0,,0.0,15.80208333333333,0.0
2011-08-08,0,,0.0,16.570416666666667,0.0
2011-08-09,0,,0.0,17.247916666666665,0.0
2011-08-10,0,,0.0,17.345,0.0
2011-08-11,0,,14.2,13.378333333333332,0.0
2011-08-12,0,,42.6,13.949166666666663,0.0
2011-08-13,0,,0.0,15.76875,0.0
2011-08-14,0,,0.0,18.53333333333333,0.0
2011-08-15,0,,0.0,18.96458333333334,0.0
2011-08-16,0,,0.0,18.717916666666667,0.0
2011-08-17,0,,0.0,18.4525,0.0
2011-08-18,0,,0.0,15.70833333333333,0.0
2011-08-19,0,,1.0,13.75291666666667,0.0
2011-08-20,0,,0.0,14.639166666666668,0.0
2011-08-21,0,,0.4,15.727083333333336,0.0
2011-08-22,0,,0.0,15.220833333333331,0.0
2011-08-23,0,,0.0,15.235833333333334,0.0
2011-08-24,0,,0.0,17.005416666666665,0.0
2011-08-25,0,,0.0,15.745,0.0
2011-08-26,0,,0.0,15.720416666666669,0.0
2011-08-27,0,,0.0,15.754583333333334,0.0
2011-08-28,0,,0.0,16.139999999999997,0.0
2011-08-29,0,,0.0,16.645416666666666,0.0
2011-08-30,0,,0.0,15.977083333333333,0.0
2011-08-31,0,,0.0,18.96333333333333,0.0
2011-09-01,0,,0.0,19.34458333333334,0.0
2011-09-02,0,,0.0,18.324166666666667,0.0
2011-09-03,0,,0.0,16.385416666666668,0.0
2011-09-04,0,,0.0,15.335833333333332,0.0
2011-09-05,0,,0.0,15.1825,0.0
2011-09-06,0,,0.0,14.775833333333336,0.0
2011-09-07,0,,0.0,14.041249999999998,0.0
2011-09-08,0,,0.0,16.93541666666667,0.0
2011-09-09,0,,0.0,17.99291666666667,0.0
2011-09-10,0,,0.0,15.080833333333333,0.0
2011-09-11,2,outflow_treatment_m3_statistical_outlier,0.0,14.077916666666669,0.0
2011-09-12,0,,0.0,17.119166666666665,0.0
2011-09-13,0,,0.0,19.434583333333336,0.0
2011-09-14,0,,0.0,19.566666666666663,0.0
2011-09-15,0,,0.0,17.141250000000003,0.0
2011-09-16,0,,0.0,18.53125,0.0
2011-09-17,0,,0.0,18.320833333333333,0.0
2011-09-18,0,,0.0,17.72875,0.0
2011-09-19,0,,0.0,15.752083333333331,0.0
2011-09-20,0,,0.0,16.437083333333334,0.0
2011-09-21,0,,2.2,17.45458333333333,0.0
2011-09-22,0,,92.4,14.92125,0.0
2011-09-23,0,,31.8,12.941249999999998,0.0
2011-09-24,0,,0.0,13.549583333333333,0.0
2011-09-25,0,,0.0,14.23785714285714,0.0
2011-09-26,0,,0.0,13.0,0.0
2011-09-27,0,,0.0,11.59375,0.0
2011-09-28,0,,0.0,12.216666666666669,0.0
2011-09-29,0,,5.6,12.099166666666669,0.0
2011-09-30,0,,27.0,8.669583333333334,0.0
2011-10-01,0,,0.0,9.681625000000002,0.0
2011-10-02,0,,0.2,12.007166666666668,0.0
2011-10-03,0,,0.0,9.969125,0.0
2011-10-04,0,,0.0,11.929166666666664,0.0
2011-10-05,0,,0.0,13.660833333333334,0.0
2011-10-06,0,,0.0,14.58,0.0
2011-10-07,0,,0.0,14.530416666666667,0.0
2011-10-08,0,,5.800000000000001,16.112916666666667,0.0
2011-10-09,0,,22.200000000000003,13.885,0.0
2011-10-10,0,,29.6,12.277083333333335,0.0
2011-10-11,0,,12.8,9.778333333333334,0.0
2011-10-12,0,,0.6000000000000001,8.144541666666667,0.0
2011-10-13,0,,1.0,10.689166666666669,0.0
2011-10-14,0,,20.6,6.099541666666666,0.0
2011-10-15,0,,27.0,4.301249999999999,0.0
2011-10-16,0,,1.0,3.2346249999999994,0.0
2011-10-17,0,,0.8,1.1463749999999997,0.0
2011-10-18,0,,0.2,-0.582375,0.0
2011-10-19,0,,0.0,5.351458333333334,0.0
2011-10-20,0,,0.0,10.245416666666667,0.0
2011-10-21,0,,0.0,9.908541666666666,0.0
2011-10-22,0,,0.0,7.814041666666667,0.0
2011-10-23,0,,0.0,6.6461250000000005,0.0
2011-10-24,0,,1.0,7.635291666666665,0.0
2011-10-25,0,,7.000000000000001,6.6875833333333325,0.0
2011-10-26,0,,0.6000000000000001,3.717499999999999,0.0
2011-10-27,0,,0.0,3.5136666666666656,0.0
2011-10-28,0,,0.0,4.585458333333333,0.0
2011-10-29,0,,0.0,3.504375,0.0
2011-10-30,0,,0.0,3.356583333333333,0.0
2011-10-31,0,,0.0,4.629916666666667,0.0
2011-11-01,0,,0.0,4.8795,0.0
2011-11-02,0,,1.0,3.619875,0.0
2011-11-03,0,,1.2,2.709125,0.0
2011-11-04,0,,0.0,3.72275,0.0
2011-11-05,0,,0.0,6.173958333333332,0.0
2011-11-06,0,,0.0,5.425333333333334,0.0
2011-11-07,0,,0.0,2.542,0.0
2011-11-08,0,,0.0,6.357041666666667,0.0
2011-11-09,0,,0.0,7.924708333333332,0.0
2011-11-10,0,,0.8,3.671875,0.0
2011-11-11,0,,12.4,-0.4810833333333333,2.2666666666666666
2011-11-12,0,,0.0,-1.76225,3.250000000000002
2011-11-13,0,,0.0,-0.415375,2.712500000000001
2011-11-14,0,,0.0,0.38575,2.575000000000001
2011-11-15,0,,4.800000000000001,1.200416666666667,0.7458333333333337
2011-11-16,0,,4.4,0.4747083333333333,0.1979166666666666
2011-11-17,0,,3.8,-0.8972083333333334,2.470833333333334
2011-11-18,0,,0.0,-0.9541666666666668,1.0500000000000005
2011-11-19,0,,0.0,1.0685833333333334,0.4291666666666668
2011-11-20,0,,0.0,1.8892500000000003,0.0
2011-11-21,0,,0.0,2.1765416666666666,0.0
2011-11-22,0,,0.0,2.6774166666666672,0.0
2011-11-23,0,,0.0,2.3745416666666666,0.0
2011-11-24,0,,0.0,0.7927500000000003,0.0
2011-11-25,0,,0.0,-1.6890416666666663,0.0
2011-11-26,0,,0.0,-0.8883333333333333,0.0
2011-11-27,0,,0.0,-0.3463333333333334,0.0
2011-11-28,0,,0.0,3.354875,0.0
2011-11-29,0,,0.0,3.5973333333333333,0.0
2011-11-30,0,,0.0,4.429458333333333,0.0
2011-12-01,0,,0.0,3.201124999999999,0.0
2011-12-02,0,,0.0,3.4440833333333334,0.0
2011-12-03,0,,0.0,7.2565,0.0
2011-12-04,0,,0.0,7.095666666666666,0.0
2011-12-05,0,,0.0,8.286041666666668,0.0
2011-12-06,0,,0.4,9.405708333333331,0.0
2011-12-07,0,,46.2,5.198916666666666,0.1533333333333333
2011-12-08,0,,11.999999999999998,0.883375,3.4333333333333336
2011-12-09,0,,0.0,-1.2548333333333337,8.429166666666667
2011-12-10,0,,0.0,1.921833333333333,7.041666666666667
2011-12-11,0,,0.0,5.506666666666667,4.187500000000002
2011-12-12,0,,0.0,7.063083333333335,0.5416666666666667
2011-12-13,0,,0.0,7.312541666666668,0.0
2011-12-14,0,,0.0,7.500875000000001,0.0
2011-12-15,0,,0.0,7.999999999999999,0.0
2011-12-16,0,,7.4,4.53925,0.0
2011-12-17,0,,9.2,7.771416666666666,0.0
2011-12-18,0,,17.2,5.261958333333333,0.0
2011-12-19,0,,0.2,9.036541666666665,0.0
2011-12-20,0,,6.400000000000001,6.1654583333333335,0.0
2011-12-21,0,,0.0,4.055083333333335,0.0
2011-12-22,0,,20.8,4.806124999999999,0.0
2011-12-23,0,,22.8,0.6435833333333332,8.679166666666665
2011-12-24,0,,15.8,-3.3265833333333337,32.354166666666664
2011-12-25,0,,3.4000000000000004,-2.9863750000000007,36.19583333333333
2011-12-26,0,,0.0,-2.716,34.670833333333334
2011-12-27,0,,0.0,-1.8889166666666668,32.07916666666667
2011-12-28,0,,0.2,-1.9920833333333332,30.54666666666667
2011-12-29,0,,0.0,-2.0235000000000003,30.21395833333333
2011-12-30,0,,0.0,1.397708333333333,29.47833333333333
2011-12-31,0,,5.8,2.99825,25.349499999999995
2012-01-01,0,,9.4,-0.9625833333333332,25.34283333333334
2012-01-02,0,,0.2,-1.5825000000000002,26.77583333333333
2012-01-03,0,,0.0,3.115333333333333,26.0875
2012-01-04,0,,0.0,4.8205,25.22375000000001
2012-01-05,0,,0.0,2.3469166666666665,25.200416666666666
2012-01-06,0,,18.6,5.333125,22.183333333333334
2012-01-07,2,inflow_m3_statistical_outlier,29.8,3.342375000000001,16.004166666666666
2012-01-08,2,inflow_m3_statistical_outlier,11.599999999999998,-0.6982083333333334,16.5375
2012-01-09,0,,4.4,-1.4803333333333333,28.383333333333333
2012-01-10,0,,5.4,-2.299541666666667,31.179166666666664
2012-01-11,0,,8.999999999999998,-1.34475,40.97916666666667
2012-01-12,0,,3.4,-3.1039583333333334,52.02916666666668
2012-01-13,0,,0.2,-2.151333333333333,50.3375
2012-01-14,0,,11.6,-3.6670416666666674,60.57500000000001
2012-01-15,0,,0.0,-4.624416666666666,62.85416666666666
2012-01-16,0,,3.4000000000000004,-6.182750000000001,64.31666666666665
2012-01-17,0,,0.8,-7.240583333333333,68.00833333333333
2012-01-18,0,,4.000000000000001,-6.752416666666666,68.18749999999999
2012-01-19,0,,0.0,-6.750499999999999,69.77083333333333
2012-01-20,0,,0.0,-3.229916666666666,65.64999999999999
2012-01-21,0,,6.6,-0.6247083333333334,59.74583333333333
2012-01-22,0,,0.0,-1.1038333333333334,57.08666666666667
2012-01-23,0,,0.0,2.8155,55.204166666666666
2012-01-24,0,,2.6,1.7344583333333334,53.90416666666668
2012-01-25,0,,7.8,3.140833333333333,48.97083333333334
2012-01-26,0,,19.8,-0.1987916666666663,48.2375
2012-01-27,0,,5.800000000000002,-5.563666666666666,64.57083333333333
2012-01-28,0,,2.2,-3.5747916666666666,63.15416666666669
2012-01-29,0,,8.2,-5.063999999999999,70.3
2012-01-30,0,,5.800000000000001,-8.748875,101.10416666666666
2012-01-31,0,,2.8000000000000003,-8.218749999999998,113.62083333333332
2012-02-01,0,,2.6000000000000005,-8.481833333333332,119.7208333333333
2012-02-02,0,,1.2,-5.6089166666666666,110.16666666666666
2012-02-03,0,,0.2,1.4185416666666668,100.78333333333332
2012-02-04,0,,0.0,3.9371666666666663,91.00000000000004
2012-02-05,0,,0.0,4.732,85.70416666666667
2012-02-06,0,,0.6000000000000001,5.017208333333333,81.19166666666669
2012-02-07,0,,6.0,0.3353750000000002,78.16666666666666
2012-02-08,0,,5.2,-5.063916666666667,78.4875
2012-02-09,0,,8.999999999999998,-5.408625000000001,97.28333333333332
2012-02-10,0,,4.0,-5.9976666666666665,117.22916666666666
2012-02-11,0,,0.4,-2.20875,115.92916666666666
2012-02-12,0,,0.0,1.25575,111.10833333333336
2012-02-13,0,,8.200000000000001,2.5570833333333334,106.45833333333334
2012-02-14,0,,9.599999999999998,0.425416666666667,99.09166666666668
2012-02-15,0,,0.6000000000000001,-2.957166666666667,101.34999999999998
2012-02-16,0,,7.000000000000001,-2.6481666666666666,103.9375
2012-02-17,0,,3.4,-6.658791666666667,126.23333333333332
2012-02-18,0,,4.4,-7.160625,131.1916666666667
2012-02-19,0,,0.2,-4.225583333333334,123.17499999999998
2012-02-20,0,,0.0,-3.2257916666666664,117.85833333333336
2012-02-21,0,,0.0,1.7812499999999998,112.98333333333332
2012-02-22,0,,0.0,2.4127916666666667,108.50833333333333
2012-02-23,0,,0.0,2.5366666666666657,105.81666666666666
2012-02-24,0,,0.0,1.5262916666666664,103.09166666666668
2012-02-25,0,,0.4,2.965208333333333,99.58333333333336
2012-02-26,0,,5.2,3.7155416666666654,94.07083333333335
2012-02-27,0,,4.6,-3.1516666666666677,111.5833333333333
2012-02-28,0,,6.4,-6.820125,145.75416666666666
2012-02-29,1,snow_kartepe_cm_out_of_range;snow_kartepe_cm_imputed_linear,4.6000000000000005,-6.243708333333334,158.3875
2012-03-01,0,,6.6,-4.917625,164.2625
2012-03-02,0,,4.0,-1.8471666666666664,159.70416666666668
2012-03-03,0,,8.8,-3.2683750000000003,161.11249999999998
2012-03-04,0,,0.2,-2.3815,157.00000000000003
2012-03-05,0,,0.0,-0.3774166666666667,152.03333333333336
2012-03-06,0,,0.0,-2.7231666666666663,147.58333333333331
2012-03-07,0,,0.0,-0.5226250000000002,144.94283333333334
2012-03-08,0,,1.4,2.531041666666667,139.42916666666665
2012-03-09,0,,0.2,-1.2320833333333332,132.2125
2012-03-10,0,,0.0,-2.837416666666666,129.34166666666667
2012-03-11,0,,8.0,-0.0855416666666666,129.25833333333335
2012-03-12,0,,2.6,-2.090208333333333,142.04166666666669
2012-03-13,0,,1.6,-1.4883750000000002,146.25416666666666
2012-03-14,0,,0.0,-0.9713750000000002,148.52916666666667
2012-03-15,0,,7.800000000000001,-2.877708333333334,157.86249999999998
2012-03-16,0,,0.0,-4.286041666666667,160.57916666666674
2012-03-17,0,,0.0,2.839125000000001,152.65
2012-03-18,0,,0.2,7.4777916666666675,144.35416666666669
2012-03-19,0,,0.0,8.952833333333333,136.46666666666667
2012-03-20,0,,0.0,8.2975,129.04166666666666
2012-03-21,0,,0.0,7.472208333333334,122.67499999999998
2012-03-22,0,,0.0,5.2795,116.225
2012-03-23,2,inflow_m3_statistical_outlier,0.0,7.996416666666666,109.32083333333334
2012-03-24,2,inflow_m3_statistical_outlier,0.0,10.069217391304347,103.67391304347828
2012-03-25,2,inflow_m3_statistical_outlier,0.0,9.118166666666664,97.8375
2012-03-26,2,inflow_m3_statistical_outlier,0.0,2.936333333333334,92.40416666666664
2012-03-27,0,,0.0,-0.2095833333333333,90.59999999999998
2012-03-28,0,,1.2,1.2333333333333336,89.94083333333333
2012-03-29,0,,0.0,6.027291666666668,84.55416666666666
2012-03-30,2,inflow_m3_statistical_outlier,18.599999999999994,4.836291666666667,78.02083333333333
2012-03-31,2,inflow_m3_statistical_outlier,0.0,6.046500000000001,72.74166666666666
2012-04-01,2,inflow_m3_statistical_outlier,6.000000000000001,4.458083333333332,65.35833333333333
2012-04-02,0,,0.0,1.946375,63.55
2012-04-03,0,,0.0,9.89675,58.51666666666666
2012-04-04,2,inflow_m3_statistical_outlier,0.0,14.50125,50.70416666666667
2012-04-05,2,inflow_m3_statistical_outlier,0.0,13.96791666666667,39.60416666666667
2012-04-06,2,inflow_m3_statistical_outlier,0.2,13.764583333333334,24.4875
2012-04-07,2,inflow_m3_statistical_outlier,0.2,12.565833333333336,10.379166666666668
2012-04-08,2,inflow_m3_statistical_outlier,2.4000000000000004,12.419166666666667,0.9500000000000002
2012-04-09,2,inflow_m3_statistical_outlier,8.2,2.5036249999999995,0.0
2012-04-10,2,inflow_m3_statistical_outlier,4.4,0.6201666666666665,0.0
2012-04-11,0,,0.2,2.2907916666666663,0.0
2012-04-12,0,,0.0,9.23425,0.0
2012-04-13,0,,0.6000000000000001,12.587083333333332,0.0
2012-04-14,2,inflow_m3_statistical_outlier,23.2,10.259791666666668,0.0
2012-04-15,2,inflow_m3_statistical_outlier,3.6,9.14195833333333,0.0
2012-04-16,2,inflow_m3_statistical_outlier,0.2,11.914999999999996,0.0
2012-04-17,0,,0.0,16.638333333333335,0.0
2012-04-18,2,inflow_m3_statistical_outlier,28.4,11.349250000000003,0.0
2012-04-19,2,inflow_m3_statistical_outlier,5.2,8.758750000000001,0.0
2012-04-20,0,,0.0,13.582916666666664,0.0
2012-04-21,0,,14.599999999999998,9.308166666666668,0.0
2012-04-22,0,,0.0,10.922083333333331,0.0
2012-04-23,0,,0.0,12.630000000000004,0.0
2012-04-24,0,,0.0,15.055000000000003,0.0
2012-04-25,0,,0.0,17.693333333333328,0.0
2012-04-26,0,,0.0,11.362083333333333,0.0
2012-04-27,0,,1.2,11.078916666666666,0.0
2012-04-28,0,,0.0,15.867083333333332,0.0
2012-04-29,0,,0.0,15.86875,0.0
2012-04-30,0,,0.0,16.938750000000002,0.0
2012-05-01,0,,0.0,14.528333333333336,0.0
2012-05-02,0,,0.0,16.304999999999996,0.0
2012-05-03,0,,0.0,13.82,0.0
2012-05-04,0,,0.0,15.27375,0.0
2012-05-05,0,,0.0,15.26333333333333,0.0
2012-05-06,0,,1.0,15.54625,0.0
2012-05-07,0,,0.0,16.880416666666672,0.0
2012-05-08,0,,0.0,15.597499999999997,0.0
2012-05-09,0,,0.6000000000000001,11.037083333333332,0.0
2012-05-10,0,,1.0,10.33625,0.0
2012-05-11,0,,0.0,12.089583333333332,0.0
2012-05-12,0,,8.0,12.841666666666669,0.0
2012-05-13,0,,6.800000000000001,11.235416666666666,0.0
2012-05-14,0,,2.8000000000000003,10.804166666666667,0.0
2012-05-15,0,,25.4,13.53458333333333,0.0
2012-05-16,0,,0.0,12.654166666666669,0.0
2012-05-17,0,,1.0,13.612083333333333,0.0
2012-05-18,0,,3.2,11.835,0.0
2012-05-19,0,,8.0,10.199583333333331,0.0
2012-05-20,0,,14.6,9.732916666666666,0.0
2012-05-21,0,,0.0,13.052916666666668,0.0
2012-05-22,0,,0.2,17.158749999999998,0.0
2012-05-23,0,,10.2,12.433749999999998,0.0
2012-05-24,0,,5.4,11.08375,0.0
2012-05-25,0,,6.6,11.055833333333332,0.0
2012-05-26,0,,0.4,10.671666666666669,0.0
2012-05-27,0,,8.0,13.553333333333336,0.0
2012-05-28,0,,11.4,11.618916666666667,0.0
2012-05-29,0,,4.0,12.471666666666666,0.0
2012-05-30,0,,0.2,12.720416666666663,0.0
2012-05-31,0,,0.4,12.909999999999998,0.0
2012-06-01,0,,0.2,14.379583333333333,0.0
2012-06-02,0,,0.0,17.675,0.0
2012-06-03,0,,0.0,19.271666666666665,0.0
2012-06-04,0,,0.0,19.195416666666663,0.0
2012-06-05,0,,0.0,19.874166666666667,0.0
2012-06-06,0,,32.4,13.64625,0.0
2012-06-07,0,,0.0,12.1575,0.0
2012-06-08,0,,0.0,15.04916666666667,0.0
2012-06-09,0,,0.0,18.175416666666663,0.0
2012-06-10,0,,0.0,20.495833333333334,0.0
2012-06-11,0,,0.0,21.89,0.0
2012-06-12,0,,0.0,23.75,0.0
2012-06-13,0,,0.0,23.81125,0.0
2012-06-14,0,,0.0,20.1825,0.0
2012-06-15,0,,0.0,17.446666666666662,0.0
2012-06-16,0,,0.0,15.899583333333338,0.0
2012-06-17,0,,0.0,15.051249999999998,0.0
2012-06-18,0,,0.0,18.219999999999995,0.0
2012-06-19,0,,0.0,19.277916666666663,0.0
2012-06-20,0,,0.0,17.505,0.0
2012-06-21,0,,0.0,17.95208333333333,0.0
2012-06-22,0,,0.0,19.18875,0.0
2012-06-23,0,,0.0,18.766666666666666,0.0
2012-06-24,0,,0.0,18.19083333333333,0.0
2012-06-25,0,,0.0,19.925416666666667,0.0
2012-06-26,0,,15.0,19.6775,0.0
2012-06-27,0,,27.4,13.628333333333336,0.0
2012-06-28,0,,0.0,14.385833333333332,0.0
2012-06-29,0,,0.0,15.453333333333331,0.0
2012-06-30,0,,0.0,15.477083333333333,0.0
2012-07-01,0,,0.0,15.0345833333333,0.0
2012-07-02,0,,0.0,15.43875,0.0
2012-07-03,0,,0.0,16.61125,0.0
2012-07-04,0,,0.0,20.4175,0.0
2012-07-05,0,,0.0,19.9825,0.0
2012-07-06,0,,0.0,17.592083333333328,0.0
2012-07-07,0,,0.0,19.716666666666665,0.0
2012-07-08,0,,15.4,16.942083333333333,0.0
2012-07-09,0,,0.4,18.5725,0.0
2012-07-10,0,,0.2,20.75375,0.0
2012-07-11,0,,0.0,20.76083333333333,0.0
2012-07-12,0,,0.0,22.227083333333336,0.0
2012-07-13,0,,0.0,22.2416666666667,0.0
2012-07-14,0,,0.0,21.725,0.0
2012-07-15,0,,0.0,23.7720833333333,0.0
2012-07-16,0,,0.0,22.8304166666667,0.0
2012-07-17,0,,0.0,17.56375,0.0
2012-07-18,0,,0.0,16.285833333333333,0.0
2012-07-19,0,,0.0,17.050833333333333,0.0
2012-07-20,0,,0.0,18.810416666666665,0.0
2012-07-21,0,,0.2,18.04833333333334,0.0
2012-07-22,0,,0.2,18.952916666666667,0.0
2012-07-23,0,,0.0,19.04083333333333,0.0
2012-07-24,0,,0.2,20.394583333333337,0.0
2012-07-25,0,,0.0,22.95875,0.0
2012-07-26,0,,0.0,21.860416666666666,0.0
2012-07-27,0,,0.0,20.354166666666664,0.0
2012-07-28,0,,0.0,19.92458333333333,0.0
2012-07-29,0,,0.0,19.7575,0.0
2012-07-30,0,,0.0,20.0504166666667,0.0
2012-07-31,0,,0.0,18.40625,0.0
2012-08-01,0,,3.4000000000000004,16.598333333333333,0.0
2012-08-02,0,,0.2,19.31416666666666,0.0
2012-08-03,0,,0.0,19.37375,0.0
2012-08-04,0,,0.0,19.0158333333333,0.0
2012-08-05,0,,0.0,20.3783333333333,0.0
2012-08-06,0,,0.0,21.0441666666667,0.0
2012-08-07,0,,0.0,21.465,0.0
2012-08-08,0,,0.0,20.90875,0.0
2012-08-09,0,,0.0,19.7379166666667,0.0
2012-08-10,0,,0.0,19.407916666666665,0.0
2012-08-11,0,,0.0,19.096666666666668,0.0
2012-08-12,0,,2.4000000000000004,16.725416666666664,0.0
2012-08-13,0,,0.0,16.751250000000002,0.0
2012-08-14,0,,0.0,19.799166666666665,0.0
2012-08-15,0,,0.0,20.17458333333333,0.0
2012-08-16,0,,0.0,19.075,0.0
2012-08-17,0,,0.0,17.00958333333333,0.0
2012-08-18,0,,0.2,16.02416666666667,0.0
2012-08-19,0,,0.0,15.60416666666667,0.0
2012-08-20,0,,0.0,15.912916666666668,0.0
2012-08-21,0,,0.0,19.92208333333333,0.0
2012-08-22,0,,0.0,21.63208333333333,0.0
2012-08-23,0,,0.0,22.08666666666667,0.0
2012-08-24,0,,0.0,21.8625,0.0
2012-08-25,0,,0.0,22.763333333333332,0.0
2012-08-26,0,,0.0,23.57541666666667,0.0
2012-08-27,0,,6.8,20.085416666666667,0.0
2012-08-28,0,,17.0,12.477083333333333,0.0
2012-08-29,0,,0.2,12.920000000000002,0.0
2012-08-30,0,,0.0,13.40416666666667,0.0
2012-08-31,0,,0.2,14.338333333333331,0.0
2012-09-01,0,,0.0,15.19375,0.0
2012-09-02,0,,0.0,14.955,0.0
2012-09-03,0,,0.0,15.067916666666669,0.0
2012-09-04,0,,0.4,15.932083333333336,0.0
2012-09-05,0,,0.0,17.535,0.0
2012-09-06,0,,0.0,18.24260869565217,0.0
2012-09-07,0,,0.0,14.8083333333333,0.0
2012-09-08,0,,0.0,13.1783333333333,0.0
2012-09-09,0,,0.0,13.81625,0.0
2012-09-10,0,,0.0,13.7445833333333,0.0
2012-09-11,0,,0.0,12.7770833333333,0.0
2012-09-12,0,,0.0,15.0995833333333,0.0
2012-09-13,0,,0.0,15.89125,0.0
2012-09-14,0,,0.0,20.229166666666668,0.0
2012-09-15,0,,0.0,22.85166666666667,0.0
2012-09-16,0,,0.0,18.77833333333333,0.0
2012-09-17,0,,1.0,17.225833333333334,0.0
2012-09-18,0,,4.800000000000001,15.70375,0.0
2012-09-19,2,outflow_treatment_m3_statistical_outlier,0.8,14.827083333333333,0.0
2012-09-20,0,,0.0,15.800000000000002,0.0
2012-09-21,0,,3.8,10.203166666666668,0.0
2012-09-22,0,,0.0,11.425833333333337,0.0
2012-09-23,0,,0.0,14.972500000000002,0.0
2012-09-24,0,,0.0,17.929166666666667,0.0
2012-09-25,0,,0.0,20.25458333333333,0.0
2012-09-26,0,,0.0,21.822916666666668,0.0
2012-09-27,0,,0.0,20.070833333333333,0.0
2012-09-28,0,,0.0,19.11583333333333,0.0
2012-09-29,0,,0.0,16.59166666666667,0.0
2012-09-30,0,,0.0,20.21125,0.0
2012-10-01,0,,0.0,20.89666666666667,0.0
2012-10-02,0,,0.0,19.09208333333333,0.0
2012-10-03,0,,0.0,18.185,0.0
2012-10-04,0,,0.0,15.1325,0.0
2012-10-05,0,,0.0,14.343333333333332,0.0
2012-10-06,0,,0.0,14.94625,0.0
2012-10-07,0,,0.2,16.45791666666667,0.0
2012-10-08,0,,24.0,11.426625,0.0
2012-10-09,0,,0.0,9.855666666666666,0.0
2012-10-10,0,,0.0,10.858333333333333,0.0
2012-10-11,0,,0.0,10.696666666666667,0.0
2012-10-12,0,,0.2,14.945416666666668,0.0
2012-10-13,0,,0.0,16.004583333333333,0.0
2012-10-14,0,,0.0,17.15458333333333,0.0
2012-10-15,0,,0.0,19.005,0.0
2012-10-16,0,,0.0,19.959166666666672,0.0
2012-10-17,0,,0.0,17.374166666666667,0.0
2012-10-18,0,,0.0,12.52625,0.0
2012-10-19,0,,0.0,10.32675,0.0
2012-10-20,0,,1.8,9.519000000000002,0.0
2012-10-21,0,,0.2,13.05166666666667,0.0
2012-10-22,2,outflow_treatment_m3_statistical_outlier,0.2,14.485833333333334,0.0
2012-10-23,0,,0.0,12.240416666666668,0.0
2012-10-24,0,,25.6,10.14416666666667,0.0
2012-10-25,0,,1.0,9.128333333333334,0.0
2012-10-26,0,,0.0,11.233333333333333,0.0
2012-10-27,2,outflow_treatment_m3_statistical_outlier,0.0,14.870434782608704,0.0
2012-10-28,0,,0.2,17.622083333333332,0.0
2012-10-29,0,,16.0,14.86208333333333,0.0
2012-10-30,0,,0.2,10.111083333333331,0.0
2012-10-31,0,,0.0,10.823333333333336,0.0
2012-11-01,0,,0.2,15.051666666666668,0.0
2012-11-02,0,,27.4,14.196250000000004,0.0
2012-11-03,0,,0.0,12.90791666666667,0.0
2012-11-04,0,,0.0,13.522083333333336,0.0
2012-11-05,0,,0.0,13.909999999999998,0.0
2012-11-06,0,,1.2,14.720833333333331,0.0
2012-11-07,0,,23.2,8.180041666666666,0.0
2012-11-08,0,,35.39999999999999,6.137000000000001,0.0
2012-11-09,0,,6.29,6.35633333333333,0.0
2012-11-10,0,,2.6,5.512375,0.0
2012-11-11,0,,0.74,5.90116666666667,0.0
2012-11-12,0,,0.07,6.861875,0.0
2012-11-13,0,,0.12,7.81533333333333,0.0
2012-11-14,0,,0.15,6.08704166666667,0.0
2012-11-15,0,,0.03,7.113625,0.0
2012-11-16,0,,0.0,7.149791666666666,0.0
2012-11-17,0,,0.2,6.618083333333334,0.0
2012-11-18,0,,0.0,7.886666666666667,0.0
2012-11-19,0,,0.0,8.212416666666668,0.0
2012-11-20,0,,0.0,7.996583333333331,0.0
2012-11-21,0,,0.4,7.039749999999999,0.0
2012-11-22,0,,30.4,6.119666666666667,0.0
2012-11-23,0,,2.6,4.348000000000001,0.0
2012-11-24,0,,9.8,4.266458333333332,0.0
2012-11-25,0,,0.2,3.1802083333333333,0.0
2012-11-26,0,,0.0,4.313541666666667,0.0
2012-11-27,0,,0.0,7.226083333333332,0.0
2012-11-28,0,,0.0,9.596458333333333,0.0
2012-11-29,0,,0.0,11.86125,0.0
2012-11-30,0,,0.4,11.816249999999998,0.0
2012-12-01,0,,11.999999999999998,10.774166666666664,0.0
2012-12-02,0,,18.0,12.460875,0.0
2012-12-03,0,,14.0,6.67025,0.0
2012-12-04,0,,7.200000000000001,-1.1987083333333333,3.9166666666666674
2012-12-05,0,,13.599999999999998,3.0240416666666667,1.6416666666666673
2012-12-06,0,,9.2,3.110875,0.0
2012-12-07,0,,17.999999999999996,-1.0050909090909093,12.041666666666668
2012-12-08,0,,0.0,2.251791666666666,11.737500000000002
2012-12-09,0,,6.6,6.390541666666668,3.579166666666668
2012-12-10,0,,27.799999999999997,1.7649166666666662,0.0
2012-12-11,0,,4.4,3.731083333333333,0.0
2012-12-12,0,,0.2,0.3572500000000001,0.0
2012-12-13,0,,0.0,-2.505583333333333,0.0
2012-12-14,0,,0.0,-2.30825,0.0
2012-12-15,0,,0.0,0.7489166666666667,0.0
2012-12-16,0,,9.6,2.983708333333333,0.0
2012-12-17,0,,4.4,3.6949583333333336,0.0
2012-12-18,0,,0.6000000000000001,4.324541666666667,0.0
2012-12-19,0,,7.399999999999999,2.6308333333333334,0.6874999999999999
2012-12-20,0,,20.99999999999999,-3.846791666666668,16.2625
2012-12-21,0,,0.6000000000000001,-3.2656250000000004,19.579166666666666
2012-12-22,0,,0.2,-1.8780416666666664,16.720833333333328
2012-12-23,0,,1.2000000000000002,-0.2829583333333333,14.774999999999997
2012-12-24,0,,0.2,-0.4786666666666667,13.033333333333331
2012-12-25,0,,0.0,7.083333333333332,11.025000000000002
2012-12-26,0,,0.0,9.94233333333333,7.925
2012-12-27,0,,0.0,8.397458333333331,4.162500000000001
2012-12-28,0,,0.0,7.863124999999999,0.6958333333333334
2012-12-29,0,,1.4,3.61875,0.0
2012-12-30,0,,0.2,3.0966249999999995,0.0
2012-12-31,0,,0.0,3.089541666666667,0.0
2013-01-01,0,,0.0,2.9241666666666664,0.0
2013-01-02,0,,0.0,2.785375,0.0
2013-01-03,0,,0.0,2.8104583333333326,0.0
2013-01-04,0,,8.8,1.55525,1.3916666666666668
2013-01-05,0,,0.2,-0.2903333333333334,4.570833333333335
2013-01-06,0,,12.799999999999995,-2.8121666666666663,14.283333333333331
2013-01-07,0,,8.799999999999999,-5.024583333333334,38.575
2013-01-08,0,,12.4,-6.845375,64.4375
2013-01-09,0,,2.4000000000000004,-7.182458333333334,77.84583333333333
2013-01-10,0,,0.0,-4.351708333333333,68.55833333333335
2013-01-11,0,,9.4,0.897875,59.35
2013-01-12,0,,18.0,1.9740416666666667,37.91666666666668
2013-01-13,0,,0.2,-1.2035416666666665,32.55833333333334
2013-01-14,0,,0.0,2.517625,31.270833333333336
2013-01-15,0,,0.0,3.811375,30.22291666666666
2013-01-16,0,,3.6000000000000005,4.215333333333333,26.3375
2013-01-17,0,,1.6,5.650874999999999,18.991666666666664
2013-01-18,0,,5.0,6.13025,10.758333333333336
2013-01-19,0,,1.7999999999999998,3.0318333333333327,5.991666666666668
2013-01-20,0,,0.0,7.774625,2.241666666666667
2013-01-21,0,,0.0,9.575083333333334,0.0
2013-01-22,0,,0.4,7.858916666666668,0.0
2013-01-23,0,,6.4,4.9634583333333335,0.0
2013-01-24,0,,4.6,6.967083333333336,0.0
2013-01-25,0,,0.2,5.7166250000000005,0.0
2013-01-26,0,,0.6000000000000001,4.8194583333333325,0.0
2013-01-27,0,,5.4,-0.832,0.0
2013-01-28,0,,3.2000000000000006,-1.026166666666667,0.7208333333333333
2013-01-29,0,,0.6000000000000001,-1.847708333333334,1.645833333333334
2013-01-30,0,,0.2,-2.4900416666666665,1.404166666666667
2013-01-31,0,,8.600000000000001,-0.7482083333333334,3.941666666666668
2013-02-01,0,,0.2,1.013625,5.445833333333336
2013-02-02,0,,0.0,6.554625000000001,3.1208333333333336
2013-02-03,0,,0.0,11.033333333333337,0.0
2013-02-04,0,,0.0,8.960333333333333,0.0
2013-02-05,0,,0.0,7.602583333333333,0.0
2013-02-06,0,,0.0,9.554750000000002,0.0
2013-02-07,0,,0.0,9.797833333333331,0.0
2013-02-08,0,,12.0,4.442666666666666,0.0
2013-02-09,0,,1.8,5.458958333333334,0.0
2013-02-10,0,,1.6,4.067666666666667,0.0
2013-02-11,0,,10.6,1.3494166666666665,0.0
2013-02-12,0,,0.0,3.217125,0.0
2013-02-13,0,,0.0,6.883666666666667,0.0
2013-02-14,0,,3.3999999999999995,5.420708333333333,0.0
2013-02-15,0,,18.600000000000005,-0.5870833333333335,3.866666666666666
2013-02-16,0,,0.6,-2.883875,7.866666666666668
2013-02-17,0,,0.8,-2.0687500000000005,7.012499999999999
2013-02-18,0,,0.0,-2.575652173913044,7.173333333333333
2013-02-19,0,,3.2,1.428958333333333,6.633333333333333
2013-02-20,0,,1.6,-1.0134166666666664,5.504166666666668
2013-02-21,0,,1.2000000000000002,2.9074166666666668,6.058333333333332
2013-02-22,0,,1.0,4.728208333333334,1.1708333333333334
2013-02-23,0,,0.2,5.6228333333333325,0.0
2013-02-24,0,,0.0,8.406333333333334,0.0
2013-02-25,0,,0.0,10.892583333333334,0.0
2013-02-26,0,,0.8,7.309999999999999,0.0
2013-02-27,0,,1.0,1.9784583333333332,0.0
2013-02-28,0,,9.8,-1.5890833333333336,3.2791666666666672
2013-03-01,0,,0.0,0.938625,4.016666666666668
2013-03-02,0,,0.0,3.0435416666666657,2.0583333333333345
2013-03-03,0,,0.0,-0.6141249999999999,0.45
2013-03-04,0,,0.2,-0.69075,0.0
2013-03-05,0,,0.2,-2.4125,0.0
2013-03-06,0,,0.0,5.507782608695652,0.0
2013-03-07,0,,0.0,8.156875,0.0
2013-03-08,0,,0.0,8.2305,0.0
2013-03-09,0,,0.2,8.55925,0.0
2013-03-10,0,,1.4,9.81791666666667,0.0
2013-03-11,0,,15.0,11.103666666666664,0.0
2013-03-12,0,,13.8,7.910875000000001,0.0
2013-03-13,0,,0.0,9.436166666666663,0.0
2013-03-14,0,,0.0,14.176666666666668,0.0
2013-03-15,0,,24.8,4.861125,0.0
2013-03-16,0,,7.0,-1.629625,2.05
2013-03-17,0,,0.8,-2.9986666666666664,3.312500000000001
2013-03-18,0,,0.0,3.532,0.0
2013-03-19,0,,0.0,9.484333333333334,0.0
2013-03-20,0,,0.0,9.054083333333333,0.0
2013-03-21,0,,6.2,13.5725,0.0
2013-03-22,0,,20.2,1.6560416666666669,1.7416666666666667
2013-03-23,0,,1.8,-0.4707916666666666,2.7916666666666683
2013-03-24,0,,0.0,6.5205416666666665,0.2516666666666667
2013-03-25,0,,0.0,12.147916666666667,0.0
2013-03-26,0,,5.0,8.518291666666668,0.0
2013-03-27,0,,11.999999999999998,6.384875,0.0
2013-03-28,0,,0.2,1.7796666666666667,0.0
2013-03-29,0,,0.2,9.871875,0.0
2013-03-30,0,,0.2,15.689583333333337,0.0
2013-03-31,0,,0.0,16.948695652173914,0.0
2013-04-01,0,,6.000000000000001,10.464666666666668,0.0
2013-04-02,0,,1.0,12.925,0.0
2013-04-03,0,,11.4,11.698125000000005,0.0
2013-04-04,0,,0.0,8.204958333333332,0.0
2013-04-05,0,,0.2,14.043749999999998,0.0
2013-04-06,0,,0.0,16.93166666666667,0.0
2013-04-07,0,,0.6000000000000001,11.472458333333334,0.0
2013-04-08,0,,14.4,3.27825,0.0
2013-04-09,0,,0.0,2.56125,0.0
2013-04-10,0,,0.0,6.701249999999999,0.0
2013-04-11,0,,0.6000000000000001,8.071541666666667,0.0
2013-04-12,0,,0.2,10.339166666666667,0.0
2013-04-13,0,,0.0,13.850416666666666,0.0
2013-04-14,0,,5.600000000000001,6.837541666666666,0.0
2013-04-15,0,,12.0,3.720583333333333,0.0
2013-04-16,0,,4.600000000000001,3.258166666666666,0.0
2013-04-17,0,,1.6,1.8090434782608693,0.0
2013-04-18,0,,0.2,1.5024166666666667,0.0
2013-04-19,0,,0.0,2.650083333333334,0.0
2013-04-20,0,,0.2,3.663208333333332,0.0
2013-04-21,0,,1.7999999999999998,3.861500000000001,0.0
2013-04-22,0,,2.4000000000000004,5.547791666666668,0.0
2013-04-23,0,,0.0,9.264208333333334,0.0
2013-04-24,0,,0.0,12.984166666666669,0.0
2013-04-25,0,,0.0,14.736250000000004,0.0
2013-04-26,0,,0.0,15.22625,0.0
2013-04-27,0,,0.0,18.78083333333333,0.0
2013-04-28,0,,0.0,19.132916666666663,0.0
2013-04-29,0,,0.0,17.715833333333332,0.0
2013-04-30,0,,0.0,18.614444444444445,0.0
2013-05-01,0,,0.0,16.730416666666667,0.0
2013-05-02,0,,0.0,16.814583333333328,0.0
2013-05-03,0,,0.0,17.93041666666667,0.0
2013-05-04,0,,0.0,17.400833333333335,0.0
2013-05-05,0,,0.0,15.250833333333334,0.0
2013-05-06,0,,0.0,12.9,0.0
2013-05-07,0,,0.0,15.32,0.0
2013-05-08,0,,0.0,15.87,0.0
2013-05-09,0,,0.2,12.26,0.0
2013-05-10,0,,0.6,11.12833333333333,0.0
2013-05-11,0,,0.0,11.515833333333331,0.0
2013-05-12,0,,15.0,13.800416666666669,0.0
2013-05-13,0,,2.6,12.056666666666668,0.0
2013-05-14,0,,27.2,10.762173913043478,0.0
2013-05-15,0,,22.2,11.584166666666668,0.0
2013-05-16,0,,0.4,15.63541666666667,0.0
2013-05-17,0,,0.2,18.161666666666665,0.0
2013-05-18,0,,0.0,18.361666666666668,0.0
2013-05-19,0,,0.0,16.720833333333335,0.0
2013-05-20,0,,0.0,17.239166666666666,0.0
2013-05-21,0,,0.0,18.582500000000003,0.0
2013-05-22,0,,0.0,20.97875,0.0
2013-05-23,0,,0.0,21.321250000000003,0.0
2013-05-24,0,,0.0,15.682916666666666,0.0
2013-05-25,0,,0.0,16.385833333333334,0.0
2013-05-26,0,,0.0,17.698333333333334,0.0
2013-05-27,0,,0.0,13.674999999999995,0.0
2013-05-28,0,,0.0,15.868333333333332,0.0
2013-05-29,0,,0.0,20.1575,0.0
2013-05-30,0,,0.0,18.65125,0.0
2013-05-31,0,,0.0,17.9175,0.0
2013-06-01,0,,0.4,15.27791666666667,0.0
2013-06-02,0,,9.6,13.099583333333335,0.0
2013-06-03,0,,0.0,13.804166666666667,0.0
2013-06-04,0,,0.0,15.201666666666666,0.0
2013-06-05,0,,3.6,13.98375,0.0
2013-06-06,0,,1.2000000000000002,14.038333333333334,0.0
2013-06-07,0,,1.6,15.2025,0.0
2013-06-08,0,,0.0,14.427500000000002,0.0
2013-06-09,0,,0.0,13.965416666666668,0.0
2013-06-10,0,,0.0,17.00708333333333,0.0
2013-06-11,0,,1.8,18.377916666666668,0.0
2013-06-12,0,,1.4,14.360416666666667,0.0
2013-06-13,0,,1.0,14.590000000000002,0.0
2013-06-14,0,,2.4,14.170833333333333,0.0
2013-06-15,0,,0.4,14.929583333333332,0.0
2013-06-16,0,,1.0,17.498749999999998,0.0
2013-06-17,0,,0.0,16.775000000000002,0.0
2013-06-18,0,,0.2,16.621666666666666,0.0
2013-06-19,0,,0.0,16.674166666666668,0.0
2013-06-20,0,,0.0,15.696666666666664,0.0
2013-06-21,0,,0.0,15.479583333333336,0.0
2013-06-22,0,,0.0,18.122916666666665,0.0
2013-06-23,0,,0.0,22.38416666666667,0.0
2013-06-24,0,,0.0,22.50208333333333,0.0
2013-06-25,0,,0.0,21.055,0.0
2013-06-26,0,,0.0,17.402083333333334,0.0
2013-06-27,0,,0.0,18.343750000000004,0.0
2013-06-28,0,,0.2,17.91625,0.0
2013-06-29,0,,0.0,17.884999999999998,0.0
2013-06-30,0,,0.8,16.756249999999998,0.0
2013-07-01,0,,4.6000000000000005,12.867916666666666,0.0
2013-07-02,0,,0.0,13.652916666666668,0.0
2013-07-03,0,,0.0,14.070833333333333,0.0
2013-07-04,0,,0.0,15.21291666666667,0.0
2013-07-05,0,,0.0,16.18208333333333,0.0
2013-07-06,0,,2.6,17.068749999999998,0.0
2013-07-07,0,,1.0,17.061666666666667,0.0
2013-07-08,0,,0.2,19.3375,0.0
2013-07-09,0,,0.0,18.8225,0.0
2013-07-10,0,,0.0,17.899583333333332,0.0
2013-07-11,0,,0.0,17.18916666666667,0.0
2013-07-12,0,,0.2,17.519166666666667,0.0
2013-07-13,0,,0.0,17.572083333333335,0.0
2013-07-14,0,,0.0,16.873749999999998,0.0
2013-07-15,0,,0.2,16.80416666666667,0.0
2013-07-16,0,,0.2,16.2375,0.0
2013-07-17,0,,42.6,15.817916666666664,0.0
2013-07-18,0,,7.6,15.576666666666666,0.0
2013-07-19,0,,4.2,15.502916666666666,0.0
2013-07-20,0,,0.0,16.798333333333332,0.0
2013-07-21,0,,1.2,16.59541666666666,0.0
2013-07-22,0,,0.0,14.33625,0.0
2013-07-23,0,,0.0,17.157083333333333,0.0
2013-07-24,0,,0.0,19.332916666666662,0.0
2013-07-25,0,,0.0,20.23,0.0
2013-07-26,0,,0.0,18.070000000000004,0.0
2013-07-27,0,,0.0,16.547083333333333,0.0
2013-07-28,0,,0.0,16.78166666666667,0.0
2013-07-29,0,,0.4,19.80625,0.0
2013-07-30,0,,0.0,21.38,0.0
2013-07-31,0,,7.4,18.94625,0.0
2013-08-01,0,,1.6,16.241249999999997,0.0
2013-08-02,0,,0.2,17.253333333333334,0.0
2013-08-03,0,,0.0,19.04375,0.0
2013-08-04,0,,0.0,18.11541666666667,0.0
2013-08-05,0,,0.0,16.857916666666664,0.0
2013-08-06,0,,0.0,17.285833333333333,0.0
2013-08-07,0,,0.0,17.547083333333337,0.0
2013-08-08,0,,0.0,18.162916666666664,0.0
2013-08-09,0,,0.2,18.49375,0.0
2013-08-10,0,,0.0,19.172916666666666,0.0
2013-08-11,0,,0.2,17.741250000000004,0.0
2013-08-12,0,,0.0,18.376249999999995,0.0
2013-08-13,0,,0.0,19.4675,0.0
2013-08-14,0,,0.0,19.582916666666662,0.0
2013-08-15,0,,0.0,18.97666666666667,0.0
2013-08-16,0,,0.0,19.577916666666667,0.0
2013-08-17,0,,59.60000000000001,17.674583333333338,0.0
2013-08-18,0,,0.2,17.875833333333336,0.0
2013-08-19,0,,0.0,18.651666666666664,0.0
2013-08-20,0,,0.2,18.31083333333333,0.0
2013-08-21,0,,0.0,17.419999999999998,0.0
2013-08-22,0,,0.0,17.67875,0.0
2013-08-23,0,,0.0,17.455416666666668,0.0
2013-08-24,0,,0.0,17.828333333333333,0.0
2013-08-25,0,,0.0,18.879166666666663,0.0
2013-08-26,0,,0.0,20.074583333333337,0.0
2013-08-27,0,,0.0,21.114166666666662,0.0
2013-08-28,0,,0.0,23.616666666666667,0.0
2013-08-29,0,,0.0,20.0,0.0
2013-08-30,0,,0.0,15.0,0.0
2013-08-31,0,,0.0,12.0,0.0
2013-09-01,0,,0.0,14.0,0.0
2013-09-02,0,,0.0,15.345882352941176,0.0
2013-09-03,0,,5.0,16.84708333333333,0.0
2013-09-04,0,,0.8,11.600833333333329,0.0
2013-09-05,0,,0.2,12.871249999999998,0.0
2013-09-06,0,,0.2,15.490833333333336,0.0
2013-09-07,0,,0.0,14.788333333333334,0.0
2013-09-08,0,,0.0,12.65625,0.0
2013-09-09,0,,0.0,12.710000000000004,0.0
2013-09-10,0,,0.0,15.93625,0.0
2013-09-11,0,,0.0,18.898750000000003,0.0
2013-09-12,0,,0.0,20.894166666666667,0.0
2013-09-13,0,,0.0,20.695833333333336,0.0
2013-09-14,0,,0.2,12.95125,0.0
2013-09-15,0,,0.0,14.8525,0.0
2013-09-16,0,,0.2,16.174583333333334,0.0
2013-09-17,0,,0.0,14.848333333333333,0.0
2013-09-18,0,,5.6000000000000005,15.110833333333334,0.0
2013-09-19,0,,0.4,16.316250000000004,0.0
2013-09-20,0,,2.8,10.729583333333332,0.0
2013-09-21,0,,0.0,11.058750000000002,0.0
2013-09-22,0,,5.6,9.937375,0.0
2013-09-23,0,,0.0,11.054583333333332,0.0
2013-09-24,0,,0.0,11.59875,0.0
2013-09-25,0,,0.0,15.148749999999998,0.0
2013-09-26,0,,0.0,18.125416666666663,0.0
2013-09-27,0,,1.7999999999999998,14.371666666666668,0.0
2013-09-28,0,,0.0,14.37791666666667,0.0
2013-09-29,0,,0.2,16.355833333333333,0.0
2013-09-30,0,,0.0,19.421666666666667,0.0
2013-10-01,2,outflow_treatment_m3_statistical_outlier,14.4,12.6925,0.0
2013-10-02,0,,50.4,6.277874999999999,0.0
2013-10-03,0,,11.6,1.8661666666666663,0.0
2013-10-04,0,,1.6,0.6942500000000001,0.0
2013-10-05,0,,10.0,1.552291666666667,0.0
2013-10-06,0,,0.8,3.3149166666666665,0.0
2013-10-07,0,,0.0,6.514291666666668,0.0
2013-10-08,0,,0.0,10.639666666666663,0.0
2013-10-09,0,,0.0,14.981666666666667,0.0
2013-10-10,0,,0.0,15.963749999999996,0.0
2013-10-11,0,,0.0,16.391666666666666,0.0
2013-10-12,0,,0.0,13.39458333333334,0.0
2013-10-13,0,,0.0,10.016666666666667,0.0
2013-10-14,0,,0.0,11.880416666666669,0.0
2013-10-15,0,,0.0,14.899583333333332,0.0
2013-10-16,0,,14.6,14.719166666666668,0.0
2013-10-17,0,,37.8,10.335291666666665,0.0
2013-10-18,2,inflow_m3_statistical_outlier,79.8,7.472916666666666,0.0
2013-10-19,0,,6.6,6.136624999999999,0.0
2013-10-20,0,,0.0,7.755130434782609,0.0
2013-10-21,0,,0.0,12.003,0.0
2013-10-22,0,,0.0,13.249999999999998,0.0
2013-10-23,0,,0.0,9.244458333333332,0.0
2013-10-24,0,,0.2,9.160833333333334,0.0
2013-10-25,0,,0.0,9.950875,0.0
2013-10-26,0,,0.0,9.088,0.0
2013-10-27,2,outflow_treatment_m3_statistical_outlier,0.0,13.396666666666668,0.0
2013-10-28,0,,0.0,14.753333333333332,0.0
2013-10-29,0,,0.0,15.2175,0.0
2013-10-30,0,,0.0,13.552500000000002,0.0
2013-10-31,0,,0.0,8.539083333333334,0.0
2013-11-01,0,,0.0,12.780791666666673,0.0
2013-11-02,0,,0.0,13.250416666666665,0.0
2013-11-03,0,,0.0,13.534583333333332,0.0
2013-11-04,0,,0.0,14.16125,0.0
2013-11-05,0,,0.0,13.380833333333332,0.0
2013-11-06,0,,0.6,13.208333333333334,0.0
2013-11-07,0,,11.6,4.869583333333334,0.0
2013-11-08,0,,6.1,5.441812499999999,0.0
2013-11-09,0,,3.35,5.155697916666666,0.0
2013-11-10,0,,0.05,5.298755208333333,0.0
2013-11-11,0,,0.04,5.191462239583332,0.0
2013-11-12,0,,0.0,5.602751953124999,0.0
2013-11-13,0,,0.09,5.26001052517361,0.0
2013-11-14,0,,0.04,5.637026095920137,0.0
2013-11-15,0,,4.2,6.014041666666665,0.0
2013-11-16,0,,5.000000000000001,5.087505208333333,0.0
2013-11-17,0,,0.2,5.0193125,0.0
2013-11-18,0,,0.0,5.169041666666666,0.0
2013-11-19,0,,0.0,10.369666666666667,0.0
2013-11-20,0,,0.4,11.474166666666664,0.0
2013-11-21,0,,2.2,11.425833333333337,0.0
2013-11-22,0,,0.8,9.850208333333333,0.0
2013-11-23,0,,0.0,11.132916666666665,0.0
2013-11-24,0,,0.0,11.850833333333334,0.0
2013-11-25,0,,13.4,8.24404166666667,0.0
2013-11-26,0,,4.4,6.970291666666668,0.0
2013-11-27,0,,5.4,7.033625000000002,0.0
2013-11-28,0,,18.2,1.760958333333333,0.0
2013-11-29,0,,0.4,-0.0534583333333332,0.0
2013-11-30,0,,0.0,4.528041666666667,0.0
2013-12-01,0,,0.0,9.326958333333332,0.0
2013-12-02,0,,7.0,3.4916250000000013,0.0
2013-12-03,0,,0.0,-3.145875,2.966666666666668
2013-12-04,0,,0.0,-1.8159583333333331,0.6041666666666666
2013-12-05,0,,0.0,1.651833333333333,0.0
2013-12-06,0,,0.4,4.803083333333334,0.0
2013-12-07,0,,11.2,-3.613083333333333,15.733333333333333
2013-12-08,0,,2.6,-3.5627083333333336,16.59166666666667
2013-12-09,0,,7.6,-0.1309999999999999,16.683333333333337
2013-12-10,0,,8.799999999999999,-3.954625,36.30833333333334
2013-12-11,0,,0.0,-5.984249999999999,51.40833333333333
2013-12-12,0,,3.6,-4.20925,48.14999999999999
2013-12-13,0,,0.0,-3.0,43.49270833333331
2013-12-14,0,,0.0,-1.0,39.13749999999999
2013-12-15,0,,0.0,-0.25,35.544655797101434
2013-12-16,0,,1.0,0.222111111111111,35.84444444444445
2013-12-17,0,,0.2,-0.4151666666666667,33.9
2013-12-18,0,,0.0,-0.5668333333333332,31.991666666666667
2013-12-19,0,,0.0,-0.1653749999999999,30.99583333333334
2013-12-20,0,,0.0,3.304208333333333,30.675000000000008
2013-12-21,0,,0.0,3.138333333333333,30.099999999999994
2013-12-22,0,,0.0,2.749166666666667,29.6
2013-12-23,0,,0.0,7.409583333333333,29.058333333333337
2013-12-24,0,,0.0,6.718125000000001,28.387500000000003
2013-12-25,0,,0.0,6.175125,26.112500000000004
2013-12-26,0,,0.0,5.7726500000000005,25.504166666666663
2013-12-27,0,,0.0,6.386125000000001,23.29583333333333
2013-12-28,0,,0.0,8.697166666666666,18.95
2013-12-29,0,,0.0,5.538083333333334,14.670833333333333
2013-12-30,0,,0.0,1.5405416666666667,9.9125
2013-12-31,0,,0.2,0.6756666666666665,7.033333333333334
2014-01-01,0,,0.0,1.5884999999999998,6.649166666666666
2014-01-02,0,,0.0,3.568125,6.1275
2014-01-03,0,,0.0,4.208541666666666,4.583333333333334
2014-01-04,0,,0.0,4.162666666666667,3.829166666666668
2014-01-05,0,,0.0,5.186833333333335,3.2258333333333358
2014-01-06,0,,0.0,5.171708333333333,2.7916666666666683
2014-01-07,0,,0.0,5.951041666666666,0.5916666666666668
2014-01-08,0,,0.0,6.945125000000001,0.0
2014-01-09,0,,0.0,6.596291666666666,0.0
2014-01-10,0,,0.0,5.631,0.0
2014-01-11,0,,0.0,5.1,0.0
2014-01-12,0,,0.0,6.12,0.0
2014-01-13,0,,0.0,5.27,0.0
2014-01-14,0,,0.0,6.2399166666666686,0.0
2014-01-15,0,,0.0,7.82225,0.0
2014-01-16,0,,1.0,7.655541666666667,0.0
2014-01-17,0,,0.0,7.435458333333336,0.0
2014-01-18,0,,0.0,9.674416666666666,0.0
2014-01-19,0,,0.0,8.551416666666666,0.0
2014-01-20,0,,0.0,5.754958333333335,0.0
2014-01-21,0,,1.42,2.4092708333333337,0.0
2014-01-22,0,,0.95,0.8863020833333335,0.0
2014-01-23,0,,1.18,0.0473177083333334,0.0
2014-01-24,0,,0.06,-0.3721744791666665,0.0
2014-01-25,0,,1.09,-1.6611497395833337,0.0
2014-01-26,0,,0.12,-2.299491536458333,0.0
2014-01-27,0,,0.05,-1.9803206380208331,0.0
2014-01-28,0,,1.23,-2.1399060872395834,0.0
2014-01-29,0,,0.97,-2.5650363769531253,0.0
2014-01-30,0,,0.0,-2.990166666666667,0.7041666666666667
2014-01-31,0,,0.0,-2.9378333333333333,2.0
2014-02-01,0,,0.0,-2.9501250000000003,1.0
2014-02-02,0,,0.0,-0.9364166666666668,0.0
2014-02-03,0,,0.0,-0.6366666666666666,0.0
2014-02-04,0,,0.0,-0.7916666666666666,0.0
2014-02-05,0,,0.0,2.6486666666666667,0.0
2014-02-06,0,,0.0,4.035041666666666,0.0
2014-02-07,0,,0.0,5.536125000000001,0.0
2014-02-08,0,,0.0,8.1155,0.0
2014-02-09,0,,4.6000000000000005,7.901958333333334,0.0
2014-02-10,0,,1.0,7.568130434782608,0.0
2014-02-11,0,,0.0,12.056166666666664,0.0
2014-02-12,0,,0.0,13.27875,0.0
2014-02-13,0,,0.0,10.423440217391304,0.0
2014-02-14,0,,6.8,6.9124,0.0
2014-02-15,0,,3.8000000000000007,2.6003333333333334,0.0
2014-02-16,0,,0.2,5.6815,0.0
2014-02-17,0,,0.0,11.657083333333333,0.0
2014-02-18,0,,0.0,11.365,0.0
2014-02-19,0,,0.0,13.25,0.0
2014-02-20,0,,0.0,12.302083333333336,0.0
2014-02-21,0,,0.0,11.204291666666665,0.0
2014-02-22,0,,0.0,6.128125,0.0
2014-02-23,0,,1.2,4.159750000000001,0.0
2014-02-24,0,,7.0,1.9634583333333335,0.0
2014-02-25,0,,13.8,0.0824999999999999,2.0291666666666663
2014-02-26,0,,0.0,-0.7920416666666666,2.7500000000000013
2014-02-27,0,,0.0,0.1240416666666667,2.4250000000000007
2014-02-28,0,,0.0,4.368916666666666,0.6958333333333334
2014-03-01,0,,1.0,7.197416666666666,0.0
2014-03-02,0,,0.2,8.55645833333333,0.0
2014-03-03,0,,3.4000000000000004,9.181375,0.0
2014-03-04,0,,0.8,7.397541666666668,0.0
2014-03-05,0,,7.4,7.396333333333331,0.0
2014-03-06,0,,0.0,7.208541666666666,0.0
2014-03-07,0,,5.800000000000001,3.565791666666668,0.25
2014-03-08,0,,14.2,1.8627058823529408,2.629411764705883
2014-03-09,0,,0.0,1.5009398976982098,0.0
2014-03-10,0,,15.4,1.1391739130434784,2.0437500000000006
2014-03-11,0,,7.2,-0.633125,4.087500000000001
2014-03-12,0,,0.0,0.4631666666666669,3.4208333333333347
2014-03-13,0,,1.2,-1.1385,2.900000000000001
2014-03-14,0,,0.0,4.104583333333333,2.275000000000001
2014-03-15,0,,4.6,9.170750000000002,1.0450000000000004
2014-03-16,0,,10.2,5.278875,1.351666666666667
2014-03-17,0,,0.0,7.588666666666668,0.7833333333333337
2014-03-18,0,,0.0,9.73375,0.0
2014-03-19,0,,2.8,12.069,0.0
2014-03-20,0,,2.8,5.047875,0.0
2014-03-21,0,,0.0,9.13825,0.0
2014-03-22,0,,0.0,12.553750000000004,0.0
2014-03-23,0,,0.0,10.997083333333334,0.0
2014-03-24,0,,0.0,12.683478260869563,0.0
2014-03-25,0,,2.6,7.350958333333334,0.0
2014-03-26,0,,2.4000000000000004,7.447958333333332,0.0
2014-03-27,0,,0.2,10.995833333333332,0.0
2014-03-28,0,,10.599999999999998,7.920125,0.0
2014-03-29,0,,2.6,-0.1366190476190476,0.0
2014-03-30,0,,0.0,6.0,0.0
2014-03-31,0,,0.0,8.236,0.0
2014-04-01,0,,0.0,10.3425,0.0
2014-04-02,0,,0.0,7.195416666666668,0.0
2014-04-03,0,,0.0,8.655416666666666,0.0
2014-04-04,0,,0.0,13.186666666666662,0.0
2014-04-05,0,,0.0,13.853333333333332,0.0
2014-04-06,0,,1.4,10.661458333333334,0.0
2014-04-07,0,,0.2,4.177916666666666,0.0
2014-04-08,0,,0.0,5.193458333333333,0.0
2014-04-09,0,,0.0,9.626375,0.0
2014-04-10,0,,7.6,9.72808333333333,0.0
2014-04-11,0,,0.8,5.760583333333334,0.0
2014-04-12,0,,3.0,4.024249999999999,0.0
2014-04-13,0,,0.2,7.152999999999999,0.0
2014-04-14,0,,0.0,7.734875,0.0
2014-04-15,0,,0.0,11.932916666666664,0.0
2014-04-16,0,,0.0,13.06,0.0
2014-04-17,0,,0.0,12.73125,0.0
2014-04-18,0,,5.6000000000000005,8.902708333333331,0.0
2014-04-19,0,,0.2,8.6865,0.0
2014-04-20,0,,4.6000000000000005,9.521166666666666,0.0
2014-04-21,0,,0.0,11.352916666666667,0.0
2014-04-22,0,,0.0,15.4425,0.0
2014-04-23,0,,0.0,16.8225,0.0
2014-04-24,0,,2.2,15.34708333333333,0.0
2014-04-25,0,,0.8,12.398166666666668,0.0
2014-04-26,0,,0.2,8.877916666666666,0.0
2014-04-27,0,,16.2,9.79,0.0
2014-04-28,0,,22.2,8.724166666666667,0.0
2014-04-29,0,,0.2,10.088083333333334,0.0
2014-04-30,0,,7.200000000000001,8.15308333333333,0.0
2014-05-01,0,,3.2,9.83121739130435,0.0
2014-05-02,0,,6.4,10.23975,0.0
2014-05-03,0,,0.0,14.045833333333333,0.0
2014-05-04,0,,5.200000000000001,14.029166666666669,0.0
2014-05-05,0,,22.4,9.929833333333333,0.0
2014-05-06,0,,8.799999999999997,5.843125,0.0
2014-05-07,0,,0.2,6.3038750000000014,0.0
2014-05-08,0,,14.0,7.670208333333332,0.0
2014-05-09,0,,17.799999999999997,8.526291666666667,0.0
2014-05-10,0,,3.8,8.633333333333335,0.0
2014-05-11,0,,6.8,9.787916666666668,0.0
2014-05-12,0,,0.0,15.15125,0.0
2014-05-13,0,,0.0,14.947916666666671,0.0
2014-05-14,0,,0.0,19.286250000000003,0.0
2014-05-15,0,,0.0,14.81125,0.0
2014-05-16,0,,0.0,13.273333333333332,0.0
2014-05-17,0,,0.0,11.691249999999998,0.0
2014-05-18,0,,0.0,11.783749999999996,0.0
2014-05-19,0,,0.0,13.399583333333334,0.0
2014-05-20,0,,0.0,12.013375000000002,0.0
2014-05-21,0,,0.0,11.612500000000002,0.0
2014-05-22,0,,0.0,12.624166666666667,0.0
2014-05-23,0,,0.0,13.337916666666668,0.0
2014-05-24,0,,0.0,13.397916666666667,0.0
2014-05-25,0,,0.0,15.13125,0.0
2014-05-26,0,,0.0,17.070833333333336,0.0
2014-05-27,0,,0.0,17.712083333333332,0.0
2014-05-28,0,,0.0,19.141250000000003,0.0
2014-05-29,0,,1.4,18.480416666666667,0.0
2014-05-30,0,,19.0,11.66125,0.0
2014-05-31,0,,4.0,11.188125,0.0
2014-06-01,0,,0.0,11.344285714285714,0.0
2014-06-02,0,,17.4,9.979500000000002,0.0
2014-06-03,0,,2.0,13.264347826086956,0.0
2014-06-04,0,,11.2,14.502083333333331,0.0
2014-06-05,0,,22.2,12.459583333333336,0.0
2014-06-06,0,,13.8,13.448333333333332,0.0
2014-06-07,0,,0.0,14.54625,0.0
2014-06-08,0,,4.0,13.95833333333333,0.0
2014-06-09,0,,0.0,15.189130434782603,0.0
2014-06-10,0,,0.0,17.139166666666668,0.0
2014-06-11,0,,0.0,16.08375,0.0
2014-06-12,0,,0.0,14.527916666666668,0.0
2014-06-13,0,,0.0,17.533199999999997,0.0
2014-06-14,0,,0.0,19.50083333333333,0.0
2014-06-15,0,,0.0,17.467083333333335,0.0
2014-06-16,0,,17.2,16.35541666666667,0.0
2014-06-17,0,,0.0,19.23375,0.0
2014-06-18,0,,0.0,20.44083333333333,0.0
2014-06-19,0,,26.200000000000003,17.776249999999997,0.0
2014-06-20,0,,9.8,13.062500000000002,0.0
2014-06-21,0,,7.8,14.127499999999996,0.0
2014-06-22,0,,0.2,14.230833333333337,0.0
2014-06-23,0,,0.0,15.240833333333333,0.0
2014-06-24,0,,0.0,18.180000000000003,0.0
2014-06-25,0,,0.0,20.92291666666667,0.0
2014-06-26,0,,0.0,22.521666666666665,0.0
2014-06-27,0,,1.2,19.290416666666665,0.0
2014-06-28,0,,0.4,13.799166666666666,0.0
2014-06-29,0,,0.0,13.982500000000002,0.0
2014-06-30,0,,0.2,17.948484848484842,0.0
2014-07-01,0,,0.0,17.096666666666668,0.0
2014-07-02,0,,0.0,16.237916666666667,0.0
2014-07-03,0,,0.0,15.120833333333335,0.0
2014-07-04,0,,20.6,13.480416666666663,0.0
2014-07-05,0,,0.0,14.93708333333334,0.0
2014-07-06,0,,0.2,16.810416666666672,0.0
2014-07-07,0,,0.0,17.032500000000002,0.0
2014-07-08,0,,0.0,18.145,0.0
2014-07-09,0,,0.0,21.321666666666665,0.0
2014-07-10,0,,0.0,21.98333333333333,0.0
2014-07-11,0,,0.0,23.25,0.0
2014-07-12,0,,7.8,19.905,0.0
2014-07-13,0,,0.0,17.415833333333335,0.0
2014-07-14,0,,0.0,17.342916666666667,0.0
2014-07-15,0,,16.399999999999995,16.99208333333333,0.0
2014-07-16,0,,7.399999999999999,16.269583333333333,0.0
2014-07-17,0,,0.0,17.45291666666667,0.0
2014-07-18,0,,0.2,17.709166666666665,0.0
2014-07-19,0,,4.2,16.81,0.0
2014-07-20,0,,9.2,16.50666666666667,0.0
2014-07-21,0,,0.0,18.17625,0.0
2014-07-22,0,,0.0,21.75791666666667,0.0
2014-07-23,0,,0.0,22.255,0.0
2014-07-24,0,,7.399999999999999,18.08833333333333,0.0
2014-07-25,0,,0.2,17.655833333333337,0.0
2014-07-26,0,,0.0,17.999583333333334,0.0
2014-07-27,0,,0.2,19.579583333333336,0.0
2014-07-28,0,,0.0,21.61791666666667,0.0
2014-07-29,0,,0.0,19.95583333333333,0.0
2014-07-30,0,,0.0,18.55333333333333,0.0
2014-07-31,0,,0.0,21.414583333333336,0.0
2014-08-01,0,,0.0,20.52125,0.0
2014-08-02,0,,8.4,18.569583333333338,0.0
2014-08-03,0,,6.2,18.33083333333333,0.0
2014-08-04,0,,0.4,19.207916666666662,0.0
2014-08-05,0,,0.0,19.59,0.0
2014-08-06,0,,0.0,20.369565217391305,0.0
2014-08-07,0,,3.8,18.011304347826083,0.0
2014-08-08,0,,21.4,17.325,0.0
2014-08-09,0,,10.4,16.624166666666675,0.0
2014-08-10,0,,0.2,19.64,0.0
2014-08-11,0,,0.0,19.480869565217397,0.0
2014-08-12,0,,0.0,19.424782608695647,0.0
2014-08-13,0,,0.0,20.25666666666667,0.0
2014-08-14,0,,0.0,23.11666666666667,0.0
2014-08-15,0,,0.0,22.79416666666667,0.0
2014-08-16,0,,0.0,22.290416666666665,0.0
2014-08-17,0,,20.0,18.856666666666666,0.0
2014-08-18,0,,51.2,14.921666666666663,0.0
2014-08-19,0,,0.4,15.27208333333333,0.0
2014-08-20,0,,0.0,17.64666666666667,0.0
2014-08-21,0,,0.0,20.08375,0.0
2014-08-22,0,,0.0,20.56208333333333,0.0
2014-08-23,0,,0.0,19.502499999999998,0.0
2014-08-24,0,,0.0,21.114782608695656,0.0
2014-08-25,0,,2.4000000000000004,18.04875,0.0
2014-08-26,0,,0.0,17.45375,0.0
2014-08-27,0,,0.0,19.4,0.0
2014-08-28,0,,3.4000000000000004,18.40478260869565,0.0
2014-08-29,0,,0.6000000000000001,14.213750000000005,0.0
2014-08-30,0,,0.0,15.830833333333336,0.0
2014-08-31,0,,3.2,15.831666666666663,0.0
2014-09-01,0,,0.0,16.34333333333333,0.0
2014-09-02,0,,0.2,19.679583333333337,0.0
2014-09-03,0,,8.799999999999999,20.512,0.0
2014-09-04,0,,0.0,18.6,0.0
2014-09-05,0,,0.4,17.717916666666664,0.0
2014-09-06,0,,0.8,16.17833333333333,0.0
2014-09-07,0,,0.6000000000000001,16.75409090909091,0.0
2014-09-08,0,,0.0583333333333333,15.184166666666668,0.0
2014-09-09,0,,0.2,15.594782608695652,0.0
2014-09-10,0,,0.0,15.399090909090908,0.0
2014-09-11,0,,0.0,16.10956521739131,0.0
2014-09-12,0,,0.0,16.79875,0.0
2014-09-13,0,,0.0,15.988749999999996,0.0
2014-09-14,0,,0.0,16.09625,0.0
2014-09-15,0,,0.2,15.19173913043478,0.0
2014-09-16,0,,17.0,15.425416666666669,0.0
2014-09-17,0,,50.2,12.83,0.0
2014-09-18,0,,25.8,11.839166666666666,0.0
2014-09-19,0,,3.6000000000000005,11.490416666666668,0.0
2014-09-20,0,,0.0,12.338333333333331,0.0
2014-09-21,0,,0.4,14.449565217391305,0.0
2014-09-22,0,,0.0,17.379565217391306,0.0
2014-09-23,0,,12.8,12.19465217391304,0.0
2014-09-24,0,,0.0,9.626391304347823,0.0
2014-09-25,0,,0.2,10.867083333333332,0.0
2014-09-26,0,,6.2,11.661666666666669,0.0
2014-09-27,0,,50.2,10.419583333333334,0.0
2014-09-28,2,inflow_m3_out_of_range;inflow_m3_statistical_outlier,41.20000000000001,9.562916666666668,0.0
2014-09-29,0,,0.8,9.355416666666663,0.0
2014-09-30,0,,0.0,11.363333333333332,0.0
2014-10-01,0,,0.0,11.194166666666668,0.0
2014-10-02,0,,0.0,11.412083333333332,0.0
2014-10-03,0,,4.200000000000001,9.599166666666669,0.0
2014-10-04,0,,0.2,9.547499999999998,0.0
2014-10-05,0,,0.6000000000000001,10.125833333333334,0.0
2014-10-06,0,,0.4,11.17375,0.0
2014-10-07,0,,0.0,15.126666666666663,0.0
2014-10-08,0,,0.4,12.595833333333331,0.0
2014-10-09,0,,1.7999999999999998,11.726666666666668,0.0
2014-10-10,0,,0.2,11.567083333333334,0.0
2014-10-11,0,,1.6,11.534583333333332,0.0
2014-10-12,0,,0.6000000000000001,10.432916666666667,0.0
2014-10-13,0,,0.0,10.947916666666666,0.0
2014-10-14,0,,0.2,11.460833333333332,0.0
2014-10-15,0,,0.0,13.327916666666669,0.0
2014-10-16,0,,0.2,16.14375,0.0
2014-10-17,0,,0.2,15.157500000000004,0.0
2014-10-18,0,,33.0,9.356458333333334,0.0
2014-10-19,0,,0.0,4.637739130434784,0.0
2014-10-20,0,,0.2,8.908291666666669,0.0
2014-10-21,0,,0.0,13.84083333333333,0.0
2014-10-22,0,,0.0,14.95458333333333,0.0
2014-10-23,0,,5.0,15.20375,0.0
2014-10-24,0,,6.0,12.468750000000002,0.0
2014-10-25,0,,2.0,10.684875,0.0
2014-10-26,0,,12.8,9.845833333333331,0.0
2014-10-27,0,,39.19999999999998,7.474166666666666,0.0
2014-10-28,0,,8.0,7.829041666666666,0.0
2014-10-29,0,,22.6,9.332166666666668,0.0
2014-10-30,0,,37.4,6.961749999999999,0.0
2014-10-31,2,inflow_m3_statistical_outlier,31.8,5.593833333333335,0.0
2014-11-01,2,inflow_m3_statistical_outlier,2.8,3.642500000000001,0.0
2014-11-02,0,,0.2,2.960458333333333,0.0
2014-11-03,0,,0.2,2.7143333333333337,0.0
2014-11-04,0,,0.0,8.902583333333334,0.0
2014-11-05,0,,0.0,10.274,0.0
2014-11-06,0,,0.0,11.597916666666668,0.0
2014-11-07,0,,0.0,14.182916666666667,0.0
2014-11-08,0,,0.0,14.130000000000004,0.0
2014-11-09,0,,0.0,12.659583333333336,0.0
2014-11-10,0,,0.0,11.697500000000003,0.0
2014-11-11,0,,0.0,11.275,0.0
2014-11-12,0,,0.0,12.682083333333336,0.0
2014-11-13,0,,0.0,12.513749999999996,0.0
2014-11-14,0,,0.0,10.61375,0.0
2014-11-15,0,,9.0,8.514458333333332,0.0
2014-11-16,0,,0.4,7.317749999999999,0.0
2014-11-17,0,,1.2,10.268791666666669,0.0
2014-11-18,0,,0.2,11.912083333333332,0.0
2014-11-19,0,,12.2,12.535666666666664,0.0
2014-11-20,0,,17.0,5.546041666666665,0.0
2014-11-21,0,,10.6,2.474541666666666,0.0
2014-11-22,0,,20.2,1.6692916666666668,0.0
2014-11-23,0,,9.999999999999998,1.23275,0.0
2014-11-24,0,,4.199999999999999,1.6754999999999998,0.0
2014-11-25,0,,32.0,0.991,0.0
2014-11-26,2,inflow_m3_statistical_outlier,29.999999999999996,0.077625,11.937499999999996
2014-11-27,2,inflow_m3_statistical_outlier,0.4,0.282875,15.325
2014-11-28,0,,0.0,4.097791666666667,13.508333333333333
2014-11-29,0,,1.2000000000000002,6.748291666666667,8.470833333333333
2014-11-30,2,inflow_m3_statistical_outlier,17.200000000000003,3.661541666666667,1.9458333333333344
2014-12-01,0,,1.2,3.6792916666666673,0.0
2014-12-02,0,,2.8000000000000007,9.959166666666668,0.0
2014-12-03,0,,1.6,11.54625,0.0
2014-12-04,0,,3.6,9.899166666666668,0.0
2014-12-05,0,,1.0,9.40125,0.0
2014-12-06,0,,0.4,10.397874999999996,0.0
2014-12-07,0,,0.4,9.134166666666664,0.0
2014-12-08,0,,0.4,9.662083333333335,0.0
2014-12-09,0,,0.0,8.526583333333333,0.0
2014-12-10,0,,1.7999999999999998,5.430208333333334,0.0
2014-12-11,0,,2.0,9.029333333333334,0.0
2014-12-12,0,,31.8,5.110416666666667,0.0
2014-12-13,0,,0.6000000000000001,3.2464166666666663,0.0
2014-12-14,0,,0.0,5.627583333333334,0.0
2014-12-15,0,,0.0,4.040041666666666,0.0
2014-12-16,0,,0.0,4.554625,0.0
2014-12-17,0,,0.2,6.40275,0.0
2014-12-18,0,,2.2,5.779374999999998,0.0
2014-12-19,0,,0.0,4.078458333333333,0.0
2014-12-20,0,,0.0,5.564375000000002,0.0
2014-12-21,0,,18.6,2.282083333333333,2.6750000000000007
2014-12-22,0,,2.4,-1.01425,7.3791666666666655
2014-12-23,0,,0.2,4.438375,5.254166666666667
2014-12-24,0,,0.0,8.210458333333332,0.0
2014-12-25,0,,0.0,8.786416666666666,0.0
2014-12-26,0,,2.4000000000000004,6.412874999999999,0.0
2014-12-27,0,,8.0,1.145083333333334,0.0
2014-12-28,0,,0.8,4.10275,0.0
2014-12-29,0,,18.4,0.902,1.0125
2014-12-30,0,,10.199999999999996,-3.434333333333333,27.74583333333333
2014-12-31,0,,1.6,-2.2669583333333327,47.79583333333333
2015-01-01,0,,10.399999999999997,-2.559625,68.11249999999998
2015-01-02,0,,4.0,-3.4585833333333333,73.23333333333333
2015-01-03,0,,0.0,-1.2337916666666668,68.34583333333333
2015-01-04,0,,21.0,-0.6669583333333332,69.125
2015-01-05,0,,10.4,-3.4140416666666664,83.56666666666666
2015-01-06,0,,2.2,-4.275625000000001,109.9125
2015-01-07,0,,0.0,-9.391666666666667,143.25833333333333
2015-01-08,0,,8.599999999999998,-8.127454545454547,144.39583333333334
2015-01-09,0,,0.0,-5.321083333333334,136.83333333333334
2015-01-10,0,,3.8,-0.0578750000000001,136.42916666666665
2015-01-11,0,,6.6,5.484000000000001,124.84999999999997
2015-01-12,2,inflow_m3_statistical_outlier,0.0,-1.0,112.0
2015-01-13,0,,0.0,-0.2097272727272726,112.56666666666663
2015-01-14,0,,7.999999999999999,3.797750000000001,109.75416666666666
2015-01-15,0,,0.0,1.953541666666667,106.85833333333332
2015-01-16,0,,0.0,-0.29625,104.1416666666667
2015-01-17,0,,0.0,2.3121666666666667,102.11249999999998
2015-01-18,0,,0.0,2.4104166666666664,100.86833333333335
2015-01-19,0,,0.0,4.75852380952381,98.95416666666672
2015-01-20,0,,0.0,6.166458333333335,95.1875
2015-01-21,0,,0.0,7.11825,89.44583333333333
2015-01-22,0,,0.0,7.692833333333334,85.17083333333333
2015-01-23,2,inflow_m3_statistical_outlier,0.0,8.133958333333334,78.78749999999998
2015-01-24,2,inflow_m3_statistical_outlier,0.0,5.729708333333332,72.36250000000001
2015-01-25,0,,0.0,5.991708333333334,66.87500000000001
2015-01-26,0,,0.0,4.801958333333332,64.55416666666667
2015-01-27,0,,8.6,5.106217391304347,61.320833333333326
2015-01-28,2,inflow_m3_statistical_outlier,4.600000000000001,0.6578749999999999,58.25
2015-01-29,0,,0.6000000000000001,4.09775,57.08333333333334
2015-01-30,0,,0.0,6.3650416666666665,52.84999999999999
2015-01-31,2,inflow_m3_statistical_outlier,0.0,9.26675,41.37916666666666
2015-02-01,2,inflow_m3_statistical_outlier,0.0,11.85375,26.23333333333333
2015-02-02,2,inflow_m3_statistical_outlier,25.8,3.776173913043479,17.91304347826087
2015-02-03,2,inflow_m3_statistical_outlier,9.4,1.4327083333333333,17.20833333333333
2015-02-04,2,inflow_m3_statistical_outlier,0.0,5.799874999999999,16.88333333333333
2015-02-05,0,,5.2,9.680375000000002,13.525000000000004
2015-02-06,0,,0.0,9.160375000000002,9.258333333333333
2015-02-07,0,,3.8,0.163125,8.1
2015-02-08,0,,2.4,0.1485416666666665,9.1625
2015-02-09,0,,0.8,-2.967041666666667,14.291666666666666
2015-02-10,0,,3.0,-4.183875,43.61666666666667
2015-02-11,0,,7.2,-3.278833333333333,74.40416666666665
2015-02-12,0,,12.4,-1.3031666666666666,87.68750000000001
2015-02-13,0,,0.4,-0.2827083333333334,86.87499999999999
2015-02-14,0,,5.4,0.0556666666666666,84.275
2015-02-15,0,,4.4,0.1011666666666666,81.57916666666665
2015-02-16,0,,14.8,-2.314458333333333,94.94166666666668
2015-02-17,0,,3.4000000000000004,-6.561916666666666,106.27083333333334
2015-02-18,0,,7.6,-6.139916666666667,131.74583333333334
2015-02-19,0,,0.0,-4.644208333333332,148.53750000000002
2015-02-20,0,,0.0,-2.1322083333333333,142.29583333333335
2015-02-21,0,,12.4,-0.3555,136.6375
2015-02-22,0,,0.0,3.4397083333333334,131.81250000000003
2015-02-23,0,,3.2,3.638875000000001,124.1375
2015-02-24,2,inflow_m3_statistical_outlier,0.0,5.5363750000000005,108.55
2015-02-25,2,inflow_m3_statistical_outlier,0.0,6.327333333333333,92.7125
2015-02-26,2,inflow_m3_statistical_outlier,0.0,7.7655,86.66666666666664
2015-02-27,2,inflow_m3_statistical_outlier,0.2,7.893958333333334,80.04999999999998
2015-02-28,2,inflow_m3_statistical_outlier,0.0,4.620833333333333,72.14166666666667
2015-03-01,2,inflow_m3_statistical_outlier,0.0,1.8157083333333333,66.375
2015-03-02,0,,0.0,4.658833333333333,62.49583333333333
2015-03-03,2,inflow_m3_statistical_outlier,5.000000000000001,2.905916666666666,59.71666666666668
2015-03-04,0,,0.0,0.2206666666666666,57.9825
2015-03-05,0,,0.0,6.219666666666668,55.26249999999999
2015-03-06,0,,0.0,8.648875000000002,50.7625
2015-03-07,0,,0.0,1.2930416666666666,46.49166666666666
2015-03-08,0,,0.0,0.5415416666666667,43.8
2015-03-09,0,,0.0,1.6559583333333334,40.333333333333336
2015-03-10,0,,0.0,2.39358333333333,36.33333333
2015-03-11,0,,0.0,1.6730416666666663,33.833333333333336
2015-03-12,0,,0.0,0.4886666666666668,32.18750000000001
2015-03-13,0,,0.4,3.75091666666667,31.375
2015-03-14,0,,2.6,5.07991666666667,28.5041666666667
2015-03-15,0,,4.2,1.98541666666667,25.3791666666667
2015-03-16,0,,1.4,0.1879583333333333,22.687500000000004
2015-03-17,0,,0.2,-2.8930833333333337,24.69416666666667
2015-03-18,0,,0.0,-3.759625,24.434999999999995
2015-03-19,0,,0.0,-2.4669583333333334,24.19166666666667
2015-03-20,0,,8.2,-1.80945833333333,25.0541666666667
2015-03-21,0,,27.2,-0.360791666666667,48.3333333333333
2015-03-22,0,,0.0,5.63669565217391,44.7125
2015-03-23,0,,4.2,3.08675,37.32500000000001
2015-03-24,0,,0.0,3.279666666666667,30.82916666666667
2015-03-25,0,,0.0,9.613666666666669,25.425000000000004
2015-03-26,0,,2.6,11.963333333333331,16.991666666666664
2015-03-27,2,inflow_m3_statistical_outlier,0.0,11.146750000000004,3.8125
2015-03-28,2,inflow_m3_statistical_outlier,6.8,8.221782608695651,0.0
2015-03-29,2,inflow_m3_statistical_outlier,6.0,7.375166666666664,0.0
2015-03-30,2,inflow_m3_statistical_outlier,0.6000000000000001,8.15195652173913,0.0
2015-03-31,0,,0.2,6.78420833333333,0.0
2015-04-01,0,,11.0,8.920666666666667,0.0
2015-04-02,0,,1.4,1.43920833333333,0.0
2015-04-03,0,,4.800000000000001,1.751333333333334,1.4250000000000005
2015-04-04,0,,0.0,1.6744583333333336,0.0
2015-04-05,0,,0.0,5.894208333333334,0.0
2015-04-06,0,,25.6,8.353625,0.0
2015-04-07,2,inflow_m3_statistical_outlier,5.4,0.523,0.0
2015-04-08,0,,3.2000000000000006,-0.8091249999999999,1.5791666666666666
2015-04-09,2,inflow_m3_statistical_outlier,12.0,-0.881958333333333,24.60416667
2015-04-10,2,inflow_m3_statistical_outlier,2.2,-1.459,32.483333333333334
2015-04-11,0,,0.0,3.7979583333333338,24.945833333333333
2015-04-12,0,,0.0,7.234541666666666,15.583333333333336
2015-04-13,2,inflow_m3_statistical_outlier,0.0,10.672083333333331,8.7875
2015-04-14,2,inflow_m3_statistical_outlier,0.6,8.453250000000002,1.6166666666666667
2015-04-15,2,inflow_m3_statistical_outlier,0.0,7.262291666666666,0.0
2015-04-16,2,inflow_m3_statistical_outlier,0.0,11.87791666666667,0.0
2015-04-17,2,inflow_m3_statistical_outlier,0.0,14.100833333333334,0.0
2015-04-18,2,inflow_m3_statistical_outlier,0.0,14.2575,0.0
2015-04-19,0,,1.6,2.302375,0.0
2015-04-20,0,,0.2,4.430125000000001,0.0
2015-04-21,0,,19.0,0.1497083333333334,0.258333333333333
2015-04-22,0,,6.800000000000002,0.0465416666666665,3.212500000000001
2015-04-23,0,,0.0,0.67175,2.3791666666666678
2015-04-24,0,,0.0,8.842833333333333,0.0
2015-04-25,0,,0.2,10.761041666666667,0.0
2015-04-26,0,,0.2,9.011791666666666,0.0
2015-04-27,0,,0.2,13.570833333333338,0.0
2015-04-28,0,,0.0,16.578333333333333,0.0
2015-04-29,0,,2.0,12.324083333333334,0.0
2015-04-30,0,,0.0,9.44025,0.0
2015-05-01,0,,0.0,10.103750000000002,0.0
2015-05-02,0,,2.8,13.842916666666666,0.0
2015-05-03,0,,2.2,9.762499999999998,0.0
2015-05-04,0,,0.0,12.855416666666663,0.0
2015-05-05,0,,0.0,15.183333333333335,0.0
2015-05-06,0,,0.0,16.2033333333333,0.0
2015-05-07,0,,14.2,16.53875,0.0
2015-05-08,0,,9.8,9.951083333333331,0.0
2015-05-09,0,,0.2,9.506708333333334,0.0
2015-05-10,0,,0.0,8.658565217391303,0.0
2015-05-11,0,,0.0,9.20192,0.0
2015-05-12,0,,0.0,10.1520833333333,0.0
2015-05-13,0,,0.0,11.77125,0.0
2015-05-14,0,,0.0,14.188749999999995,0.0
2015-05-15,0,,0.0,17.78625,0.0
2015-05-16,0,,0.0,19.19333333333333,0.0
2015-05-17,0,,0.0,17.999583333333334,0.0
2015-05-18,0,,0.0,18.35708333333333,0.0
2015-05-19,0,,0.0,20.92625,0.0
2015-05-20,0,,0.0,15.7075,0.0
2015-05-21,0,,0.0,12.284166666666666,0.0
2015-05-22,0,,0.2,14.636666666666668,0.0
2015-05-23,0,,0.0,19.66208333333333,0.0
2015-05-24,0,,0.4,18.919583333333332,0.0
2015-05-25,0,,0.2,16.4741666666667,0.0
2015-05-26,0,,0.4,16.9358333333333,0.0
2015-05-27,0,,23.6,11.7533333333333,0.0
2015-05-28,0,,7.6,9.41166666666667,0.0
2015-05-29,0,,0.0,8.57258333333333,0.0
2015-05-30,0,,0.0,10.33125,0.0
2015-05-31,0,,0.0,12.3520833333333,0.0
2015-06-01,0,,0.2,12.3683333333333,0.0
2015-06-02,0,,1.4,13.1075,0.0
2015-06-03,0,,24.799999999999997,11.968750000000002,0.0
2015-06-04,0,,0.0,13.894166666666669,0.0
2015-06-05,0,,35.60000000000001,13.11083333333333,0.0
2015-06-06,0,,15.6,13.37375,0.0
2015-06-07,0,,6.4,13.126666666666663,0.0
2015-06-08,0,,1.4,13.269583333333337,0.0
2015-06-09,0,,0.8,13.9654166666667,0.0
2015-06-10,0,,12.2,14.277083333333332,0.0
2015-06-11,0,,0.2,14.132499999999997,0.0
2015-06-12,0,,7.6,14.5008333333333,0.0
2015-06-13,0,,0.2,15.46,0.0
2015-06-14,0,,0.0,17.2133333333333,0.0
2015-06-15,0,,0.0,20.385,0.0
2015-06-16,0,,0.0,19.118333333333336,0.0
2015-06-17,0,,0.0,16.5525,0.0
2015-06-18,0,,2.2,15.419166666666667,0.0
2015-06-19,0,,78.00000000000003,13.385416666666666,0.0
2015-06-20,0,,0.0,13.8,0.0
2015-06-21,0,,0.0,15.31375,0.0
2015-06-22,0,,10.2,13.73125,0.0
2015-06-23,0,,1.2000000000000002,13.092916666666666,0.0
2015-06-24,0,,0.0,14.6058333333333,0.0
2015-06-25,0,,0.4,14.954166666666664,0.0
2015-06-26,0,,0.0,14.007916666666668,0.0
2015-06-27,0,,24.8,13.7675,0.0
2015-06-28,0,,2.6,13.866666666666667,0.0
2015-06-29,0,,6.2,14.8245833333333,0.0
2015-06-30,0,,0.2,14.744166666666665,0.0
2015-07-01,0,,0.0,15.0975,0.0
2015-07-02,0,,0.0,15.01,0.0
2015-07-03,0,,0.0,14.17125,0.0
2015-07-04,0,,0.0,14.64291666666667,0.0
2015-07-05,0,,0.0,14.797083333333337,0.0
2015-07-06,0,,0.0,15.59625,0.0
2015-07-07,0,,0.0,17.185000000000002,0.0
2015-07-08,0,,0.0,20.8095833333333,0.0
2015-07-09,0,,0.0,21.390833333333337,0.0
2015-07-10,0,,0.0,18.47833333333333,0.0
2015-07-11,0,,3.8,15.122083333333334,0.0
2015-07-12,0,,0.0,14.560000000000004,0.0
2015-07-13,0,,0.0,16.047499999999996,0.0
2015-07-14,0,,0.0,16.7620833333333,0.0
2015-07-15,0,,0.0,15.779166666666669,0.0
2015-07-16,0,,0.0,16.476666666666667,0.0
2015-07-17,0,,0.0,16.014583333333334,0.0
2015-07-18,0,,0.0,16.852083333333336,0.0
2015-07-19,0,,0.0,17.21833333333333,0.0
2015-07-20,0,,0.0,17.71708333333333,0.0
2015-07-21,0,,0.0,17.14875,0.0
2015-07-22,0,,0.0,17.634999999999994,0.0
2015-07-23,0,,0.0,20.0125,0.0
2015-07-24,0,,0.0,19.9870833333333,0.0
2015-07-25,0,,0.0,19.5558333333333,0.0
2015-07-26,0,,0.0,22.6325,0.0
2015-07-27,0,,0.0,23.17958333333333,0.0
2015-07-28,0,,0.0,23.7175,0.0
2015-07-29,0,,0.0,25.055,0.0
2015-07-30,0,,0.0,24.8545833333333,0.0
2015-07-31,0,,0.0,19.4254166666667,0.0
2015-08-01,0,,0.0,19.0391666666667,0.0
2015-08-02,0,,0.0,18.5416666666667,0.0
2015-08-03,0,,0.0,18.1166666666667,0.0
2015-08-04,0,,0.0,20.4425,0.0
2015-08-05,0,,0.0,19.59083333333333,0.0
2015-08-06,0,,0.0,20.024166666666662,0.0
2015-08-07,0,,0.0,18.509999999999994,0.0
2015-08-08,0,,0.0,18.272916666666664,0.0
2015-08-09,0,,0.0,19.111249999999995,0.0
2015-08-10,0,,0.2,19.3416666666667,0.0
2015-08-11,0,,0.2,19.4483333333333,0.0
2015-08-12,0,,0.0,21.81125,0.0
2015-08-13,0,,0.0,21.09541666666667,0.0
2015-08-14,0,,0.0,21.452500000000004,0.0
2015-08-15,0,,0.0,20.452916666666663,0.0
2015-08-16,0,,0.0,21.164583333333333,0.0
2015-08-17,0,,0.0,22.1925,0.0
2015-08-18,0,,0.0,20.107916666666664,0.0
2015-08-19,0,,0.0,18.7813043478261,0.0
2015-08-20,0,,0.2,19.2929166666667,0.0
2015-08-21,0,,3.6,18.8075,0.0
2015-08-22,0,,12.2,16.7733333333333,0.0
2015-08-23,0,,24.0,15.4129166666667,0.0
2015-08-24,0,,0.4,15.50375,0.0
2015-08-25,0,,0.2,15.55645833333335,0.0
2015-08-26,0,,0.0,15.6091666666667,0.0
2015-08-27,0,,0.0,15.52125,0.0
2015-08-28,0,,0.0,16.260416666666664,0.0
2015-08-29,0,,0.0,17.526249999999997,0.0
2015-08-30,0,,0.0,17.556250000000002,0.0
2015-08-31,0,,0.0,18.53958333333333,0.0
2015-09-01,0,,0.0,23.33666666666667,0.0
2015-09-02,0,,0.0,24.178333333333327,0.0
2015-09-03,0,,0.0,22.38666666666666,0.0
2015-09-04,0,,0.0,21.07916666666667,0.0
2015-09-05,0,,0.0,22.710833333333337,0.0
2015-09-06,0,,0.0,23.03958333333333,0.0
2015-09-07,0,,1.0,16.295909090909092,0.0
2015-09-08,0,,0.8,14.347083333333336,0.0
2015-09-09,0,,0.0,15.251250000000004,0.0
2015-09-10,0,,0.0,20.723333333333333,0.0
2015-09-11,0,,0.0,20.770833333333336,0.0
2015-09-12,0,,20.200000000000003,15.96916666666666,0.0
2015-09-13,0,,44.400000000000006,15.26125,0.0
2015-09-14,0,,1.7999999999999998,15.349166666666664,0.0
2015-09-15,0,,0.4,14.991666666666664,0.0
2015-09-16,0,,0.0,15.455416666666665,0.0
2015-09-17,0,,0.0,15.832500000000003,0.0
2015-09-18,0,,0.0,15.65541666666667,0.0
2015-09-19,0,,0.0,15.31083333333333,0.0
2015-09-20,0,,0.2,16.74125,0.0
2015-09-21,0,,0.0,16.175416666666667,0.0
2015-09-22,0,,1.2,15.93625,0.0
2015-09-23,0,,3.2,16.241666666666664,0.0
2015-09-24,0,,0.0,17.2225,0.0
2015-09-25,0,,0.0,17.80666666666666,0.0
2015-09-26,0,,0.0,18.46333333333333,0.0
2015-09-27,0,,0.0,16.88083333333333,0.0
2015-09-28,0,,19.4,15.125416666666672,0.0
2015-09-29,2,precip_kartepe_mm_out_of_range;inflow_m3_statistical_outlier;precip_kartepe_mm_imputed_linear,116.60000000000002,13.699166666666668,0.0
2015-09-30,2,inflow_m3_out_of_range;precip_kartepe_mm_out_of_range;inflow_m3_statistical_outlier;precip_kartepe_mm_imputed_linear,114.8,11.092083333333331,0.0
2015-10-01,2,inflow_m3_statistical_outlier,28.8,10.55625,0.0
2015-10-02,0,,4.000000000000001,10.894583333333337,0.0
2015-10-03,0,,0.0,12.315416666666666,0.0
2015-10-04,0,,0.2,13.085833333333332,0.0
2015-10-05,0,,0.0,13.203749999999998,0.0
2015-10-06,0,,19.0,11.107391304347829,0.0
2015-10-07,0,,24.8,10.56875,0.0
2015-10-08,0,,2.4000000000000004,10.54675,0.0
2015-10-09,0,,0.2,9.360833333333334,0.0
2015-10-10,0,,0.0,13.62625,0.0
2015-10-11,0,,9.6,14.580416666666665,0.0
2015-10-12,0,,7.6,14.8833333333333,0.0
2015-10-13,0,,9.6,9.3475,0.0
2015-10-14,0,,1.4,8.909875,0.0
2015-10-15,0,,0.2,9.22217391304348,0.0
2015-10-16,0,,0.0,11.478333333333332,0.0
2015-10-17,0,,0.2,12.134583333333332,0.0
2015-10-18,0,,0.0,9.193041666666666,0.0
2015-10-19,0,,0.0,10.837083333333332,0.0
2015-10-20,0,,0.0,13.7175,0.0
2015-10-21,0,,7.0,10.6558333333333,0.0
2015-10-22,0,,22.8,11.545,0.0
2015-10-23,0,,20.0,9.865041666666666,0.0
2015-10-24,0,,13.2,5.48358333333333,0.0
2015-10-25,0,,0.0,5.254375,0.0
2015-10-26,0,,0.0,5.92633333333333,0.0
2015-10-27,0,,5.6,5.59704166666667,0.0
2015-10-28,0,,0.0,5.117208333333333,0.0
2015-10-29,0,,0.0,6.454083333333332,0.0
2015-10-30,0,,2.4,6.58325,0.0
2015-10-31,0,,4.8,5.225999999999999,0.0
2015-11-01,0,,0.2,3.9632083333333328,0.0
2015-11-02,0,,0.0,6.045,0.0
2015-11-03,0,,0.0,8.11420833333333,0.0
2015-11-04,0,,0.0,11.1554166666667,0.0
2015-11-05,0,,0.0,8.75541666666667,0.0
2015-11-06,0,,0.0,6.44116666666666,0.0
2015-11-07,0,,0.0,6.155375,0.0
2015-11-08,0,,0.0,5.61266666666667,0.0
2015-11-09,0,,0.0,7.268875,0.0
2015-11-10,0,,0.0,7.737208333333334,0.0
2015-11-11,0,,0.0,9.30058333333333,0.0
2015-11-12,0,,0.0,10.52625,0.0
2015-11-13,0,,0.0,9.59125,0.0
2015-11-14,0,,0.0,10.808541666666668,0.0
2015-11-15,0,,0.0,6.358625,0.0
2015-11-16,0,,0.6,8.349625,0.0
2015-11-17,0,,0.0,5.90491666666667,0.0
2015-11-18,0,,0.0,8.77516666666667,0.0
2015-11-19,0,,0.0,8.834375,0.0
2015-11-20,0,,0.0,11.6229166666667,0.0
2015-11-21,0,,0.0,11.7291666666667,0.0
2015-11-22,0,,0.0,12.94875,0.0
2015-11-23,0,,0.0,12.252083333333331,0.0
2015-11-24,0,,0.0,11.2345833333333,0.0
2015-11-25,0,,3.0,10.3699583333333,0.0
2015-11-26,0,,4.6000000000000005,9.173333333333334,0.0
2015-11-27,0,,0.0,10.0470833333333,0.0
2015-11-28,0,,18.8,6.33404166666667,0.0
2015-11-29,0,,6.6,3.133875,0.0
2015-11-30,0,,0.0,1.41070833333333,0.0
2015-12-01,0,,5.4,5.458625,0.0
2015-12-02,0,,7.2,-0.313,0.0
2015-12-03,0,,1.6,0.2781739130434782,0.0
2015-12-04,0,,0.0,0.4801666666666667,0.0
2015-12-05,0,,0.0,2.002208333333334,0.0
2015-12-06,0,,0.0,4.711217391304348,0.0
2015-12-07,0,,0.0,7.292333333333335,0.0
2015-12-08,0,,0.0,3.44020833333333,0.0
2015-12-09,0,,0.0,2.90345833333333,0.0
2015-12-10,0,,2.4,2.258916666666667,0.0
2015-12-11,0,,5.2,0.929041666666667,0.0
2015-12-12,0,,1.0,0.696416666666667,0.0
2015-12-13,0,,0.0,1.29004166666667,0.0
2015-12-14,0,,0.0,2.84925,0.0
2015-12-15,0,,0.0,1.672,0.0
2015-12-16,0,,0.8,0.5509583333333333,0.0
2015-12-17,0,,0.6,0.467916666666667,0.0
2015-12-18,0,,0.0,1.16025,0.0
2015-12-19,0,,0.0,2.295458333333333,0.0
2015-12-20,0,,0.0,3.3698750000000004,0.0
2015-12-21,0,,0.0,4.28654166666667,0.0
2015-12-22,0,,0.0,5.403041666666667,0.0
2015-12-23,0,,0.0,6.177875,0.0
2015-12-24,0,,0.0,8.11095833333333,0.0
2015-12-25,0,,0.0,4.300125,0.0
2015-12-26,0,,0.0,3.33495833333333,0.0
2015-12-27,0,,0.0,6.87520833333333,0.0
2015-12-28,0,,0.0,7.7194166666666675,0.0
2015-12-29,0,,14.4,1.618375,0.354166666666667
2015-12-30,0,,5.6,-5.681625,10.7625
2015-12-31,0,,9.8,-7.1185,31.1041666666667
2016-01-01,0,,6.2,-8.22095833333333,46.225
2016-01-02,0,,0.0,-6.32529166666667,39.3875
2016-01-03,0,,9.4,-1.310875,35.3625
2016-01-04,0,,18.6,2.029125,26.891666666666666
2016-01-05,2,inflow_m3_statistical_outlier,27.40000000000001,4.4656666666666665,10.529166666666669
2016-01-06,2,inflow_m3_statistical_outlier,0.2,9.201875,2.03333333333333
2016-01-07,2,inflow_m3_statistical_outlier,12.8,3.7035,0.0
2016-01-08,0,temp_kartepe_c_sudden_jump,1.8,-0.501708333333333,0.0
2016-01-09,0,temp_kartepe_c_sudden_jump,1.0,3.51108333333333,0.0
2016-01-10,0,,9.2,5.72383333333333,0.0
2016-01-11,0,precip_kazandere_mm_imputed_linear,0.0,8.754125,0.0
2016-01-12,0,,37.39999999999999,8.669833333333331,0.0
2016-01-13,2,temp_kartepe_c_out_of_range;inflow_m3_statistical_outlier;temp_kartepe_c_imputed_linear,4.0,2.427166666666668,0.0
2016-01-14,0,,8.6,0.0789166666666665,0.0
2016-01-15,0,,0.0,2.32254166666667,0.0
2016-01-16,0,,0.0,7.005,0.0
2016-01-17,0,,10.6,2.00958333333333,2.45
2016-01-18,0,,0.0,-4.71225,15.508333333333333
2016-01-19,0,,0.0,-6.929,30.125
2016-01-20,0,,9.8,-2.94,26.94
2016-01-21,0,,5.0,-1.263125,21.8541666666667
2016-01-22,0,,10.999999999999998,-4.777166666666667,35.141666666666666
2016-01-23,0,,3.8000000000000007,-6.708666666666667,54.29583333333333
2016-01-24,0,,7.4,-6.453291666666666,72.60416666666667
2016-01-25,0,,5.2,-7.072875,77.0208333333333
2016-01-26,0,,6.8,-4.18854166666667,72.7958333333333
2016-01-27,0,,0.0,-1.292625,65.9458333333333
2016-01-28,0,,0.0,2.89529166666667,58.27083333
2016-01-29,0,,3.2,5.116875,49.4416666666667
2016-01-30,0,,0.4,2.33304166666667,40.0
2016-01-31,0,,0.4,4.118875,36.1833333333333
2016-02-01,0,,2.4,4.693125,28.012500000000003
2016-02-02,0,,0.0,6.191041666666666,21.729166666666668
2016-02-03,0,,0.0,8.890125,17.3416666666667
2016-02-04,0,,0.0,7.54729166666667,11.6041666666667
2016-02-05,2,inflow_m3_statistical_outlier,16.8,0.420541666666666,17.2666666666667
2016-02-06,0,,3.2,-2.93258333333333,34.35
2016-02-07,0,,2.4,-2.94375,36.99
2016-02-08,0,,0.0,0.58525,34.8916666666667
2016-02-09,0,,0.0,3.342041666666667,32.00833333333333
2016-02-10,0,,3.2,5.4845,27.575
2016-02-11,2,inflow_m3_statistical_outlier,19.2,5.57233333333333,18.0375
2016-02-12,2,inflow_m3_statistical_outlier,10.4,7.134666666666668,8.316666666666668
2016-02-13,2,inflow_m3_statistical_outlier,3.8,8.508875000000002,0.2304166666666666
2016-02-14,2,inflow_m3_statistical_outlier,0.0,10.224583333333332,0.0
2016-02-15,2,inflow_m3_statistical_outlier,0.0,14.1170833333333,0.0
2016-02-16,0,,0.0,15.3229166666667,0.0
2016-02-17,0,,0.0,14.2170833333333,0.0
2016-02-18,0,,0.0,14.7491666666667,0.0
2016-02-19,0,,0.6,4.83720833333333,0.0
2016-02-20,0,,2.6,1.41858333333333,0.0
2016-02-21,0,,0.0,-0.741,0.0
2016-02-22,0,,0.2,5.59504166666667,0.0
2016-02-23,0,,0.0,10.708666666666668,0.0
2016-02-24,0,,14.0,7.031625,0.0
2016-02-25,0,,0.2,5.55641666666667,0.0
2016-02-26,0,,5.4,8.862833333333331,0.0
2016-02-27,0,,4.4,6.818291666666667,0.0
2016-02-28,0,,0.2,10.725416666666666,0.0
2016-02-29,0,,0.0,15.93125,0.0
2016-03-01,0,,0.0,14.1483333333333,0.0
2016-03-02,0,,14.000000000000002,7.679249999999997,0.0
2016-03-03,0,,3.8,5.21920833333333,0.0
2016-03-04,0,,6.8,5.5465,0.0
2016-03-05,0,,8.2,2.746625,0.0
2016-03-06,0,,0.0,8.62091666666667,0.0
2016-03-07,0,,0.0,11.1433333333333,0.0
2016-03-08,0,,0.0,12.3166666666667,0.0
2016-03-09,0,,0.0,12.7429166666667,0.0
2016-03-10,0,,2.6,6.73333333333333,0.0
2016-03-11,0,,0.0,7.360625,0.0
2016-03-12,0,,0.0,7.04025,0.0
2016-03-13,0,,4.4,5.2195,0.0
2016-03-14,0,,18.8,-0.063125,7.7875
2016-03-15,0,,0.8,-0.95775,10.9858333333333
2016-03-16,0,,0.2,-1.26770833333333,10.8916666666667
2016-03-17,0,,0.0,-1.8322083333333328,8.979166666666668
2016-03-18,0,,1.8,4.521,2.50416666666667
2016-03-19,0,,12.4,2.789375,0.401666666666667
2016-03-20,0,,0.0,1.12258333333333,0.0
2016-03-21,0,,0.0,7.51895833333333,0.0
2016-03-22,0,,0.0,11.8583333333333,0.0
2016-03-23,0,,0.0,13.3816666666667,0.0
2016-03-24,0,,20.8,7.669458333333332,0.0
2016-03-25,0,,18.6,1.33304166666667,1.66666666666667
2016-03-26,0,,1.8,-2.32133333333333,10.5666666666667
2016-03-27,0,,0.4,-0.938166666666667,8.025
2016-03-28,0,,0.2,-0.761208333333333,4.68333333333334
2016-03-29,0,,0.0,5.444458333333333,0.7374999999999999
2016-03-30,0,,0.0,8.479000000000001,0.0
2016-03-31,0,,0.0,11.8179166666667,0.0
2016-04-01,0,,0.0,13.4875,0.0
2016-04-02,0,,0.0,5.809041666666666,0.0
2016-04-03,0,,0.0,6.759291666666667,0.0
2016-04-04,0,,0.0,10.11,0.0
2016-04-05,0,,0.0,13.095,0.0
2016-04-06,0,,0.0,15.4454166666667,0.0
2016-04-07,0,,0.0,17.662500000000005,0.0
2016-04-08,0,,0.0,18.10458333333333,0.0
2016-04-09,0,,2.8,14.431249999999997,0.0
2016-04-10,0,,5.8,10.025125,0.0
2016-04-11,0,,14.4,7.663875,0.0
2016-04-12,0,,0.0,8.8445,0.0
2016-04-13,0,,0.0,11.4466666666667,0.0
2016-04-14,0,,0.0,16.8341666666667,0.0
2016-04-15,0,,0.0,10.9095,0.0
2016-04-16,0,,0.0,14.6341666666667,0.0
2016-04-17,0,,0.0,17.2370833333333,0.0
2016-04-18,0,,0.0,15.935624999999998,0.0
2016-04-19,0,,0.0,16.58635416666665,0.0
2016-04-20,0,,5.2,9.59054166666667,0.0
2016-04-21,0,,1.6,3.84820833333333,0.0
2016-04-22,0,,0.0,11.6596666666667,0.0
2016-04-23,0,,0.0,13.1554166666667,0.0
2016-04-24,0,,20.8,11.078,0.0
2016-04-25,0,,5.0,9.82054166666667,0.0
2016-04-26,0,,5.4,5.57333333333333,0.0
2016-04-27,0,,0.0,7.229125,0.0
2016-04-28,0,,0.0,9.411541666666666,0.0
2016-04-29,0,,0.0,9.10083333333333,0.0
2016-04-30,0,,0.0,7.04520833333333,0.0
2016-05-01,0,,0.0,8.96378260869565,0.0
2016-05-02,0,,0.0,13.73625,0.0
2016-05-03,0,,13.4,8.67529166666667,0.0
2016-05-04,0,,5.2,6.965041666666667,0.0
2016-05-05,0,,0.2,6.500375,0.0
2016-05-06,0,,3.2,5.96654166666667,0.0
2016-05-07,0,,0.0,9.12570833333333,0.0
2016-05-08,0,,0.0,12.1329166666667,0.0
2016-05-09,0,,0.0,11.3335,0.0
2016-05-10,0,,0.0,8.56208333333333,0.0
2016-05-11,0,,0.0,11.715000000000002,0.0
2016-05-12,0,,2.6,16.0895833333333,0.0
2016-05-13,0,,1.4,17.4566666666667,0.0
2016-05-14,0,,0.2,17.3483333333333,0.0
2016-05-15,0,,4.0,14.4686956521739,0.0
2016-05-16,0,,0.0,14.4208695652174,0.0
2016-05-17,0,,1.0,7.97316666666667,0.0
2016-05-18,0,,1.6,7.030291666666668,0.0
2016-05-19,0,,0.0,11.213333333333331,0.0
2016-05-20,0,,0.0,13.924166666666672,0.0
2016-05-21,0,,29.0,12.795833333333334,0.0
2016-05-22,0,,44.99999999999999,7.948041666666668,0.0
2016-05-23,0,,1.2000000000000002,8.946,0.0
2016-05-24,0,,0.0,14.87666666666667,0.0
2016-05-25,0,,2.4000000000000004,11.633583333333334,0.0
2016-05-26,0,,4.4,9.049875,0.0
2016-05-27,0,,10.4,8.89641666666667,0.0
2016-05-28,0,,0.0,10.8258333333333,0.0
2016-05-29,0,,0.0,15.1691666666667,0.0
2016-05-30,0,,0.0,19.694166666666664,0.0
2016-05-31,0,,0.0,19.775416666666665,0.0
2016-06-01,0,,0.0,18.3879166666667,0.0
2016-06-02,0,,0.0,19.93041666666667,0.0
2016-06-03,0,,4.0,15.114166666666668,0.0
2016-06-04,0,,0.2,14.474583333333335,0.0
2016-06-05,0,,0.0,14.001666666666663,0.0
2016-06-06,0,,0.0,15.2075,0.0
2016-06-07,0,,13.4,9.725583333333333,0.0
2016-06-08,0,,0.4,8.120291666666667,0.0
2016-06-09,0,,0.2,9.07479166666667,0.0
2016-06-10,0,,0.0,12.4933333333333,0.0
2016-06-11,0,,0.0,15.9966666666667,0.0
2016-06-12,0,,0.0,19.15125,0.0
2016-06-13,0,,0.8,18.973750000000003,0.0
2016-06-14,0,,18.4,14.205833333333333,0.0
2016-06-15,0,,0.0,17.085,0.0
2016-06-16,0,,0.0,19.3595833333333,0.0
2016-06-17,0,,0.0,20.4075,0.0
2016-06-18,0,,0.0,22.66208333333334,0.0
2016-06-19,0,,0.0,23.596666666666668,0.0
2016-06-20,0,,0.0,23.99,0.0
2016-06-21,0,,0.0,21.156666666666663,0.0
2016-06-22,0,,0.0,19.1029166666667,0.0
2016-06-23,0,,0.0,19.015,0.0
2016-06-24,0,,0.0,18.9504166666667,0.0
2016-06-25,0,,0.0,20.1958333333333,0.0
2016-06-26,0,,5.8,20.5354166666667,0.0
2016-06-27,0,,0.0,18.0495833333333,0.0
2016-06-28,0,,6.4,17.05083333333333,0.0
2016-06-29,0,,2.0,15.794583333333335,0.0
2016-06-30,0,,10.4,16.1691666666667,0.0
2016-07-01,0,,0.0,18.31875,0.0
2016-07-02,0,,0.0,18.1333333333333,0.0
2016-07-03,0,,0.6,17.5620833333333,0.0
2016-07-04,0,,0.0,17.9120833333333,0.0
2016-07-05,0,,26.0,15.1666666666667,0.0
2016-07-06,0,,0.0,15.3925,0.0
2016-07-07,0,,0.4,16.085,0.0
2016-07-08,0,,0.4,14.6333333333333,0.0
2016-07-09,0,,0.0,15.2358333333333,0.0
2016-07-10,0,,0.0,15.9791666666667,0.0
2016-07-11,0,,0.0,15.353333333333332,0.0
2016-07-12,0,,0.0,18.4570833333333,0.0
2016-07-13,0,,0.0,20.6345833333333,0.0
2016-07-14,0,,0.0,20.61125,0.0
2016-07-15,0,,0.0,21.9925,0.0
2016-07-16,0,,0.0,25.7195833333333,0.0
2016-07-17,0,,0.0,21.2652173913043,0.0
2016-07-18,0,,7.0,14.8220833333333,0.0
2016-07-19,0,,5.8,13.4975,0.0
2016-07-20,0,,1.8,14.355,0.0
2016-07-21,0,,0.0,14.5366666666667,0.0
2016-07-22,0,,0.0,16.8470833333333,0.0
2016-07-23,0,,0.0,17.2208333333333,0.0
2016-07-24,0,,0.0,17.69125,0.0
2016-07-25,0,,0.0,17.1558333333333,0.0
2016-07-26,0,,0.0,17.0758333333333,0.0
2016-07-27,0,,0.0,17.2729166666667,0.0
2016-07-28,0,,0.0,18.0041666666667,0.0
2016-07-29,0,,0.0,18.655,0.0
2016-07-30,0,,0.0,18.0775,0.0
2016-07-31,0,,0.0,19.46166666666667,0.0
2016-08-01,0,,0.0,22.5925,0.0
2016-08-02,0,,0.0,20.4829166666667,0.0
2016-08-03,0,,18.6,18.3683333333333,0.0
2016-08-04,0,,10.4,18.145,0.0
2016-08-05,0,,0.0,19.0825,0.0
2016-08-06,0,,0.0,18.594166666666663,0.0
2016-08-07,0,,0.0,19.72083333333333,0.0
2016-08-08,0,,0.0,19.887500000000003,0.0
2016-08-09,0,,0.0,20.1345833333333,0.0
2016-08-10,0,,0.0,19.5420833333333,0.0
2016-08-11,0,,0.0,21.5504166666667,0.0
2016-08-12,0,,32.4,18.107500000000005,0.0
2016-08-13,1,precip_kartepe_mm_out_of_range;precip_kartepe_mm_imputed_linear,69.60000000000001,13.095,0.0
2016-08-14,0,,0.0,12.989583333333334,0.0
2016-08-15,0,,0.0,14.653333333333336,0.0
2016-08-16,0,,0.0,15.7295454545455,0.0
2016-08-17,0,,0.0,17.2383333333333,0.0
2016-08-18,0,,0.0,17.79875,0.0
2016-08-19,0,,0.2,18.933333333333334,0.0
2016-08-20,0,,3.4000000000000004,18.12375,0.0
2016-08-21,0,,1.0,18.585833333333337,0.0
2016-08-22,0,,0.2,20.1125,0.0
2016-08-23,0,,0.2,17.969583333333336,0.0
2016-08-24,0,,0.8,17.7833333333333,0.0
2016-08-25,0,,64.8,15.989999999999997,0.0
2016-08-26,0,,5.0,14.9454166666667,0.0
2016-08-27,0,,0.8,15.695,0.0
2016-08-28,0,,0.4,15.2483333333333,0.0
2016-08-29,0,,0.2,16.167916666666667,0.0
2016-08-30,0,,0.0,16.53,0.0
2016-08-31,0,,1.4,15.880833333333335,0.0
2016-09-01,0,,0.0,14.1804166666667,0.0
2016-09-02,0,,0.0,14.219166666666666,0.0
2016-09-03,0,,0.0,13.937083333333334,0.0
2016-09-04,0,,0.0,14.805416666666664,0.0
2016-09-05,0,,0.0,17.8275,0.0
2016-09-06,0,,0.0,17.8545833333333,0.0
2016-09-07,0,,0.0,16.8433333333333,0.0
2016-09-08,0,,0.0,17.3954166666667,0.0
2016-09-09,0,,0.0,16.69875,0.0
2016-09-10,0,,0.0,16.22,0.0
2016-09-11,0,,1.0,15.709583333333336,0.0
2016-09-12,0,,6.800000000000001,14.616666666666667,0.0
2016-09-13,0,,5.4,12.973333333333333,0.0
2016-09-14,0,,0.2,14.140416666666669,0.0
2016-09-15,0,,0.0,14.464166666666667,0.0
2016-09-16,0,,0.2,14.022916666666667,0.0
2016-09-17,0,,0.0,17.61958333333333,0.0
2016-09-18,0,,0.0,20.24875,0.0
2016-09-19,0,,0.0,20.293333333333337,0.0
2016-09-20,0,,18.0,12.94833333333333,0.0
2016-09-21,0,,3.8,9.2745,0.0
2016-09-22,0,,7.800000000000001,8.71925,0.0
2016-09-23,0,,11.6,7.06195833333333,0.0
2016-09-24,0,,0.0,7.97095833333333,0.0
2016-09-25,0,,0.0,9.2875,0.0
2016-09-26,0,,0.0,9.77641666666667,0.0
2016-09-27,0,,31.6,9.27004166666667,0.0
2016-09-28,0,,1.0,8.991249999999999,0.0
2016-09-29,0,,0.0,11.78291666666667,0.0
2016-09-30,0,,0.0,13.762708333333338,0.0
2016-10-01,0,,0.0,14.752604166666671,0.0
2016-10-02,0,,0.0,15.24755208333334,0.0
2016-10-03,0,,0.0,15.742500000000003,0.0
2016-10-04,0,,0.0,15.463333333333331,0.0
2016-10-05,0,temp_aytepe_c_imputed_linear,0.0,12.545861111111112,0.0
2016-10-06,0,,0.0,9.62838888888889,0.0
2016-10-07,0,,0.2,13.6270833333333,0.0
2016-10-08,0,,7.0,10.544125,0.0
2016-10-09,0,,0.0,8.71533333333334,0.0
2016-10-10,0,,0.0,10.26625,0.0
2016-10-11,0,,3.6,14.234166666666672,0.0
2016-10-12,0,,12.8,16.2479166666667,0.0
2016-10-13,0,,1.4,9.615375,0.0
2016-10-14,0,,0.0,6.59175,0.0
2016-10-15,0,,0.0,7.75658333333333,0.0
2016-10-16,0,,0.4,10.22175,0.0
2016-10-17,0,,10.2,4.103458333333334,0.0
2016-10-18,0,,0.0,3.258625,0.0
2016-10-19,0,,0.0,5.607083333333333,0.0
2016-10-20,0,,0.0,7.07070833333333,0.0
2016-10-21,0,,0.2,8.605625000000002,0.0
2016-10-22,0,,0.0,11.492083333333335,0.0
2016-10-23,0,,8.2,10.520416666666668,0.0
2016-10-24,0,,3.4,8.405,0.0
2016-10-25,0,,8.6,6.29433333333333,0.0
2016-10-26,0,,11.1,5.85,0.0
2016-10-27,0,,1.0,5.405125,0.0
2016-10-28,0,,13.600000000000003,5.071791666666668,0.0
2016-10-29,0,,6.2,5.099041666666667,0.0
2016-10-30,0,,0.6000000000000001,3.4468333333333327,0.0
2016-10-31,0,,3.8,0.832666666666667,0.0
2016-11-01,0,,9.0,-0.938727272727273,0.95
2016-11-02,0,,0.0,3.181875,0.1391666666666666
2016-11-03,0,,0.0,8.723666666666665,0.0
2016-11-04,0,,3.6000000000000005,7.519624999999999,0.0
2016-11-05,0,,6.400000000000001,8.612625,0.0
2016-11-06,0,,0.2,11.23125,0.0
2016-11-07,0,,0.0,13.3329166666667,0.0
2016-11-08,0,,0.0,16.225,0.0
2016-11-09,0,,8.0,14.4672083333333,0.0
2016-11-10,0,,0.0,9.13541666666666,0.0
2016-11-11,0,,3.2,8.28079166666667,0.0
2016-11-12,0,,9.4,10.9103333333333,0.0
2016-11-13,0,,7.2,6.17108333333333,0.0
2016-11-14,0,,3.6,-0.0044166666666667,0.0
2016-11-15,0,,17.4,-1.57658333333333,2.67708333333333
2016-11-16,0,,6.2,-2.88858333333333,7.0875
2016-11-17,0,,0.2,0.57625,6.43333333333333
2016-11-18,0,,0.0,5.174875,4.9750000000000005
2016-11-19,0,,0.0,8.625958333333335,2.783333333333335
2016-11-20,0,,0.0,8.587333333333333,1.0458333333333338
2016-11-21,0,snow_cilekli_cm_imputed_linear,0.0,4.17995833333333,0.0
2016-11-22,0,,0.0,3.17083333333333,0.0
2016-11-23,0,,0.0,3.48113043478261,0.0
2016-11-24,0,,0.0,3.33291666666667,0.0
2016-11-25,0,,0.0,5.530291666666666,0.0
2016-11-26,0,,0.0,6.615458333333334,0.0
2016-11-27,0,,0.0,9.680833333333334,0.0
2016-11-28,0,,31.2,5.8965,0.0
2016-11-29,0,,19.4,0.171375,1.70416666666667
2016-11-30,0,,18.2,-3.3215,20.1375
2016-12-01,0,,3.0,-4.65279166666667,26.7666666666667
2016-12-02,0,,2.6,-1.09029166666667,25.2041666666667
2016-12-03,0,,0.0,-1.230125,22.9041666666667
2016-12-04,0,,0.0,-2.04541666666667,22.1916666666667
2016-12-05,0,,0.0,-2.83595833333333,21.8091666666667
2016-12-06,0,,0.0,0.315583333333333,21.3375
2016-12-07,0,,9.8,-2.84808333333333,26.2041666666667
2016-12-08,0,,0.0,-4.02016666666667,29.8954166666667
2016-12-09,0,,0.0,3.09570833333333,28.3708333333333
2016-12-10,0,,0.0,3.29591666666667,27.0708333333333
2016-12-11,0,,0.0,6.92891666666667,25.7745833333333
2016-12-12,0,,11.2,3.00916666666667,24.6458333333333
2016-12-13,0,,13.6,-4.83391666666667,37.525
2016-12-14,0,,4.4,-7.658125,43.4708333333333
2016-12-15,0,,10.0,-4.61329166666667,43.5521666666667
2016-12-16,0,,19.6,-4.77416666666667,47.3225
2016-12-17,0,,1.6,-5.99720833333333,52.0791666666667
2016-12-18,0,,0.0,-5.44083333333333,49.65125
2016-12-19,0,,0.0,-4.99204166666667,45.4625
2016-12-20,0,,13.8,-3.5253750000000004,63.883333333333326
2016-12-21,0,,10.6,-4.075875,82.5791666666667
2016-12-22,0,,0.6,-3.4455,81.6708333333333
2016-12-23,0,,2.0,-1.0875,81.2541666666667
2016-12-24,0,,10.0,-1.60958333333333,80.2416666666667
2016-12-25,0,,6.8,-2.72004166666667,81.6375
2016-12-26,0,,1.4,-3.05520833333333,85.8425
2016-12-27,0,,1.8,-2.041625,84.4083333333333
2016-12-28,0,,14.0,-3.23333333333333,93.1041666666666
2016-12-29,0,,0.0,-4.11545833333333,156.245833333333
2016-12-30,0,,0.0,-5.018159999999999,173.144
2016-12-31,0,,11.999999999999998,-5.471,165.22916666666669
2017-01-01,0,,0.4,-4.843958333333333,160.45833333333343
2017-01-02,0,,0.0,-5.56941666666667,154.375
2017-01-03,0,,0.0,-2.46966666666667,148.5225
2017-01-04,0,,0.8,-0.756958333333333,145.779166666667
2017-01-05,0,,6.6,2.82566666666667,138.108333333333
2017-01-06,0,,0.0,-0.706833333333333,132.520833333333
2017-01-07,0,,9.8,-10.3309583333333,154.204166666667
2017-01-08,0,,2.4,-9.51833333333334,155.825
2017-01-09,0,,0.2,-7.07766666666667,149.575
2017-01-10,0,,2.6,-3.5755,144.904166666667
2017-01-11,0,,1.0,0.51075,141.4666667
2017-01-12,0,,0.2,-3.929833333333333,143.275
2017-01-13,0,,7.2,-1.12854166666667,139.8375
2017-01-14,0,,1.6,1.74020833333333,136.270833333333
2017-01-15,0,,7.0,-0.061291666666667,130.579166666667
2017-01-16,0,,16.799999999999997,1.7433913043478264,126.87083333333337
2017-01-17,0,,1.6,3.74814285714286,120.195833333333
2017-01-18,0,,2.0,0.818272727272727,115.291666666667
2017-01-19,0,,6.6,-1.17991666666667,112.333333333333
2017-01-20,0,,5.6,-4.04833333333333,124.929166666667
2017-01-21,0,,0.2,-6.00445833333333,123.091666666667
2017-01-22,0,,0.0,-4.56830434782609,120.658333333333
2017-01-23,0,,0.0,-3.0951304347826087,118.19166666666663
2017-01-24,0,,0.0,-1.47333333333333,116.775
2017-01-25,0,,4.6,-4.20366666666667,120.225
2017-01-26,0,,5.000000000000001,-7.396608695652175,139.52083333333337
2017-01-27,0,,8.000000000000002,-8.630291666666668,158.0333333333333
2017-01-28,0,,1.4,-5.593541666666666,155.00833333333335
2017-01-29,0,,0.0,-5.225124999999999,149.0583333333333
2017-01-30,0,,0.4,-7.367625,145.6375
2017-01-31,0,,0.0,-7.262791666666666,143.12083333333334
2017-02-01,0,,0.0,-1.8569999999999995,139.7875
2017-02-02,0,,0.0,0.49175,135.5375
2017-02-03,0,,0.0,3.23854166666667,130.175
2017-02-04,0,,1.4,4.80908333333333,120.304166666667
2017-02-05,0,,20.4,4.07283333333333,109.466666666667
2017-02-06,2,inflow_m3_statistical_outlier,0.2,6.656,103.09166666666668
2017-02-07,2,inflow_m3_statistical_outlier,0.0,6.097916666666666,98.05833333333332
2017-02-08,0,,0.0,3.10666666666667,92.5208333333333
2017-02-09,0,,1.6,-0.7407499999999998,89.075
2017-02-10,0,,0.2,-3.57191666666667,91.9083333333333
2017-02-11,0,,0.0,-5.667,92.9775
2017-02-12,0,,0.2,-6.29621739130435,92.6091666666666
2017-02-13,0,,1.6,-6.62645833333333,92.55
2017-02-14,0,,3.0000000000000004,-7.739583333333335,98.20416666666664
2017-02-15,0,,1.0,-5.516416666666667,98.7825
2017-02-16,0,,0.4,-6.43258333333333,99.875
2017-02-17,0,,0.0,-1.03108333333333,96.5333333333333
2017-02-18,0,,0.0,3.04583333333333,93.0041666666666
2017-02-19,0,,0.0,5.30354166666667,89.5791666666667
2017-02-20,0,,7.2,0.8494166666666668,88.51666666666667
2017-02-21,0,,0.0,3.25433333333333,86.8875
2017-02-22,0,,0.0,3.248875,83.8625
2017-02-23,0,,0.0,7.059125,80.3291666666667
2017-02-24,0,,0.0,8.00145833333333,74.4208333333333
2017-02-25,0,,1.2,5.59066666666667,67.4625
2017-02-26,0,,0.0,5.29604166666667,61.6333333333333
2017-02-27,0,,0.0,8.245,59.558333333333344
2017-02-28,0,,0.0,9.48016666666667,56.9083333333333
2017-03-01,0,,0.0,9.84133333333333,50.6875
2017-03-02,0,,2.2,3.649416666666667,48.81666666666666
2017-03-03,0,,0.0,3.12325,44.83333333333332
2017-03-04,0,,0.0,5.687999999999999,44.445833333333326
2017-03-05,0,,0.0,8.613124999999998,40.4625
2017-03-06,0,,0.0,8.918416666666667,37.875
2017-03-07,0,,0.0,9.50054166666667,33.0666666666667
2017-03-08,0,,0.0,9.82691666666667,28.2916666666667
2017-03-09,0,,4.4,8.272374999999998,22.687500000000004
2017-03-10,0,,0.6,7.185125,16.9541666666667
2017-03-11,0,,4.8,2.35091666666667,7.92916666666667
2017-03-12,0,,3.6,0.64525,6.68333333333334
2017-03-13,0,,1.8,-0.471958333333333,4.09583333333333
2017-03-14,0,,15.599999999999998,-1.7472083333333333,6.291666666666668
2017-03-15,0,,0.6,-0.8821250000000002,12.225
2017-03-16,0,,0.0,-0.984791666666667,13.9433333333333
2017-03-17,0,,14.599999999999998,-2.793416666666667,21.033333333333328
2017-03-18,0,,0.0,2.7347083333333333,24.645833333333336
2017-03-19,0,,3.0,4.072500000000001,18.329166666666676
2017-03-20,0,,0.4,6.880583333333333,8.858333333333336
2017-03-21,0,,0.0,8.08820833333333,4.27916666666667
2017-03-22,0,,0.0,6.437708333333333,2.500000000000001
2017-03-23,0,,0.0,7.49970833333333,0.0
2017-03-24,0,,0.0,9.904375,0.0
2017-03-25,0,,0.0,9.188375,0.0
2017-03-26,0,,3.8,6.893625,0.0
2017-03-27,0,,2.4,-1.56629166666667,0.373333333333333
2017-03-28,0,,0.2,4.909416666666666,0.1941666666666666
2017-03-29,0,,0.0,10.3538333333333,0.0
2017-03-30,0,,0.0,7.053916666666667,0.0
2017-03-31,0,,0.0,0.7245,0.0
2017-04-01,0,,0.0,1.78758333333333,0.0
2017-04-02,0,,0.0,8.07329166666667,0.0
2017-04-03,0,,0.0,12.43125,0.0
2017-04-04,0,,0.0,12.6466666666667,0.0
2017-04-05,0,,0.0,9.48225,0.0
2017-04-06,0,,7.4,7.38220833333333,0.0
2017-04-07,0,,9.2,3.0715833333333333,0.4233333333333333
2017-04-08,0,,0.0,1.6349583333333328,0.1775
2017-04-09,0,,0.4,1.282333333333333,0.0
2017-04-10,0,,0.0,3.16395833333333,0.0
2017-04-11,0,,0.0,9.282541666666669,0.0
2017-04-12,0,,0.0,8.741125,0.0
2017-04-13,0,,0.0,8.49366666666667,0.0
2017-04-14,0,,0.0,10.481666666666667,0.0
2017-04-15,0,,0.0,11.766666666666666,0.0
2017-04-16,0,,2.6,11.45079166666667,0.0
2017-04-17,0,,5.6000000000000005,10.331791666666668,0.0
2017-04-18,0,,11.6,0.968166666666666,0.0
2017-04-19,0,,0.2,10.0025,0.0
2017-04-20,0,,3.4,7.81625,0.0
2017-04-21,0,,0.0,0.3255,0.27625
2017-04-22,0,,24.200000000000003,-0.144,4.9375
2017-04-23,0,,9.6,1.7643333333333338,9.954166666666664
2017-04-24,0,,0.2,2.528375,0.866666666666667
2017-04-25,0,,0.0,8.66775,0.0
2017-04-26,0,,0.0,12.319583333333336,0.0
2017-04-27,0,,0.0,14.4358333333333,0.0
2017-04-28,0,,0.0,15.335,0.0
2017-04-29,0,,0.0,17.48625,0.0
2017-04-30,0,,0.0,15.0641666666667,0.0
2017-05-01,0,,0.2,11.1508333333333,0.0
2017-05-02,0,,0.0,12.94875,0.0
2017-05-03,0,,0.0,13.190833333333332,0.0
2017-05-04,0,,0.0,15.5145833333333,0.0
2017-05-05,0,,0.0,15.9879166666667,0.0
2017-05-06,0,,14.6,8.78479166666667,0.0
2017-05-07,0,,0.4,11.25625,0.0
2017-05-08,0,,0.0,13.255416666666669,0.0
2017-05-09,0,,4.0,14.1591666666667,0.0
2017-05-10,0,,12.4,7.143583333333333,0.0
2017-05-11,0,,0.0,11.095,0.0
2017-05-12,0,,0.0,17.4175,0.0
2017-05-13,0,,0.0,18.0,0.0
2017-05-14,0,,0.0,17.708750000000002,0.0
2017-05-15,0,,0.0,7.845791666666667,0.0
2017-05-16,0,temp_kazandere_c_imputed_linear,0.0,8.831333333333337,0.0
2017-05-17,0,,0.8,8.56929166666667,0.0
2017-05-18,0,,1.7999999999999998,7.632666666666664,0.0
2017-05-19,0,,0.8,5.639708333333334,0.0
2017-05-20,0,,0.0,9.460666666666668,0.0
2017-05-21,0,,7.8,6.384833333333333,0.0
2017-05-22,0,,4.2,8.936208333333335,0.0
2017-05-23,0,,0.0,8.0415,0.0
2017-05-24,0,,0.0,10.8425,0.0
2017-05-25,0,,0.0,14.325833333333334,0.0
2017-05-26,0,,1.8,12.2766666666667,0.0
2017-05-27,0,,4.0,9.934375,0.0
2017-05-28,0,,0.0,9.20808333333333,0.0
2017-05-29,0,,3.4,10.3154166666667,0.0
2017-05-30,0,,5.0,9.563875,0.0
2017-05-31,0,,3.2,14.662083333333332,0.0
2017-06-01,0,,0.0,16.77125,0.0
2017-06-02,0,,0.0,17.673333333333336,0.0
2017-06-03,0,,0.2,18.393333333333334,0.0
2017-06-04,0,,0.6000000000000001,15.687916666666666,0.0
2017-06-05,0,,1.4,14.312083333333335,0.0
2017-06-06,0,,0.0,15.027499999999998,0.0
2017-06-07,0,,0.0,18.98,0.0
2017-06-08,0,,8.0,17.077499999999997,0.0
2017-06-09,0,,22.4,10.92,0.0
2017-06-10,0,,6.6,11.3404166666667,0.0
2017-06-11,0,,0.0,12.18875,0.0
2017-06-12,0,,0.0,12.597916666666668,0.0
2017-06-13,0,,0.0,14.642916666666666,0.0
2017-06-14,0,,0.0,16.7233333333333,0.0
2017-06-15,0,,0.2,14.5629166666667,0.0
2017-06-16,0,,0.0,14.8170833333333,0.0
2017-06-17,0,,0.2,14.98375,0.0
2017-06-18,0,,14.6,10.7016666666667,0.0
2017-06-19,0,,38.39999999999999,9.917916666666663,0.0
2017-06-20,0,,17.6,13.5475,0.0
2017-06-21,0,,0.2,16.8891666666667,0.0
2017-06-22,0,,0.0,18.187916666666663,0.0
2017-06-23,0,,0.0,20.2183333333333,0.0
2017-06-24,0,,0.0,19.4616666666667,0.0
2017-06-25,0,,0.0,17.7366666666667,0.0
2017-06-26,0,,0.0,18.4741666666667,0.0
2017-06-27,0,,0.0,19.6066666666667,0.0
2017-06-28,0,,0.0,21.7004166666667,0.0
2017-06-29,0,,0.0,23.8420833333333,0.0
2017-06-30,0,,0.0,24.7166666666667,0.0
2017-07-01,0,,0.0,25.5041666666667,0.0
2017-07-02,0,,0.0,24.1254166666667,0.0
2017-07-03,0,,5.8,22.3833333333333,0.0
2017-07-04,0,,54.8,13.545000000000002,0.0
2017-07-05,0,,0.0,12.826666666666666,0.0
2017-07-06,0,,0.0,13.4241666666667,0.0
2017-07-07,0,,0.0,14.7770833333333,0.0
2017-07-08,0,,0.0,15.8816666666667,0.0
2017-07-09,0,,0.0,19.0295833333333,0.0
2017-07-10,0,,0.0,16.672916666666666,0.0
2017-07-11,0,,0.0,16.6441666666667,0.0
2017-07-12,0,,0.0,20.107916666666664,0.0
2017-07-13,0,,0.0,20.9316666666667,0.0
2017-07-14,0,,0.4,17.3516666666667,0.0
2017-07-15,0,,0.0,14.53125,0.0
2017-07-16,0,,2.2,16.5295833333333,0.0
2017-07-17,0,,4.0,15.882916666666665,0.0
2017-07-18,0,,12.6,15.26375,0.0
2017-07-19,0,,27.999999999999996,14.9675,0.0
2017-07-20,0,,0.0,14.8704166666667,0.0
2017-07-21,0,,0.0,15.2825,0.0
2017-07-22,0,,0.0,17.21875,0.0
2017-07-23,0,,0.0,18.7829166666667,0.0
2017-07-24,0,,0.0,20.7395833333333,0.0
2017-07-25,0,,0.0,23.9566666666667,0.0
2017-07-26,0,,0.0,23.4016666666667,0.0
2017-07-27,0,,27.8,19.1270833333333,0.0
2017-07-28,0,,6.6,15.312916666666666,0.0
2017-07-29,0,,0.0,18.322916666666668,0.0
2017-07-30,0,,0.0,16.862916666666663,0.0
2017-07-31,0,,0.0,15.807916666666666,0.0
2017-08-01,0,,0.0,16.14916666666667,0.0
2017-08-02,0,,1.2,17.177916666666665,0.0
2017-08-03,0,,0.0,17.9175,0.0
2017-08-04,0,,0.4,18.589166666666667,0.0
2017-08-05,0,,0.0,19.665,0.0
2017-08-06,0,,0.0,20.535833333333336,0.0
2017-08-07,0,,0.0,20.526666666666667,0.0
2017-08-08,0,,0.4,19.58666666666667,0.0
2017-08-09,0,,0.4,18.627916666666664,0.0
2017-08-10,0,,0.0,17.884583333333328,0.0
2017-08-11,0,,0.0,18.554166666666664,0.0
2017-08-12,0,,0.0,19.44875,0.0
2017-08-13,0,,0.0,19.580416666666668,0.0
2017-08-14,0,,0.2,15.8470833333333,0.0
2017-08-15,0,,5.199999999999999,15.406249999999998,0.0
2017-08-16,0,,40.8,17.199166666666667,0.0
2017-08-17,0,,0.2,16.431666666666672,0.0
2017-08-18,0,,0.0,17.5991666666667,0.0
2017-08-19,0,,0.0,17.6295833333333,0.0
2017-08-20,0,,3.8,17.98125,0.0
2017-08-21,0,,8.2,17.514583333333334,0.0
2017-08-22,0,,45.6,13.5866666666667,0.0
2017-08-23,0,,0.0,13.707916666666664,0.0
2017-08-24,0,,0.0,14.1625,0.0
2017-08-25,0,,0.0,14.355833333333338,0.0
2017-08-26,0,,0.0,14.814999999999998,0.0
2017-08-27,0,,0.0,16.03083333333333,0.0
2017-08-28,0,,0.0,16.147499999999997,0.0
2017-08-29,0,,1.4,14.545,0.0
2017-08-30,0,,0.8,10.865,0.0
2017-08-31,0,,0.0,12.127083333333331,0.0
2017-09-01,0,,0.0,14.70375,0.0
2017-09-02,0,,0.0,18.297083333333337,0.0
2017-09-03,0,,0.0,21.6875,0.0
2017-09-04,0,,0.4,16.87541666666667,0.0
2017-09-05,0,,3.4000000000000004,12.600833333333336,0.0
2017-09-06,0,,9.0,10.849583333333335,0.0
2017-09-07,0,,0.0,16.3295833333333,0.0
2017-09-08,0,,0.0,18.39458333333333,0.0
2017-09-09,0,,0.0,20.613333333333333,0.0
2017-09-10,0,,0.0,22.685416666666665,0.0
2017-09-11,0,,0.0,22.98833333333333,0.0
2017-09-12,0,,0.0,20.561666666666667,0.0
2017-09-13,0,,0.0,18.51125,0.0
2017-09-14,0,,0.0,15.93583333333333,0.0
2017-09-15,0,,0.0,17.163333333333334,0.0
2017-09-16,0,,0.0,20.035833333333333,0.0
2017-09-17,0,,0.0,20.801250000000003,0.0
2017-09-18,0,,0.0,20.957083333333337,0.0
2017-09-19,0,,0.0,22.176250000000007,0.0
2017-09-20,0,,0.0,23.520416666666677,0.0
2017-09-21,0,,1.0,15.993333333333334,0.0
2017-09-22,0,,5.4,11.309583333333336,0.0
2017-09-23,0,,0.0,10.518333333333333,0.0
2017-09-24,0,,0.2,11.616666666666667,0.0
2017-09-25,0,,0.4,14.2729166666667,0.0
2017-09-26,0,,0.2,13.5245833333333,0.0
2017-09-27,0,,4.8,13.4608333333333,0.0
2017-09-28,0,,7.4,8.36604166666667,0.0
2017-09-29,0,,3.2,7.78041666666667,0.0
2017-09-30,0,,7.4,9.7845,0.0
2017-10-01,0,,74.4,7.89708333333333,0.0
2017-10-02,0,,3.2000000000000006,6.657166666666666,0.0
2017-10-03,0,,0.0,6.524583333333333,0.0
2017-10-04,0,,0.2,8.297541666666666,0.0
2017-10-05,0,,0.0,10.064041666666666,0.0
2017-10-06,0,,0.0,13.9129166666667,0.0
2017-10-07,0,,0.6,14.8304166666667,0.0
2017-10-08,0,,5.6,6.18575,0.0
2017-10-09,0,,0.0,7.290083333333335,0.0
2017-10-10,0,,0.0,7.99775,0.0
2017-10-11,0,,0.0,7.690083333333334,0.0
2017-10-12,0,,0.0,8.840625,0.0
2017-10-13,0,,0.8,10.877083333333331,0.0
2017-10-14,0,,11.8,6.432166666666666,0.0
2017-10-15,0,,0.0,9.500083333333334,0.0
2017-10-16,0,,0.0,9.29466666666667,0.0
2017-10-17,0,,0.2,12.864166666666668,0.0
2017-10-18,0,,0.0,14.64125,0.0
2017-10-19,0,,0.0,14.60375,0.0
2017-10-20,0,,0.0,13.8863157894737,0.0
2017-10-21,0,,0.0,13.0841666666667,0.0
2017-10-22,0,,0.0,11.6808333333333,0.0
2017-10-23,0,,0.0,14.157083333333333,0.0
2017-10-24,0,,5.4,11.0425,0.0
2017-10-25,0,,30.2,9.42666666666667,0.0
2017-10-26,0,,9.6,6.29266666666667,0.0
2017-10-27,0,,0.2,9.05858333333334,0.0
2017-10-28,0,,13.6,7.92204166666667,0.0
2017-10-29,0,,13.6,4.92379166666667,0.0
2017-10-30,0,,1.6,3.1169166666666666,0.0
2017-10-31,0,,0.0,0.870291666666667,0.0
2017-11-01,0,,0.0,0.83275,0.0
2017-11-02,0,,0.0,2.31560869565217,0.0
2017-11-03,0,,2.6,6.763,0.0
2017-11-04,0,,1.4,5.239625,0.0
2017-11-05,0,,10.0,5.17958333333333,0.0
2017-11-06,0,,0.0,4.82195652173913,0.0
2017-11-07,0,,0.0,7.607125,0.0
2017-11-08,0,,0.0,10.646916666666668,0.0
2017-11-09,0,,0.0,8.71129166666667,0.0
2017-11-10,0,,0.2,5.348875,0.0
2017-11-11,0,,0.0,7.783625,0.0
2017-11-12,0,,1.0,11.9054166666667,0.0
2017-11-13,0,,0.0,12.420833333333334,0.0
2017-11-14,0,,0.0,10.805833333333334,0.0
2017-11-15,0,,0.0,8.47583333333333,0.0
2017-11-16,0,,0.0,6.43930434782609,0.0
2017-11-17,0,,0.0,8.30729166666667,0.0
2017-11-18,0,,0.0,10.6067083333333,0.0
2017-11-19,0,,4.2,8.53241666666667,0.0
2017-11-20,0,,29.200000000000003,2.3742500000000004,0.0
2017-11-21,0,,2.8,-2.11866666666667,9.183333333
2017-11-22,0,,6.4,0.24225,15.3125
2017-11-23,0,,0.6,3.95229166666667,1.366666667
2017-11-24,0,,0.2,4.994666666666667,0.0475
2017-11-25,0,,0.0,5.565041666666668,0.0
2017-11-26,0,,0.0,7.401083333333335,0.0
2017-11-27,0,,12.2,7.941833333333332,0.0
2017-11-28,0,,29.6,3.0045,0.0
2017-11-29,0,,0.0,2.24716666666667,0.0
2017-11-30,0,,0.0,7.29,0.0
2017-12-01,0,,0.0,9.7575,0.0
2017-12-02,0,,0.0,11.879583333333334,0.0
2017-12-03,0,,0.0,12.808750000000002,0.0
2017-12-04,0,,32.4,5.938875,0.3
2017-12-05,0,,10.4,-2.87429166666667,5.395833333
2017-12-06,0,,2.6000000000000005,-3.0122500000000003,16.899999999999995
2017-12-07,0,,0.0,-0.7053333333333333,11.920833333333338
2017-12-08,0,,0.0,3.642083333333334,8.512500000000001
2017-12-09,0,,0.0,5.15275,5.016666666666668
2017-12-10,0,,12.6,2.5714166666666665,0.7041666666666668
2017-12-11,0,,0.0,6.418125,0.0
2017-12-12,0,,0.0,7.44191666666666,0.0
2017-12-13,0,,0.0,7.520375,0.0
2017-12-14,0,,0.0,7.1548750000000005,0.0
2017-12-15,0,,0.0,7.77775,0.0
2017-12-16,0,,0.8,9.3085,0.0
2017-12-17,0,,8.2,7.97295833333333,0.0
2017-12-18,0,,4.2,1.495125,0.0
2017-12-19,0,,6.0,0.17025,0.333333333333333
2017-12-20,0,,0.0,-2.883083333333333,2.612500000000001
2017-12-21,0,,0.0,-2.5,4.483333333
2017-12-22,0,,19.200000000000006,-2.0187916666666665,14.108333333333334
2017-12-23,0,,25.600000000000005,-3.6093333333333337,42.458333333333336
2017-12-24,0,,0.2,-2.5074583333333336,47.325
2017-12-25,0,,0.0,2.16904166666667,43.775
2017-12-26,0,,0.0,2.887541666666667,40.75833333333334
2017-12-27,0,,0.0,4.220375,37.65
2017-12-28,0,,0.0,5.366958333333334,32.795833333333334
2017-12-29,0,,4.4,5.479666666666668,21.15416666666666
2017-12-30,0,,7.200000000000001,3.624125000000001,11.975000000000009
2017-12-31,0,,0.2,-0.5777916666666666,9.718333333333334
2018-01-01,0,,0.0,3.699291666666666,8.676666666666668
2018-01-02,0,,0.0,5.97341666666667,7.695833333
2018-01-03,0,,6.2,3.1559166666666663,5.054166666666668
2018-01-04,0,,1.4,2.661875,2.9375
2018-01-05,0,,0.6000000000000001,0.7563749999999999,0.2616666666666666
2018-01-06,0,,0.0,4.405083333333333,0.0
2018-01-07,0,,0.0,6.068083333333334,0.0
2018-01-08,0,,0.0,6.077249999999999,0.0
2018-01-09,0,,0.0,3.603791666666666,0.0
2018-01-10,0,,0.0,3.5183750000000007,0.0
2018-01-11,0,,1.6,4.997875,0.0
2018-01-12,0,,8.8,2.968958333333333,0.0
2018-01-13,0,,7.199999999999999,-0.3285,1.2666666666666668
2018-01-14,0,,20.6,-3.7227916666666654,21.829166666666666
2018-01-15,0,,0.4,-2.821375,23.5125
2018-01-16,0,,3.8,0.0685,20.91666666666667
2018-01-17,0,,13.2,3.68275,17.950416666666662
2018-01-18,0,,11.2,-3.770125,20.987499999999997
2018-01-19,0,,0.4,-1.7068333333333332,22.53333333333333
2018-01-20,0,,0.2,3.797875,18.633333333333333
2018-01-21,0,,2.6,5.593041666666667,14.691666666666665
2018-01-22,0,,20.0,0.695125,13.2875
2018-01-23,0,,21.2,-4.01879166666667,27.65
2018-01-24,0,,6.6,-5.90279166666667,46.79166667
2018-01-25,0,,2.2,-6.48054166666667,57.475
2018-01-26,0,,1.2,-6.19804166666667,54.7166666666667
2018-01-27,0,,0.2,-4.28258333333333,51.6541666666667
2018-01-28,0,,0.0,-2.18025,48.5666666666667
2018-01-29,0,,0.0,1.4467083333333328,45.55416666666667
2018-01-30,0,,0.0,4.790791666666668,39.31666666666666
2018-01-31,0,,0.0,5.1,35.2375
2018-02-01,0,,0.0,6.016416666666667,32.8625
2018-02-02,0,,0.0,6.16579166666666,29.275
2018-02-03,0,,0.0,8.58879166666667,22.3291666666667
2018-02-04,0,,18.6,4.67441666666667,13.525
2018-02-05,0,,0.0,3.0,10.200000000000005
2018-02-06,0,,0.0,3.5,7.614583333
2018-02-07,0,,0.0,14.0,4.483750000000001
2018-02-08,0,,0.0,10.0,0.0
2018-02-09,0,,0.0,9.0,0.0
2018-02-10,0,,0.0,8.0,0.0
2018-02-11,0,,0.0,5.0,0.0
2018-02-12,0,,0.0,-0.9067368421052632,0.0
2018-02-13,0,,0.2,0.7013333333333334,0.0
2018-02-14,0,,0.4,3.1453333333333333,0.0
2018-02-15,0,,0.0,2.911458333333333,0.0
2018-02-16,0,,0.0,0.842166666666667,0.0
2018-02-17,0,,0.8,-0.842291666666667,0.0
2018-02-18,0,,0.0,2.1335,0.0
2018-02-19,0,,0.0,2.0,0.0
2018-02-20,0,,0.0,3.0,0.0
2018-02-21,0,,0.0,4.0,0.0
2018-02-22,0,,0.0,5.0,0.0
2018-02-23,0,,0.2,0.3390416666666667,0.0
2018-02-24,0,,14.999999999999998,-0.3280416666666665,2.0125
2018-02-25,0,,5.800000000000002,-2.5250833333333333,13.325
2018-02-26,0,,9.4,1.1977083333333334,9.154166666666669
2018-02-27,0,,4.4,1.4082916666666667,2.3708333333333345
2018-02-28,0,,26.6,-3.44245833333333,0.908333333
2018-03-01,0,,1.2,-4.39395833333333,4.566666667
2018-03-02,0,,1.7999999999999998,6.124916666666667,0.9670833333333336
2018-03-03,0,,13.4,7.580083333333334,0.38
2018-03-04,0,,9.6,3.776666666666667,0.0741666666666666
2018-03-05,0,,6.2,7.75366666666667,0.0
2018-03-06,0,,4.800000000000001,9.084124999999998,0.0
2018-03-07,0,,0.0,11.4029166666667,0.0
2018-03-08,0,,12.8,4.89891666666667,0.0
2018-03-09,0,,0.0,4.027666666666666,0.0
2018-03-10,0,,0.0,6.698833333333334,0.0
2018-03-11,0,,0.0,9.305,0.0
2018-03-12,0,,0.2,11.96625,0.0
2018-03-13,0,,16.2,7.46879166666667,0.0
2018-03-14,0,,2.2,5.75975,0.0
2018-03-15,0,,3.6,3.702625,0.0
2018-03-16,0,,0.0,8.13720833333333,0.0
2018-03-17,0,,0.0,14.81125,0.0
2018-03-18,0,,1.0,12.4154166666667,0.0
2018-03-19,0,,0.6,10.516625,0.0
2018-03-20,0,,2.6,7.031874999999999,0.0
2018-03-21,0,,0.0,9.20979166666667,0.0
2018-03-22,0,,0.0,4.476291666666666,0.0
2018-03-23,0,,0.0,4.0,0.0
2018-03-24,0,,0.0,4.0,0.0
2018-03-25,0,,0.0,8.0,0.0
2018-03-26,0,,0.0,9.615333333333332,0.0
2018-03-27,0,,5.0,7.756,0.0
2018-03-28,0,,13.4,4.612,0.0
2018-03-29,0,,19.4,0.495708333333333,0.0
2018-03-30,0,,0.0,6.449708333333334,0.0
2018-03-31,0,,0.0,13.192083333333334,0.0
2018-04-01,0,,8.6,11.853666666666667,0.0
2018-04-02,0,,1.8,5.292708333333335,0.0
2018-04-03,0,,0.0,6.009500000000002,0.0
2018-04-04,0,,0.0,12.3583333333333,0.0
2018-04-05,0,,0.0,16.18458333333333,0.0
2018-04-06,0,,0.0,15.13625,0.0
2018-04-07,0,,0.0,8.09495833333333,0.0
2018-04-08,0,,0.0,7.30166666666667,0.0
2018-04-09,0,,0.2,11.3579166666667,0.0
2018-04-10,0,,0.0,14.4391666666667,0.0
2018-04-11,0,,0.0,15.0170833333333,0.0
2018-04-12,0,,0.0,14.219166666666672,0.0
2018-04-13,0,,0.0,14.1333333333333,0.0
2018-04-14,0,,0.0,12.7725,0.0
2018-04-15,0,,0.0,11.6681666666667,0.0
2018-04-16,0,,0.0,15.9054166666667,0.0
2018-04-17,0,,0.0,14.278750000000004,0.0
2018-04-18,0,,0.0,9.863708333333332,0.0
2018-04-19,0,,0.4,9.067416666666668,0.0
2018-04-20,0,,15.8,3.58195833333333,0.0
2018-04-21,0,,0.0,6.07095833333333,0.0
2018-04-22,0,,0.0,12.85375,0.0
2018-04-23,0,,0.0,15.5729166666667,0.0
2018-04-24,0,,0.0,16.587500000000002,0.0
2018-04-25,0,,0.0,16.305,0.0
2018-04-26,0,,0.0,16.666666666666668,0.0
2018-04-27,0,,0.0,14.7233333333333,0.0
2018-04-28,0,,0.0,14.00625,0.0
2018-04-29,0,,0.0,17.3241666666667,0.0
2018-04-30,0,,0.0,16.836250000000003,0.0
2018-05-01,0,,0.0,15.9575,0.0
2018-05-02,0,,0.0,16.143333333333334,0.0
2018-05-03,0,,0.0,18.048333333333336,0.0
2018-05-04,0,,0.0,17.25625,0.0
2018-05-05,0,,2.0,15.319166666666668,0.0
2018-05-06,0,,23.6,10.535652173913045,0.0
2018-05-07,0,,66.0,9.835833333333332,0.0
2018-05-08,0,,5.2,10.147916666666667,0.0
2018-05-09,0,,14.599999999999998,11.07875,0.0
2018-05-10,0,,12.6,11.4491666666667,0.0
2018-05-11,0,,7.200000000000001,10.13,0.0
2018-05-12,0,,0.0,10.0,0.0
2018-05-13,0,,0.0,11.0,0.0
2018-05-14,0,,0.0,16.0,0.0
2018-05-15,0,,0.0,17.382380952380952,0.0
2018-05-16,0,,0.0,19.822916666666668,0.0
2018-05-17,0,,0.0,19.02666666666667,0.0
2018-05-18,0,,0.0,18.267083333333336,0.0
2018-05-19,0,,5.6000000000000005,16.99333333333333,0.0
2018-05-20,0,,0.0,12.03,0.0
2018-05-21,0,,0.2,11.777916666666668,0.0
2018-05-22,0,,1.4,12.3175,0.0
2018-05-23,0,,0.2,12.57875,0.0
2018-05-24,0,,33.2,14.7420833333333,0.0
2018-05-25,0,,2.4000000000000004,13.027916666666668,0.0
2018-05-26,0,,37.0,12.834583333333336,0.0
2018-05-27,0,,5.000000000000001,12.775833333333336,0.0
2018-05-28,0,,4.800000000000001,11.750000000000002,0.0
2018-05-29,0,,5.6,11.70375,0.0
2018-05-30,0,,0.0,11.774583333333334,0.0
2018-05-31,0,,0.4,11.520833333333334,0.0
2018-06-01,0,,0.0,14.4325,0.0
2018-06-02,0,,0.0,11.7857083333333,0.0
2018-06-03,0,,0.0,14.2483333333333,0.0
2018-06-04,0,,0.0,17.755,0.0
2018-06-05,0,,0.2,17.099166666666665,0.0
2018-06-06,0,,8.0,18.6570833333333,0.0
2018-06-07,0,,0.2,18.9170833333333,0.0
2018-06-08,0,,0.0,17.79,0.0
2018-06-09,0,,0.0,21.41375,0.0
2018-06-10,0,,0.0,16.34125,0.0
2018-06-11,0,,0.0,14.02875,0.0
2018-06-12,0,,0.0,14.929999999999998,0.0
2018-06-13,0,,0.0,18.655,0.0
2018-06-14,0,,0.0,19.9908333333333,0.0
2018-06-15,0,,0.0,19.7041666666667,0.0
2018-06-16,0,,0.4,16.7879166666667,0.0
2018-06-17,0,,0.6,14.8554166666667,0.0
2018-06-18,0,,0.0,15.7245833333333,0.0
2018-06-19,0,,32.4,15.4591666666667,0.0
2018-06-20,0,,0.0,15.9241666666667,0.0
2018-06-21,0,,0.2,16.7154166666667,0.0
2018-06-22,0,,3.0,16.805,0.0
2018-06-23,0,,34.0,14.4645833333333,0.0
2018-06-24,0,,6.0,12.21375,0.0
2018-06-25,0,,0.8,13.0654166666667,0.0
2018-06-26,0,,18.6,16.540416666666665,0.0
2018-06-27,0,,0.4,17.45125,0.0
2018-06-28,0,,14.4,16.890416666666667,0.0
2018-06-29,0,,0.0,16.6945833333333,0.0
2018-06-30,0,,0.0,17.2191666666667,0.0
2018-07-01,0,,0.0,16.675,0.0
2018-07-02,0,,0.0,18.5645833333333,0.0
2018-07-03,0,,0.0,19.92875,0.0
2018-07-04,0,,0.0,19.355833333333333,0.0
2018-07-05,0,,0.0,18.63208333333333,0.0
2018-07-06,0,,0.0,17.5845833333333,0.0
2018-07-07,0,,0.0,17.10125,0.0
2018-07-08,0,,0.0,16.74625,0.0
2018-07-09,0,,0.0,18.28291666666666,0.0
2018-07-10,0,,3.6,18.40708333333333,0.0
2018-07-11,0,,0.0,17.5033333333333,0.0
2018-07-12,0,,0.6000000000000001,16.44208333333334,0.0
2018-07-13,0,,2.0,17.6066666666667,0.0
2018-07-14,0,,1.4,16.87375,0.0
2018-07-15,0,,1.6,16.8754166666667,0.0
2018-07-16,0,,0.0,17.861666666666665,0.0
2018-07-17,0,,5.4,20.447916666666668,0.0
2018-07-18,0,,0.2,16.889583333333334,0.0
2018-07-19,0,,3.2,17.15291666666667,0.0
2018-07-20,0,,10.8,17.030833333333337,0.0
2018-07-21,0,,0.0,19.293333333333333,0.0
2018-07-22,0,,0.0,20.64375,0.0
2018-07-23,0,,3.6,21.265,0.0
2018-07-24,0,,14.0,16.02625,0.0
2018-07-25,0,,17.0,17.145416666666666,0.0
2018-07-26,0,,0.0,19.065416666666668,0.0
2018-07-27,0,,1.4,17.4425,0.0
2018-07-28,0,,0.0,18.43833333333333,0.0
2018-07-29,0,,0.0,18.92083333333333,0.0
2018-07-30,0,,0.0,19.07083333333333,0.0
2018-07-31,0,,0.0,18.6895833333333,0.0
2018-08-01,0,,1.6,18.74,0.0
2018-08-02,0,,1.6,18.7029166666667,0.0
2018-08-03,0,,0.4,18.09625,0.0
2018-08-04,0,,0.0,18.21375,0.0
2018-08-05,0,,0.0,18.2766666666667,0.0
2018-08-06,0,,0.0,18.5379166666667,0.0
2018-08-07,0,,0.2,18.23,0.0
2018-08-08,0,,5.2,18.5229166666667,0.0
2018-08-09,0,,0.0,17.8383333333333,0.0
2018-08-10,0,,0.0,16.794999999999998,0.0
2018-08-11,0,,0.0,15.2275,0.0
2018-08-12,0,,0.0,15.142499999999997,0.0
2018-08-13,0,,0.0,15.6145833333333,0.0
2018-08-14,0,,0.0,17.879166666666666,0.0
2018-08-15,0,,0.0,18.68583333333333,0.0
2018-08-16,0,,0.0,19.047083333333333,0.0
2018-08-17,0,,0.0,18.5241666666667,0.0
2018-08-18,0,,0.0,18.6616666666667,0.0
2018-08-19,0,,0.0,18.6208333333333,0.0
2018-08-20,0,,0.0,16.7320833333333,0.0
2018-08-21,0,,0.0,17.3891666666667,0.0
2018-08-22,0,,0.0,17.3941666666667,0.0
2018-08-23,0,,0.0,17.5154166666667,0.0
2018-08-24,0,,0.0,18.9358333333333,0.0
2018-08-25,0,,0.0,17.8095833333333,0.0
2018-08-26,0,,0.0,18.3013043478261,0.0
2018-08-27,0,,0.4,18.5654166666667,0.0
2018-08-28,0,,3.6000000000000005,18.166666666666664,0.0
2018-08-29,0,,1.8,17.4075,0.0
2018-08-30,0,,0.0,17.8179166666667,0.0
2018-08-31,0,,0.0,18.7420833333333,0.0
2018-09-01,0,,0.0,19.7679166666667,0.0
2018-09-02,0,,0.0,18.85375,0.0
2018-09-03,0,,0.0,18.3320833333333,0.0
2018-09-04,0,,0.0,18.8808333333333,0.0
2018-09-05,0,,7.6,17.50166666666666,0.0
2018-09-06,0,,9.8,13.6641666666667,0.0
2018-09-07,0,,0.2,16.5204166666667,0.0
2018-09-08,0,,0.0,15.7579166666667,0.0
2018-09-09,0,,0.0,14.6120833333333,0.0
2018-09-10,0,,4.4,12.6370833333333,0.0
2018-09-11,0,,1.0,13.48875,0.0
2018-09-12,0,,0.2,14.292499999999997,0.0
2018-09-13,0,,0.2,14.43916666666667,0.0
2018-09-14,0,,4.000000000000001,13.667083333333332,0.0
2018-09-15,0,,0.0,15.432916666666666,0.0
2018-09-16,0,,0.6,13.26708333333333,0.0
2018-09-17,0,,0.0,13.1570833333333,0.0
2018-09-18,0,,0.2,13.023333333333332,0.0
2018-09-19,0,,0.0,13.26875,0.0
2018-09-20,0,,0.0,14.36458333333333,0.0
2018-09-21,0,,0.0,14.64625,0.0
2018-09-22,0,,0.0,16.82625,0.0
2018-09-23,0,,0.0,17.8604166666667,0.0
2018-09-24,0,,14.8,19.6295833333333,0.0
2018-09-25,0,,40.0,7.040750000000002,0.0
2018-09-26,0,,3.8,5.53954166666666,0.0
2018-09-27,0,,1.0,9.35766666666667,0.0
2018-09-28,0,,0.0,12.51875,0.0
2018-09-29,0,,0.0,15.1845833333333,0.0
2018-09-30,0,,9.0,12.9095833333333,0.0
2018-10-01,0,,2.0,13.65375,0.0
2018-10-02,0,,0.8,14.0429166666667,0.0
2018-10-03,0,,0.0,14.1383333333333,0.0
2018-10-04,0,,0.2,9.03895833333333,0.0
2018-10-05,0,,0.0,8.347708333333333,0.0
2018-10-06,0,,0.0,11.055416666666666,0.0
2018-10-07,0,,0.0,12.029125,0.0
2018-10-08,0,,0.0,11.097083333333336,0.0
2018-10-09,0,,0.0,9.4975,0.0
2018-10-10,0,,0.0,9.659166666666666,0.0
2018-10-11,0,,2.6,10.2241666666667,0.0
2018-10-12,0,,11.2,11.8858333333333,0.0
2018-10-13,0,,32.4,11.6645833333333,0.0
2018-10-14,0,,4.4,12.42125,0.0
2018-10-15,0,,0.4,11.9229166666667,0.0
2018-10-16,0,,0.8,11.2395833333333,0.0
2018-10-17,0,,5.6,12.3125,0.0
2018-10-18,0,,0.0,12.039166666666668,0.0
2018-10-19,0,,2.8,11.8745833333333,0.0
2018-10-20,0,,11.4,9.9075,0.0
2018-10-21,0,,0.2,8.23129166666667,0.0
2018-10-22,0,,0.0,3.50404166666667,0.0
2018-10-23,0,,0.0,2.07195833333333,0.0
2018-10-24,0,,26.2,2.72995833333333,0.0
2018-10-25,0,,11.8,0.27825,0.0
2018-10-26,0,,0.8,0.5989166666666668,0.0
2018-10-27,0,,0.0,1.5522499999999997,0.0
2018-10-28,0,,0.0,5.78283333333333,0.0
2018-10-29,0,,0.0,0.550833333333333,0.0
2018-10-30,0,,0.0,2.096583333333333,0.0
2018-10-31,0,temp_aytepe_c_sudden_jump,0.0,24.856,0.0
2018-11-01,0,,0.0,16.0,0.0
2018-11-02,0,,0.0,8.397444444444444,0.0
2018-11-03,0,,0.0,8.522333333333334,0.0
2018-11-04,0,,0.0,9.567833333333333,0.0
2018-11-05,0,,0.0,8.033166666666668,0.0
2018-11-06,0,,0.0,7.579250000000002,0.0
2018-11-07,0,,0.0,7.06033333333333,0.0
2018-11-08,0,,0.0,7.219791666666667,0.0
2018-11-09,0,,0.4,7.608375,0.0
2018-11-10,0,,0.0,7.124791666666668,0.0
2018-11-11,0,,0.0,7.401958333333334,0.0
2018-11-12,0,,0.0,5.31083333333333,0.0
2018-11-13,0,,4.800000000000001,3.687791666666667,0.0
2018-11-14,0,,0.2,1.273125,0.0
2018-11-15,0,,15.8,1.016875,0.0
2018-11-16,0,,9.999999999999998,0.5947083333333334,0.0
2018-11-17,0,,0.0,2.4199583333333337,0.0
2018-11-18,0,,4.0,6.399000000000001,0.0
2018-11-19,0,,6.2,10.2691666666667,0.0
2018-11-20,0,,0.0,10.83625,0.0
2018-11-21,0,,0.4,9.55616666666667,0.0
2018-11-22,0,,18.4,4.08404166666667,0.0
2018-11-23,0,,3.2,1.34225,0.0
2018-11-24,0,,0.0,1.4035,0.0
2018-11-25,0,,0.0,4.43670833333333,0.0
2018-11-26,0,,6.8,7.611875,0.0
2018-11-27,0,,1.8,11.098375,0.0
2018-11-28,0,,21.4,5.330208333333332,0.0
2018-11-29,2,inflow_m3_statistical_outlier,43.4,0.647166666666667,0.0
2018-11-30,2,inflow_m3_statistical_outlier,32.4,-1.435833333333333,14.412499999999998
2018-12-01,0,,0.0,-1.107375,18.45
2018-12-02,0,,0.0,2.946083333333334,15.370833333333334
2018-12-03,0,,0.0,6.01479166666667,11.45416667
2018-12-04,0,,1.2000000000000002,4.898166666666666,6.958333333333333
2018-12-05,0,,37.0,2.679,1.1166666666666667
2018-12-06,2,inflow_m3_statistical_outlier,38.4,-1.892458333333333,9.866666666666664
2018-12-07,0,,0.0,-5.081166666666667,14.111666666666666
2018-12-08,0,,0.0,-0.2265416666666666,14.000000000000009
2018-12-09,0,,8.2,3.2121666666666653,12.454166666666673
2018-12-10,0,,26.0,3.14404166666667,8.883333333
2018-12-11,0,,2.2,-1.34108333333333,13.09916667
2018-12-12,0,,3.2,-3.37975,15.13333333
2018-12-13,0,,0.2,-2.042125,14.1625
2018-12-14,0,,1.0,1.76525,11.8791666666667
2018-12-15,0,,0.0,6.79758333333333,7.05833333333333
2018-12-16,0,,0.2,6.30116666666667,2.90416666666667
2018-12-17,0,,0.8,4.97791666666667,0.145
2018-12-18,0,,52.2,3.49941666666667,0.0
2018-12-19,2,inflow_m3_statistical_outlier,18.6,-2.35275,11.6875
2018-12-20,0,,2.0000000000000004,-0.6602916666666666,15.941666666666665
2018-12-21,0,,0.0,2.6435,13.6208333333333
2018-12-22,0,,0.0,4.92254166666667,10.875
2018-12-23,0,,2.2,4.032125,7.125
2018-12-24,0,,20.0,6.274666666666668,3.916666666666668
2018-12-25,0,,24.2,-2.67979166666667,25.47916667
2018-12-26,0,,8.2,-5.06945833333333,37.60416667
2018-12-27,0,,2.4,-3.78995833333333,36.97083333
2018-12-28,0,,0.0,-2.641541666666667,34.825
2018-12-29,0,,13.000000000000002,-2.8135,38.2625
2018-12-30,0,,2.0,-2.7897499999999997,43.99583333333333
2018-12-31,0,,0.0,-2.02491666666667,41.5833333333333
2019-01-01,0,,0.0,-2.34191666666667,39.6291666666667
2019-01-02,0,,3.2,-1.619125,38.03333333
2019-01-03,0,,14.199999999999998,-1.299875,45.17916666666667
2019-01-04,0,,8.399999999999999,-4.160791666666666,56.80833333333334
2019-01-05,0,,6.599999999999999,-3.329583333333334,61.59583333333335
2019-01-06,0,,11.599999999999998,-5.4605,68.42083333333333
2019-01-07,0,,5.800000000000001,-6.868291666666665,75.58333333333334
2019-01-08,0,,6.4,-8.58195833333333,83.83333333
2019-01-09,0,,5.6,-5.516625,79.67083333
2019-01-10,0,,1.0,1.86654166666667,71.97916667
2019-01-11,0,,0.0,2.795666666666667,65.06666666666666
2019-01-12,0,,0.0,-0.5,68.0
2019-01-13,0,,0.0,-1.5,69.0
2019-01-14,0,,0.0,-2.0,71.0
2019-01-15,0,,21.4,-4.37508333333333,73.77916667
2019-01-16,0,,0.6000000000000001,-5.675291666666666,88.09166666666667
2019-01-17,0,,0.0,-0.8528333333333332,84.95416666666667
2019-01-18,0,,0.0,1.29679166666667,82.375
2019-01-19,0,,0.0,2.06090476190476,78.6875
2019-01-20,0,,0.0,3.30295833333333,74.7458333333333
2019-01-21,0,,2.4000000000000004,0.6687916666666665,70.67916666666667
2019-01-22,0,,0.2,1.967875,67.17083333
2019-01-23,0,,2.4,4.81420833333333,63.09166667
2019-01-24,0,,0.2,3.5998750000000004,58.337499999999984
2019-01-25,0,,1.4,4.792916666666667,54.44583333333334
2019-01-26,0,,0.2,4.130666666666668,48.37499999999999
2019-01-27,0,,2.0,1.7666250000000003,45.47416666666668
2019-01-28,0,,0.0,4.4575416666666685,43.89999999999999
2019-01-29,0,,0.0,6.033041666666667,40.49583333333334
2019-01-30,0,,0.0,5.24325,35.825
2019-01-31,0,,12.4,3.79595833333333,28.57083333
2019-02-01,0,,4.0,2.081125,25.525
2019-02-02,0,,0.0,5.77495833333333,23.3083333333333
2019-02-03,0,,0.0,8.11125,21.0833333333333
2019-02-04,0,,0.0,10.1713333333333,17.70833333
2019-02-05,0,,0.2,9.56620833333333,13.35
2019-02-06,0,,3.8,2.53308333333333,8.833333333
2019-02-07,0,,12.6,-1.619125,14.55416667
2019-02-08,0,,7.4,-1.11320833333333,15.5
2019-02-09,0,,3.4,-1.551625,19.1
2019-02-10,0,,0.0,-0.577291666666667,17.4708333333333
2019-02-11,0,,0.0,5.27816666666667,15.24583333
2019-02-12,0,,8.2,4.16583333333333,12.125
2019-02-13,0,,23.2,-2.00429166666667,21.87916667
2019-02-14,0,,12.6,-3.39545833333333,40.60833333
2019-02-15,0,,7.4,-2.96470833333333,44.4791666666667
2019-02-16,0,,2.2,-3.19108333333333,47.16
2019-02-17,0,,0.0,-0.185875,43.875
2019-02-18,0,,0.0,3.380374999999999,40.73333333333333
2019-02-19,0,,0.0,5.308541666666666,38.05833333333333
2019-02-20,0,,0.0,6.386666666666666,34.566666666666656
2019-02-21,0,,0.0,2.3112916666666665,31.004166666666663
2019-02-22,0,,0.0,2.216208333333334,28.166666666666668
2019-02-23,0,,17.4,-4.619208333333334,38.47083333333334
2019-02-24,0,,11.6,-3.960125,57.64583333333334
2019-02-25,0,,0.0,-1.5485,57.49583333
2019-02-26,0,,5.6,-1.759375,53.57916667
2019-02-27,0,,23.8,-3.94020833333333,68.04583333
2019-02-28,0,,0.8,-2.518291666666667,74.38333333333334
2019-03-01,0,,0.2,4.01129166666667,65.7166666666667
2019-03-02,0,,0.6,1.6675,59.0958333333333
2019-03-03,0,,0.0,-3.75675,56.4758333333333
2019-03-04,0,,0.0,0.381,54.65
2019-03-05,0,,0.0,6.78070833333333,50.16666667
2019-03-06,0,,2.0,4.298875,45.25
2019-03-07,0,,0.0,6.56175,40.9125
2019-03-08,0,,0.0,10.048375,35.68333333333334
2019-03-09,0,,0.0,9.878666666666668,29.54583333333333
2019-03-10,0,,0.0,9.223791666666664,22.137500000000006
2019-03-11,0,,0.0,10.902,13.075
2019-03-12,0,,22.4,4.384166666666668,7.079166666666666
2019-03-13,0,,2.6,-0.870666666666667,5.554166667
2019-03-14,0,,0.6,0.772458333333333,2.858333333
2019-03-15,0,,0.6000000000000001,-1.1774166666666666,1.8687500000000008
2019-03-16,0,,0.0,3.808375,0.8970833333333336
2019-03-17,0,,0.0,7.980125000000002,0.0
2019-03-18,0,,0.0,12.53,0.0
2019-03-19,0,,0.0,10.5034583333333,0.0
2019-03-20,0,,0.0,3.179416666666666,0.0
2019-03-21,0,,0.0,0.4783333333333333,0.0
2019-03-22,0,,0.0,1.24525,0.0
2019-03-23,0,,0.0,0.4557083333333332,0.0
2019-03-24,0,,0.0,-1.6274583333333332,0.0
2019-03-25,0,,0.0,5.439416666666667,0.0
2019-03-26,0,,0.0,5.412874999999999,0.0
2019-03-27,0,,0.0,0.69275,0.0
2019-03-28,0,,0.0,-1.0845833333333332,0.0
2019-03-29,0,,0.0,-2.65570833333333,0.0
2019-03-30,0,,0.0,-1.58425,0.0
2019-03-31,0,,0.0,-0.259958333333333,0.0
2019-04-01,0,,0.0,1.995375,0.0
2019-04-02,0,,0.0,2.33491666666667,0.0
2019-04-03,0,,0.0,0.605583333333333,0.0
2019-04-04,0,,0.0,2.56829166666667,0.0
2019-04-05,0,,0.2,9.1115,0.0
2019-04-06,0,,0.0,10.646,0.0
2019-04-07,0,,0.0,10.3845833333333,0.0
2019-04-08,0,,6.6,10.929125,0.0
2019-04-09,0,,1.6,7.45004166666667,0.0
2019-04-10,0,,7.0,6.52395833333333,0.0
2019-04-11,0,,10.0,7.83558333333333,0.0
2019-04-12,0,,2.8000000000000003,8.911875,0.0
2019-04-13,0,,8.4,8.821375,0.0
2019-04-14,0,,1.6,6.594916666666666,0.0
2019-04-15,0,,13.0,2.23945833333333,0.0
2019-04-16,0,,3.2,0.02125,0.0
2019-04-17,0,,0.0,3.0005,0.0
2019-04-18,0,,21.0,1.51995833333333,0.0
2019-04-19,0,,2.4,-0.863125,0.0
2019-04-20,0,,11.0,-1.487,0.5625000000000001
2019-04-21,0,,0.4,0.3328749999999998,0.3875
2019-04-22,0,,0.0,3.484833333333333,0.0
2019-04-23,0,,0.2,8.742416666666665,0.0
2019-04-24,0,,0.2,12.8533333333333,0.0
2019-04-25,0,,0.0,13.3620833333333,0.0
2019-04-26,0,,0.0,12.274166666666668,0.0
2019-04-27,0,,0.0,14.162083333333332,0.0
2019-04-28,0,,0.6,14.206666666666663,0.0
2019-04-29,0,,0.2,15.630833333333332,0.0
2019-04-30,0,,0.0,15.2125,0.0
2019-05-01,0,,2.2,12.7204166666667,0.0
2019-05-02,0,,0.0,7.937375,0.0
2019-05-03,0,,0.2,10.7645833333333,0.0
2019-05-04,0,,0.8,13.17125,0.0
2019-05-05,0,,6.0,13.7404166666667,0.0
2019-05-06,0,,0.0,13.90925,0.0
2019-05-07,0,,10.8,6.68795833333333,0.0
2019-05-08,0,,5.0,4.22191666666667,0.0
2019-05-09,0,,0.0,7.95729166666667,0.0
2019-05-10,0,,3.6,8.619291666666667,0.0
2019-05-11,0,,3.8,9.306083333333332,0.0
2019-05-12,0,,0.2,13.010833333333336,0.0
2019-05-13,0,,0.0,15.3495833333333,0.0
2019-05-14,0,,0.6,19.1025,0.0
2019-05-15,0,,0.0,18.8458333333333,0.0
2019-05-16,0,,0.0,17.3341666666667,0.0
2019-05-17,0,,10.8,13.12,0.0
2019-05-18,0,,1.4,12.1116666666667,0.0
2019-05-19,0,,0.2,17.8429166666667,0.0
2019-05-20,0,,1.4,19.6866666666667,0.0
2019-05-21,0,,0.0,18.0058333333333,0.0
2019-05-22,0,,0.2,16.4483333333333,0.0
2019-05-23,0,,2.6,15.25875,0.0
2019-05-24,0,,0.2,11.9879166666667,0.0
2019-05-25,0,,4.0,12.3225,0.0
2019-05-26,0,,0.2,15.8929166666667,0.0
2019-05-27,0,,0.0,18.82625,0.0
2019-05-28,0,,0.0,23.185,0.0
2019-05-29,0,,0.0,20.31375,0.0
2019-05-30,0,,0.0,18.8454166666667,0.0
2019-05-31,0,,0.0,16.0,0.0
2019-06-01,0,,0.4,16.03125,0.0
2019-06-02,0,,7.2,15.7766666666667,0.0
2019-06-03,2,evaporation_m3_statistical_outlier,6.8,16.1745833333333,0.0
2019-06-04,0,,0.2,15.4770833333333,0.0
2019-06-05,0,,0.0,16.9204166666667,0.0
2019-06-06,2,evaporation_m3_statistical_outlier,0.0,17.3925,0.0
2019-06-07,2,evaporation_m3_statistical_outlier,0.0,16.82375,0.0
2019-06-08,2,evaporation_m3_statistical_outlier,0.0,17.4166666666667,0.0
2019-06-09,2,evaporation_m3_statistical_outlier,0.0,15.695,0.0
2019-06-10,0,,5.0,14.7025,0.0
2019-06-11,0,,0.6,15.8970833333333,0.0
2019-06-12,0,,14.8,15.3641666666667,0.0
2019-06-13,0,,0.0,18.0966666666667,0.0
2019-06-14,0,,0.2,16.6929166666667,0.0
2019-06-15,0,,16.6,16.2795833333333,0.0
2019-06-16,0,,11.0,16.3545833333333,0.0
2019-06-17,0,,0.4,17.62291666666667,0.0
2019-06-18,0,,13.000000000000002,16.392500000000002,0.0
2019-06-19,0,,18.6,15.64,0.0
2019-06-20,0,,1.2,15.51125,0.0
2019-06-21,0,,9.6,16.039166666666667,0.0
2019-06-22,0,,0.2,19.595,0.0
2019-06-23,0,,0.0,20.035416666666663,0.0
2019-06-24,0,,0.0,18.996666666666663,0.0
2019-06-25,0,,0.0,18.5704166666667,0.0
2019-06-26,0,,0.0,18.3125,0.0
2019-06-27,0,,0.0,17.8491666666667,0.0
2019-06-28,0,,0.2,17.984166666666663,0.0
2019-06-29,0,,0.6,13.376666666666669,0.0
2019-06-30,0,,0.0,13.355,0.0
2019-07-01,0,,0.0,15.9854166666667,0.0
2019-07-02,0,,0.0,19.3479166666667,0.0
2019-07-03,0,,0.0,19.84666666666666,0.0
2019-07-04,0,,0.0,18.64375,0.0
2019-07-05,0,,0.0,16.804166666666664,0.0
2019-07-06,0,,0.0,16.75916666666667,0.0
2019-07-07,2,evaporation_m3_statistical_outlier,0.0,18.99375000000001,0.0
2019-07-08,2,evaporation_m3_statistical_outlier,0.0,20.2933333333333,0.0
2019-07-09,2,evaporation_m3_statistical_outlier,0.0,20.74333333333334,0.0
2019-07-10,0,,10.4,16.5329166666667,0.0
2019-07-11,0,,21.0,12.18,0.0
2019-07-12,0,,0.0,13.849583333333332,0.0
2019-07-13,0,,0.0,15.35875,0.0
2019-07-14,0,,8.799999999999999,13.376666666666663,0.0
2019-07-15,0,,0.4,13.851666666666668,0.0
2019-07-16,0,,0.0,15.322083333333332,0.0
2019-07-17,0,,42.000000000000014,13.874166666666667,0.0
2019-07-18,0,,2.0,14.135833333333332,0.0
2019-07-19,0,,0.2,16.347083333333334,0.0
2019-07-20,0,,0.0,16.500833333333333,0.0
2019-07-21,0,,0.4,15.932916666666664,0.0
2019-07-22,0,,0.0,17.367500000000003,0.0
2019-07-23,0,,0.0,17.59708333333333,0.0
2019-07-24,0,,11.4,14.515,0.0
2019-07-25,0,,0.0,13.6283333333333,0.0
2019-07-26,0,,0.0,17.0770833333333,0.0
2019-07-27,0,,0.0,17.205,0.0
2019-07-28,0,,0.0,18.4375,0.0
2019-07-29,0,,0.0,21.6141666666667,0.0
2019-07-30,0,,0.0,19.1491666666667,0.0
2019-07-31,0,,0.0,19.170000000000005,0.0
2019-08-01,0,,0.0,19.06625,0.0
2019-08-02,0,,0.0,19.0,0.0
2019-08-03,0,,0.0,21.0,0.0
2019-08-04,0,,0.0,17.0,0.0
2019-08-05,0,,0.0,13.696666666666664,0.0
2019-08-06,0,,0.0,14.967916666666667,0.0
2019-08-07,0,,0.0,16.8370833333333,0.0
2019-08-08,0,,0.0,19.3325,0.0
2019-08-09,0,,0.0,17.82625,0.0
2019-08-10,0,,0.0,17.3083333333333,0.0
2019-08-11,0,,0.0,17.5141666666667,0.0
2019-08-12,0,,0.0,18.9541666666667,0.0
2019-08-13,0,,0.0,19.3516666666667,0.0
2019-08-14,0,,0.0,20.34625,0.0
2019-08-15,0,,13.0,17.60083333333333,0.0
2019-08-16,0,,19.2,15.7458333333333,0.0
2019-08-17,0,,41.6,12.6575,0.0
2019-08-18,0,,1.0,12.89125,0.0
2019-08-19,0,,0.0,13.971666666666666,0.0
2019-08-20,0,,13.6,15.243333333333329,0.0
2019-08-21,0,,11.2,15.88416666666667,0.0
2019-08-22,0,,0.0,17.703333333333333,0.0
2019-08-23,0,,0.0,18.4025,0.0
2019-08-24,0,,0.0,19.9795833333333,0.0
2019-08-25,0,,0.0,19.18625,0.0
2019-08-26,0,,0.0,18.1870833333333,0.0
2019-08-27,0,,0.0,17.3916666666667,0.0
2019-08-28,0,,0.0,16.878333333333334,0.0
2019-08-29,0,,0.0,15.9604166666667,0.0
2019-08-30,0,,0.0,15.3420833333333,0.0
2019-08-31,0,,0.0,14.8504166666667,0.0
2019-09-01,0,,0.0,16.2795833333333,0.0
2019-09-02,0,,0.0,16.511666666666667,0.0
2019-09-03,0,,0.0,15.9925,0.0
2019-09-04,0,,0.0,15.6104166666667,0.0
2019-09-05,0,,0.0,15.8308333333333,0.0
2019-09-06,0,,0.0,12.9020833333333,0.0
2019-09-07,0,,0.0,14.2158333333333,0.0
2019-09-08,0,,0.0,14.3829166666667,0.0
2019-09-09,0,,0.0,14.53125,0.0
2019-09-10,0,,0.0,15.4091666666667,0.0
2019-09-11,0,,0.0,15.50625,0.0
2019-09-12,0,,0.2,15.900588235294116,0.0
2019-09-13,0,,0.0,13.958750000000004,0.0
2019-09-14,0,,0.2,13.865416666666668,0.0
2019-09-15,0,,1.2,13.601250000000002,0.0
2019-09-16,0,,0.4,12.5729166666667,0.0
2019-09-17,0,,0.0,16.3254166666667,0.0
2019-09-18,0,,0.0,18.59833333333333,0.0
2019-09-19,0,,0.2,13.9004166666667,0.0
2019-09-20,0,,50.20000000000001,9.174666666666663,0.0
2019-09-21,1,temp_cilekli_c_out_of_range;temp_cilekli_c_imputed_climatology,1.6,6.696000000000001,0.0
2019-09-22,1,temp_cilekli_c_out_of_range;temp_cilekli_c_imputed_climatology,0.0,9.596333333333332,0.0
2019-09-23,1,temp_cilekli_c_out_of_range;temp_cilekli_c_imputed_climatology,0.0,12.718750000000002,0.0
2019-09-24,1,temp_cilekli_c_out_of_range;temp_cilekli_c_imputed_climatology,2.2,14.8033333333333,0.0
2019-09-25,1,temp_cilekli_c_out_of_range;temp_cilekli_c_imputed_climatology,0.0,12.5408333333333,0.0
2019-09-26,1,temp_cilekli_c_out_of_range;temp_cilekli_c_imputed_climatology,0.0,15.1979166666667,0.0
2019-09-27,1,temp_cilekli_c_out_of_range;temp_cilekli_c_imputed_climatology,0.0,12.6008333333333,0.0
2019-09-28,1,temp_cilekli_c_out_of_range;temp_cilekli_c_imputed_climatology,0.2,12.83875,0.0
2019-09-29,1,temp_cilekli_c_out_of_range;temp_cilekli_c_imputed_climatology,0.0,15.0,0.0
2019-09-30,1,temp_cilekli_c_out_of_range;temp_cilekli_c_imputed_climatology,0.0,17.27625,0.0
2019-10-01,1,temp_cilekli_c_out_of_range;temp_cilekli_c_imputed_climatology,0.0,16.891666666666666,0.0
2019-10-02,1,temp_cilekli_c_out_of_range;temp_cilekli_c_imputed_climatology,0.0,17.6308333333333,0.0
2019-10-03,1,temp_cilekli_c_out_of_range;temp_cilekli_c_imputed_climatology,0.0,17.2683333333333,0.0
2019-10-04,1,temp_cilekli_c_out_of_range;temp_cilekli_c_imputed_climatology,2.2,17.92833333333333,0.0
2019-10-05,1,temp_cilekli_c_out_of_range;temp_cilekli_c_imputed_climatology,35.8,11.909583333333336,0.0
2019-10-06,1,temp_cilekli_c_out_of_range;temp_cilekli_c_imputed_climatology,1.7999999999999998,7.832541666666665,0.0
2019-10-07,1,temp_cilekli_c_out_of_range;temp_cilekli_c_imputed_climatology,8.0,10.45525,0.0
2019-10-08,1,temp_cilekli_c_out_of_range;temp_cilekli_c_imputed_climatology,12.6,7.5623749999999985,0.0
2019-10-09,1,temp_cilekli_c_out_of_range;temp_cilekli_c_imputed_climatology,0.0,11.87575,0.0
2019-10-10,1,temp_cilekli_c_out_of_range;temp_cilekli_c_imputed_climatology,0.0,14.1541666666667,0.0
2019-10-11,1,temp_cilekli_c_out_of_range;temp_cilekli_c_imputed_climatology,0.2,12.19625,0.0
2019-10-12,0,,0.0,12.067916666666669,0.0
2019-10-13,0,,0.0,16.483749999999997,0.0
2019-10-14,0,,0.0,17.40125,0.0
2019-10-15,0,,0.0,17.827500000000004,0.0
2019-10-16,0,,0.0,15.7125,0.0
2019-10-17,0,,0.0,13.9083333333333,0.0
2019-10-18,0,,0.0,13.1020833333333,0.0
2019-10-19,0,,0.0,13.45625,0.0
2019-10-20,0,,0.0,12.0083333333333,0.0
2019-10-21,0,,0.0,11.2079166666667,0.0
2019-10-22,0,,0.2,10.584347826086956,0.0
2019-10-23,0,,0.0,9.61029166666667,0.0
2019-10-24,0,,0.0,9.25458333333333,0.0
2019-10-25,0,,0.0,9.83575,0.0
2019-10-26,0,,0.0,9.020458333333332,0.0
2019-10-27,0,,0.0,9.541958333333335,0.0
2019-10-28,0,,0.0,10.418125,0.0
2019-10-29,0,,0.0,9.98645833333333,0.0
2019-10-30,0,,0.0,9.55966666666667,0.0
2019-10-31,0,,15.0,8.986374999999997,0.0
2019-11-01,0,,14.0,3.60295833333333,0.0
2019-11-02,0,,0.2,5.80991666666667,0.0
2019-11-03,0,,0.0,10.11475,0.0
2019-11-04,0,,0.0,13.0266666666667,0.0
2019-11-05,0,,0.0,12.64875,0.0
2019-11-06,0,,0.0,14.2504166666667,0.0
2019-11-07,0,,0.0,13.736250000000004,0.0
2019-11-08,0,,0.0,13.5704166666667,0.0
2019-11-09,0,,0.0,13.8841666666667,0.0
2019-11-10,0,,0.0,15.0283333333333,0.0
2019-11-11,0,,0.0,14.0329166666667,0.0
2019-11-12,0,,0.0,16.055416666666666,0.0
2019-11-13,0,,0.0,15.952083333333327,0.0
2019-11-14,0,,1.4,11.071625,0.0
2019-11-15,0,,0.0,10.677500000000002,0.0
2019-11-16,0,,0.0,12.616666666666667,0.0
2019-11-17,0,,0.0,13.36416666666666,0.0
2019-11-18,0,,0.0,13.5595833333333,0.0
2019-11-19,0,,0.0,11.775416666666665,0.0
2019-11-20,0,,0.0,10.5154166666667,0.0
2019-11-21,0,,0.0,10.08325,0.0
2019-11-22,0,,0.0,5.903,0.0
2019-11-23,0,,0.0,7.978375,0.0
2019-11-24,0,,0.0,8.094,0.0
2019-11-25,0,,1.0,8.983666666666666,0.0
2019-11-26,0,,13.2,7.41545833333333,0.0
2019-11-27,0,,8.0,5.15166666666667,0.0
2019-11-28,0,,0.6000000000000001,8.245125,0.0
2019-11-29,0,,16.2,7.842041666666667,0.0
2019-11-30,0,,23.8,7.543375,0.0
2019-12-01,0,,15.999999999999998,0.0732083333333333,0.0
2019-12-02,0,,0.0,1.8745,0.0
2019-12-03,0,,8.2,2.65220833333333,0.0
2019-12-04,0,,12.6,-0.915208333333334,0.345833333
2019-12-05,0,,1.8,-1.2655833333333335,3.058333333333336
2019-12-06,0,,0.0,1.0385416666666667,3.125833333333335
2019-12-07,0,,0.0,1.8174583333333336,3.0416666666666687
2019-12-08,0,,0.0,2.0307916666666666,1.429166666666667
2019-12-09,0,,0.0,2.233291666666666,0.6708333333333334
2019-12-10,0,,0.0,2.7413333333333334,0.4483333333333333
2019-12-11,0,,0.0,5.316791666666668,0.0
2019-12-12,0,,1.2,5.187083333333334,0.0
2019-12-13,0,,0.8,5.972124999999999,0.0
2019-12-14,0,,0.2,8.012833333333337,0.0
2019-12-15,0,,0.0,5.414208333333334,0.0
2019-12-16,0,,0.0,7.93945833333334,0.0
2019-12-17,0,,0.0,9.30416666666667,0.0
2019-12-18,0,,0.0,11.3827916666667,0.0
2019-12-19,0,,0.0,10.560583333333332,0.0
2019-12-20,0,,0.0,8.127583333333332,0.0
2019-12-21,0,,0.0,8.44725,0.0
2019-12-22,0,,1.4,9.66629166666667,0.0
2019-12-23,0,,4.2,5.81370833333333,0.0
2019-12-24,0,,17.0,2.373958333333334,0.0
2019-12-25,0,,16.6,1.22254166666667,0.0
2019-12-26,0,,16.6,-0.387333333333333,0.0
2019-12-27,0,,2.4,-1.8191666666666664,2.1000000000000005
2019-12-28,0,,6.4,-2.267291666666668,4.570833333333335
2019-12-29,0,,10.4,-2.44329166666667,15.71666667
2019-12-30,0,,38.400000000000006,-0.0803749999999999,13.541666666666671
2019-12-31,2,inflow_m3_statistical_outlier,13.999999999999998,-0.4477083333333333,7.6125
2020-01-01,0,,0.0,-2.67091666666667,14.92083333
2020-01-02,0,,9.8,-2.8189999999999995,25.204166666666666
2020-01-03,0,,0.0,-3.048083333333334,23.497499999999995
2020-01-04,0,,0.0,-0.5574999999999999,20.75
2020-01-05,0,,0.0,-0.4467083333333334,18.92083333333333
2020-01-06,0,,15.8,-1.64775,25.4125
2020-01-07,2,inflow_m3_statistical_outlier,74.8,-1.56316666666667,51.10833333
2020-01-08,2,inflow_m3_statistical_outlier,14.0,-3.47741666666667,77.46666667
2020-01-09,0,,4.4,-3.441708333333333,75.04999999999998
2020-01-10,0,,0.0,-1.5571666666666666,72.7625
2020-01-11,0,,0.0,2.5087916666666668,70.47499999999998
2020-01-12,0,,2.0,-0.230083333333333,67.0125
2020-01-13,0,,0.0,0.26525,63.60416667
2020-01-14,0,,0.0,0.753583333333334,61.72916667
2020-01-15,0,,0.0,-0.3772083333333334,60.425
2020-01-16,0,,5.4,-0.3668333333333333,60.34166666666668
2020-01-17,0,,9.8,-0.8165833333333335,63.35833333333332
2020-01-18,0,,3.8000000000000007,-1.9625416666666664,66.2
2020-01-19,0,,15.2,-2.78158333333333,70.2125
2020-01-20,0,,17.8,-3.52608333333333,88.33333333
2020-01-21,0,,1.6,-4.579708333333333,89.28333333333333
2020-01-22,0,,0.0,-0.883875,87.69166667
2020-01-23,0,,3.6,-3.90770833333333,88.71666667
2020-01-24,0,,0.0,-3.2448750000000004,88.30583333333334
2020-01-25,0,,0.0,2.367625,86.70833333333333
2020-01-26,0,,0.0,3.28783333333333,83.51666667
2020-01-27,0,,0.4,4.328625,79.74166667
2020-01-28,0,,0.4,2.2537083333333325,74.24166666666667
2020-01-29,0,,13.8,2.7247916666666665,70.62916666666665
2020-01-30,0,,9.0,-1.5028749999999995,70.97916666666664
2020-01-31,0,,0.8,-0.2932083333333333,72.17333333333333
2020-02-01,0,,0.0,4.207166666666667,69.09166666666665
2020-02-02,0,,0.0,6.327249999999999,67.37916666666666
2020-02-03,0,,5.6,6.57495833333333,62.48333333
2020-02-04,0,,0.4,6.39633333333333,52.84166667
2020-02-05,2,inflow_m3_statistical_outlier,19.2,5.672958333333334,43.895833333333314
2020-02-06,2,inflow_m3_statistical_outlier,15.0,-2.97716666666667,48.1875
2020-02-07,0,,14.0,-5.385749999999999,61.695833333333326
2020-02-08,0,,8.2,-8.848291666666666,92.39166666666664
2020-02-09,0,,1.0,-7.293375,86.27083333333334
2020-02-10,0,,0.0,-2.00779166666667,81.125
2020-02-11,0,,17.799999999999997,2.5904166666666666,72.89166666666667
2020-02-12,0,,0.8,0.3029166666666666,71.9125
2020-02-13,0,,0.0,1.1304999999999998,67.74166666666667
2020-02-14,0,,3.6,2.6764583333333327,66.06666666666668
2020-02-15,0,,6.4,1.151625,60.82500000000001
2020-02-16,0,,2.6,-1.0996666666666668,57.899999999999984
2020-02-17,0,,0.0,2.19233333333333,56.39166667
2020-02-18,0,,0.0,5.00025,54.28666667
2020-02-19,0,,0.0,4.85329166666667,52.1375
2020-02-20,0,,8.2,1.79675,50.0375
2020-02-21,0,,25.799999999999997,-1.7452083333333333,56.66666666666666
2020-02-22,0,,0.6000000000000001,-2.655625,61.79166666666666
2020-02-23,0,,0.0,0.05,60.504166666666656
2020-02-24,0,,0.8,3.2850833333333345,57.63333333333334
2020-02-25,0,,0.0,4.86566666666667,55.375
2020-02-26,0,,0.0,10.8313333333333,51.79166667
2020-02-27,0,,9.6,6.19058333333334,46.64583333
2020-02-28,0,,0.0,4.069,44.00833333333332
2020-02-29,0,,7.6,-0.7145,42.49583333333335
2020-03-01,0,,0.0,2.862166666666667,40.891666666666666
2020-03-02,0,,0.0,8.867166666666668,37.10416666666666
2020-03-03,0,,0.0,13.331708333333331,28.562500000000007
2020-03-04,0,,0.0,12.7,19.02916666666666
2020-03-05,0,,7.0,6.848083333333334,12.320833333333336
2020-03-06,0,,0.2,4.995583333333333,6.916666666666665
2020-03-07,0,,0.0,12.208791666666665,2.146250000000001
2020-03-08,0,,0.0,13.781249999999996,0.8710000000000001
2020-03-09,0,,1.0,13.1290833333333,0.0
2020-03-10,0,,11.8,4.976791666666667,0.0
2020-03-11,0,,0.0,6.65333333333334,0.0
2020-03-12,0,,0.0,6.466125000000001,0.0
2020-03-13,0,,0.0,8.40083333333333,0.0
2020-03-14,0,,0.0,7.08233333333333,0.0
2020-03-15,0,,18.8,-0.659958333333333,4.35
2020-03-16,0,,2.0,-4.344208333333333,13.45833333333333
2020-03-17,0,,0.0,-4.398916666666667,10.004166666666668
2020-03-18,0,,6.000000000000001,-3.404291666666666,12.316666666666666
2020-03-19,0,,4.8,-2.651,23.33333333
2020-03-20,0,,0.2,-1.1437916666666663,23.28333333333333
2020-03-21,0,,0.0,5.666166666666666,14.604166666666671
2020-03-22,0,,0.0,5.867208333333334,6.891666666666664
2020-03-23,0,,0.0,1.8572916666666663,2.145833333333334
2020-03-24,0,,2.4,0.4780833333333332,0.0
2020-03-25,0,,0.2,0.2819583333333333,0.0
2020-03-26,0,,0.0,1.4037916666666663,0.0
2020-03-27,0,,0.0,1.7673749999999997,0.0
2020-03-28,0,,10.200000000000005,1.7588333333333337,0.0
2020-03-29,0,,15.199999999999998,1.5074166666666666,0.0
2020-03-30,0,,0.0,6.9500416666666665,0.0
2020-03-31,0,,1.4,2.194333333333333,0.0
2020-04-01,0,,0.6000000000000001,1.100291666666667,0.0
2020-04-02,0,,13.6,1.9197083333333331,0.0
2020-04-03,0,,1.4,1.373125,0.0
2020-04-04,0,,2.4,7.324166666666667,0.0
2020-04-05,0,,24.0,4.86633333333333,0.0
2020-04-06,0,,3.6000000000000005,1.1002500000000002,0.0
2020-04-07,0,,0.2,0.752125,0.0
2020-04-08,0,,0.0,0.4371666666666666,0.0
2020-04-09,0,,0.0,1.2324166666666667,0.0
2020-04-10,0,,0.0,7.291583333333333,0.0
2020-04-11,0,,0.0,7.495333333333332,0.0
2020-04-12,0,,0.0,4.634666666666667,0.0
2020-04-13,0,,0.0,9.637041666666669,0.0
2020-04-14,0,,0.0,12.628208333333331,0.0
2020-04-15,0,,4.400000000000001,1.1768333333333336,0.0
2020-04-16,0,,0.0,3.781,0.0
2020-04-17,0,,0.0,12.234583333333331,0.0
2020-04-18,0,,0.0,14.071666666666664,0.0
2020-04-19,0,,0.0,15.560833333333331,0.0
2020-04-20,0,,0.025,7.747999999999998,0.0
2020-04-21,0,,0.6,1.73616666666667,0.0
2020-04-22,0,,0.0,0.6169166666666669,0.0
2020-04-23,0,,0.2,2.8712916666666675,0.0
2020-04-24,0,,0.0,5.927,0.0
2020-04-25,0,,0.0,8.004541666666666,0.0
2020-04-26,0,,0.0,11.79458333333333,0.0
2020-04-27,0,,0.0,10.160583333333332,0.0
2020-04-28,0,,0.0,11.371739130434785,0.0
2020-04-29,0,,0.0,14.226666666666668,0.0
2020-04-30,0,,10.2,11.487916666666663,0.0
2020-05-01,0,,0.4,11.860416666666667,0.0
2020-05-02,0,,5.000000000000001,11.3535,0.0
2020-05-03,0,,10.6,9.330166666666663,0.0
2020-05-04,0,,6.6000000000000005,6.822833333333334,0.0
2020-05-05,0,,0.6000000000000001,7.425,0.0
2020-05-06,0,,8.8,10.426916666666669,0.0
2020-05-07,0,,1.6,5.524791666666666,0.0
2020-05-08,0,,0.0,7.007874999999999,0.0
2020-05-09,0,,0.0,9.995166666666664,0.0
2020-05-10,0,,0.0,14.974166666666669,0.0
2020-05-11,0,,0.0,18.6954166666667,0.0
2020-05-12,0,,0.0,20.0170833333333,0.0
2020-05-13,0,,0.0,15.2795833333333,0.0
2020-05-14,0,,0.0,21.1458333333333,0.0
2020-05-15,0,,0.0,24.67083333333333,0.0
2020-05-16,0,,0.0,20.58666666666667,0.0
2020-05-17,0,,0.0,23.766250000000003,0.0
2020-05-18,0,,0.0,18.4125,0.0
2020-05-19,0,,0.0,22.35458333333333,0.0
2020-05-20,0,,0.0,24.14125,0.0
2020-05-21,0,,34.8,13.016458333333333,0.0
2020-05-22,0,,19.8,3.5679166666666657,0.0
2020-05-23,0,,1.4,4.185833333333332,0.0
2020-05-24,0,,0.0,9.424583333333334,0.0
2020-05-25,0,,0.6000000000000001,8.159958333333334,0.0
2020-05-26,0,,0.2,7.444875000000001,0.0
2020-05-27,0,,25.6,6.2115,0.0
2020-05-28,0,,0.0,7.90725,0.0
2020-05-29,0,,5.4,8.44370833333333,0.0
2020-05-30,0,,0.4,12.0570833333333,0.0
2020-05-31,0,,6.0,11.9344166666667,0.0
2020-06-01,0,,13.6,10.12675,0.0
2020-06-02,0,,3.4,9.14066666666667,0.0
2020-06-03,0,,6.2,9.470125,0.0
2020-06-04,0,,0.2,14.22125,0.0
2020-06-05,0,,0.0,19.085833333333337,0.0
2020-06-06,0,,0.0,21.3775,0.0
2020-06-07,0,,0.0,18.7120833333333,0.0
2020-06-08,0,,0.0,17.886666666666663,0.0
2020-06-09,0,,0.0,20.05666666666667,0.0
2020-06-10,0,,0.0,19.0616666666667,0.0
2020-06-11,0,,0.0,16.51125,0.0
2020-06-12,0,,0.0,14.798333333333334,0.0
2020-06-13,0,,0.6,14.014583333333333,0.0
2020-06-14,0,,6.2,14.885,0.0
2020-06-15,0,,7.000000000000001,16.432083333333335,0.0
2020-06-16,0,,0.2,19.0504166666667,0.0
2020-06-17,0,,0.2,18.4741666666667,0.0
2020-06-18,0,,18.4,14.7325,0.0
2020-06-19,0,,16.8,15.1095833333333,0.0
2020-06-20,0,,0.4,18.1733333333333,0.0
2020-06-21,0,,18.0,16.1083333333333,0.0
2020-06-22,0,,0.2,17.679166666666664,0.0
2020-06-23,0,,7.2,14.48916666666667,0.0
2020-06-24,0,,2.4,15.8983333333333,0.0
2020-06-25,0,,3.2,15.355,0.0
2020-06-26,0,,0.0,15.093333333333335,0.0
2020-06-27,0,,0.0,15.645416666666664,0.0
2020-06-28,0,,0.0,16.668333333333333,0.0
2020-06-29,0,,0.0,16.8208333333333,0.0
2020-06-30,0,,0.0,19.29875,0.0
2020-07-01,0,,0.0,20.2329166666667,0.0
2020-07-02,0,,0.0,19.3991666666667,0.0
2020-07-03,0,,0.0,19.8291666666667,0.0
2020-07-04,0,,0.0,19.2329166666667,0.0
2020-07-05,0,,0.0,18.6233333333333,0.0
2020-07-06,0,,0.0,20.237500000000004,0.0
2020-07-07,0,,17.0,19.9641666666667,0.0
2020-07-08,0,,21.4,13.7,0.0
2020-07-09,0,,0.0,13.689166666666669,0.0
2020-07-10,0,,0.0,15.045416666666668,0.0
2020-07-11,0,,0.0,17.017916666666668,0.0
2020-07-12,0,,0.0,15.952916666666672,0.0
2020-07-13,0,,26.8,14.0591666666667,0.0
2020-07-14,0,,0.2,11.9941666666667,0.0
2020-07-15,0,,0.4,12.825,0.0
2020-07-16,0,,0.0,13.6520833333333,0.0
2020-07-17,0,,0.0,14.1091666666667,0.0
2020-07-18,0,,0.0,16.60375,0.0
2020-07-19,0,,0.8,16.5854166666667,0.0
2020-07-20,0,,0.0,16.9841666666667,0.0
2020-07-21,0,,0.0,15.77,0.0
2020-07-22,0,,0.0,16.2145833333333,0.0
2020-07-23,0,,0.0,17.66625,0.0
2020-07-24,0,,0.0,16.773749999999996,0.0
2020-07-25,0,,0.0,16.888333333333335,0.0
2020-07-26,0,,0.0,18.26125,0.0
2020-07-27,0,,0.0,18.3929166666667,0.0
2020-07-28,0,,0.0,18.94833333333333,0.0
2020-07-29,0,,0.0,19.6354166666667,0.0
2020-07-30,0,,0.0,17.994583333333335,0.0
2020-07-31,0,,0.0,19.33166666666667,0.0
2020-08-01,0,,0.0,18.897916666666667,0.0
2020-08-02,0,,0.0,15.795000000000003,0.0
2020-08-03,0,,0.0,16.225652173913044,0.0
2020-08-04,0,,0.0,17.484166666666667,0.0
2020-08-05,0,,0.0,17.1916666666667,0.0
2020-08-06,0,,0.0,20.1941666666667,0.0
2020-08-07,0,,0.0,21.25,0.0
2020-08-08,0,,0.0,19.3,0.0
2020-08-09,0,,0.0,17.7670833333333,0.0
2020-08-10,0,,0.0,17.43125,0.0
2020-08-11,0,,0.0,17.480416666666667,0.0
2020-08-12,0,,0.0,17.667083333333338,0.0
2020-08-13,0,,0.0,17.54791666666667,0.0
2020-08-14,0,,0.0,15.54375,0.0
2020-08-15,0,,0.0,15.7408333333333,0.0
2020-08-16,0,,0.0,14.9404166666667,0.0
2020-08-17,0,,0.0,14.940416666666666,0.0
2020-08-18,0,,0.0,16.445000000000007,0.0
2020-08-19,0,,0.0,17.47041666666667,0.0
2020-08-20,0,,0.0,15.419583333333334,0.0
2020-08-21,0,,0.0,16.27583333333333,0.0
2020-08-22,0,,0.0,18.2375,0.0
2020-08-23,0,,0.0,16.482916666666664,0.0
2020-08-24,0,,0.0,17.942916666666672,0.0
2020-08-25,0,,0.0,17.659999999999993,0.0
2020-08-26,0,,0.0,16.49125,0.0
2020-08-27,0,,0.0,17.385416666666668,0.0
2020-08-28,0,,0.0,19.2066666666667,0.0
2020-08-29,0,,0.0,23.125,0.0
2020-08-30,0,,0.0,22.55,0.0
2020-08-31,0,,0.0,20.15,0.0
2020-09-01,0,,0.0,21.9475,0.0
2020-09-02,0,,0.0,21.9925,0.0
2020-09-03,0,,0.0,22.478333333333328,0.0
2020-09-04,0,,15.0,15.282083333333334,0.0
2020-09-05,0,,3.6000000000000005,12.902916666666668,0.0
2020-09-06,0,,0.0,15.574583333333331,0.0
2020-09-07,0,,0.0,16.702916666666663,0.0
2020-09-08,0,,0.2,16.530416666666667,0.0
2020-09-09,0,,0.0,15.7954166666667,0.0
2020-09-10,0,,0.0,16.3108333333333,0.0
2020-09-11,0,,0.0,16.255,0.0
2020-09-12,0,,0.0,16.36125,0.0
2020-09-13,0,,2.8,16.4591666666667,0.0
2020-09-14,0,,0.8,16.62125,0.0
2020-09-15,0,,0.0,16.15375,0.0
2020-09-16,0,,0.0,16.0258333333333,0.0
2020-09-17,0,,0.0,17.072083333333335,0.0
2020-09-18,0,,2.0,15.707083333333337,0.0
2020-09-19,0,,1.0,11.35,0.0
2020-09-20,0,,6.800000000000001,12.42375,0.0
2020-09-21,0,,6.8,12.88,0.0
2020-09-22,0,,0.0,13.234166666666669,0.0
2020-09-23,0,,0.0,14.03625,0.0
2020-09-24,0,,0.2,17.4016666666667,0.0
2020-09-25,0,,0.0,16.795,0.0
2020-09-26,0,,0.0,20.0170833333333,0.0
2020-09-27,0,,0.0,16.9575,0.0
2020-09-28,0,,0.0,20.08375,0.0
2020-09-29,0,,1.0,16.3108333333333,0.0
2020-09-30,0,,2.8,10.7452916666667,0.0
2020-10-01,0,,0.0,11.0185833333333,0.0
2020-10-02,0,,0.0,13.725833333333334,0.0
2020-10-03,0,,0.0,15.619583333333336,0.0
2020-10-04,0,,0.0,19.4025,0.0
2020-10-05,0,,0.0,23.30791666666666,0.0
2020-10-06,0,,0.0,22.7858333333333,0.0
2020-10-07,0,,0.0,20.7179166666667,0.0
2020-10-08,0,,23.6,14.75125,0.0
2020-10-09,0,,18.4,11.9225,0.0
2020-10-10,0,,0.0,10.685,0.0
2020-10-11,0,,0.0,13.897083333333336,0.0
2020-10-12,0,,0.0,15.5870833333333,0.0
2020-10-13,0,,2.8,15.860833333333332,0.0
2020-10-14,0,,0.0,13.3995833333333,0.0
2020-10-15,0,,0.0,14.35875,0.0
2020-10-16,0,,0.0,16.4925,0.0
2020-10-17,0,,1.0,16.3591666666667,0.0
2020-10-18,0,,20.6,10.6161666666667,0.0
2020-10-19,0,,2.4,7.19545833333333,0.0
2020-10-20,0,,8.4,8.860375,0.0
2020-10-21,0,,0.0,11.3516666666667,0.0
2020-10-22,0,,0.0,13.78625,0.0
2020-10-23,0,,0.0,15.734583333333337,0.0
2020-10-24,0,,0.0,16.603333333333335,0.0
2020-10-25,0,,0.0,16.797499999999996,0.0
2020-10-26,0,,0.0,13.2266666666667,0.0
2020-10-27,0,,0.0,12.87125,0.0
2020-10-28,0,,0.4,12.9175,0.0
2020-10-29,0,,0.0,10.92375,0.0
2020-10-30,0,,17.8,8.03554166666667,0.0
2020-10-31,0,,7.4,5.16795833333333,0.0
2020-11-01,0,,0.2,4.196875,0.0
2020-11-02,0,,0.0,6.27879166666667,0.0
2020-11-03,0,,0.0,6.6565,0.0
2020-11-04,0,,1.2,6.22279166666667,0.0
2020-11-05,0,,35.0,7.82225,0.0
2020-11-06,0,,9.4,5.97954166666667,0.0
2020-11-07,0,,0.0,4.57125,0.0
2020-11-08,0,,0.0,6.60966666666666,0.0
2020-11-09,0,,0.0,7.90904166666666,0.0
2020-11-10,0,,4.8,6.92195833333333,0.0
2020-11-11,0,,3.0,6.43870833333333,0.0
2020-11-12,0,,0.0,5.610125,0.0
2020-11-13,0,,4.8,6.459375,0.0
2020-11-14,0,,7.6,4.719375,0.0
2020-11-15,0,,0.0,4.14745833333333,0.0
2020-11-16,0,,0.0,5.017416666666667,0.0
2020-11-17,0,,0.0,5.499375000000001,0.0
2020-11-18,0,,27.2,4.83958333333333,0.0
2020-11-19,0,,0.0,2.4626250000000005,0.0
2020-11-20,0,,0.0,2.617708333333334,0.0
2020-11-21,0,,0.0,2.520875,0.0
2020-11-22,0,,0.0,1.1900416666666669,0.0
2020-11-23,0,,0.0,3.44916666666667,0.0
2020-11-24,0,,0.0,2.4581666666666666,0.0
2020-11-25,0,,0.0,1.7922916666666666,0.0
2020-11-26,0,,0.0,3.167958333333333,0.0
2020-11-27,0,,0.0,6.115,0.0
2020-11-28,0,,0.0,5.73458333333333,0.0
2020-11-29,0,,0.0,7.38854166666667,0.0
2020-11-30,0,,13.8,5.4945,0.0
2020-12-01,0,,2.600000000000001,0.4658888888888888,0.0
2020-12-02,0,,0.0,1.27329166666667,0.0
2020-12-03,0,,0.0,5.889166666666667,0.0
2020-12-04,0,,0.0,9.348833333333332,0.0
2020-12-05,0,,0.0,7.339458333333332,0.0
2020-12-06,0,,0.0,4.24225,0.0
2020-12-07,0,,0.0,6.22975,0.0
2020-12-08,0,,0.0,5.415291666666666,0.0
2020-12-09,0,,0.0,7.276125,0.0
2020-12-10,0,,1.6,7.874333333333332,0.0
2020-12-11,0,,0.2,6.365999999999999,0.0
2020-12-12,0,,9.000000000000002,7.125041666666667,0.0
2020-12-13,0,,1.8,8.56029166666667,0.0
2020-12-14,0,,25.4,7.418,0.0
2020-12-15,0,,29.0,3.360791666666666,0.0
2020-12-16,0,,0.2,1.9567083333333333,0.0
2020-12-17,0,,1.4,2.5005416666666664,0.0
2020-12-18,0,,1.6,1.7378333333333331,0.0
2020-12-19,0,,0.0,0.9165833333333336,0.0
2020-12-20,0,,0.0,0.9584583333333336,0.0
2020-12-21,0,,7.6,-0.5991666666666667,0.0
2020-12-22,0,,1.6,-1.652041666666667,0.0
2020-12-23,0,,0.0,-0.0520416666666667,0.0
2020-12-24,0,,0.0,4.172541666666668,0.0
2020-12-25,0,,0.0,7.534416666666668,0.0
2020-12-26,0,,0.0,8.704708333333333,0.0
2020-12-27,0,,0.0,8.563958333333332,0.0
2020-12-28,0,,5.0,5.37804166666667,0.0
2020-12-29,2,outflow_treatment_m3_statistical_outlier,0.0,7.32629166666667,0.0
2020-12-30,0,,0.0,7.2425,0.0
2020-12-31,0,,0.0,7.507027777777773,0.0
2021-01-01,0,,0.0,4.437493055555556,0.0
2021-01-02,0,,0.0,7.4373031358885076,0.0
2021-01-03,0,,0.0,7.364593749999993,0.0
2021-01-04,0,precip_cilekli_mm_imputed_linear,0.6000000000000001,7.501147058823529,0.0
2021-01-05,0,,0.0,6.233294117647058,0.0
2021-01-06,0,,0.0,3.485,0.0
2021-01-07,0,,0.0,6.238117647058822,0.0
2021-01-08,0,,0.0,9.377666666666665,0.0
2021-01-09,0,,28.0,8.455062499999999,0.0
2021-01-10,0,,22.8,8.783970588235295,0.0
2021-01-11,0,,0.0,13.158823529411764,0.0
2021-01-12,0,,29.0,9.09967647058823,0.0
2021-01-13,0,,29.0,-1.0672608695652177,2.065217391304348
2021-01-14,0,,7.400000000000001,-4.120869565217391,10.487500000000004
2021-01-15,0,,5.8,-5.84,14.9
2021-01-16,0,,26.2,-4.625608695652175,47.425
2021-01-17,0,,16.8,-8.516347826086957,77.8208333333333
2021-01-18,0,,0.0,-9.956434782608696,75.64166666666667
2021-01-19,0,,0.0,-8.47395652173913,67.10000000000001
2021-01-20,0,,0.0,-3.441652173913043,60.891666666666666
2021-01-21,0,,0.0,-0.34985,55.26249999999999
2021-01-22,0,,0.0,3.0041,49.29166666666664
2021-01-23,0,,0.0,4.187086956521738,43.74166666666666
2021-01-24,0,,0.0,5.163565217391303,33.64166666666667
2021-01-25,0,,11.8,5.338695652173913,19.45833333333333
2021-01-26,0,,0.0,8.035130434782607,9.279166666666669
2021-01-27,0,,30.4,-2.046260869565217,6.27083333333333
2021-01-28,0,,0.0,-4.991434782608695,13.783333333333331
2021-01-29,0,,0.0,-1.39404347826087,11.058333333333335
2021-01-30,0,,7.000000000000001,0.4845217391304348,6.120833333333332
2021-01-31,0,,0.0,5.218708333333333,2.629166666666668
2021-02-01,0,,7.4,8.480374999999999,1.7837499999999993
2021-02-02,0,,1.4,7.709625000000002,1.6500000000000008
2021-02-03,0,,0.0,7.962958333333336,1.4375
2021-02-04,0,,0.0,8.193208333333335,0.0
2021-02-05,0,,0.0,7.426333333333333,0.0
2021-02-06,0,,0.0,9.14,0.0
2021-02-07,0,,0.0,12.561666666666667,0.0
2021-02-08,0,,0.0,12.1175,0.0
2021-02-09,0,,5.4,9.500124999999995,0.0
2021-02-10,0,,0.2,7.605999999999999,0.0
2021-02-11,0,,11.8,8.859958333333335,0.0
2021-02-12,0,temp_tepecik_c_sudden_jump,2.6,-5.506083333333333,2.195833333333334
2021-02-13,0,,8.6,-6.977333333333333,4.7875
2021-02-14,0,,15.2,-5.997458333333334,32.82083333333333
2021-02-15,0,,0.8,-6.895,81.54166666666667
2021-02-16,0,,13.599999999999996,-8.25275,106.56666666666668
2021-02-17,0,,10.199999999999998,-7.613124999999997,107.6625
2021-02-18,0,,4.4,-4.049083333333333,101.66250000000004
2021-02-19,0,,1.6,-6.040125,97.44166666666663
2021-02-20,0,,0.0,-3.60425,90.67083333333332
2021-02-21,0,,0.0,-1.136875,84.91666666666666
2021-02-22,0,,0.0,3.678416666666667,78.95000000000002
2021-02-23,0,,0.0,5.276291666666666,71.88749999999999
2021-02-24,0,,0.0,-0.4125416666666666,67.94166666666666
2021-02-25,0,,0.0,-0.1211249999999999,63.55416666666665
2021-02-26,0,,0.0,4.426958333333332,58.629166666666656
2021-02-27,0,,1.2,5.336708333333334,54.883333333333326
2021-02-28,0,,6.000000000000001,-2.400208333333333,53.62083333333335
2021-03-01,0,,2.4,-0.7805416666666667,52.520833333333336
2021-03-02,0,,8.0,-2.115833333333333,58.68333333333333
2021-03-03,0,,1.0,-1.8423750000000003,58.43333333333332
2021-03-04,0,,0.0,3.718916666666667,55.02916666666668
2021-03-05,0,,0.0,8.59413043478261,51.025
2021-03-06,0,,14.4,1.4850833333333335,50.025
2021-03-07,0,,5.4,-3.959291666666667,62.00416666666665
2021-03-08,0,,0.2,-0.3135000000000001,57.69166666666665
2021-03-09,0,,0.0,3.333333333333333,52.32083333333334
2021-03-10,0,,4.0,5.690958333333332,48.04999999999999
2021-03-11,0,,19.8,-3.169375000000001,54.92083333333332
2021-03-12,0,,0.0,-0.9356666666666664,54.69166666666669
2021-03-13,0,,0.0,5.291958333333333,50.35833333333331
2021-03-14,0,,0.0,7.317833333333333,46.89583333333332
2021-03-15,0,,8.0,6.662624999999999,42.56666666666667
2021-03-16,0,,0.8,1.932625,37.48333333333333
2021-03-17,0,,6.0,-0.3042916666666667,37.76249999999999
2021-03-18,0,,4.4,-0.9149999999999996,40.02083333333333
2021-03-19,0,,2.2,0.9922083333333336,37.93749999999999
2021-03-20,0,,11.0,1.0119166666666666,34.83749999999999
2021-03-21,0,,5.8,2.8646666666666665,33.18333333333332
2021-03-22,0,,17.0,6.593625,22.750000000000004
2021-03-23,2,inflow_m3_statistical_outlier,33.2,-2.966583333333334,35.74583333333333
2021-03-24,0,,31.399999999999995,-4.595833333333332,67.69166666666666
2021-03-25,0,,15.8,-4.218750000000001,100.81666666666668
2021-03-26,0,,4.200000000000001,-3.120041666666666,98.32083333333334
2021-03-27,0,,0.0,1.0915416666666666,81.5875
2021-03-28,0,,0.0,5.903291666666667,64.37916666666668
2021-03-29,0,,0.8,0.7329583333333333,56.03333333333331
2021-03-30,0,,5.6000000000000005,-1.0331249999999998,54.29166666666666
2021-03-31,0,,5.8,-1.0145000000000002,53.0625
2021-04-01,0,,4.4,-0.9478333333333334,55.962500000000006
2021-04-02,0,,0.0,5.36,49.8
2021-04-03,0,,0.0,8.990208333333333,40.29583333333333
2021-04-04,0,,20.4,8.838999999999999,31.5375
2021-04-05,2,inflow_m3_statistical_outlier,17.2,3.569208333333333,24.529166666666672
2021-04-06,2,inflow_m3_statistical_outlier,0.0,12.141249999999998,13.625000000000002
2021-04-07,2,inflow_m3_statistical_outlier,0.0,9.799166666666668,1.979166666666667
2021-04-08,2,inflow_m3_statistical_outlier,18.8,-2.222125000000001,10.929166666666667
2021-04-09,0,,2.6000000000000005,-2.881833333333333,28.774999999999995
2021-04-10,0,,0.0,-1.8897500000000005,23.02083333333333
2021-04-11,0,,1.0,-0.8458333333333335,19.5875
2021-04-12,0,,1.6,2.1020833333333333,18.504166666666663
2021-04-13,0,,0.2,8.262125000000001,8.312499999999998
2021-04-14,0,,0.0,10.003208333333331,0.0
2021-04-15,0,,0.0,8.073791666666667,0.0
2021-04-16,0,,0.4,3.949583333333333,0.0
2021-04-17,0,,0.4,11.189708333333334,0.0
2021-04-18,0,,0.8,14.39625,0.0
2021-04-19,0,,9.4,7.884208333333333,0.0
2021-04-20,0,,2.2,5.937958333333331,0.0
2021-04-21,0,,0.0,7.490499999999998,0.0
2021-04-22,0,,0.0,9.524666666666668,0.0
2021-04-23,0,,0.2,11.918124999999998,0.0
2021-04-24,0,,7.0,6.189875000000002,0.0
2021-04-25,0,,3.8000000000000007,2.887166666666667,0.0
2021-04-26,0,,0.6000000000000001,4.723416666666667,0.0
2021-04-27,0,,0.0,13.524583333333334,0.0
2021-04-28,0,,0.0,16.80375,0.0
2021-04-29,0,,0.0,16.10375,0.0
2021-04-30,0,,0.0,17.931250000000002,0.0
2021-05-01,0,,0.0,21.3425,0.0
2021-05-02,0,,0.0,22.52,0.0
2021-05-03,0,,0.4,16.775000000000002,0.0
2021-05-04,0,,0.4,11.246375000000002,0.0
2021-05-05,0,,0.0,14.3825,0.0
2021-05-06,0,,0.0,13.650833333333336,0.0
2021-05-07,0,,0.0,18.409166666666668,0.0
2021-05-08,0,,2.4000000000000004,9.805625,0.0
2021-05-09,0,,0.0,4.834708333333334,0.0
2021-05-10,0,,0.0,6.005041666666667,0.0
2021-05-11,0,,0.0,8.294166666666666,0.0
2021-05-12,0,,0.0,13.084166666666665,0.0
2021-05-13,0,,0.0,16.48875,0.0
2021-05-14,0,,0.0,16.033333333333335,0.0
2021-05-15,0,,1.2000000000000002,14.860833333333336,0.0
2021-05-16,0,,19.200000000000003,10.112791666666666,0.0
2021-05-17,0,,0.0,13.709583333333333,0.0
2021-05-18,0,,4.6000000000000005,12.15875,0.0
2021-05-19,0,,0.0,16.8125,0.0
2021-05-20,0,,0.0,15.969583333333333,0.0
2021-05-21,0,,42.4,8.212333333333332,0.0
2021-05-22,0,,1.6,8.084541666666667,0.0
2021-05-23,0,,0.0,14.710833333333335,0.0
2021-05-24,0,,0.0,17.377083333333335,0.0
2021-05-25,0,,0.0,15.77166666666667,0.0
2021-05-26,0,,0.0,16.795416666666664,0.0
2021-05-27,0,,0.0,17.49791666666667,0.0
2021-05-28,0,,0.2,13.546666666666663,0.0
2021-05-29,0,,0.2,10.982916666666666,0.0
2021-05-30,0,,0.0,13.88541666666667,0.0
2021-05-31,0,,0.2,10.697916666666664,0.0
2021-06-01,0,,8.0,8.192921,0.0
2021-06-02,0,,3.4,6.470521,0.0
2021-06-03,0,,0.2,8.768559,0.0
2021-06-04,0,,0.0,10.31708,0.0
2021-06-05,0,,0.0,11.5536,0.0
2021-06-06,0,,0.0,15.0808,0.0
2021-06-07,0,,0.0,16.0376,0.0
2021-06-08,0,,0.6,13.0248,0.0
2021-06-09,0,,0.0,14.07625,0.0
2021-06-10,0,,0.0,14.594,0.0
2021-06-11,0,,0.0,14.8076,0.0
2021-06-12,0,,0.0,15.5808,0.0
2021-06-13,0,,3.4,15.5752,0.0
2021-06-14,0,,37.8,8.102721,0.0
2021-06-15,0,,0.6,10.08054,0.0
2021-06-16,0,,16.8,9.9244,0.0
2021-06-17,0,,0.6,14.1036,0.0
2021-06-18,0,,0.0,15.3476,0.0
2021-06-19,0,,0.0,15.0892,0.0
2021-06-20,0,,0.2,16.118,0.0
2021-06-21,0,,0.2,14.8956,0.0
2021-06-22,0,,0.0,17.455,0.0
2021-06-23,0,,0.0,17.635,0.0
2021-06-24,0,,0.0,18.656,0.0
2021-06-25,0,,0.0,20.3568,0.0
2021-06-26,0,,0.0,19.674,0.0
2021-06-27,0,,0.0,19.6936,0.0
2021-06-28,0,,0.0,18.37318,0.0
2021-06-29,0,,0.0,18.7384,0.0
2021-06-30,0,,0.0,21.44,0.0
2021-07-01,0,,0.0,24.08167,0.0
2021-07-02,0,,0.0,19.4436,0.0
2021-07-03,0,,14.8,13.8844,0.0
2021-07-04,0,,0.0,15.46583,0.0
2021-07-05,0,,0.2,18.02333,0.0
2021-07-06,0,,45.0,15.15375,0.0
2021-07-07,0,,14.4,16.36292,0.0
2021-07-08,0,,14.8,15.90833,0.0
2021-07-09,0,,0.0,16.0276,0.0
2021-07-10,0,,0.0,16.9052,0.0
2021-07-11,0,,0.0,17.90833,0.0
2021-07-12,0,,0.0,18.66583,0.0
2021-07-13,0,,0.0,18.52125,0.0
2021-07-14,0,,0.0,18.1448,0.0
2021-07-15,0,,0.0,19.50042,0.0
2021-07-16,0,,0.0,21.4424,0.0
2021-07-17,0,,0.0,23.1812,0.0
2021-07-18,0,,0.0,22.8512,0.0
2021-07-19,0,,0.0,22.9172,0.0
2021-07-20,0,,0.0,20.542800000000007,0.0
2021-07-21,0,,1.6,17.9896,0.0
2021-07-22,0,,1.0,15.3248,0.0
2021-07-23,0,,2.2,14.4456,0.0
2021-07-24,0,,0.0,16.1916,0.0
2021-07-25,0,,0.0,16.537599999999998,0.0
2021-07-26,0,,0.0,17.330399999999997,0.0
2021-07-27,0,,0.0,19.6708,0.0
2021-07-28,0,,0.0,20.3956,0.0
2021-07-29,0,,0.0,20.8625,0.0
2021-07-30,0,,0.0,23.426,0.0
2021-07-31,0,,0.0,23.858,0.0
2021-08-01,0,,0.0,21.732,0.0
2021-08-02,0,,0.0,24.08166,0.0
2021-08-03,0,,0.0,24.66875,0.0
2021-08-04,0,,0.0,23.5492,0.0
2021-08-05,0,,0.0,23.9544,0.0
2021-08-06,0,,16.2,23.1376,0.0
2021-08-07,0,,25.4,16.08277,0.0
2021-08-08,0,,2.4,14.9828,0.0
2021-08-09,0,,0.0,17.1208,0.0
2021-08-10,0,,0.0,18.4208,0.0
2021-08-11,0,,0.0,18.18,0.0
2021-08-12,0,,0.6,16.92417,0.0
2021-08-13,0,,0.0,15.90458,0.0
2021-08-14,0,,0.0,15.33542,0.0
2021-08-15,0,,0.0,15.64958,0.0
2021-08-16,0,,0.0,16.9425,0.0
2021-08-17,0,,0.0,19.17167,0.0
2021-08-18,0,,0.0,17.484,0.0
2021-08-19,0,,7.6,16.06875,0.0
2021-08-20,0,,0.0,14.50458,0.0
2021-08-21,0,,0.0,15.21208,0.0
2021-08-22,0,,0.0,16.06958,0.0
2021-08-23,0,,0.0,16.176,0.0
2021-08-24,0,,0.0,17.05125,0.0
2021-08-25,0,,0.0,18.07292,0.0
2021-08-26,0,,0.0,20.69208,0.0
2021-08-27,0,,0.0,22.83792,0.0
2021-08-28,0,,0.2,20.69136,0.0
2021-08-29,0,,0.0,20.90667,0.0
2021-08-30,0,,0.0,18.75379,0.0
2021-08-31,0,,0.0,16.42167,0.0
2021-09-01,0,,2.4,16.0175,0.0
2021-09-02,0,,1.0,12.7125,0.0
2021-09-03,0,,3.6,10.77333,0.0
2021-09-04,0,,0.0,12.86792,0.0
2021-09-05,0,,5.0,13.04417,0.0
2021-09-06,0,,0.6,11.69146,0.0
2021-09-07,0,,0.0,10.69792,0.0
2021-09-08,0,,0.0,12.15083,0.0
2021-09-09,0,,4.6,12.65667,0.0
2021-09-10,0,,10.8,11.37054,0.0
2021-09-11,0,,0.6,11.75488,0.0
2021-09-12,0,,0.0,12.9575,0.0
2021-09-13,0,,0.0,12.79301,0.0
2021-09-14,0,,1.6,13.82024,0.0
2021-09-15,0,,16.4,13.20792,0.0
2021-09-16,0,,19.8,12.55177,0.0
2021-09-17,0,,0.0,15.05583,0.0
2021-09-18,0,,0.0,17.68083,0.0
2021-09-19,0,,1.0,16.85917,0.0
2021-09-20,0,,3.6,19.09,0.0
2021-09-21,0,,30.0,10.66717,0.0
2021-09-22,0,,10.2,8.188454,0.0
2021-09-23,0,,13.8,5.320374,0.0
2021-09-24,0,,0.0,8.774499,0.0
2021-09-25,0,,0.0,12.09333,0.0
2021-09-26,0,,0.0,13.85504,0.0
2021-09-27,0,,0.0,11.28475,0.0
2021-09-28,0,,1.0,10.69254,0.0
2021-09-29,0,,6.0,10.09607,0.0
2021-09-30,0,,2.8,8.132291,0.0
2021-10-01,0,,0.0,7.452459,0.0
2021-10-02,0,,3.2,8.276605,0.0
2021-10-03,0,,0.2,8.199987,0.0
2021-10-04,0,,1.8,8.069698,0.0
2021-10-05,0,,3.0,7.29225,0.0
2021-10-06,0,,0.6,7.557788,0.0
2021-10-07,0,,0.0,8.35596,0.0
2021-10-08,0,,0.0,10.66625,0.0
2021-10-09,0,,2.0,10.96221,0.0
2021-10-10,0,,2.2,10.78417,0.0
2021-10-11,0,,0.0,12.71875,0.0
2021-10-12,0,,5.799999,11.66726,0.0
2021-10-13,0,,17.6,7.69472,0.0
2021-10-14,0,,0.0,12.00443,0.0
2021-10-15,0,,0.6,13.6558,0.0
2021-10-16,0,,12.6,11.23708,0.0
2021-10-17,0,,17.8,8.075334,0.0
2021-10-18,0,,7.599999,7.047041,0.0
2021-10-19,0,,0.4,5.427334,0.0
2021-10-20,0,,0.0,6.981001,0.0
2021-10-21,0,,0.0,10.84404,0.0
2021-10-22,0,,0.0,10.90738,0.0
2021-10-23,0,,0.0,10.54833,0.0
2021-10-24,0,,27.4,5.17625,0.0
2021-10-25,0,,0.0,3.490458,0.0
2021-10-26,0,,0.0,5.754379,0.0
2021-10-27,0,,0.0,5.896584,0.0
2021-10-28,0,,0.0,4.763904,0.0
2021-10-29,0,,0.0,6.168,0.0
2021-10-30,0,,0.0,7.55534,0.0
2021-10-31,0,,3.6,8.972746,0.0
2021-11-01,0,,0.6,8.367279,0.0
2021-11-02,0,,6.6,11.69782,0.0
2021-11-03,0,,0.0,12.69482,0.0
2021-11-04,0,,0.0,14.38084,0.0
2021-11-05,0,,0.0,16.49583,0.0
2021-11-06,0,,0.0,8.64,0.0
2021-11-07,0,,0.0,16.9675,0.0
2021-11-08,0,,0.0,15.92667,0.0
2021-11-09,0,,23.4,7.936708,0.0
2021-11-10,0,,4.0,0.4916666,0.0
2021-11-11,0,,0.0,2.859009,0.0
2021-11-12,0,,0.0,6.370829,0.0
2021-11-13,0,,0.0,7.678041,0.0
2021-11-14,0,,0.0,8.755457,0.0
2021-11-15,0,,0.0,4.869753,0.0
2021-11-16,0,,0.0,3.818413,0.0
2021-11-17,0,,0.0,2.963917,0.0
2021-11-18,0,,3.6,2.993791,0.0
2021-11-19,0,,6.399999,1.209167,0.0240416666666666
2021-11-20,0,,0.0,2.153538,0.0103541666666666
2021-11-21,0,,0.0,6.909861,0.0
2021-11-22,0,,0.0,8.667708,0.0
2021-11-23,0,,30.6,7.087166,0.0
2021-11-24,0,,1.2,1.730417,0.0
2021-11-25,0,,0.0,3.5234,0.0
2021-11-26,0,,4.0,9.164665,0.0
2021-11-27,0,,1.8,10.6625,0.0
2021-11-28,0,,1.0,12.24494,0.0
2021-11-29,0,,39.8,11.35538,0.0
2021-11-30,0,,15.2,1.999546,0.0
2021-12-01,0,,0.0,0.3555001,0.0
2021-12-02,0,,0.0,5.013246,0.0
2021-12-03,0,,2.0,8.311587,0.0
2021-12-04,0,,3.400001,6.639166,0.0
2021-12-05,0,,0.0,8.094272,0.0
2021-12-06,0,,0.2,10.23125,0.0
2021-12-07,0,,18.8,6.090167,0.0
2021-12-08,0,,3.8,3.846208,0.0
2021-12-09,0,,0.0,6.080458,0.0
2021-12-10,0,,9.2,7.051792,0.0
2021-12-11,0,,0.0,9.080292,0.0
2021-12-12,0,,12.4,7.526535,0.0
2021-12-13,0,,5.2,3.9735,0.0
2021-12-14,0,,42.8,2.89275,0.0
2021-12-15,2,inflow_m3_statistical_outlier,44.39999,-1.579333,13.1
2021-12-16,0,,7.0,-1.774625,21.2375
2021-12-17,0,,17.2,-2.109542,28.85
2021-12-18,0,,25.4,-2.4325,47.50833
2021-12-19,0,,23.2,-2.528,60.0
2021-12-20,0,,15.6,-2.799875,61.96708
2021-12-21,0,,1.4,-5.275167,63.404
2021-12-22,0,,0.2,-6.40518,60.02501
2021-12-23,0,,0.0,-7.219041,58.8
2021-12-24,0,,0.0,-3.575834,56.16666
2021-12-25,0,,0.0,1.285842,54.2625
2021-12-26,0,,0.0,4.928,48.0
2021-12-27,0,,0.0,5.903292,38.68333
2021-12-28,0,,0.0,6.202588,31.3625
2021-12-29,0,,0.6,5.74877,25.908
2021-12-30,0,,0.0,5.459063,18.85
2021-12-31,0,,0.0,1.659083,16.24583333333333
2022-01-01,0,,11.4,4.305625,12.929166666666667
2022-01-02,0,,0.8,0.928458,8.675
2022-01-03,0,,0.0,4.9625,6.525
2022-01-04,0,,0.0,5.212833,4.783333333333335
2022-01-05,0,,0.0,8.267859,1.5583333333333338
2022-01-06,0,,0.0,9.022709,0.0
2022-01-07,0,,0.0,6.065708,0.0
2022-01-08,0,,0.0,6.494167,0.0
2022-01-09,0,,0.0,6.498667,0.0
2022-01-10,0,,0.2,4.94025,0.0
2022-01-11,0,,25.2,1.802458,2.83
2022-01-12,0,,20.4,-5.168583,39.35416666666666
2022-01-13,0,,10.0,-7.289341,48.00166666666668
2022-01-14,0,,0.2,-4.487,44.49583333333334
2022-01-15,0,,2.8,-4.134333,42.05833333333332
2022-01-16,0,,0.0,-5.323584,42.24999999999999
2022-01-17,0,,10.6,-1.8755,42.79166666666666
2022-01-18,0,,16.6,-5.834708,63.20833333333332
2022-01-19,0,,6.4,-8.557458,74.21249999999998
2022-01-20,0,,0.2,-3.341458,68.925
2022-01-21,0,,26.0,-2.1575,71.45832
2022-01-22,0,,13.8,-7.516916,87.07083
2022-01-23,0,,13.4,-8.195249,105.9833
2022-01-24,0,,0.6,-7.987875,100.7083
2022-01-25,0,,4.8,-7.801042,97.83333
2022-01-26,0,,1.2,-7.407,98.11251
2022-01-27,0,,0.2,-6.271999,95.4
2022-01-28,0,,0.0,-4.483417,93.62085
2022-01-29,0,,0.0,-3.470458,91.8125
2022-01-30,0,,0.0,-0.8377083,87.28333
2022-01-31,0,,0.0,-1.83775,87.27086
2022-02-01,0,,0.0,1.464292,83.21249
2022-02-02,0,,4.0,3.23225,68.10417
2022-02-03,0,,23.6,-2.892792,75.53334
2022-02-04,0,,2.0,-5.855958,82.61666
2022-02-05,0,,0.0,-0.8683333,80.1125
2022-02-06,0,,0.0,1.601958,77.02082999999999
2022-02-07,0,,13.4,4.108833,73.28333333333336
2022-02-08,2,inflow_m3_statistical_outlier,39.2,-2.155333,84.55416666666666
2022-02-09,0,,8.0,-3.605583,106.06666666666663
2022-02-10,0,,0.4,-1.849916,102.82916666666668
2022-02-11,0,,0.0,4.028875,98.5
2022-02-12,0,,0.0,2.501125,94.05
2022-02-13,0,,0.6,-1.311875,92.52085
2022-02-14,0,,1.2,-1.96925,90.85
2022-02-15,0,,0.0,-0.1062083,88.38333
2022-02-16,0,,0.0,3.731833,85.24583333333334
2022-02-17,0,,0.0,4.599583,81.31250000000001
2022-02-18,0,,21.2,-0.744625,79.83749999999999
2022-02-19,0,,0.0,2.673084,76.99584
2022-02-20,0,,0.0,5.941499,74.15
2022-02-21,0,,0.0,7.175459,71.06666666666666
2022-02-22,0,,0.2,6.930833,66.55000000000001
2022-02-23,0,,4.400001,2.971425,62.14166666666666
2022-02-24,2,inflow_m3_statistical_outlier,47.2,-1.092792,75.2583333333333
2022-02-25,2,inflow_m3_statistical_outlier,17.8,-2.068,86.65833333333333
2022-02-26,0,,0.0,-0.09558329,83.94583333333334
2022-02-27,0,,4.8,1.616167,80.61250000000001
2022-02-28,0,,2.0,-1.645208,78.22749999999999
2022-03-01,0,,0.6,-3.64725,77.71083333333334
2022-03-02,0,,2.6,-4.557667,77.73333333333333
2022-03-03,0,,7.0,-4.4075,83.275
2022-03-04,0,,0.0,-1.439375,81.49583333333334
2022-03-05,0,,0.4,0.1317084,80.19916666666667
2022-03-06,0,,0.2,1.035458,78.82083333333334
2022-03-07,0,,4.799999,-1.501375,78.35833
2022-03-08,0,,14.2,-3.334416,87.82916666666667
2022-03-09,0,,9.999999,-5.255833,97.80417
2022-03-10,0,,8.599999,-6.839666,112.1125
2022-03-11,0,,14.0,-9.19204,134.05416666666665
2022-03-12,0,,5.2,-8.524834,135.18749999999997
2022-03-13,0,,0.0,-6.922958,129.4
2022-03-14,0,,0.0,-4.657292,124.79583333333336
2022-03-15,0,,0.0,-3.821708,123.45833333333334
2022-03-16,0,,1.0,0.06237497,121.6875
2022-03-17,0,,10.0,-4.701083,125.58333333333334
2022-03-18,0,,19.8,-7.890543,147.54583333333332
2022-03-19,0,,21.2,-6.947708,172.80416666666667
2022-03-20,0,,3.8,-5.548916,172.80000000000004
2022-03-21,0,,2.0,-4.462325,168.1375
2022-03-22,0,,0.2,-3.07425,165.825
2022-03-23,0,,8.4,-2.683875,165.01583333333335
2022-03-24,0,,0.8,-1.63675,163.63750000000005
2022-03-25,0,,0.8,1.092167,151.89166666666665
2022-03-26,0,,0.0,-0.3383751,146.40416666666664
2022-03-27,0,,0.0,6.17375,135.74166666666665
2022-03-28,0,,0.0,8.878959,123.9375
2022-03-29,0,,0.0,6.919668,114.6667
2022-03-30,2,inflow_m3_statistical_outlier,0.0,9.019834,104.3125
2022-03-31,2,inflow_m3_statistical_outlier,0.0,11.66017,94.22916666666664
2022-04-01,2,inflow_m3_statistical_outlier,0.0,14.69958,75.36470588235295
2022-04-02,2,inflow_m3_statistical_outlier,0.0,11.79583,63.72083333333333
2022-04-03,2,inflow_m3_statistical_outlier,2.6,6.434917,54.254166666666656
2022-04-04,2,inflow_m3_statistical_outlier,2.0,4.092929,49.79583333333333
2022-04-05,0,,0.0,4.706995,45.516666666666666
2022-04-06,0,,0.0,7.491041,39.20833333333333
2022-04-07,2,inflow_m3_statistical_outlier,15.2,9.995749,28.7375
2022-04-08,2,inflow_m3_statistical_outlier,2.4,9.357793,17.03333333333333
2022-04-09,2,inflow_m3_statistical_outlier;evaporation_m3_statistical_outlier,0.0,13.70833,6.408333333333331
2022-04-10,2,inflow_m3_statistical_outlier,0.4,13.35963,0.425
2022-04-11,2,inflow_m3_statistical_outlier,22.2,-0.4330834,1.3175
2022-04-12,0,,0.8,0.2688332,0.0
2022-04-13,0,,0.0,2.546292,0.0
2022-04-14,0,,0.0,6.359667,0.0
2022-04-15,0,,0.0,10.14258,0.0
2022-04-16,0,,0.0,13.3675,0.0
2022-04-17,0,,6.999999,6.213449,0.0
2022-04-18,0,,10.6,1.697208,0.0
2022-04-19,0,,3.8,0.1528333,0.0
2022-04-20,0,,1.0,6.294291,0.0
2022-04-21,0,,0.0,7.011333,0.0
2022-04-22,0,,0.0,15.60375,0.0
2022-04-23,0,,0.0,15.48125,0.0
2022-04-24,0,,0.0,14.72625,0.0
2022-04-25,0,,0.0,15.85083,0.0
2022-04-26,0,,0.0,13.85045,0.0
2022-04-27,0,,0.0,12.4825,0.0
2022-04-28,0,,0.0,11.21433,0.0
2022-04-29,0,,0.0,8.148126,0.0
2022-04-30,0,,4.4,6.420875,0.0
2022-05-01,0,,0.4,5.856375,0.0
2022-05-02,0,,1.8,8.153708,0.0
2022-05-03,0,,4.2,5.850125,0.0
2022-05-04,0,,8.2,3.387375,0.0
2022-05-05,0,,0.0,6.160083,0.0
2022-05-06,0,,0.0,5.721375,0.0
2022-05-07,0,,0.0,5.314958,0.0
2022-05-08,0,,0.0,7.505167,0.0
2022-05-09,0,,0.0,6.40675,0.0
2022-05-10,0,,0.0,8.216208,0.0
2022-05-11,0,,0.0,10.45429,0.0
2022-05-12,0,,0.0,14.0375,0.0
2022-05-13,0,,0.0,16.43125,0.0
2022-05-14,0,,0.0,15.58785,0.0
2022-05-15,0,,0.0,15.03417,0.0
2022-05-16,0,,0.0,14.91292,0.0
2022-05-17,0,,0.0,15.56917,0.0
2022-05-18,0,,16.6,9.048959,0.0
2022-05-19,0,,0.0,4.61175,0.0
2022-05-20,0,,0.0,11.097,0.0
2022-05-21,0,,0.0,16.1675,0.0
2022-05-22,0,,0.0,15.6225,0.0
2022-05-23,0,,1.4,12.24567,0.0
2022-05-24,0,,0.6,14.83583,0.0
2022-05-25,0,,0.0,16.79875,0.0
2022-05-26,0,,0.0,19.32125,0.0
2022-05-27,0,,0.0,18.28208,0.0
2022-05-28,0,,0.0,19.67958,0.0
2022-05-29,0,,0.0,21.78792,0.0
2022-05-30,0,,0.0,19.1675,0.0
2022-05-31,0,,0.0,15.78834,0.0
2022-06-01,0,,0.0,16.28917,0.0
2022-06-02,0,,0.0,14.65375,0.0
2022-06-03,0,,0.0,15.13792,0.0
2022-06-04,0,,0.0,15.93042,0.0
2022-06-05,0,,0.0,17.13667,0.0
2022-06-06,0,,0.0,14.67375,0.0
2022-06-07,0,,3.0,12.14963,0.0
2022-06-08,0,,0.6,12.67083,0.0
2022-06-09,0,,0.6,17.09208,0.0
2022-06-10,0,,1.8,19.18292,0.0
2022-06-11,0,,10.2,13.92667,0.0
2022-06-12,0,,36.6,13.47375,0.0
2022-06-13,0,,0.2,15.41417,0.0
2022-06-14,0,,0.0,17.23083,0.0
2022-06-15,0,,18.0,14.84167,0.0
2022-06-16,0,,0.0,13.32625,0.0
2022-06-17,0,,0.0,13.84458,0.0
2022-06-18,0,,0.0,14.02958,0.0
2022-06-19,0,,0.0,13.41084,0.0
2022-06-20,0,,3.2,14.48125,0.0
2022-06-21,0,,0.4,16.47959,0.0
2022-06-22,0,,0.0,18.65042,0.0
2022-06-23,0,,0.2,16.4492,0.0
2022-06-24,0,,8.6,13.9525,0.0
2022-06-25,0,,0.0,14.22397,0.0
2022-06-26,0,,0.0,13.98125,0.0
2022-06-27,0,,38.0,14.24318,0.0
2022-06-28,0,,4.2,14.11792,0.0
2022-06-29,0,,10.4,13.92125,0.0
2022-06-30,0,,0.0,15.15844,0.0
2022-07-01,0,,0.0,17.02792,0.0
2022-07-02,0,,0.0,16.78875,0.0
2022-07-03,0,,0.0,14.20625,0.0
2022-07-04,0,,0.0,14.65208,0.0
2022-07-05,0,,0.0,15.6,0.0
2022-07-06,0,,0.0,17.24542,0.0
2022-07-07,0,,0.0,16.97042,0.0
2022-07-08,0,,4.8,16.13802,0.0
2022-07-09,0,,15.2,15.04583,0.0
2022-07-10,0,,2.6,12.9525,0.0
2022-07-11,0,,0.6,14.65042,0.0
2022-07-12,0,,0.0,14.91958,0.0
2022-07-13,0,,0.4,13.86708,0.0
2022-07-14,0,,0.0,15.39458,0.0
2022-07-15,0,,0.0,15.55583,0.0
2022-07-16,0,,0.0,16.17917,0.0
2022-07-17,0,,0.0,17.29125,0.0
2022-07-18,0,,0.0,14.23667,0.0
2022-07-19,0,,0.0,14.37417,0.0
2022-07-20,0,,0.0,14.74875,0.0
2022-07-21,0,,0.0,16.93791,0.0
2022-07-22,0,,0.0,16.80333,0.0
2022-07-23,0,,0.0,18.0325,0.0
2022-07-24,0,,0.0,18.67292,0.0
2022-07-25,0,,0.0,17.62125,0.0
2022-07-26,0,,0.0,18.07625,0.0
2022-07-27,0,,0.0,18.92084,0.0
2022-07-28,0,,0.0,18.31208,0.0
2022-07-29,0,,0.0,17.55083,0.0
2022-07-30,0,,0.0,17.895,0.0
2022-07-31,0,,0.0,18.17,0.0
2022-08-01,0,,0.0,17.05167,0.0
2022-08-02,0,,0.0,16.86584,0.0
2022-08-03,0,,0.0,16.97792,0.0
2022-08-04,0,,0.4,16.27709,0.0
2022-08-05,0,,0.0,17.81333,0.0
2022-08-06,0,,0.0,17.76666,0.0
2022-08-07,0,,0.0,17.96292,0.0
2022-08-08,0,,10.6,18.87708,0.0
2022-08-09,0,,0.8,17.605,0.0
2022-08-10,0,,3.0,17.73667,0.0
2022-08-11,0,,1.8,15.49125,0.0
2022-08-12,0,,0.0,17.2525,0.0
2022-08-13,0,,0.4,16.83125,0.0
2022-08-14,0,,2.0,18.92875,0.0
2022-08-15,0,,12.6,16.12917,0.0
2022-08-16,0,,0.2,20.42125,0.0
2022-08-17,0,,0.0,20.43208,0.0
2022-08-18,0,,0.0,20.21708,0.0
2022-08-19,0,,0.0,18.09625,0.0
2022-08-20,0,,0.0,18.5375,0.0
2022-08-21,0,,0.0,18.40125,0.0
2022-08-22,0,,1.2,19.905,0.0
2022-08-23,0,,0.0,20.66625,0.0
2022-08-24,0,,8.4,18.44584,0.0
2022-08-25,0,,0.2,18.04708,0.0
2022-08-26,0,,2.2,17.81125,0.0
2022-08-27,0,,0.4,18.34625,0.0
2022-08-28,0,,0.0,19.34167,0.0
2022-08-29,0,,2.2,19.39125,0.0
2022-08-30,0,,0.0,19.08167,0.0
2022-08-31,0,,1.6,17.43917,0.0
2022-09-01,0,,0.6,17.49,0.0
2022-09-02,0,,0.0,19.57958,0.0
2022-09-03,0,,4.2,17.33958,0.0
2022-09-04,0,,2.2,14.52667,0.0
2022-09-05,0,,12.8,11.15958,0.0
2022-09-06,0,,15.2,11.95708,0.0
2022-09-07,0,,0.2,11.74958,0.0
2022-09-08,0,,0.0,13.89,0.0
2022-09-09,0,,0.0,16.71708,0.0
2022-09-10,0,,0.0,19.91334,0.0
2022-09-11,0,,0.0,18.34917,0.0
2022-09-12,0,,7.4,12.06542,0.0
2022-09-13,0,,0.0,11.49667,0.0
2022-09-14,0,,0.0,13.87625,0.0
2022-09-15,0,,0.0,19.74291,0.0
2022-09-16,0,,0.0,21.91292,0.0
2022-09-17,0,,0.0,22.2775,0.0
2022-09-18,0,,0.0,15.29458,0.0
2022-09-19,0,,0.0,11.34667,0.0
2022-09-20,0,,0.0,10.54917,0.0
2022-09-21,0,,12.6,9.571626,0.0
2022-09-22,0,,10.4,5.032417,0.0
2022-09-23,0,,9.6,6.380501,0.0
2022-09-24,0,,0.0,8.561625,0.0
2022-09-25,0,,0.0,12.42792,0.0
2022-09-26,0,,0.0,15.48792,0.0
2022-09-27,0,,0.0,17.26333,0.0
2022-09-28,0,,3.2,15.08792,0.0
2022-09-29,0,,0.0,16.205,0.0
2022-09-30,0,,0.0,18.64834,0.0
2022-10-01,0,,0.0,20.08667,0.0
2022-10-02,0,,1.6,12.53,0.0
2022-10-03,0,,1.2,11.38083,0.0
2022-10-04,0,,18.4,7.072459,0.0
2022-10-05,0,,0.2,8.039958,0.0
2022-10-06,0,,10.0,9.712501,0.0
2022-10-07,0,,48.6,9.12375,0.0
2022-10-08,0,,48.6,8.946001,0.0
2022-10-09,0,,0.0,8.559916,0.0
2022-10-10,0,,1.6,9.541792,0.0
2022-10-11,0,,0.0,9.92875,0.0
2022-10-12,0,,0.4,8.817208,0.0
2022-10-13,0,,0.0,9.113208,0.0
2022-10-14,0,,3.0,9.041708,0.0
2022-10-15,0,,24.4,8.773749,0.0
2022-10-16,1,precip_kartepe_mm_out_of_range;precip_kartepe_mm_imputed_linear,73.60001,8.603084,0.0
2022-10-17,0,,9.4,8.616624,0.0
2022-10-18,0,,1.6,8.611459,0.0
2022-10-19,0,,3.0,8.655375,0.0
2022-10-20,0,,4.4,6.355458,0.0
2022-10-21,0,,0.0,4.204625,0.0
2022-10-22,0,,0.0,8.612458,0.0
2022-10-23,0,,0.0,11.45792,0.0
2022-10-24,0,,0.0,11.26042,0.0
2022-10-25,0,,0.0,12.665,0.0
2022-10-26,0,,0.0,11.14542,0.0
2022-10-27,0,,0.0,7.888084,0.0
2022-10-28,0,,0.0,6.542334,0.0
2022-10-29,0,,0.0,6.610667,0.0
2022-10-30,0,,0.0,9.495209,0.0
2022-10-31,0,,0.0,8.168959,0.0
2022-11-01,0,,0.0,7.777084,0.0
2022-11-02,0,,0.0,12.8075,0.0
2022-11-03,0,,0.0,10.14988,0.0
2022-11-04,0,,0.0,12.84375,0.0
2022-11-05,0,,0.0,15.67625,0.0
2022-11-06,0,,0.0,14.58525,0.0
2022-11-07,0,,2.8,6.592041,0.0
2022-11-08,0,,0.0,4.379875,0.0
2022-11-09,0,,0.0,4.552667,0.0
2022-11-10,0,,0.0,6.680749,0.0
2022-11-11,0,,0.0,6.204708,0.0
2022-11-12,0,,0.0,6.232125,0.0
2022-11-13,0,,0.0,6.50175,0.0
2022-11-14,0,,0.0,4.9115,0.0
2022-11-15,0,,0.0,5.534666,0.0
2022-11-16,0,,0.0,6.969958,0.0
2022-11-17,0,,5.0,9.881833,0.0
2022-11-18,0,,0.6,11.7975,0.0
2022-11-19,0,,0.0,13.96833,0.0
2022-11-20,0,,0.0,14.07166,0.0
2022-11-21,0,,5.4,10.82996,0.0
2022-11-22,0,,1.6,8.167208,0.0
2022-11-23,0,,4.0,8.322791,0.0
2022-11-24,0,,14.6,5.90975,0.0
2022-11-25,0,,7.6,1.830917,0.0
2022-11-26,0,,5.799999,0.6229166,0.0
2022-11-27,0,,0.0,1.340667,0.0
2022-11-28,0,,0.0,4.605333,0.0
2022-11-29,0,,0.2,6.042374,0.0
2022-11-30,0,,0.2,6.480417,0.0
2022-12-01,0,,5.0,7.776542,0.0
2022-12-02,0,,9.0,6.333584,0.0
2022-12-03,0,,2.2,3.827042,0.0
2022-12-04,0,,0.0,3.536667,0.0
2022-12-05,0,,0.0,3.593042,0.0
2022-12-06,0,,0.0,3.006958,0.0
2022-12-07,0,,0.0,3.390542,0.0
2022-12-08,0,,0.4,7.639459,0.0
2022-12-09,0,,0.0,9.263915,0.0
2022-12-10,0,,3.2,9.462083,0.0
2022-12-11,0,,6.2,9.595416,0.0
2022-12-12,0,,0.8,8.279792,0.0
2022-12-13,0,,25.6,0.3608333,0.0
2022-12-14,0,,0.0,3.801375,0.0
2022-12-15,0,,12.0,9.249167,0.0
2022-12-16,0,,0.0,11.14375,0.0
2022-12-17,0,,0.0,11.865,0.0
2022-12-18,0,,7.6,5.69325,0.0
2022-12-19,0,,30.0,2.092667,6.85
2022-12-20,0,,0.0,-3.404416,10.61667
2022-12-21,0,,0.0,0.4865833,8.475
2022-12-22,0,,1.0,0.4706251,8.354167
2022-12-23,0,,0.0,1.521708,7.28
2022-12-24,0,,0.2,2.757208,5.708333
2022-12-25,0,,0.6,2.114917,3.058333
2022-12-26,0,,0.0,1.689834,0.0
2022-12-27,0,,0.0,5.777333,0.0
2022-12-28,0,,1.6,3.395391,0.0
2022-12-29,0,,0.0,6.032956,0.0
2022-12-30,0,,0.0,5.714167,0.0
2022-12-31,0,,0.0,5.124042,0.0
2023-01-01,0,,0.0,4.844783,0.0
2023-01-02,0,,0.0,6.195044,0.0
2023-01-03,0,,0.0,6.957783,0.0
2023-01-04,0,,0.8,3.459696,0.0
2023-01-05,0,,0.0,3.95587,0.0
2023-01-06,0,,1.4,2.258958,0.0
2023-01-07,0,,0.0,2.278333,0.0
2023-01-08,0,,0.0,2.337131,0.0
2023-01-09,0,,0.0,0.08921738,0.0
2023-01-10,0,,0.0,4.748695,0.0
2023-01-11,0,,12.6,5.536652,0.0
2023-01-12,0,,0.4,4.928521,0.0
2023-01-13,0,,0.0,2.970125,0.0
2023-01-14,0,,0.0,1.926125,0.0
2023-01-15,0,,0.0,1.486348,0.0
2023-01-16,0,,0.0,4.484739,0.0
2023-01-17,0,,0.0,7.579783,0.0
2023-01-18,0,,0.0,9.421782,0.0
2023-01-19,0,,0.0,9.976583,0.0
2023-01-20,0,,0.4,7.819251,0.0
2023-01-21,0,,0.0,7.904501,0.0
2023-01-22,0,,0.0,6.811125,0.0
2023-01-23,0,,0.0,1.742666,0.0
2023-01-24,0,,1.4,-0.6212083,0.0
2023-01-25,0,,9.4,-1.593625,3.390833333333334
2023-01-26,0,,0.0,4.376875,2.141666666666668
2023-01-27,0,,2.4,3.90525,0.5
2023-01-28,0,,10.0,-0.4225001,1.0708333333333333
2023-01-29,0,,3.2,-3.975208,3.508333333333334
2023-01-30,0,,4.4,-4.7975,7.841666666666666
2023-01-31,0,,12.4,-4.003791,10.150000000000002
2023-02-01,0,,10.8,-4.130833,27.39583333333333
2023-02-02,0,,20.8,-2.326917,32.39583333333333
2023-02-03,0,,2.8,-4.207834,42.66666666666666
2023-02-04,0,,3.4,-3.305458,40.00416666666667
2023-02-05,0,,37.8,-2.9845,56.81666666666667
2023-02-06,0,,10.6,-4.48925,82.8736842105263
2023-02-07,0,,19.4,-6.519417,111.85833333333336
2023-02-08,0,,29.6,-5.246209,139.44166666666663
2023-02-09,0,,28.8,-4.590625,150.30416666666667
2023-02-10,0,,9.0,-4.562459,150.8
2023-02-11,0,,1.4,-5.765584,147.13684210526316
2023-02-12,0,,2.6,-3.908917,140.625
2023-02-13,0,,0.0,-4.431759,138.42083333333335
2023-02-14,0,,0.4,-2.821333,134.5042
2023-02-15,0,,4.0,-4.336042,133.5542
2023-02-16,0,,0.0,-2.933875,131.0917
2023-02-17,0,,0.0,1.741708,125.5875
2023-02-18,0,,0.0,4.925125,113.4838
2023-02-19,0,,0.0,6.604582,92.86249
2023-02-20,0,,15.2,1.178192,83.49583
2023-02-21,0,,0.0,5.132,75.19166
2023-02-22,0,,0.0,7.052292,67.79166
2023-02-23,0,,0.0,5.811896,63.0
2023-02-24,0,,0.0,7.160126,58.74166666666668
2023-02-25,0,,0.0,7.896749,54.17917
2023-02-26,0,,0.0,8.941542,46.825
2023-02-27,2,inflow_m3_statistical_outlier,1.6,10.37338,39.05
2023-02-28,0,,1.8,9.283834,34.24583
2023-03-01,2,inflow_m3_statistical_outlier,0.2,4.356334,28.6125
2023-03-02,0,,0.0,0.76175,25.91667
2023-03-03,0,,0.0,2.310792,23.10417
2023-03-04,0,,0.8,4.734917,19.01667
2023-03-05,0,,28.0,2.726709,15.67917
2023-03-06,0,,2.4,3.483917,12.5875
2023-03-07,0,,0.8,5.998542,9.033332
2023-03-08,0,,1.4,7.208292,1.929167
2023-03-09,0,,0.0,7.630043,0.0
2023-03-10,0,,0.4,9.995667,0.0
2023-03-11,0,,30.6,6.365375,0.0
2023-03-12,0,,6.6,6.365375,0.0
2023-03-13,0,,0.4,-2.224875,0.0
2023-03-14,0,,0.0,0.1242501,0.0
2023-03-15,0,,1.4,2.0942085500000003,0.0
2023-03-16,0,,7.2,4.064167,0.0
2023-03-17,2,inflow_m3_statistical_outlier,38.00001,0.183125,0.0
2023-03-18,2,inflow_m3_statistical_outlier,16.2,0.65675,0.0
2023-03-19,2,inflow_m3_statistical_outlier,12.2,2.045375,0.0
2023-03-20,2,inflow_m3_statistical_outlier,0.0,4.01525,0.0
2023-03-21,0,,0.0,9.391463,0.0
2023-03-22,0,,2.0,4.387629,0.0
2023-03-23,0,,2.6,1.827417,0.0
2023-03-24,0,,0.0,5.741416,0.0
2023-03-25,0,,0.0,9.245292,0.0
2023-03-26,0,,6.6,6.058916,0.0
2023-03-27,0,,10.2,11.22862,0.0
2023-03-28,0,,14.4,-0.5925419,4.345833333333333
2023-03-29,0,,0.0,-5.254752,36.712500000000006
2023-03-30,0,,0.1,-3.0,35.4215
2023-03-31,0,,0.0,5.0,28.0
2023-04-01,0,,0.3,10.0,15.0
2023-04-02,0,,8.0,6.0,8.0
2023-04-03,0,,0.0,12.59542,3.9800000000000018
2023-04-04,0,,8.599999,7.778166,1.9
2023-04-05,0,,6.0,2.216667,0.0
2023-04-06,0,,5.8,3.579541,0.0
2023-04-07,0,,0.0,1.287125,0.0
2023-04-08,0,,0.0,5.106875,0.0
2023-04-09,0,,0.2,3.334291,0.0
2023-04-10,0,,9.0,2.099208,0.0
2023-04-11,0,,6.2,1.857959,0.0
2023-04-12,0,,0.8,2.617334,0.0
2023-04-13,0,,0.0,7.121042,0.0
2023-04-14,0,,0.0,13.80625,0.0
2023-04-15,0,,0.0,15.32334,0.0
2023-04-16,0,,0.2,13.92167,0.0
2023-04-17,0,,0.0,12.0525,0.0
2023-04-18,0,,5.2,9.981584,0.0
2023-04-19,0,,0.0,7.197665,0.0
2023-04-20,0,,2.2,6.304001,0.0
2023-04-21,0,,4.6,6.671417,0.0
2023-04-22,0,,0.0,6.991333,0.0
2023-04-23,0,,0.0,4.488916,0.0
2023-04-24,0,,0.0,8.951125,0.0
2023-04-25,0,,1.8,11.22167,0.0
2023-04-26,0,,13.6,8.119479,0.0
2023-04-27,2,inflow_m3_statistical_outlier,44.8,3.032916,0.0
2023-04-28,0,,0.0,1.71175,0.0
2023-04-29,0,,2.6,2.207329,0.0
2023-04-30,0,,0.0,7.835375,0.0
2023-05-01,0,,0.0,8.948999,0.0
2023-05-02,0,,0.0,11.71138,0.0
2023-05-03,0,,2.8,16.00459,0.0
2023-05-04,0,,1.0,11.57471,0.0
2023-05-05,0,,6.0,5.963584,0.0
2023-05-06,0,,0.4,5.044042,0.0
2023-05-07,0,,1.0,6.931875,0.0
2023-05-08,0,,0.8,7.253916,0.0
2023-05-09,0,,4.8,4.792,0.0
2023-05-10,0,,2.6,4.465042,0.0
2023-05-11,0,,1.0,4.719625,0.0
2023-05-12,0,,4.2,5.121417,0.0
2023-05-13,0,,0.4,5.831749,0.0
2023-05-14,0,,0.0,11.32417,0.0
2023-05-15,0,,0.0,17.34167,0.0
2023-05-16,0,,0.0,19.11792,0.0
2023-05-17,0,,24.8,12.20042,0.0
2023-05-18,0,,2.2,8.824042,0.0
2023-05-19,0,,2.8,7.768708,0.0
2023-05-20,0,,0.2,9.454875,0.0
2023-05-21,0,,0.4,11.23042,0.0
2023-05-22,0,,1.0,8.758958,0.0
2023-05-23,0,,2.6,9.2925,0.0
2023-05-24,0,,1.2,10.04583,0.0
2023-05-25,0,,0.0,11.06625,0.0
2023-05-26,0,,0.2,13.015,0.0
2023-05-27,0,,1.0,11.75792,0.0
2023-05-28,0,,1.8,11.27375,0.0
2023-05-29,0,,3.2,11.19875,0.0
2023-05-30,0,,11.6,12.10041,0.0
2023-05-31,0,,0.0,12.13667,0.0
2023-06-01,0,,0.0,13.62208,0.0
2023-06-02,0,,5.8,14.72542,0.0
2023-06-03,0,,34.6,12.08667,0.0
2023-06-04,0,,7.200001,10.7575,0.0
2023-06-05,0,,0.0,10.95208,0.0
2023-06-06,0,,0.0,12.50792,0.0
2023-06-07,0,,0.0,15.655,0.0
2023-06-08,0,,0.8,14.58,0.0
2023-06-09,0,,0.0,12.32208,0.0
2023-06-10,0,,0.2,14.79875,0.0
2023-06-11,0,,0.0,14.34583,0.0
2023-06-12,0,,11.0,11.72917,0.0
2023-06-13,0,,5.800001,10.82958,0.0
2023-06-14,0,,3.2,12.5425,0.0
2023-06-15,0,,0.0,16.91083,0.0
2023-06-16,0,,3.8,18.34167,0.0
2023-06-17,0,,29.6,14.59333,0.0
2023-06-18,0,,9.0,13.76583,0.0
2023-06-19,0,,5.0,14.12227,0.0
2023-06-20,0,,0.4,14.37333,0.0
2023-06-21,0,,0.0,15.3325,0.0
2023-06-22,0,,0.0,16.67417,0.0
2023-06-23,0,,0.0,18.42375,0.0
2023-06-24,0,,0.0,20.28833,0.0
2023-06-25,0,,0.0,18.36666,0.0
2023-06-26,0,,5.0,16.465,0.0
2023-06-27,0,,0.2,15.53667,0.0
2023-06-28,0,,0.0,17.43417,0.0
2023-06-29,0,,6.0,12.49942,0.0
2023-06-30,0,,0.0,15.36833,0.0
2023-07-01,0,,0.0,17.86667,0.0
2023-07-02,0,,0.0,21.36,0.0
2023-07-03,0,,0.0,19.39417,0.0
2023-07-04,0,,0.0,18.62833,0.0
2023-07-05,0,,3.0,18.45458,0.0
2023-07-06,0,,0.0,18.18917,0.0
2023-07-07,0,,45.6,19.66916,0.0
2023-07-08,0,,73.2,13.77917,0.0
2023-07-09,2,inflow_m3_statistical_outlier,13.0,11.81417,0.0
2023-07-10,0,,0.0,16.14334,0.0
2023-07-11,0,,0.0,19.50542,0.0
2023-07-12,0,,0.0,21.24833,0.0
2023-07-13,0,,0.0,23.06083,0.0
2023-07-14,0,,0.0,22.7425,0.0
2023-07-15,0,,0.0,18.51375,0.0
2023-07-16,0,,0.0,16.70458,0.0
2023-07-17,0,,0.0,16.99084,0.0
2023-07-18,0,,0.0,16.85,0.0
2023-07-19,0,,0.0,19.84333,0.0
2023-07-20,0,,0.0,22.72125,0.0
2023-07-21,0,,0.0,20.795,0.0
2023-07-22,0,,0.0,23.94,0.0
2023-07-23,0,,0.2,21.19167,0.0
2023-07-24,0,,0.0,16.99625,0.0
2023-07-25,0,,0.0,22.06542,0.0
2023-07-26,0,,0.0,26.495,0.0
2023-07-27,0,,3.8,15.37792,0.0
2023-07-28,0,,0.0,15.29792,0.0
2023-07-29,0,,0.0,15.31417,0.0
2023-07-30,0,,0.0,15.61708,0.0
2023-07-31,0,,0.0,16.50375,0.0
2023-08-01,0,,0.0,17.51875,0.0
2023-08-02,0,,0.0,20.73542,0.0
2023-08-03,0,,0.0,23.15167,0.0
2023-08-04,0,,0.0,23.31833,0.0
2023-08-05,2,outflow_treatment_m3_statistical_outlier,0.0,25.57874,0.0
2023-08-06,2,outflow_treatment_m3_statistical_outlier,0.0,22.60834,0.0
2023-08-07,2,outflow_treatment_m3_statistical_outlier,0.0,19.64333,0.0
2023-08-08,0,,16.4,16.1025,0.0
2023-08-09,0,,22.0,14.67917,0.0
2023-08-10,0,,4.0,15.595,0.0
2023-08-11,0,,27.4,14.58042,0.0
2023-08-12,0,,0.0,15.40042,0.0
2023-08-13,0,,2.6,17.795,0.0
2023-08-14,0,,0.8,22.26792,0.0
2023-08-15,0,,0.0,23.37417,0.0
2023-08-16,0,,0.0,19.93574,0.0
2023-08-17,0,,0.0,19.9225,0.0
2023-08-18,0,,0.0,20.35083,0.0
2023-08-19,0,,0.0,18.27667,0.0
2023-08-20,0,,0.0,18.50833,0.0
2023-08-21,0,,0.0,20.07708,0.0
2023-08-22,0,,0.0,21.00125,0.0
2023-08-23,0,,0.0,19.74625,0.0
2023-08-24,0,,0.0,17.97459,0.0
2023-08-25,0,,0.0,19.05083,0.0
2023-08-26,0,,0.0,18.80375,0.0
2023-08-27,0,,0.0,18.11,0.0
2023-08-28,0,,0.0,16.82917,0.0
2023-08-29,0,,0.0,20.02583,0.0
2023-08-30,0,,0.0,21.64792,0.0
2023-08-31,0,,0.0,20.41667,0.0
2023-09-01,0,,0.8,17.75958,0.0
2023-09-02,0,,10.2,17.32917,0.0
2023-09-03,0,,17.4,14.16875,0.0
2023-09-04,0,,0.0,15.75208,0.0
2023-09-05,0,,0.8,17.12875,0.0
2023-09-06,0,,0.0,16.39458,0.0
2023-09-07,0,,0.0,15.58917,0.0
2023-09-08,0,,0.0,13.81917,0.0
2023-09-09,0,,0.0,13.66542,0.0
2023-09-10,0,,0.0,13.14833,0.0
2023-09-11,0,,0.0,12.1025,0.0
2023-09-12,0,,0.0,12.39209,0.0
2023-09-13,0,,0.0,14.26709,0.0
2023-09-14,0,,0.0,17.0,0.0
2023-09-15,0,,0.0,14.32,0.0
2023-09-16,0,,0.0,14.51125,0.0
2023-09-17,0,,0.0,13.53792,0.0
2023-09-18,0,,0.0,12.83833,0.0
2023-09-19,0,,0.0,12.65917,0.0
2023-09-20,0,,0.0,13.3475,0.0
2023-09-21,0,,0.0,14.31667,0.0
2023-09-22,0,,0.0,18.66958,0.0
2023-09-23,0,,0.0,18.83625,0.0
2023-09-24,0,,0.0,16.38083,0.0
2023-09-25,0,,0.0,15.72208,0.0
2023-09-26,0,,0.0,14.9225,0.0
2023-09-27,0,,1.6,14.90667,0.0
2023-09-28,0,,1.8,14.73652,0.0
2023-09-29,0,,8.599999,14.13792,0.0
2023-09-30,0,,23.4,13.23208,0.0
2023-10-01,0,,51.0,11.99208,0.0
2023-10-02,0,,13.4,9.986251,0.0
2023-10-03,0,,0.6,9.709126,0.0
2023-10-04,0,,0.0,10.99833,0.0
2023-10-05,0,,0.0,11.98042,0.0
2023-10-06,0,,0.0,11.77208,0.0
2023-10-07,0,,0.0,12.34417,0.0
2023-10-08,0,,13.4,14.7,0.0
2023-10-09,0,,8.4,6.989542,0.0
2023-10-10,0,,2.0,8.635333,0.0
2023-10-11,0,,0.6,7.994,0.0
2023-10-12,0,,0.0,11.2875,0.0
2023-10-13,0,,0.0,11.94167,0.0
2023-10-14,0,,0.0,12.08167,0.0
2023-10-15,0,,0.0,12.82917,0.0
2023-10-16,0,,18.4,7.691418,0.0
2023-10-17,0,,8.200001,7.816124,0.0
2023-10-18,0,,21.2,7.682959,0.0
2023-10-19,0,,0.0,9.220208,0.0
2023-10-20,0,,0.0,15.68792,0.0
2023-10-21,0,,0.0,17.33375,0.0
2023-10-22,0,,0.0,17.97458,0.0
2023-10-23,0,,0.0,17.43667,0.0
2023-10-24,0,,0.0,15.18875,0.0
2023-10-25,0,,0.0,17.335,0.0
2023-10-26,0,,0.2,15.47417,0.0
2023-10-27,0,,0.0,16.22917,0.0
2023-10-28,0,,0.0,15.79208,0.0
2023-10-29,0,,0.0,14.33417,0.0
2023-10-30,0,,0.0,15.74875,0.0
2023-10-31,0,,0.0,15.64583,0.0
2023-11-01,0,,0.0,14.37368,0.0
2023-11-02,0,,14.6,11.26625,0.0
2023-11-03,0,,0.0,15.85125,0.0
2023-11-04,0,,9.2,16.045,0.0
2023-11-05,0,,0.0,13.65833,0.0
2023-11-06,0,,0.0,13.99292,0.0
2023-11-07,0,,0.0,13.31042,0.0
2023-11-08,0,,2.8,14.29004,0.0
2023-11-09,0,,8.999999,5.420624,0.0
2023-11-10,0,,0.0,10.70162,0.0
2023-11-11,0,,26.2,12.50046,0.0
2023-11-12,0,,1.0,9.665416,0.0
2023-11-13,0,,22.4,7.491042,0.0
2023-11-14,0,,0.0,7.851624,0.0
2023-11-15,0,,23.8,10.97842,0.0
2023-11-16,0,,6.0,4.334208,0.0
2023-11-17,0,,0.0,6.658999,0.0
2023-11-18,0,,49.40001,2.254834,2.950000000000001
2023-11-19,0,,0.0,-1.945917,17.691670000000002
2023-11-20,0,,0.0,1.3065,14.400000000000002
2023-11-21,0,,0.0,7.721499,5.791666666666665
2023-11-22,0,,5.0,10.72542,1.0883333333333334
2023-11-23,0,,2.6,7.927333,0.0
2023-11-24,0,,4.599999,9.037292,0.0
2023-11-25,0,,18.0,7.796751,0.0
2023-11-26,0,,17.0,-2.154583,2.8
2023-11-27,0,,0.0,-4.407584,15.204166666666662
2023-11-28,0,,7.6,2.872875,4.270833333333333
2023-11-29,0,,48.6,7.539218,0.0
2023-11-30,0,,0.0,7.0,0.0
2023-12-01,0,,0.0,12.0,0.0
2023-12-02,0,,0.0,15.0,0.0
2023-12-03,0,,0.0,12.0,0.0
2023-12-04,0,,4.4,3.370792,0.0
2023-12-05,0,,0.0,3.857375,0.0
2023-12-06,0,,2.2,6.944416,0.0
2023-12-07,0,,17.0,5.7225,0.0
2023-12-08,0,,46.0,2.25675,0.0
2023-12-09,2,inflow_m3_out_of_range;inflow_m3_statistical_outlier,38.4,0.2286251,0.0
2023-12-10,2,inflow_m3_statistical_outlier,0.2,3.34,0.0
2023-12-11,0,,0.0,3.4715,0.0
2023-12-12,0,,0.0,3.059125,0.0
2023-12-13,0,,0.0,6.049166,0.0
2023-12-14,0,,0.0,11.15646,0.0
2023-12-15,0,,0.0,7.306209,0.0
2023-12-16,0,,40.6,1.060542,1.2166666666666666
2023-12-17,0,,8.999999,-2.612417,9.295833333333336
2023-12-18,0,,0.0,2.165333,7.170833333333334
2023-12-19,0,,0.0,6.11475,6.0
2023-12-20,0,,0.0,6.753541,5.191666666666667
2023-12-21,0,,1.8,5.499,0.5583333333333333
2023-12-22,0,,16.0,6.409,0.0
2023-12-23,0,,1.4,5.405958,0.0
2023-12-24,0,,0.4,3.412583,0.0
2023-12-25,0,,0.0,9.506916,0.0
2023-12-26,0,,0.0,9.821374,0.0
2023-12-27,0,,0.0,7.394249,0.0
2023-12-28,0,,0.0,6.623793,0.0
2023-12-29,0,,0.0,7.420959,0.0
2023-12-30,0,,0.0,7.173126,0.0
2023-12-31,0,,0.0,7.247626,0.0
