date,Q_fused_m3s,P_fused_mm,T_fused_c,E_fused_m3
2006-01-01,11.511636329141387,0.0,4.4486338404282755,1101.1609849187078
2006-01-02,9.833950884667624,0.0,6.681121174210206,1532.604369252481
2006-01-03,8.620215138063077,0.0,8.161043143403223,1451.8895099161232
2006-01-04,7.827198086300141,0.24112179862834632,7.021260452629645,1345.4242508116963
2006-01-05,7.500877368890899,0.8979633677600389,5.106824158290338,261.546783842392
2006-01-06,5.573693792084147,0.1556651659208621,3.954546056332668,763.2425033900588
2006-01-07,7.349720203306175,10.088287020941534,-1.9276961466086115,74.42338282982423
2006-01-08,8.37674816465317,8.392821200065352,-2.532967090811119,129.59627817516255
2006-01-09,7.497215874405899,0.7023996551290028,-3.43156215889007,187.328552342961
2006-01-10,6.626373635975575,1.2013884532104973,-3.3848678732335893,167.13533533037898
2006-01-11,5.921300068465447,2.277072403311141,-3.256239931330719,317.5037711182129
2006-01-12,7.091710772141633,19.841287348801544,-2.3718134781900284,212.0420035674693
2006-01-13,8.295024375220924,16.02522662049109,-3.0535676271875647,25.62008530638113
2006-01-14,7.921753509073373,0.7971079626654348,-3.5942958482089717,110.67495620508072
2006-01-15,4.924115912930435,0.0,-4.291646794785794,118.44872070267972
2006-01-16,5.486769510141066,0.0,-3.388489205918911,538.6016389035333
2006-01-17,5.181726800090952,0.0,-2.9904738346736615,419.0485027531769
2006-01-18,4.484698009793893,2.9824755766702307,0.8448192698796856,704.0680087994048
2006-01-19,12.80458995713266,14.992171185658112,-1.9512974142252313,379.0303595593823
2006-01-20,8.077450580266701,0.9621164716420173,-5.631811645543382,50.61598480587365
2006-01-21,6.937750332002623,2.927188570752248,-0.8766311963840464,638.5436063944367
2006-01-22,6.761168529277889,4.3170606628872505,-1.291300291154888,672.862331225385
2006-01-23,6.96086807077196,1.2793767727759398,-6.831237501802182,7.147708842700401
2006-01-24,5.941389168018093,0.4806117744097565,-7.436568235513608,2.55947626303931
2006-01-25,5.912926764300777,0.4290370543865831,-6.158503980547805,105.9214766607318
2006-01-26,5.131463907298431,1.0997980529334996,-6.85329772728753,226.2962845766917
2006-01-27,4.976699024020781,0.07422523003636394,-7.476589369260731,212.7410864533468
2006-01-28,4.370701236022564,4.533042036954199,-6.281268486216641,862.8230522642085
2006-01-29,4.179316199215114,2.609035346795821,-4.788988274803747,1041.5616739107072
2006-01-30,4.671891457356418,0.686588249156795,-2.162863451773357,1452.2230198141626
2006-01-31,4.7139272474079,1.9911059225547054,0.40823677191373964,1771.389600125371
2006-02-01,4.956293311356881,0.2132809360852344,-1.4044273504592975,1263.8084877403185
2006-02-02,4.839379214149499,0.0,-0.7034509204448226,850.6199380648453
2006-02-03,5.464419707500665,0.0,1.3689503050355334,1341.8113532444395
2006-02-04,6.310646659967718,0.0,0.5616657436462016,1000.0
2006-02-05,5.397167350013054,1.5179008533924558,-1.8954865708545259,486.797211398158
2006-02-06,6.454617677428355,6.899895182149113,-5.087424506036625,12.538458543345923
2006-02-07,5.641150588274305,0.030707305742655178,-5.282371748155623,0.0011075454657402
2006-02-08,5.312054116333908,0.21621455139558315,-4.54603805560953,29.170379366464815
2006-02-09,4.293904857571574,10.821128271661747,-2.0347352142063793,609.6333419947583
2006-02-10,16.971052834969807,33.64995411308079,0.003564948152650696,253.07739783352133
2006-02-11,17.606064507080983,4.300117146425981,-2.9454730542569783,138.79949863807275
2006-02-12,11.199078024201317,3.2084746450075246,-4.58495484814986,259.19216138486314
2006-02-13,8.300308589537993,3.8417489871466692,-5.7679936600841515,112.7598533611561
2006-02-14,7.392681599858659,0.17407169717483506,-7.49353961316836,93.4879844922908
2006-02-15,6.40436620283709,0.7852077368834829,-9.05595769232034,646.7342199724287
2006-02-16,5.465297758810332,3.339592349144226,-4.4363800706147,1951.7173278018936
2006-02-17,7.418079269503718,3.3109772488239435,2.325391320334583,4058.068499654934
2006-02-18,18.46321129759533,1.2631636957074381,5.662051554844611,11.230914002974227
2006-02-19,22.397661468043975,0.14538178380292296,5.267997577172304,12.180617942671203
2006-02-20,24.057315467069465,0.0,5.705139581119187,6.444495175712649
2006-02-21,24.210188989952783,0.0,6.351499379404036,14.31152381534442
2006-02-22,24.46809630251733,0.0,6.968266454554766,14.658790399237931
2006-02-23,24.36540027803776,0.0,6.914937464520375,5.211370900465957
2006-02-24,0.2481046296356481,0.5322529865503812,6.730458317381731,3.3962565731667937
2006-02-25,34.25615342677272,1.5609089336237933,6.062089920910722,5.190096914434313
2006-02-26,37.2052545693759,3.8134389885834326,4.61436736518679,28.57673233257125
2006-02-27,30.43247431491865,2.928725579892343,4.3114312387117115,6.875062518255432
2006-02-28,26.380936437728437,2.455645465262012,6.210167451389385,52.13276807666362
2006-03-01,26.006987005625174,2.497064259930369,4.953116061683792,18.512189174047908
2006-03-02,26.58798844999101,0.24737268603613982,6.535299029819385,2554.97021959817
2006-03-03,44.10213025152577,18.29140010272914,0.6849358692054235,1130.178955676124
2006-03-04,24.220108546283004,0.0,5.628029013353475,3614.9920891952897
2006-03-05,20.13357201580917,0.0,9.47694487452113,4109.22883379041
2006-03-06,20.186137970427268,0.0,10.163282844247373,5209.76929436442
2006-03-07,23.675790110987982,5.658266876139684,3.2675891419515217,1460.501208048622
2006-03-08,22.779821806482616,10.60240585353723,-4.1205707460105545,41.73840514701414
2006-03-09,16.90988175859138,0.34415935058898683,-6.225183465347594,30.1493844015872
2006-03-10,15.096480240992864,7.992144238773497,1.399428941509227,1095.6758480489698
2006-03-11,26.808410919290683,8.932127283308837,5.636115673752056,2098.514489959573
2006-03-12,37.485144317680216,3.927971332764364,8.498290953064872,4319.140551768302
2006-03-13,29.36135591101556,0.9161897552832545,5.669117226192263,1609.2274833355175
2006-03-14,29.190366163803205,12.14422517609097,-0.2890285140638721,205.7597519609351
2006-03-15,23.102772997452547,1.2565195242257112,-1.9119927380977684,212.651932841269
2006-03-16,18.72719296034507,5.293460192213681,-1.4074812456699428,824.3481934958397
2006-03-17,15.122164866793083,0.6526913299190749,-1.219429433670864,101.80026314785704
2006-03-18,14.895555723757756,4.092900421888165,-1.3408222340140268,146.074200100238
2006-03-19,13.58120419309942,3.8062666445638813,-0.08414602906772478,708.8439853055993
2006-03-20,12.458729786306742,0.252044357564,4.834379088906384,2140.048593127868
2006-03-21,12.99650533508468,0.07889690156422415,7.390578711244556,3051.924612283962
2006-03-22,14.949042207452743,0.0,12.913013692750745,4164.460700927456
2006-03-23,19.93362730101243,0.24399516603086832,11.763065209352725,7271.591977138823
2006-03-24,17.63086084691143,0.7712963261959215,-0.10451090786975918,405.3663231631946
2006-03-25,14.465036623946329,0.07889690156422415,-0.9566934905959754,80.42782397781419
2006-03-26,12.608201707041452,0.0,1.4308706854006814,1862.9919930570925
2006-03-27,11.851852894004006,0.0,5.464344821685277,2880.39842000982
2006-03-28,11.657949141371446,0.0,9.319905142194042,5449.691588355494
2006-03-29,12.204595875202717,0.0,12.562921830613812,7559.319439404645
2006-03-30,12.791861713619824,0.7408691753107342,5.682914828798061,1761.9291006619917
2006-03-31,11.931814279831526,0.0,8.87733361183372,4105.637204669108
2006-04-01,11.19712261987986,0.0,7.5592143991953105,2800.7645662759664
2006-04-02,10.830873939581782,0.0,8.07907347201506,3337.3354554300104
2006-04-03,10.300985657382355,0.0,7.3918010000148895,3919.518387181034
2006-04-04,10.68552456032276,0.0,2.3993081722932175,865.2579707660027
2006-04-05,9.46946803888538,0.0,3.895259777211706,1243.5225280775
2006-04-06,9.068439328709228,0.0,12.850838808775535,4679.430947474878
2006-04-07,9.44766036779907,0.0,13.277514032734178,5089.927989940246
2006-04-08,9.487768684445992,0.6039351822664711,5.6762258880235255,2568.4336385118886
2006-04-09,8.578585566577123,0.3944845078211207,1.8865323915016283,83.55698812603157
2006-04-10,8.22267330735827,0.0,3.578096629726065,409.2020318274094
2006-04-11,7.896901385155059,0.05082238563190465,14.160639536801577,1952.4099010402892
2006-04-12,8.260439609500544,0.9630694016950753,13.445618083204243,9436.636034828183
2006-04-13,7.449583860296176,0.00730446133819589,10.555549640106928,4557.11745913237
2006-04-14,7.315602186804822,0.9461523308309738,6.029773922155412,810.4535775956355
2006-04-15,6.60673792946965,0.07889690156422415,9.4818806869484,2922.824273850625
2006-04-16,6.5355577113171295,0.00730446133819589,11.637139502129928,4230.727552899592
2006-04-17,6.433975092173341,0.0,11.491804283097002,4593.04539429392
2006-04-18,6.203059273766873,0.0,13.020611696725098,4472.776098689502
2006-04-19,6.037414308715372,0.0,14.782330729629486,5073.128479452179
2006-04-20,5.576416498185583,0.0,8.868153016027707,3234.3512957985968
2006-04-21,5.781238023074428,0.0,7.708361199729332,2821.14606083348
2006-04-22,5.312931244004892,0.0,7.548311489022758,3004.663993100146
2006-04-23,5.2054946512346,0.2264526280441278,5.177459069725653,1310.8611534508589
2006-04-24,5.1325308842074415,0.26703693702748776,4.278264933325847,1108.430784259895
2006-04-25,4.836676023362914,0.07889690156422415,4.259021083116178,3335.7006342303557
2006-04-26,5.003392485547243,0.0,4.23350573740187,4744.8390029567145
2006-04-27,4.499271108826884,0.0,5.886772524420787,4840.278367988941
2006-04-28,4.885561625028574,0.0,5.81447293653637,4392.7478407633935
2006-04-29,4.666641801816533,2.8659244319198267,4.05250825398669,512.9868490215762
2006-04-30,4.723343339887728,0.10155501577374762,5.292440733513104,1039.1201124779454
2006-05-01,4.646208632232572,0.19837811211180828,5.386731363385323,1373.5195206615326
2006-05-02,4.572069506368616,2.1257485758358907,4.132529740602071,1873.789234106121
2006-05-03,4.251236363596648,0.0,3.4347256931710337,3283.5916501561887
2006-05-04,4.131520473302732,0.0,3.116802318449642,2960.457909934206
2006-05-05,4.225289429645262,0.38063635181057176,2.500864690810609,1332.0800355013396
2006-05-06,4.204509899384575,0.14755572647990364,4.224570396395051,1802.9899905148436
2006-05-07,4.200455030762816,0.2264526280441278,4.555751670015449,1802.6112860103117
2006-05-08,3.766661048367986,1.6434071774831973,7.304728570858163,3245.6081646480525
2006-05-09,4.05352336521226,0.112236997117215,9.14918893264072,2954.3915510979823
2006-05-10,3.825446850837122,0.015353652871327589,13.558929483382014,5000.0
2006-05-11,3.2000949313455336,0.0,12.03981644318502,5559.461280752901
2006-05-12,3.942824228395061,10.43275768122761,9.52344360153144,2639.850440174844
2006-05-13,3.7551051484972913,0.32599826968258583,7.930754538926907,923.7305294704338
2006-05-14,3.187739249171229,0.05082238563190465,11.350748036294407,4256.772948480259
2006-05-15,3.308474629433853,0.0,11.622761441584847,3822.948604799653
2006-05-16,3.184937355421749,0.0,7.411918289787103,2966.534337601608
2006-05-17,2.9781634457123527,0.0,11.523336533415556,3370.9834105934783
2006-05-18,2.88040195772679,0.0,12.72124810077927,5115.411186062279
2006-05-19,2.905830146927063,0.0,14.300936548303845,7911.73075129481
2006-05-20,2.837243326511305,1.0744649889243139,16.198995467300023,6555.423402675642
2006-05-21,2.369627394783908,0.0,19.631417925386415,9390.55806025326
2006-05-22,4.134299478181692,0.0,18.501513697675485,7651.618450680381
2006-05-23,1.0566671024800351,0.0,17.41226574083864,7112.670368512106
2006-05-24,2.681226526978632,0.0,18.06440063868839,4584.787257558403
2006-05-25,2.349728348161236,0.0,17.038016797051615,7113.833009183222
2006-05-26,2.0011396278543048,0.02265811420952348,12.7388814479413,6351.560623074378
2006-05-27,2.605710098691055,0.02265811420952348,14.071284001106015,4506.3661370385125
2006-05-28,2.581303934274103,0.0,16.008192349036065,5916.268619639679
2006-05-29,1.806823265957895,0.0,19.641294004099638,9399.428667250506
2006-05-30,2.29997783490657,0.0,21.388968362604526,9473.401163433158
2006-05-31,1.76788839646801,0.0,19.495917749728388,10932.854868404873
2006-06-01,1.9716026271722704,0.0,18.630539113194356,8201.514356527414
2006-06-02,2.1560779128612757,0.00730446133819589,25.099390655610943,11953.300303196202
2006-06-03,1.917577403863426,0.0,21.829665280363564,11777.959705396484
2006-06-04,1.839695678443913,0.0,17.379717776605233,11347.306770690597
2006-06-05,2.012938579382933,0.0,14.594885697839047,9910.822744992598
2006-06-06,1.960661396309432,0.0,11.817616912693223,5597.979223180899
2006-06-07,1.8597037233909717,0.19837811211180828,10.664375846112078,3441.694873964548
2006-06-08,1.939059600119688,8.825205025232517,11.072673803927122,5467.624976862946
2006-06-09,2.4742017715880102,22.154058679091058,9.990223822621576,4326.901466751052
2006-06-10,2.379006905553325,2.232147997999531,9.915959822183336,2742.240882276481
2006-06-11,2.4060871353612168,2.8017874312518205,11.322356224505821,2495.740831248
2006-06-12,1.8512503408805212,0.05082238563190465,12.174554107578519,6138.087991496825
2006-06-13,3.179122681330571,15.870310488433866,8.819673025735803,1487.1684581291422
2006-06-14,1.9956326489067884,1.9804845196631833,9.906966619758487,3086.0122438422804
2006-06-15,1.660867624137005,2.3385617637331038,11.381317434688,5309.661811325282
2006-06-16,2.035222181502785,0.0,13.032297835869272,5823.21626636909
2006-06-17,1.5329687363851163,0.00730446133819589,15.934567145185518,8780.224969956373
2006-06-18,1.517616965558683,0.0,18.226795212392897,11026.726314831909
2006-06-19,1.6575043378491046,0.0,18.764655215884495,11097.683766871278
2006-06-20,2.067815425818592,0.0,17.671187170552983,10244.725030324102
2006-06-21,1.1505401602672054,0.0,15.257686629054053,8093.024387348207
2006-06-22,1.6716757676173457,0.0,15.28772170954841,6314.620459253735
2006-06-23,1.611183563715327,0.0,16.117359190393156,8631.348228443365
2006-06-24,1.3357644698913604,0.0,16.16736234378525,7577.583507517153
2006-06-25,1.6548466970112854,0.00730446133819589,16.478810683529137,6945.886951358548
2006-06-26,1.47510213469897,0.0,17.46869541424323,9289.675613837497
2006-06-27,0.0186933436470023,0.109693962796941,17.635077527969834,7562.419378729584
2006-06-28,3.42715924969842,33.516379330897095,16.578633210450377,3071.539864846239
2006-06-29,2.4361864605117325,3.538329723893554,17.948030960450005,6354.069509823437
2006-06-30,1.7277886511059828,0.00730446133819589,18.926732208826543,8759.71157150732
2006-07-01,1.6584621542738387,0.0,19.08300621988232,9534.586347677086
2006-07-02,1.621157958155165,3.5491715928565633,17.772926584254886,7879.805992440979
2006-07-03,1.7296500863044844,0.4300360718687807,10.635723203552477,2191.300795281883
2006-07-04,1.8517984086143875,0.08620136290242003,11.12608651172342,6291.20726825212
2006-07-05,1.3159228094318651,0.0,13.40813933924127,7619.391411938593
2006-07-06,1.322775089646882,0.00730446133819589,13.111474691997275,7470.428200703851
2006-07-07,1.3411925197757222,0.0,14.744143074803272,8364.842326601314
2006-07-08,1.216338033980407,0.0,15.187027174807797,8072.205956443314
2006-07-09,1.3538043934812398,0.0,14.123271368753574,5976.885949079919
2006-07-10,1.286108282908416,0.04382676802917533,14.150131135744715,4557.584424923481
2006-07-11,1.3735082189268029,0.01460892267639178,14.81748158887074,6516.765339323921
2006-07-12,1.3535456393376322,0.3106151092290233,16.703223431148484,6736.274884555599
2006-07-13,1.115122708140413,0.05082238563190465,16.42703268933645,6328.813349708172
2006-07-14,1.3990343130072742,0.0,16.89126637364485,5746.947076901172
2006-07-15,1.0409326341763314,0.0,17.47403834024546,7353.232036556114
2006-07-16,1.259047654114374,0.0,16.8290798085961,7239.736611070631
2006-07-17,1.005397881770837,0.0,15.0201378432476,7523.132226955968
2006-07-18,1.032988337243634,0.01460892267639178,13.902690538073042,5260.125937891447
2006-07-19,1.0913688305119065,0.8268405615804664,14.558687475708346,6148.193022385895
2006-07-20,1.1720058228565284,0.05082238563190465,16.200792356469073,8285.589884872967
2006-07-21,1.0132166267633362,0.02921784535278356,16.035854941042558,7777.638777216412
2006-07-22,1.3716840090634723,0.00730446133819589,14.862140995514762,6187.398966464252
2006-07-23,0.890376837067046,0.00730446133819589,14.768586184691863,4530.842032871953
2006-07-24,1.094570064313431,0.043517924293708765,16.667758271418176,8124.55810054333
2006-07-25,1.081518368953318,0.0,17.14309092041812,7168.816991019163
2006-07-26,1.0525234289268997,0.0,17.447168770495825,6853.157219960055
2006-07-27,1.184249886752864,0.05082238563190465,17.237912252542788,7230.294477838489
2006-07-28,0.8800303252264705,0.0,18.529344974415025,8512.395040353413
2006-07-29,1.1985715688639405,0.0,18.683528429679864,8831.602642157346
2006-07-30,0.9563951925463738,0.0,17.927477470319154,9021.558575512589
2006-07-31,0.9135264524719988,0.0,16.945760741873542,7398.705157490373
2006-08-01,1.1442413362116113,0.0,17.316641318069884,7363.940552118731
2006-08-02,0.8881688695917567,0.0,17.952918922159036,7383.968941277239
2006-08-03,1.0449749966645356,0.0,19.352006678950264,6147.547766435097
2006-08-04,0.931260228011942,0.0,23.938029638808636,7402.68666796239
2006-08-05,0.919578609237643,0.0,26.16082457632708,10425.216770008346
2006-08-06,1.0839229157161234,0.0,23.89796826468594,10325.780813120393
2006-08-07,0.9319962606716724,0.0,20.43963869793875,6169.570750430376
2006-08-08,0.8889025199638585,0.31815322395642676,19.037035243435408,4895.589082159224
2006-08-09,1.1296471089158278,0.0,18.719221248810356,6673.223263926297
2006-08-10,0.8780245528994762,0.0,21.84032881433248,6662.970764769951
2006-08-11,0.8461094318565416,0.0,21.427321346417635,8930.528817234015
2006-08-12,0.8063372602522564,0.0,18.143435488835284,5334.137805770051
2006-08-13,1.037488488913455,0.0,18.346032431718132,5386.807457406132
2006-08-14,0.5422610717074012,0.0,19.99135209354889,5810.713894432441
2006-08-15,1.3606605534534275,0.043517924293708765,18.666164553478183,6018.830144481556
2006-08-16,1.0172102054267491,0.0,18.594474629561056,5824.775191292817
2006-08-17,0.9352570278344812,0.0,20.271474917618992,4563.323606332147
2006-08-18,1.069033986904856,0.05082238563190465,19.791098761599855,6582.156368957143
2006-08-19,1.051541726584927,0.0,19.63877648714285,7221.703894057507
2006-08-20,0.7397409465373898,0.0,22.290079513409154,7589.657262456652
2006-08-21,0.8920260877207592,0.0,23.631546168217678,7808.793852227614
2006-08-22,0.9257222191769344,0.0,20.036944358796045,6659.775503223124
2006-08-23,0.6567027157920927,0.0,17.07724635008524,4993.523741122128
2006-08-24,0.9802623309319825,0.0,17.06818250037312,5908.136165847121
2006-08-25,0.8672312153838,0.0,18.440337270245866,5310.483279210053
2006-08-26,0.7489732957171327,0.0,21.228943889629086,4321.9213622389525
2006-08-27,1.0005965350542054,0.0,22.99868799118766,6376.862326103471
2006-08-28,0.9464207833624156,6.7414614366210674,18.776393645995654,5560.776744273589
2006-08-29,0.9455593685466144,0.0,17.917322596486848,4482.668613545224
2006-08-30,0.7554487809532078,0.5899290046225802,21.058952556349862,6727.068315163498
2006-08-31,1.2159662710100976,13.699207890945495,10.157646446587286,535.9169287760317
2006-09-01,1.446532683595999,14.16090747082171,9.514354598795283,468.3052889530047
2006-09-02,0.9386477310962732,5.14667302842919,10.726723743499818,1370.8168220757614
2006-09-03,0.9863659465027688,0.08620136290242003,14.013873575865329,4193.452576072347
2006-09-04,0.9474289814419864,0.0,17.46014634504221,5048.893141708346
2006-09-05,0.3914856689558453,0.0,18.787395632095816,5322.592391122194
2006-09-06,0.9846264386096476,0.0,14.757017487222353,5386.551144667973
2006-09-07,0.8044431627190393,0.0,13.573020946073404,5269.985447025896
2006-09-08,1.1349226444346527,0.0,14.274636833838784,4393.300112391798
2006-09-09,0.5028899741448051,0.08004023098468821,14.887656647121403,3964.008809046096
2006-09-10,0.9418855372997684,0.6254955111086725,12.05569791195561,1194.9161330334748
2006-09-11,0.9228998585797012,0.0873446923228841,11.863964172842104,1579.2123245240384
2006-09-12,0.8360507787710446,0.0,11.931239916132576,3843.2660926130025
2006-09-13,0.5562667074414794,0.08620136290242003,12.611903119694857,3663.0316813051104
2006-09-14,0.9208593896807078,0.0,11.969170862459977,3684.61638497268
2006-09-15,0.5625267613033321,0.0,12.609533586417667,3889.845328357959
2006-09-16,1.055068211395363,0.0,12.707264797995984,3299.151625618506
2006-09-17,0.7623986452675915,0.043517924293708765,16.985693572622864,3809.886850320073
2006-09-18,0.7470060606368504,7.385727017878266,16.539216592012703,2843.8877702786544
2006-09-19,0.6648711260857507,0.8421758705850805,14.42608764804315,1439.324692735442
2006-09-20,0.8212295151223299,10.131160775897557,14.623110212113293,2553.5942074665063
2006-09-21,1.1890701180647412,1.6632828390346353,12.132419839205179,704.7131423220767
2006-09-22,0.7657845773695772,6.95673050026561,12.239996097231902,1963.1928245162453
2006-09-23,1.2169113813532657,3.1525791184704017,12.302864437936964,1709.575545454597
2006-09-24,2.5098260432913677,23.119758527364805,12.820521315161788,1021.8669156325044
2006-09-25,1.3942931997093009,4.2335099281372965,11.412895801562469,733.9142293267657
2006-09-26,0.84302627756158,0.0,13.912093882737375,2456.6035452781066
2006-09-27,0.8989101548707616,0.4072882021691956,16.86284015572181,1207.4081864688728
2006-09-28,0.8857882654711263,6.460967426093808,15.936095680244186,2100.6903467247
2006-09-29,1.4726954178174383,10.523524781491668,13.21238372176678,1609.171413777466
2006-09-30,1.1610327429396023,0.585220045860779,11.70463162196963,950.6868849118284
2006-10-01,0.9051612942745252,0.07828591559817645,10.690217615776273,801.3887839592376
2006-10-02,0.8323210624859766,0.029962575547719368,11.218270861220345,1883.7557976679327
2006-10-03,1.056792727825506,0.015353652871327589,13.676530869052904,1711.583359694304
2006-10-04,0.2395716734877809,0.0,17.380456788448885,2764.163262597023
2006-10-05,0.7565252550660471,0.0,18.702396855675417,3362.048108966295
2006-10-06,0.8188282700887606,0.0,15.473592997614265,2486.7361799651408
2006-10-07,0.6383029824768043,0.07889690156422415,13.095826599361871,1307.0316914654547
2006-10-08,0.9352099455498832,0.3692926942573448,13.457773500783949,1319.2542847552722
2006-10-09,0.6841940350323986,2.340826007169198,12.596067085724211,487.31506387009694
2006-10-10,0.8806772784095456,0.4105109498806383,11.203307089458821,671.0792891538016
2006-10-11,0.706229075264818,0.36519472146159127,10.373274305190126,270.3033346959323
2006-10-12,0.6661829201806561,0.2576909605106313,9.805571010667082,802.955004121162
2006-10-13,0.97695415762154,6.108934953284669,8.796570682200588,93.18283266353436
2006-10-14,2.5261258688770214,36.65047976244149,7.567496955052311,244.45436763804997
2006-10-15,1.7845680020339365,0.1530848443666471,6.177225314002698,455.2074109825632
2006-10-16,1.685139356052627,11.263105321284062,6.480196730566707,1325.069249630594
2006-10-17,1.5224143041756208,12.779245753791264,4.3133815565905165,269.55212521907504
2006-10-18,2.478784417008477,5.682766191705967,5.399499939335028,121.2662309578842
2006-10-19,1.4846930678563957,0.015353652871327589,9.926486459762838,829.484321628711
2006-10-20,1.2696849048622911,0.00730446133819589,9.454072013060435,685.840498809473
2006-10-21,0.8837887048301154,0.09137718703302972,11.91221324933542,1031.2945849020605
2006-10-22,1.303722911534001,5.598166449590083,12.75895985186197,491.478653233372
2006-10-23,1.5762211599584703,0.1926955386618041,11.738983285318561,639.9925358863446
2006-10-24,0.8765292045482059,0.0,12.82093572550595,955.7619217681388
2006-10-25,1.0926931515326357,0.015353652871327589,13.74971822397126,510.3769763735957
2006-10-26,0.916450341593786,2.3685239958510276,8.94020941969712,334.002456613631
2006-10-27,1.5396603638137245,11.391994962300458,6.4988869995919005,184.7141825870929
2006-10-28,1.1711418393881572,0.10019929961276412,7.8748613278475945,389.2815826211646
2006-10-29,1.0907013014978826,0.0,7.7002083431951185,511.9347846310808
2006-10-30,1.263649659961855,1.3415362730393021,8.652009860478653,473.38262681935305
2006-10-31,1.3889179969303946,10.698025404178502,9.075448492387013,129.60110227515568
2006-11-01,1.380319609614629,0.07828591559817645,8.281646931511688,290.9600188650893
2006-11-02,1.2487455304935375,7.599560827456525,7.8780128331669275,594.3769919381863
2006-11-03,4.439991197933603,31.702452698335957,-1.1157185059170023,67.18815722971972
2006-11-04,4.2142185452363545,14.058765963384978,-4.157213541570207,18.89415150423459
2006-11-05,2.858761978584752,0.0,-3.3298218356730964,407.11477233256966
2006-11-06,2.902673764555713,0.34399787679027255,0.4036850743387383,657.4956666347157
2006-11-07,3.482092637800756,0.06722961243363462,3.046098490588709,465.00870367853406
2006-11-08,3.297480602264716,0.0,5.566245327660585,721.4626953431781
2006-11-09,3.329469543998353,0.0,7.266800695756188,732.2493783569057
2006-11-10,3.49319573781529,8.192832270279851,5.015991936389318,619.5248514447637
2006-11-11,5.495128901077661,5.989126468639926,0.0001850151844462744,72.92225993085364
2006-11-12,4.013077406547828,0.0,4.6471778310770695,312.94245607232983
2006-11-13,6.352552230006982,15.277818243009964,2.2859932386370247,204.5754507714341
2006-11-14,5.074199531722892,0.0,2.9637023518460266,585.644179203785
2006-11-15,3.595276731828841,0.0,6.1819868482978535,697.2473144154807
2006-11-16,2.979942021412622,0.0,8.694890363484275,1028.930317325032
2006-11-17,2.7836317301653644,0.0,8.83891351688055,906.1048522872804
2006-11-18,2.622167266675836,0.0,6.014723984508139,657.2142792688055
2006-11-19,2.4120661909708248,0.0,3.437283121005718,276.44712827220064
2006-11-20,2.3576717378585603,0.0,4.5905100806827255,305.8474818261887
2006-11-21,2.183268802799225,0.0,5.515214846417286,337.2166437115832
2006-11-22,2.0341049646234777,0.0,8.090216893868462,531.7605733363209
2006-11-23,1.912789938705562,0.0,10.209081339141239,1086.9785477996138
2006-11-24,1.9267242430897928,0.0,10.756437457741837,980.2528967020104
2006-11-25,1.915770659364204,0.0,10.080796749245167,837.5855732574157
2006-11-26,1.708995636674991,0.0,9.290899432502934,235.80590363045957
2006-11-27,1.8309909275880485,0.0,9.2087209475488,188.83139060581397
2006-11-28,1.77843503757544,0.0,3.082064110097497,123.6910247925546
2006-11-29,1.7001392810475453,0.07098145425998056,2.8886293019438374,354.62228752934146
2006-11-30,1.531226273359048,0.0,2.2447948972916585,266.695938182576
2006-12-01,1.7116345094395593,0.0,1.8777574501541712,243.82714955422395
2006-12-02,1.4093283015255993,0.021913384014587665,3.0813823280469474,509.840152921849
2006-12-03,1.686418271583583,0.0,4.786667485381084,742.9413001079107
2006-12-04,1.6309340443725036,0.21294436277994166,4.190286647270207,393.5818165603659
2006-12-05,1.402481285067268,0.0,4.83480151661067,329.2068501885205
2006-12-06,1.506113315993917,0.0,6.02287292921376,249.80785824903768
2006-12-07,1.4011318924799188,0.0,6.467691638464898,329.4069520500346
2006-12-08,1.250686532952931,0.0,6.591531990631133,377.32601328801314
2006-12-09,1.5420770310488947,0.0,6.547048545531517,674.3840744755935
2006-12-10,1.1003055175324177,0.0,6.017454695153255,340.3467771554339
2006-12-11,0.9680283097875588,0.9370677372731511,5.087822178715175,280.1597391765447
2006-12-12,1.2129325100313548,5.478346210748723,3.6353184701080288,44.45329805313699
2006-12-13,1.2566317727736789,4.351936332011121,2.1752382580517864,17.54210243766223
2006-12-14,1.107292443025401,0.2013184289270425,1.4215736245558772,160.54759704858185
2006-12-15,1.2086458333333334,0.00730446133819589,2.584348424583945,285.5784770193973
2006-12-16,1.0599774557653234,0.0,4.878232259104726,654.3791089314323
2006-12-17,1.0210609251935527,0.0,6.363817531065116,538.4151405244214
2006-12-18,1.197480741473114,0.0,6.476614704880001,433.2635239977614
2006-12-19,1.4220480071976396,1.4629322627268486,4.93662731316449,293.2980883384674
2006-12-20,2.27311302157065,25.284750100428393,2.0651188591895826,92.12954975227576
2006-12-21,11.222462821603264,13.083674076564701,-1.3065312338572876,21.55814231675891
2006-12-22,6.909899614047411,0.12171408440182353,-2.8313311014611657,4.637463234561737
2006-12-23,3.783174581973636,2.2335690621404147,-2.161160687008703,25.83073493823798
2006-12-24,3.362744941056362,7.430991692832185,-1.8100326399672784,118.75372217794754
2006-12-25,2.5372099021572896,0.6828972919754898,-2.8210216208594434,51.67569524435629
2006-12-26,2.503396843284965,0.19154829579412697,-7.11440642426193,60.51368229492123
2006-12-27,2.116403333598691,0.0,-8.07292964049317,7.082820358023782
2006-12-28,2.3544233837848907,10.440687440330478,-4.601130208993654,109.26115995202512
2006-12-29,2.259542460874544,0.0,-0.9553220192283668,194.0617983437991
2006-12-30,2.26266057765298,0.8508834522439676,-1.8562737977383685,57.75362379696902
2006-12-31,2.960171459735752,7.129501408327474,-0.2597399204339029,130.53926398706804
2007-01-01,2.8649327069309147,0.29011529440585726,4.816400952651462,8.455197713745324
2007-01-02,3.4171488133243293,0.1355782768832795,6.069756688723288,15.93483545932726
2007-01-03,13.26949301583622,24.422033843457637,1.7558702660985683,0.8957503924719467
2007-01-04,12.264126144197837,2.1325671951879306,-2.123630428290526,0.7278469616532829
2007-01-05,6.7721703217298055,0.7394005202877099,-2.098939670740159,0.7716558399593253
2007-01-06,4.998827832804052,2.567557533328817,-0.34303286428282165,1.8907582864318224
2007-01-07,3.96420603451429,0.31254761886509036,0.9576759928038215,2.980704881559788
2007-01-08,3.9094659107888616,0.262960608175052,2.2259873403529555,4.713281804547826
2007-01-09,3.4196195626335726,0.00730446133819589,3.5593476718180628,7.927873445983228
2007-01-10,3.0796330563333334,0.021913384014587665,3.92499970605912,3.20228305107436
2007-01-11,3.196481205000745,0.0,4.152085496920801,6.018578964212018
2007-01-12,3.2180982990937763,1.6784285847405451,3.463183531993666,9.0901964025043
2007-01-13,3.5697702852031665,2.1553170854702524,1.8199430556011862,0.6979757817835539
2007-01-14,3.5781061697473797,0.0,4.467815520877496,4.737776637531213
2007-01-15,3.3537341080303986,0.0,3.144567871791261,1.6901873202819486
2007-01-16,3.4566732729621967,0.00730446133819589,3.59724396730402,5.403238633608307
2007-01-17,3.2641435185185186,19.501554020665676,5.740649276555821,6.50743425451044
2007-01-18,3.0724008011118773,0.0,4.383221563439394,7.0
2007-01-19,5.1901032305329,14.433986477227506,4.957286221329992,10.61317246645908
2007-01-20,9.588665176848648,1.4144024028508673,0.8995302115891437,1.2123760847303846
2007-01-21,5.963918105810882,0.5040078323355164,5.906632060870695,17.909648833698
2007-01-22,5.041617402894833,0.0,7.870215758338123,8.063958839410963
2007-01-23,4.856824656758712,0.0,9.822573965450019,24.617886073706146
2007-01-24,5.428108329480966,0.0,7.980921390547502,21.005869685515584
2007-01-25,5.437765712734911,0.0,8.805366184169255,20.0
2007-01-26,5.312205927450886,0.5522783109495689,9.913492418675137,4.737860181925306
2007-01-27,34.83375291152069,61.44909540420513,3.0386018431269477,1.714316187990225
2007-01-28,24.271859332778263,0.4411469314815274,-6.576228619022521,5.0
2007-01-29,13.280100866569631,0.7523289906950519,-2.1505347117287528,12.800860429018968
2007-01-30,10.005960813931708,2.3305081736121043,-4.779395076444497,8.560466902792168
2007-01-31,8.13482417167329,5.743028659722819,-3.0416388582179077,3.758373054585236
2007-02-01,7.877206945642581,4.739825297755329,1.6074172170392753,21.99330260304905
2007-02-02,9.625324130198582,3.9218194931885284,-3.836347892800081,5.558802655523576
2007-02-03,7.647220779680256,0.0,-6.690503363841959,7.953244199575644
2007-02-04,6.391509181676458,5.84281841019353,-5.017926954705581,7.816840496942583
2007-02-05,5.691447608581431,1.1699306750761935,-4.133739497505975,1.446856130051809
2007-02-06,5.362606329296034,2.177668119964118,-1.3006225549798507,10.864251962774782
2007-02-07,4.61067964492485,0.16008046196937642,3.1788025715188972,31.53701743233466
2007-02-08,0.0542782616169097,0.04382676802917533,4.822573171038652,31.09558417747919
2007-02-09,6.072766223959765,0.0,5.543434352036765,13.70801000495536
2007-02-10,6.44269567421012,0.0,6.123698819202141,16.063743732592044
2007-02-11,6.929832814534031,0.0,6.176341997568142,31.633600045588807
2007-02-12,7.79115384040378,0.27677004236904673,6.169594820340828,22.518656565964903
2007-02-13,9.095927249230485,0.25665496247979724,7.2440986831779774,31.879716525959648
2007-02-14,10.674278135180009,5.847347659135929,4.2134648309373,9.29338208353943
2007-02-15,9.396811203779777,2.812730983973338,2.186268775365221,8.0
2007-02-16,8.72862483842248,0.3753834245969921,1.4444800791439179,7.710506585043305
2007-02-17,7.763952825537219,2.206593454162359,0.3999311180543832,7.806532534768675
2007-02-18,7.189149404286303,1.110839427652209,-1.3909060787008611,7.887897156766266
2007-02-19,6.914040166669488,0.4749717382437085,2.4958899821977543,9.747561975671283
2007-02-20,6.539391630156776,0.0,5.180881357917297,4.22079028832445
2007-02-21,6.110750549441529,0.0,4.79534493676896,3.656075737767458
2007-02-22,5.925602164395439,0.0,6.563527503668118,9.027890902756909
2007-02-23,6.192509040893189,3.681687191122755,0.4793416966741616,0.3429498813341008
2007-02-24,5.597906814143538,0.015353652871327589,-4.360627456984753,0.3450875314768433
2007-02-25,5.15759870548868,6.4346808837603495,-3.4586967115013953,4.4802879089954
2007-02-26,5.246031972500566,0.0,-1.9599656160494257,5.002009293174575
2007-02-27,4.599057316054321,0.058871577165036354,5.766032808104665,11.883979435910986
2007-02-28,4.680549864844681,0.3372262796076578,1.1116161329231526,4.794101689321343
2007-03-01,4.2534634716076445,0.10529700193290725,5.5465263195776,3.6029855556980817
2007-03-02,4.60213092251226,3.9488148568012718,8.745907929231539,22.723493209508245
2007-03-03,13.831688949302391,16.65045570475165,5.249075431735881,12.139683473443371
2007-03-04,17.097725136599554,22.300763374058008,4.155459148977524,14.18701600293005
2007-03-05,19.839217704234347,11.495286222414475,-0.47508942401259247,2.283370356435939
2007-03-06,14.73213367632443,0.9825352350835636,1.8383675205333345,10.2452931121856
2007-03-07,11.85754930426652,0.043517924293708765,5.8811732673138755,4.486157655598078
2007-03-08,9.81385597027785,0.043517924293708765,2.3590966799314335,13.901698924724792
2007-03-09,8.424035838028935,0.0,-0.2932728665094455,9.0
2007-03-10,8.1518207833125,0.4180668632057034,0.8201014087302709,8.554532267298606
2007-03-11,6.759589848563374,1.3395674668345328,-0.041426561015638796,10.0
2007-03-12,6.759002288184468,1.9697515968234436,0.319344364057654,14.97614116886107
2007-03-13,7.680307983891873,3.7985981865436624,-2.6559665872211204,1.8172114035423896
2007-03-14,11.347976079915664,10.514301556371311,-1.945410660847078,1.8369756793819756
2007-03-15,11.524131689868542,2.0513194406698276,-1.7256917789529425,14.811364380542162
2007-03-16,10.164527237356776,3.3508801706155746,-0.10806354658473089,3.4335849630579707e-17
2007-03-17,9.933805224219222,0.13055377288112627,4.7435333319556054,3.470636653071124e-17
2007-03-18,11.116375949672872,0.0,7.151130990786713,3.509876734687977e-17
2007-03-19,15.470600067321929,0.0,9.753364211984591,19.39193208282476
2007-03-20,19.04527255870612,0.07889690156422415,10.52830567795987,32.76565656119952
2007-03-21,22.307097655256104,0.6193785906278604,13.185603928288717,30.48982967994662
2007-03-22,19.215416883554635,0.0,12.407095468839646,62.48592301159027
2007-03-23,18.603767574214643,7.399595117787496,6.431809623771443,18.264744849672724
2007-03-24,14.493217114930784,0.5041730264244203,5.397796691671726,17.613010487068728
2007-03-25,10.849254710584011,0.0,2.2815470852541506,14.805433217153292
2007-03-26,10.06281985355127,0.36275776121970327,0.5141236136752683,15.647279783679815
2007-03-27,9.112692029836058,1.3123274365872106,-1.6924764989083043,18.18803389351873
2007-03-28,8.268498764312117,0.47338140938534484,-1.133847931552983,15.09129120251208
2007-03-29,7.549219682551834,0.043517924293708765,0.9549953717117847,3.824145680847165
2007-03-30,7.439570087909583,2.514748774397312,7.604069361796057,6.094085950319809
2007-03-31,10.176626808607631,18.92284958921967,4.6358777314772475,7.971727277201698
2007-04-01,14.528713167330174,2.9146563901417677,0.7449085114603279,1060.0856356368845
2007-04-02,11.128467886838038,0.0,2.7878720573620517,1000.705579920065
2007-04-03,9.812137018021572,0.0,4.171512527649334,1896.5509559612865
2007-04-04,9.063857288646506,0.0,8.27359426216305,3811.580951764861
2007-04-05,9.64598266653184,11.704150382224993,6.730488066582589,3863.208378887431
2007-04-06,8.836481535009314,0.14450594284023513,6.371946405173482,1889.5034435401587
2007-04-07,8.814848210072928,0.08703584858741753,8.345712563933755,2002.046424199228
2007-04-08,7.92573713715573,0.0,7.468320115217313,3361.388190821519
2007-04-09,7.639405072258816,0.0,5.554397834346276,4042.533245451076
2007-04-10,7.243652703596998,0.0,8.284014762444524,2929.3567114783195
2007-04-11,6.7883649160647686,3.9973733156884066,5.136588889741386,3782.706996426042
2007-04-12,6.146669477456756,0.07889690156422415,5.0023337769150285,1318.2644223293028
2007-04-13,6.408652759577383,0.0,5.78541994062598,1849.2369007826787
2007-04-14,6.018675644906221,0.0,4.794468364105577,1984.7612841164
2007-04-15,5.425634771269967,2.513819870988357,2.7681031068012394,3469.555657081987
2007-04-16,5.817168762298467,4.95815827397799,-0.05593721831134561,2561.225595212859
2007-04-17,5.148294158261292,0.043517924293708765,1.5658413519924839,953.9798067636792
2007-04-18,5.443874367747055,3.199665679981556,1.4768065610190912,2696.9738965533606
2007-04-19,5.264275531775358,1.1802346071049756,3.6463034945924697,1693.2154708099902
2007-04-20,4.479807610677783,0.0,7.316741507877479,1147.812698695299
2007-04-21,5.019177545103523,0.0,12.487467783164691,2861.5837499372765
2007-04-22,4.340703904116658,0.0,9.06996204292591,4236.328584079009
2007-04-23,4.523260710858748,0.0,4.795888562843857,3906.6978681157143
2007-04-24,4.282121446949773,0.043517924293708765,7.460205403698879,3942.333346438163
2007-04-25,4.206881083200643,0.7889690156422414,5.633697283328917,3684.545084048731
2007-04-26,3.932119978185571,0.9117982386128621,4.095716608463805,3591.4469992838767
2007-04-27,4.127767893026744,0.0,4.3755432390117734,1891.667355287905
2007-04-28,3.867615740740741,0.0,5.197335561061345,2605.432175174444
2007-04-29,3.810636574074074,0.0,7.408424309352474,3055.264534006324
2007-04-30,3.5687714588251085,0.0,11.19772746396478,2985.145703555141
2007-05-01,3.7204031699625775,0.0,12.494917247925626,3025.4500171515847
2007-05-02,4.3406980563975,9.273470848816094,6.4401799059372244,3085.1378595009487
2007-05-03,3.5172410215384984,0.043517924293708765,8.226521803048918,982.4783670244668
2007-05-04,3.299461808640046,0.0,11.234723796506342,2196.5430631896406
2007-05-05,3.594660596470365,0.0,18.27748462596422,3977.5257365469306
2007-05-06,3.141418067309665,0.0,22.42721604627515,4316.495354057039
2007-05-07,3.361307934487257,0.0,20.30256125750254,5144.777537773233
2007-05-08,3.159510115832392,0.05262068975724284,15.299315504451634,4240.370545286063
2007-05-09,3.0374465983233443,0.39028624857041816,15.787093304401196,3205.7557613993613
2007-05-10,3.024119915231441,0.0,13.08883951526175,6464.725586332726
2007-05-11,2.8772015825381287,0.0,11.962105704715613,6130.737717468932
2007-05-12,2.7709123971555587,0.0,13.788974879817216,6397.146396894743
2007-05-13,2.804905147805361,0.0,14.29232452571302,5883.962538728857
2007-05-14,2.613797616963497,0.0,14.860958405339254,6380.381520550568
2007-05-15,2.725521372139477,0.0,18.01968922797247,6248.25733425322
2007-05-16,2.8031720694300657,0.0,19.065693832521887,6197.497719205484
2007-05-17,2.329646893483796,0.16296962725905798,19.93692383576814,5986.519302344822
2007-05-18,3.815347222222222,10.867433662494125,14.586494996950021,3851.1902585671887
2007-05-19,2.2566079172576643,0.08969505123701128,17.886458198069796,4982.361634414522
2007-05-20,3.5364351851851854,12.487307158654538,14.412708546099896,3871.483084323179
2007-05-21,2.910971214050354,7.9365466571448104,13.518887106228668,3946.8283825553294
2007-05-22,2.4746188993342195,0.23669070469267242,11.520485778171256,3806.783476157536
2007-05-23,2.458348146821712,0.00730446133819589,13.333699048413724,5943.029448820155
2007-05-24,2.3882431426639434,0.0,14.616202238958824,4521.861485812319
2007-05-25,2.123397120330301,0.2855006214463106,15.874219143412443,5167.99928552755
2007-05-26,2.217214251055232,0.35915885425545335,15.468374029445144,5003.46125087902
2007-05-27,2.2788750622552505,0.7479700763498713,17.004862497188306,6398.590188717458
2007-05-28,2.5652689491086886,19.310723785826628,17.72886084366139,6597.938420770953
2007-05-29,3.350310889027195,5.5365374804095016,15.712132464453521,2804.598196030223
2007-05-30,2.1045192741927297,0.0,16.51439550866381,5627.7984382501245
2007-05-31,1.9772545142128743,0.0,14.351151601523165,5206.0014608546535
2007-06-01,2.050576938092521,0.0,14.32446967634635,5568.840837392436
2007-06-02,1.677899334482872,0.0,15.444607103745284,6989.989377231883
2007-06-03,1.903501675676817,0.0,15.567470024326758,7593.890091479744
2007-06-04,1.9626660679714123,0.0,16.788279570736513,6779.812273320318
2007-06-05,1.7657871380275925,4.232177054798154,16.536380014414434,4406.285418512429
2007-06-06,2.158074093281386,0.8835928504965381,14.175543913108294,2133.8514501159148
2007-06-07,5.095259240051947,42.384810323433825,10.976268462376716,1013.9427274634504
2007-06-08,6.13412038679267,8.116898046212025,11.116868819750133,2413.9710197391705
2007-06-09,3.304764313667747,0.1297192871961288,13.109224603432727,6737.995569414158
2007-06-10,2.4922848846697816,2.202124723760373,13.452932134258258,3689.362726775056
2007-06-11,2.760575982680117,0.44464561042354944,13.571972813625441,5201.1404019953725
2007-06-12,2.3555715230639054,0.00730446133819589,17.4322350677021,6921.550099887947
2007-06-13,1.7905196393289815,0.0,19.222077768208365,8365.880729110737
2007-06-14,1.969518108482298,0.0,19.266808663869814,8022.866128980887
2007-06-15,2.1706668111501557,0.08703584858741753,18.548273507998747,5617.456735751684
2007-06-16,1.8191317063132248,0.0,18.82376341565267,6634.335908993431
2007-06-17,1.7367355554621309,0.0,17.63340625342434,6953.489298049022
2007-06-18,1.78787620701049,0.0,17.785094770149954,6096.396687055955
2007-06-19,2.0096225463452337,0.0,19.58205435948382,7184.807800605415
2007-06-20,1.276991488763337,0.0,18.95825812616029,6122.902470770878
2007-06-21,1.866739233670074,0.0,16.646201929404576,6188.721760526619
2007-06-22,1.5120943739394497,0.0,19.929611195058186,6931.921620173291
2007-06-23,1.175283281392019,0.0,25.196410956226373,7240.255455899684
2007-06-24,1.8757738306521323,0.0,21.440723732947383,8145.006839673302
2007-06-25,2.4652097470884704,0.0,22.744396306959533,7779.538459747481
2007-06-26,0.6543315484874688,0.0,26.400261350119195,8943.0
2007-06-27,0.7022989066480632,0.0,27.93560709978206,7858.0
2007-06-28,1.5052210994075197,0.0,22.105159379085507,8969.0
2007-06-29,2.1336861263153564,8.25800114756102,15.590265279980137,2482.0
2007-06-30,1.2429700213515782,0.043517924293708765,14.661611826085597,7054.0
2007-07-01,0.992443818513349,0.01460892267639178,15.076646602071786,7323.0
2007-07-02,1.818229436807928,0.0,15.546130491175912,6305.0
2007-07-03,0.6980457127886655,0.0,18.332366773864166,6743.0
2007-07-04,1.5501502661597224,0.0,21.462994051084642,6865.0
2007-07-05,0.8974982988768123,0.0,21.317140417624547,7282.465899999999
2007-07-06,1.4409815854753856,4.275304802766903,13.577444192066903,1932.4363
2007-07-07,1.0281048437138225,0.07889690156422415,17.48875308912696,7122.0
2007-07-08,1.1914455022523982,0.0,18.853811769857174,8002.0
2007-07-09,0.8975831282645521,0.0,19.480318808402718,8219.051
2007-07-10,1.0036475554790634,0.0,21.90962613487259,8212.976200000001
2007-07-11,1.1041589581963658,0.0,23.466191986028004,7532.460500000001
2007-07-12,1.226423723251479,0.34707716801217603,17.770921434464196,5583.1594
2007-07-13,2.6728292224916554,35.84621763918085,11.872284314770805,588.0
2007-07-14,1.402674545050778,0.021913384014587665,14.211213896381164,3670.0
2007-07-15,1.1270148750826583,0.12241482585793291,15.494227728242821,6634.0
2007-07-16,1.2991143910616931,0.00730446133819589,16.08522592092421,5775.0
2007-07-17,1.0762046843645834,0.0,18.847069077442246,6791.0
2007-07-18,1.004728668267402,0.0,21.978144329847424,7458.0
2007-07-19,1.116948411183115,0.0,19.81101567778493,7478.1404
2007-07-20,1.0689526820099282,0.0,18.90938403204934,6792.0
2007-07-21,0.941156911718885,0.043517924293708765,18.961349921344222,5826.0
2007-07-22,1.3685186215753864,0.07889690156422415,21.216035263204667,6187.0
2007-07-23,1.0610390904516631,0.0,23.393849168034116,6254.0
2007-07-24,0.9166024763006828,0.0,25.131811856528603,7175.778300000001
2007-07-25,0.8772808669721929,0.0,26.275512336002322,7389.839900000001
2007-07-26,1.1612170044040475,0.02921784535278356,21.337435922736315,5538.186699999999
2007-07-27,0.6466790614839407,0.021913384014587665,19.38540961960481,3964.0
2007-07-28,1.0750909587686153,0.0,18.62697136698108,6007.0
2007-07-29,1.1517931895099365,0.0,18.618874886407564,6064.0
2007-07-30,1.0318165298658204,0.043517924293708765,20.24305341493762,6055.0
2007-07-31,0.9415873211995198,0.0,18.427954423442323,4893.0
2007-08-01,2.0398657024524653,29.163189570689866,16.71177334045226,3347.0
2007-08-02,1.2782967644367678,3.68228705311775,13.46390298543377,1434.0
2007-08-03,1.1660677077414372,0.1297192871961288,15.74783154360496,5518.0
2007-08-04,0.9497775578675498,0.021913384014587665,16.15931248723755,4007.0
2007-08-05,1.0541854399822463,0.043517924293708765,18.108981364549393,4623.0
2007-08-06,1.0929038415167027,0.0,19.755148858032882,5158.0
2007-08-07,0.963776368572131,0.0,16.850439669512554,4190.0
2007-08-08,1.0403851645406872,0.0,18.183179277735338,4539.0
2007-08-09,0.6732707735454676,0.0,20.344173810732983,5327.0
2007-08-10,0.8692649463239885,0.0,20.371555266757003,5394.0
2007-08-11,0.877764503351426,0.0,22.18702397492597,4599.0
2007-08-12,0.8622407375459679,0.0,20.390953407734166,4360.0
2007-08-13,0.891352225040633,0.0,18.56212362027214,4008.0
2007-08-14,0.939718180897787,0.0,18.694950494298656,5525.0
2007-08-15,0.9022471628382636,0.0,18.214507956133474,4892.0
2007-08-16,0.924081306093962,0.0,17.575711750261245,4222.8467
2007-08-17,0.7931237367421872,0.07889690156422415,17.677142045419686,3632.0
2007-08-18,0.7399957097504254,0.0,18.36563248189692,4611.0
2007-08-19,0.7692294434622791,0.0,19.21396172355388,4870.0
2007-08-20,1.1863198441667244,0.0,19.880134463108917,4415.012159999999
2007-08-21,1.1116444132337528,0.0,22.281751826479645,4569.95974
2007-08-22,0.3764040418591536,0.0,21.445259854534843,4876.664
2007-08-23,0.8645337795934568,0.0,19.959467681944226,4364.25423
2007-08-24,0.9335689155429788,0.0,20.017131153045344,4364.0
2007-08-25,0.7925275234879235,0.0,19.921952864364673,4231.0
2007-08-26,0.7533978582940377,7.398554645586285,20.31561508871836,3918.0
2007-08-27,3.937141203703704,20.497196536495757,15.10384878508128,730.0
2007-08-28,1.2637722500416166,17.617589403881254,16.373242560349322,2150.0
2007-08-29,1.1083811125422822,0.0,17.443810911580186,2818.0
2007-08-30,1.0363970607734154,0.043517924293708765,21.382251577506565,3660.0
2007-08-31,0.9593306534181943,0.0,23.44580619254807,4171.0
2007-09-01,0.9295070619360593,0.26087580510975594,20.73203713985313,4368.0
2007-09-02,1.0653771407508863,0.836881328651226,16.303328880777727,976.0
2007-09-03,0.9917615465745634,0.07889690156422415,18.12922522879628,2986.0
2007-09-04,0.881738565559765,0.5501496737419828,18.091728158683445,2445.0
2007-09-05,1.2204392525579495,0.043517924293708765,20.147310259423858,3580.0
2007-09-06,0.6155938089477132,3.899442940433886,17.28495130574345,3959.0
2007-09-07,1.0937139486675655,0.08808942251781991,13.587893252897272,2126.0
2007-09-08,0.9107896655389972,0.24482965171586582,10.628945048870555,1904.0
2007-09-09,0.9199776997905172,0.0,11.108409554942568,2618.0
2007-09-10,0.8974170624660164,0.00730446133819589,13.22598321379925,2286.0
2007-09-11,0.6962956083537318,0.0,15.898004130968957,3863.2298
2007-09-12,0.851902722603761,0.0,13.386381427244071,3126.0
2007-09-13,0.984031191501591,0.00730446133819589,11.717207769016232,2979.0
2007-09-14,0.8530445354786187,0.043517924293708765,11.69675471202643,2697.0
2007-09-15,0.6929273039367055,0.043517924293708765,13.151010401152645,3124.0
2007-09-16,0.93816473300171,0.01460892267639178,9.49280416232799,1889.0
2007-09-17,0.7942067693086324,0.0,12.970066076599132,3246.0
2007-09-18,1.0171562074844098,0.0,15.720918159217527,3361.0
2007-09-19,0.6326577125749127,0.0,15.553715378655646,3281.0
2007-09-20,0.8649479635026519,0.00730446133819589,13.310168694133884,2790.33397
2007-09-21,1.5775686148353256,35.06971437234102,11.251416807812559,232.0
2007-09-22,3.0737248791374645,24.745651538570847,9.932196432797923,232.0
2007-09-23,2.7624085379450105,16.376371214880706,9.171204628916943,139.0
2007-09-24,1.5202225065949346,0.4366824637591256,10.32374308906067,1650.0
2007-09-25,1.6378137949042488,0.6843295624560204,12.283133404011185,2003.0
2007-09-26,1.3786566332744834,0.09425055443555173,17.337100948560682,2881.0
2007-09-27,1.081577268547188,0.0,19.181273638963166,3088.0
2007-09-28,0.8815785766315521,0.0,18.819128689515285,2592.0
2007-09-29,0.9532861775068806,0.0,15.159297159920884,2688.0
2007-09-30,1.1346880774689054,0.0,12.720399409619848,2582.0
2007-10-01,1.0646209789675225,0.14507294006745639,11.233632212325276,893.0
2007-10-02,1.0581744271430442,0.06617603850323224,12.126740174813428,1809.0
2007-10-03,1.0432068186131895,0.07596328625387538,13.741841634431818,2050.0
2007-10-04,0.9121144511911684,1.2027784657218903,13.562272751185454,1372.0
2007-10-05,1.3073847092545872,2.0863218219735824,12.164696835764667,648.41018
2007-10-06,0.8355320028859697,0.00730446133819589,14.193310922239673,2192.38998
2007-10-07,0.7858999371897503,0.0,14.364137851554135,1997.66461
2007-10-08,1.097962940141137,0.0,13.477436971861856,1774.0
2007-10-09,0.9963479761280328,0.00730446133819589,13.847003342131595,1343.0
2007-10-10,1.0148077995055216,0.058126846970100544,13.286914308072523,1729.0
2007-10-11,1.075139871991149,0.2597324756892919,14.018225781343544,1528.0
2007-10-12,0.8891923404623241,2.051236782744592,13.274390411312806,820.0
2007-10-13,1.2982987852305323,20.287064392380504,10.664059395484243,480.0
2007-10-14,4.973194561964843,35.71209734784529,2.590425849612217,216.0
2007-10-15,5.465786582568165,10.798373628135883,1.8841294469322505,645.0
2007-10-16,2.5481291979133647,0.6727551733089576,6.703216494202391,1576.0
2007-10-17,1.9150995809569196,0.0,11.70133734560957,1880.0
2007-10-18,1.971907727262166,0.0,13.871623505297752,2304.0
2007-10-19,1.4251091400419411,0.0,13.272855900733537,1925.0
2007-10-20,1.6230111900533934,4.392456277800185,10.013925452708001,771.0
2007-10-21,1.7200814852142512,2.454280326161216,11.139042709458119,451.0
2007-10-22,1.368813421138196,2.5997074154335333,13.183077318845525,793.0
2007-10-23,1.44659835774009,0.07889690156422415,12.02725560476153,669.0
2007-10-24,1.522364934558095,6.648289100316772,9.980292001427838,522.0
2007-10-25,1.44419720351313,4.429006001988261,8.372706930225322,275.0
2007-10-26,1.422440775464319,0.0,7.627294196725699,937.0
2007-10-27,1.2429338949804067,0.058871577165036354,7.22965971829074,1071.0
2007-10-28,1.2134678571551414,0.0,8.909478204440848,984.0
2007-10-29,1.350051309758945,0.25650495908190885,9.031252440973468,716.0
2007-10-30,1.6181530718080646,4.738160578289159,6.83027885453555,183.0
2007-10-31,1.2612234266575306,0.08620136290242003,12.729763863333872,588.0
2007-11-01,1.1912986404700108,0.20568257345000418,13.985097775496982,760.0
2007-11-02,1.4458303898843718,5.464987346996647,6.772160828311927,54.0
2007-11-03,1.317165436231775,0.0,5.851278908878349,513.0
2007-11-04,1.2695893858133118,2.6906337735686616,8.674073605234767,823.0
2007-11-05,2.9133632068603577,29.34997371592432,4.42721859376595,55.0
2007-11-06,6.6451237786536,5.601668007088639,1.1830884163865356,83.0
2007-11-07,3.5322916666666666,1.6698112139739263,0.7929647302277785,655.0
2007-11-08,2.7302940100450237,5.845798327025937,1.8432093895782335,630.0
2007-11-09,2.797321343454923,3.2636736516219003,3.5601781953122846,856.0
2007-11-10,5.21351650524963,27.790937420571062,3.352482669525616,1025.60272
2007-11-11,6.640871194904348,8.27980712574419,1.8717210854719488,880.5620700000001
2007-11-12,7.01090643695042,22.81278502141605,6.55958209241717,1324.0
2007-11-13,11.061263896450445,1.4269801827303694,-0.17040188197696726,175.0
2007-11-14,5.918556827555912,0.6791927354702034,6.675187121867502,514.0
2007-11-15,4.6535674254735575,0.0,11.267167642390596,1621.0
2007-11-16,3.795373512286285,0.0,9.525293380465635,895.0
2007-11-17,3.182491437503213,0.0,12.5618518744222,1171.0
2007-11-18,3.113770900603228,2.1517224267007777,9.410709241143602,576.0
2007-11-19,2.649080323148349,2.408853434918869,5.029885215979352,296.0
2007-11-20,4.584135759812234,20.60144934898578,2.1994357246186373,28.0
2007-11-21,7.6945527329138335,0.4175262788177402,1.3065719722864688,166.0
2007-11-22,5.280780117057572,0.0,3.695304171180326,803.0
2007-11-23,4.274708548878457,0.0,6.946187585997738,835.0
2007-11-24,3.7464102228646494,0.0,7.026188422966078,847.0
2007-11-25,3.33882633517801,0.0,8.07860314699987,768.0
2007-11-26,3.486458333333333,6.781958041561959,9.947011488617473,986.0
2007-11-27,3.2602495530684514,3.056137151411272,-2.7572096826136154,88.0
2007-11-28,3.1796265492368434,0.13382396149676773,-2.856518095140832,396.0
2007-11-29,2.8259045483623253,0.340375451706481,0.8421793569890578,855.0
2007-11-30,3.719920676700285,19.8031656133119,6.756141021518705,780.0
2007-12-01,13.67330135041088,13.17877731763673,-0.51072306786572,162.0
2007-12-02,7.267784341985254,0.12241482585793291,2.01123296848259,814.0
2007-12-03,5.409082317556896,0.0,5.151148302115499,1115.6391199999998
2007-12-04,4.666591757965478,10.532480999709264,7.0325931304372435,1199.0
2007-12-05,21.77391499761497,38.419003906136766,2.508127432129001,16.0
2007-12-06,14.640058771958191,17.022183783000674,1.5232640024268782,179.0
2007-12-07,18.317568097151483,0.5805598447337447,0.5146928092346557,93.0
2007-12-08,11.67537703691055,0.11379863709757995,4.412243938390931,960.0
2007-12-09,8.385511185132179,3.6695854808403605,6.783076091380407,1107.0
2007-12-10,8.164785342160009,10.169138126682428,6.317439768884303,676.0
2007-12-11,9.282977518379267,9.403120066379104,5.5456330951007535,509.0
2007-12-12,10.930671033086211,13.319336304756353,3.1829354207279783,385.0
2007-12-13,24.33292671993144,21.410047892758406,-2.059723117936969,76.0
2007-12-14,13.69166226613812,1.6047447025805006,-2.2540389165294856,318.0
2007-12-15,9.84367825227806,0.20480541575674832,0.21754867535263642,689.0
2007-12-16,7.993803743151961,0.4221715375063423,0.8907884028579898,168.0
2007-12-17,8.753761781778154,9.738854352918164,-3.0610145247537828,114.0
2007-12-18,7.728677239908646,1.1441387639336527,-4.535162481536544,234.0
2007-12-19,6.97535289266828,1.183453523463362,-4.099121041459026,98.0
2007-12-20,6.312179172124023,0.0823905898988154,-3.8246219495334763,143.0
2007-12-21,5.572401387564408,0.05082238563190465,-2.9595720510472763,164.0
2007-12-22,5.04964261352381,0.0,-1.6694376549457988,658.0
2007-12-23,5.075017577507194,2.334400047133103,0.7571948856120467,789.0
2007-12-24,4.622442257947266,0.823905898988154,0.6372227661244049,651.0
2007-12-25,4.387037393716504,0.0,-0.9280252270881514,614.0
2007-12-26,4.352767250777099,0.0,-0.347092112607853,581.0
2007-12-27,4.070011022802851,0.0,-1.2181076196685454,689.0
2007-12-28,3.96943390852405,0.9796274505989297,-2.202132490936108,635.0
2007-12-29,3.8190484116511065,0.2892442223391098,-3.542241742621665,226.0
2007-12-30,3.6459599720653535,0.07889690156422415,-1.9596342729780984,732.0
2007-12-31,3.6109053923099874,0.0,-1.2618447341961139,769.0
2008-01-01,3.5915836106499968,0.0,0.9253272350288839,925.0
2008-01-02,3.0822111822252007,0.6172579716557277,0.0908922493426342,360.0
2008-01-03,3.649006399154856,3.981102345844999,-5.646456338207557,162.0
2008-01-04,3.076220452696996,1.113524363147707,-6.498208434832623,69.0
2008-01-05,3.2644205834902023,4.2824388742920005,-6.193416981108802,124.0
2008-01-06,2.999666539617853,0.05082238563190465,-0.683312060553334,286.0
2008-01-07,3.240434955673752,2.1271743401391436,-0.16541312264258046,213.0
2008-01-08,3.25250229564435,0.0686588249156795,-2.5748992099086534,355.0
2008-01-09,3.4030848148148145,0.6094493577147825,-2.253662941731295,498.0
2008-01-10,3.2405093588539264,0.9442956915345199,-3.6972198507313108,293.0
2008-01-11,3.241701549174961,0.043517924293708765,-2.9648397180527564,787.0791010921225
2008-01-12,2.9665899556607243,0.0,-0.6548811179588153,987.0229942863924
2008-01-13,2.647764796740768,0.0,0.832403989792408,1239.491048401103
2008-01-14,2.898282477429144,0.0,1.883772060820604,1229.639213815834
2008-01-15,2.942222343081444,1.8936068314199899,-0.3324592268708959,444.0849048873554
2008-01-16,2.8939396836470586,0.20568257345000418,1.289731571322812,774.7606567845264
2008-01-17,2.895226274358994,0.0,3.374095305258947,930.1527187718312
2008-01-18,2.401202964448029,0.0,3.718223305830812,1099.4647428482406
2008-01-19,2.863708012789416,0.0,-0.08535713657229221,773.841560480147
2008-01-20,2.753257832749855,0.0,1.408755229853462,879.3361003244647
2008-01-21,2.67856689060855,0.0,3.6088563745016384,1412.233244336012
2008-01-22,2.5737706629871995,0.0,4.967946238577088,1809.904704054608
2008-01-23,3.1633411885659344,4.696736055416689,1.8684610445646992,974.2432041038946
2008-01-24,3.8994578912652167,6.900835082500448,-3.911748348724739,75.26809476424341
2008-01-25,3.4564268564814813,2.927188570752248,-4.421360607390335,961.8533421243128
2008-01-26,3.2569836342186385,0.0,-2.5203691195792066,747.4580726278056
2008-01-27,4.503243486589189,20.409616018927345,0.46629794651448186,981.1455734091228
2008-01-28,6.392226334979131,10.11131007077681,-3.9952107037627913,160.07816531628703
2008-01-29,4.742476373875245,4.9193078099787195,-5.822768684226079,169.5605909288395
2008-01-30,4.001738941184736,3.295623595952616,-6.458167412981207,226.74912143030588
2008-01-31,3.656592653328545,0.4124037783919785,-3.8731627353914315,886.055792746963
2008-02-01,3.367392537661124,0.2059764747470385,0.9771364493786308,1281.1903623443975
2008-02-02,4.015422924241315,0.0,4.058630793529794,1686.3883818631273
2008-02-03,5.070247711566389,0.0,4.614766729635075,1021.2919022815304
2008-02-04,5.352464596476126,0.0,5.2729720837272405,1586.049048545578
2008-02-05,5.57360866574786,0.0,4.894693765389187,1654.9218302934987
2008-02-06,5.572215130880784,0.07676826435663794,1.061518420631615,925.7758575781892
2008-02-07,5.12933148650161,0.3318655003032833,-1.8436280993638343,233.52314659548364
2008-02-08,5.146669858831831,0.0,-1.6203665220423948,585.58729093841
2008-02-09,4.455853951705884,1.202543718300208,-1.791964575194375,496.7857825432188
2008-02-10,4.893086065963523,4.972612559084854,-1.5881566354599772,268.88592195554816
2008-02-11,5.462075711786975,7.0344686953669004,-2.8885992215256313,29.28595483170969
2008-02-12,4.921383924851483,1.630336432100373,-3.972541149056016,439.3315973715702
2008-02-13,4.543714888298997,2.122065357575221,-5.1430384599685794,826.550134907866
2008-02-14,4.327645812911116,3.5528933778450424,-4.8556984126084,326.44446568290863
2008-02-15,4.317136940894144,2.452423686864762,-2.4570905430118586,1431.171509928531
2008-02-16,4.730323668497215,16.617341345291024,-6.647190088783411,100.0
2008-02-17,3.5320913844659096,8.391730292584226,-8.146322358355121,150.0
2008-02-18,3.8875152953889778,4.013784376862655,-9.1880103729114,256.18291225492004
2008-02-19,4.005480519822987,5.818636410832786,-4.0233321390377235,540.7237022603938
2008-02-20,4.092333148614561,0.12241482585793291,1.1989362521265825,1615.0376611805116
2008-02-21,5.623477133248238,0.01460892267639178,4.4941285590923306,1897.4470861563084
2008-02-22,8.068365005140505,0.0,4.606916597984435,1472.8602926402407
2008-02-23,10.050043742779376,0.11541920825520359,5.154573500563976,2239.041265899049
2008-02-24,10.660232395257047,0.00730446133819589,0.07294922248627222,2234.239904430442
2008-02-25,9.156992852171614,0.0,3.0545298189853782,2056.653958669726
2008-02-26,8.480644135921558,0.0,7.776844086266648,2707.33907937316
2008-02-27,11.697790280055845,0.0,9.110080774414788,3524.617913433749
2008-02-28,16.617513556437718,6.4276809992745925,7.067851674026711,2447.2516606905424
2008-02-29,23.243005703056426,0.2261518025441147,5.486477315730457,1043.6461000009083
2008-03-01,21.559825593619,3.6432894031024703,8.252825483595421,3034.64941911554
2008-03-02,37.1012613837002,12.793831413881176,4.2540185500302385,1398.4461097080382
2008-03-03,25.842009891729123,0.015353652871327589,8.533955521236187,2839.888949422053
2008-03-04,27.146391665458488,0.0,12.79307003178614,4139.758783253061
2008-03-05,26.377919793229925,0.0,9.419811917396292,1977.6128046290696
2008-03-06,23.44614969466077,0.0,5.486376166497738,1467.9499919512666
2008-03-07,26.83775136544819,0.0,12.947471204145963,1430.236775693074
2008-03-08,28.30517846359344,0.0,9.336732928956563,2540.6993092744774
2008-03-09,24.45883094016578,0.0,7.07392375185933,3353.288250373706
2008-03-10,19.28893580475796,0.23252318576756173,5.666364426996589,2001.5380237538773
2008-03-11,15.82995164468324,0.00730446133819589,7.004101717503619,2346.3655044831703
2008-03-12,15.142078651497568,0.0030707305742655178,7.853301506259834,2173.013040782784
2008-03-13,20.507440957376865,17.274014032780876,4.625964924718476,1938.402438909568
2008-03-14,22.31599531302149,0.7476253093537519,0.9802284026865175,2015.7514941191184
2008-03-15,16.775285823680928,0.12241482585793291,7.568483504093866,3462.7111055985965
2008-03-16,16.18593419986521,0.0,9.279797013805702,3533.874323815637
2008-03-17,16.17822678278011,0.7999879999999999,10.757511510234185,3130.709192126267
2008-03-18,19.58516538560227,7.119512216195393,7.125863546561859,911.4074801886202
2008-03-19,19.417546076687437,16.249265784488294,7.205373926825944,2522.801166519116
2008-03-20,29.088039762844183,12.155272192933054,5.67444583062634,400.7513580257311
2008-03-21,57.46127690054117,33.02903151803301,5.596604033376069,266.31988856997737
2008-03-22,34.91073790892464,0.3283913006049714,11.749582187261645,3357.331188626264
2008-03-23,23.81371833709324,0.0,14.364981339944439,1368.7522969981642
2008-03-24,20.1647745260296,2.886327638151486,14.210121506127953,3155.599402597067
2008-03-25,19.86367716466581,11.12320967542759,3.3886049953189508,2329.807554585479
2008-03-26,16.46311435839428,0.3745420147090158,1.1875123626769297,1045.477016533911
2008-03-27,13.962439003294495,1.3311744711078248,6.181724973753236,3922.526674532068
2008-03-28,13.22454443364285,0.09425055443555173,4.631792697002586,2926.6845747056163
2008-03-29,12.063400663488046,0.0,1.2966792338042878,1063.7874365086102
2008-03-30,12.963369974666456,10.264793356752987,0.11934206868613273,377.459629104862
2008-03-31,13.1450193676704,3.1281565491967087,-0.5325477432012858,417.1018900911114
2008-04-01,11.243772844580567,0.0686588249156795,1.7678877546899714,1374.675127031349
2008-04-02,10.922090931160492,0.07596328625387538,6.494382742711073,3174.0957627649686
2008-04-03,10.645670929735187,1.9925893052912285,5.31783997569885,981.6730090163874
2008-04-04,11.03504208934451,0.7864489787403444,5.41623159321076,2394.0699164798225
2008-04-05,10.612336335497522,0.721746602739824,9.262713374274142,2377.6272881978957
2008-04-06,12.271357474313096,8.688467700410232,7.005013586966812,1314.1764984034485
2008-04-07,15.449648303492229,11.251751363731124,4.88111703054901,1336.710657925365
2008-04-08,13.625474659789663,0.137317649831359,11.308342232893454,4894.167665624126
2008-04-09,12.01952939413174,0.0,9.797078200734077,1730.8048258290237
2008-04-10,11.280295047385614,0.1250476156682686,12.073983365763985,3728.640540448351
2008-04-11,9.893215746460006,0.1297192871961288,14.59979054138945,4021.8639311970464
2008-04-12,9.928005335619725,0.0,21.33063593599237,4529.425547150837
2008-04-13,8.777896622120911,0.0,20.85503194290586,3483.1668025084937
2008-04-14,8.019168500968203,0.0,18.14281347924249,2802.1450918878745
2008-04-15,7.813246267858975,0.0,13.283997433003789,4964.944233878093
2008-04-16,6.8956039011120085,0.20945067444535043,7.81386325644281,2509.6097334370525
2008-04-17,6.940757587211,0.0,9.927862871013502,4300.0
2008-04-18,6.181875663692334,0.0,11.575410652132401,4500.0
2008-04-19,6.313928269631096,0.0,14.818048058590144,4743.041338077275
2008-04-20,5.871273113077126,0.0,18.06725830947192,5538.48306333457
2008-04-21,5.783237758003532,0.0,19.653880924407897,5296.280380178101
2008-04-22,5.284125756776697,0.0,21.152423383736494,7560.434995411522
2008-04-23,5.332399846395572,0.0,13.25731541503697,4408.111008541898
2008-04-24,5.373247428156356,1.7910354922052896,5.786264899248785,1678.8323600654576
2008-04-25,5.465516854597748,3.9570759003040994,3.005491722144033,662.846412310573
2008-04-26,5.608971276205068,3.7539179805631653,4.666886258622851,918.044401937203
2008-04-27,4.972140505543232,5.791472803241351,6.05517274816504,2403.8843686224477
2008-04-28,5.43878332778279,0.3731277446654032,4.544349683880007,905.1541468041185
2008-04-29,4.952370141984069,0.1161639384501394,7.870942163065941,3001.006418275551
2008-04-30,4.789179949680351,0.015353652871327589,10.412363878269831,4543.226924563305
2008-05-01,4.322211057690335,0.0,11.507436317687791,2880.170315868982
2008-05-02,4.4003764477935,1.0647933642339384,12.012081350883046,5371.077384141
2008-05-03,4.406099376408361,6.898815006546192,8.183008989849348,3080.914997712653
2008-05-04,5.129198335308849,7.647512051237829,6.296531449362468,1567.1451095353104
2008-05-05,6.071251915132143,11.200483613190134,5.574579648563996,1357.9729128084975
2008-05-06,5.476686247051106,1.0334237455443098,5.390186782501834,3388.539092740901
2008-05-07,4.369611758666051,0.0,6.787306336050149,5044.702403000556
2008-05-08,4.384464872743009,1.7277103743426798,4.073969358586326,3109.7922983705403
2008-05-09,4.157932323501392,0.0,6.429399335013541,4379.341559641725
2008-05-10,4.313949749276953,0.05113122936737122,5.479302754480371,2629.3070713647235
2008-05-11,3.824856674957835,0.036522306690979445,6.323301844419527,5561.561205930808
2008-05-12,3.568164849185568,0.0,6.765950409816158,4142.444121403748
2008-05-13,4.069218147489888,0.0,9.850056786205165,5618.861175255844
2008-05-14,3.222833496296296,3.9002635449550147,10.63463671203045,4255.34412590476
2008-05-15,3.3152307771011653,0.0,7.894926643741369,2791.982516337664
2008-05-16,3.4836975481810804,0.0,11.321162115728768,6458.351213436446
2008-05-17,3.030037711754792,0.0,14.705156260211597,7096.497869116667
2008-05-18,3.034745966224909,0.0,15.945971873558488,7531.631339698667
2008-05-19,2.6042373830825296,0.0,18.77180915261721,8122.014346002375
2008-05-20,3.099764274974363,0.0,20.87797427578236,6771.194981413623
2008-05-21,2.810619739926916,9.47065731926886,20.032757172166008,7360.51386046492
2008-05-22,2.957698596021194,1.040225047452763,16.792067585750182,6244.311886540148
2008-05-23,2.526651889502262,0.0,15.933417921034009,7633.075702260184
2008-05-24,2.4936852894049517,0.0,15.094089591976516,6365.296356060284
2008-05-25,2.4269243240616043,0.13878476542572188,13.912997935693767,4951.245008214331
2008-05-26,3.2178857145098827,3.501514204406617,13.10308817069133,4727.78883059274
2008-05-27,2.2584018657491653,0.00730446133819589,14.39766796982155,6608.3928381703445
2008-05-28,2.76738421855745,1.6780934787757769,18.270064399380193,7401.501485234938
2008-05-29,2.2803890274349907,0.00730446133819589,8.789624279421702,4970.181534990093
2008-05-30,2.032915279123852,0.07889690156422415,11.735974884384827,6601.239910818682
2008-05-31,2.26164308233202,0.0,14.772566645715404,6533.518564123716
2008-06-01,1.9982129338406704,0.0,13.517337068490365,7019.206203758469
2008-06-02,2.0027031416478773,0.0,10.65993011474745,5261.101058752766
2008-06-03,1.8697162117223936,0.0,10.18518033376415,6763.674433455756
2008-06-04,2.0420356054712983,0.0,16.612824771274774,7080.362437066585
2008-06-05,1.9403193286502145,0.0,17.397708472519554,6646.797112557486
2008-06-06,2.4846324569154943,12.67830401340019,14.563665471669012,6244.926349374679
2008-06-07,2.277999255352408,1.0445032320808307,13.177395056681434,3792.814288936957
2008-06-08,2.508984266368887,5.45555281288165,13.483263909310375,5461.229956842417
2008-06-09,2.00384026099786,0.13733259226979125,13.07326985348758,3819.813884580378
2008-06-10,2.926928455558504,11.586328663490866,12.067102027571414,3315.0324816597563
2008-06-11,1.9833997731681368,0.08620136290242003,15.14611852451969,7390.075356927947
2008-06-12,1.8765695277182464,0.0,17.940183354130312,7741.215173853834
2008-06-13,1.6925677269363788,0.0,19.840524282620414,7579.734236600423
2008-06-14,1.9594413484513145,0.0,18.002096507537907,7337.331317551985
2008-06-15,2.7501719145240733,11.49937821056351,15.191145259308184,5131.52004621547
2008-06-16,2.636605141380583,0.08620136290242003,15.463566540787657,5953.121505941378
2008-06-17,2.051176367874945,0.0,18.13772456678458,8137.200919175266
2008-06-18,1.6006829293650575,0.0,20.785880688971297,8502.908839960019
2008-06-19,1.9151004924713928,0.0,21.988471886430396,8586.572055176632
2008-06-20,1.450094317596297,0.0,16.15794847589574,6063.495417476016
2008-06-21,1.775528984091003,0.2982475399241652,14.475566214157464,3408.98313334125
2008-06-22,1.8155656850917608,0.0,16.161780000645287,6061.252238774111
2008-06-23,1.8078697394178973,0.0,17.851119437519714,8022.06001917923
2008-06-24,1.5258090788537664,0.0,20.18473615691466,8519.845792589615
2008-06-25,1.2277110564937033,0.0,19.76498228324114,8662.792838154885
2008-06-26,1.4439683375915309,0.0,18.40743648313272,8441.29286260861
2008-06-27,1.0309572497616175,0.0,17.900948553627316,7094.072176479175
2008-06-28,1.4253334054769695,0.0,17.510707736677166,7721.128357306367
2008-06-29,1.4835340202638942,0.0,16.951249830476556,5413.413111836085
2008-06-30,1.2289959294636357,0.0,16.106640872570576,7926.298390726723
2008-07-01,1.1921858812611292,0.0,16.934089217784084,8228.253123230168
2008-07-02,1.0054853063111882,0.0,17.19849553063427,8129.277248348652
2008-07-03,1.035235325143489,0.0,15.654223193834378,8611.689293396263
2008-07-04,0.997395137757458,0.0,18.441602418385774,8316.033182575502
2008-07-05,1.3165576550624765,0.25733944476690634,19.872199505321245,7983.968173910987
2008-07-06,1.5857219371874864,2.155800190135827,15.773534248600885,4365.6546083823705
2008-07-07,1.113962642348157,0.0,17.006244703805784,8228.307961112092
2008-07-08,0.9109917776809636,0.0,20.912323620020107,8106.782075826453
2008-07-09,0.9157629045600664,0.0,18.771253837422115,7447.602371970149
2008-07-10,1.2101195326205083,0.0,16.464908209149396,5662.774452608622
2008-07-11,1.208631443943372,0.0,15.841216147448305,8632.02213154256
2008-07-12,1.1717848689229131,0.0,15.44896893064967,7492.169190792216
2008-07-13,0.8554002910865011,0.0,16.3320577601206,7650.187939947916
2008-07-14,0.9475765338702404,0.0,18.24715317234203,7707.706534744718
2008-07-15,1.258968414636006,0.29648652303276796,21.28220055561443,7854.902293692883
2008-07-16,1.7244318997095365,20.032620556858635,12.99673230868953,519.2051333403816
2008-07-17,1.4267118400860863,1.8973537457672793,14.417137342821674,3266.694067748148
2008-07-18,1.294340923336844,0.0,17.822874454884946,6980.026642377379
2008-07-19,0.9543554206518912,0.0,17.801257227590675,6988.161748532137
2008-07-20,1.269855756326741,0.0,17.7258926445916,6480.761148089874
2008-07-21,1.020918268207691,0.0,20.72225587452015,7346.589912007072
2008-07-22,1.0280985329100676,0.0,19.587233236434614,6477.06041036401
2008-07-23,1.0190506944111164,0.0,20.860806344504574,6429.213210095258
2008-07-24,0.975307963496316,0.3540727856149053,16.31507839129144,2365.530156327754
2008-07-25,1.0744465149077789,0.9540672801088855,16.038820388131484,3445.7222143417234
2008-07-26,0.9221100043281896,0.043517924293708765,17.783159563088375,6495.401777645105
2008-07-27,0.9741507426238264,0.0,17.04270549708977,6602.131727714075
2008-07-28,0.9288176970028612,0.0,17.23374632041225,6266.957666416793
2008-07-29,1.5849252274727088,4.73830494334978,15.796785080448785,1985.1024416942744
2008-07-30,1.1331638866235365,0.05082238563190465,16.48036403921188,5364.976563935255
2008-07-31,1.1221484089320195,0.0,16.758254023802046,7062.616551683161
2008-08-01,0.7292073193622619,0.0,16.122920059502515,6967.118698916006
2008-08-02,0.842696381100621,0.0,15.85089108945623,5956.298266578303
2008-08-03,0.8715459131212083,0.0,16.276606963749355,5973.50014731743
2008-08-04,0.980281991837305,0.0,16.930729908422734,5263.9022524142365
2008-08-05,0.9127436640468256,0.0,19.05645987719785,5840.88310326181
2008-08-06,0.8412913554220958,0.0,19.2989232156065,6035.960566778702
2008-08-07,0.9227353202563664,0.0,16.20475107865702,6062.868741698452
2008-08-08,0.6110351145848674,0.0,16.14218775263132,5318.472258269754
2008-08-09,0.8100608201083654,0.0,17.86470612335721,5063.461898243926
2008-08-10,0.7818742651550296,0.0,17.781945407028232,5219.742080595815
2008-08-11,0.9086863429076554,0.0,16.40852818125965,3621.0844566083256
2008-08-12,0.5954696748023404,0.0,17.801929692484844,3423.7159910759715
2008-08-13,0.8158462604896811,0.0,18.522706584829983,4283.8250318141845
2008-08-14,0.7240405099803677,0.0,20.514170876715518,5412.1647448316735
2008-08-15,0.6525487858961659,0.0,19.168680379282485,5263.6449994906325
2008-08-16,0.6886609287856185,0.0,21.281415443417426,5133.983381355955
2008-08-17,0.7068214827362451,0.0,24.395341053855628,6092.251216138716
2008-08-18,0.6421896111275951,0.0,23.0437033935603,5984.92162786107
2008-08-19,0.7488260898876851,0.0,18.458894955252852,3839.4800027477954
2008-08-20,0.8536539133129999,0.0,18.34614237890341,4765.576221240185
2008-08-21,0.650435998390753,0.0,19.04168183262108,3898.558212541529
2008-08-22,0.6896936195147592,0.0,19.410917397605804,4454.511320387745
2008-08-23,0.730874609310953,0.0,20.50076911254485,4117.213516037848
2008-08-24,0.6644253177944672,0.0,22.802309329674962,4017.765948729538
2008-08-25,0.6544789214648753,0.0,19.737583505615298,3460.9146992527303
2008-08-26,0.6813200729558162,0.0,18.41092435405121,4568.676437841223
2008-08-27,0.6347178040419345,0.00730446133819589,17.173649432916335,3442.7147722967584
2008-08-28,0.7147511101367133,0.0,17.228975428915533,3440.6591755545555
2008-08-29,0.5314823887796667,0.0,17.642601719539947,3648.294315374326
2008-08-30,0.7356924316825508,3.571009105544935,17.91638134239408,4020.64631947172
2008-08-31,0.8822867795137487,1.1224592758786,13.52905860515506,2208.103080911184
2008-09-01,0.6509852100420062,0.0,13.287621230746161,3597.366366569664
2008-09-02,0.753620076058867,0.00730446133819589,15.217354605152565,3740.6568208725225
2008-09-03,0.736305821364002,0.0,14.48038224844407,4213.44801692529
2008-09-04,0.6414355299167935,0.043517924293708765,15.646859568173372,4005.2412514380503
2008-09-05,0.3829050037064304,0.0,16.185574533282427,3920.944458561153
2008-09-06,0.7244963491547672,0.0,16.35171846498276,3655.979425505957
2008-09-07,0.728519839598636,0.0,16.422230644065145,3880.325023201923
2008-09-08,0.9563024508890602,0.015353652871327589,16.433367854804843,4040.3017479558007
2008-09-09,0.5527959643245534,0.0,16.38359132879387,3788.78905679813
2008-09-10,0.6081614689958406,1.3422879065783797,14.254943131716377,2158.9366843127427
2008-09-11,0.6533340567654273,0.0,14.960718223503475,3682.524323290848
2008-09-12,0.7935554901221304,0.0,18.86460936611313,3583.552605489891
2008-09-13,0.7484507571656334,0.0,21.578495610734738,3992.143411746508
2008-09-14,0.620368654937486,0.0,16.209925140709366,1674.2488197069358
2008-09-15,0.7123079117526565,3.889281804773523,20.510052990988267,3103.0210178948983
2008-09-16,1.055075911376371,0.15267130270268658,20.353060521509367,3674.492344695213
2008-09-17,1.6761885977644628,29.171690181510726,14.733847585026737,2345.3788543521014
2008-09-18,1.5055083530681517,8.3059552977879,8.84771575081711,549.2839878604217
2008-09-19,0.7320534917025068,0.00730446133819589,9.571599241203044,1608.870150825679
2008-09-20,1.049209974509299,7.762488280733657,11.446966932263788,1842.556201235016
2008-09-21,1.8032069836757223,22.73319414064153,9.089225746827095,414.98946780068286
2008-09-22,1.3696450300384169,2.2819761927861273,9.100511794818647,1112.8922605792563
2008-09-23,0.9536744514401774,1.668719534105347,10.313048308467426,1506.1249867605898
2008-09-24,0.9718676786540204,0.10493253577901912,10.31942331787082,1434.0588603105728
2008-09-25,0.7311838818452469,1.2638094204201047,12.649775876352473,2257.162092282076
2008-09-26,1.1103370851019556,13.136538517825251,11.383606696258793,1766.242929848269
2008-09-27,7.810862284215775,38.26011380471395,8.488011669833664,363.9796008079939
2008-09-28,3.1016838397429094,7.190487760916254,8.361702855427453,1165.7828987669016
2008-09-29,2.705895956982503,10.977332459356292,6.8831080205969375,264.193052857131
2008-09-30,1.8292570585247632,0.42432576884895035,8.140609811162067,757.5421191134603
2008-10-01,1.8256862626364692,0.0,10.86351074993499,1965.75089988266
2008-10-02,1.219219332240454,0.6727815363977274,13.960805493364175,2602.4203727580566
2008-10-03,1.634793788869371,11.62329557251121,15.739329634675517,1622.1389789718544
2008-10-04,1.6918297743127757,0.09425055443555173,15.96398712840972,2576.1694674492514
2008-10-05,1.266605616725787,2.50392089913985,11.530055283464241,1889.4499037774683
2008-10-06,1.296087786659376,0.0,9.252725278110308,2035.0500787535068
2008-10-07,1.2011474146804078,0.0,10.535268758056418,2470.485656099833
2008-10-08,1.2680776856614544,0.1633079785767595,10.825282789312183,2147.234300919989
2008-10-09,1.2432421458349536,0.1650982644666442,9.076150521746936,1146.1753294399757
2008-10-10,1.2464829466725509,0.5980679516457736,8.888842516445354,1117.817276400175
2008-10-11,1.2783792116070567,3.027163984452335,7.99432788634542,888.2411044228833
2008-10-12,1.18273404982087,0.9912210207103646,7.6559543970632085,458.2841597612401
2008-10-13,1.0727677343142932,0.00730446133819589,10.375358894210079,1994.9173098340311
2008-10-14,1.630528260817643,13.307107906544264,13.859862219847532,1924.203305460928
2008-10-15,5.720320427001759,30.147500278470492,9.59680173959516,179.9615000813052
2008-10-16,3.159442456080358,0.015353652871327589,10.5774589162008,1352.3128068060075
2008-10-17,2.1657336150941293,0.06617603850323224,13.302177907222543,1880.1192623654256
2008-10-18,1.77938637202244,1.0852900127182,9.984801356808523,745.5358863230095
2008-10-19,1.619509349667824,0.00730446133819589,9.354846469207416,539.4149699514301
2008-10-20,1.440722609197305,0.043517924293708765,9.331056944214465,582.4192445475297
2008-10-21,1.390371672607383,0.07348049984142813,8.592821975512683,723.1920413900178
2008-10-22,1.321763942321338,0.1706124399149554,9.184033334688703,1173.9889417554134
2008-10-23,1.2973749753749464,0.4984009954874259,7.3810116887810695,380.6566285569184
2008-10-24,1.3621775838635315,0.043517924293708765,6.565099517918862,603.6266428094995
2008-10-25,1.8203332237535463,9.776655137962855,7.600407409470268,922.4948448519884
2008-10-26,5.581832232083952,46.144462360059975,7.965474877504721,719.456063056403
2008-10-27,10.677881563597996,19.80853565590931,7.3804711574761255,400.29772027080566
2008-10-28,6.871759284327866,1.819118743110908,6.900481537464502,448.87628018614816
2008-10-29,4.279484256205387,0.00730446133819589,10.689524961308319,1232.1511397798995
2008-10-30,3.23922609231934,0.07889690156422415,15.196677413722036,1417.9373921226213
2008-10-31,2.739759618604903,0.0,14.874280707745829,1758.7387719803482
2008-11-01,2.443213279155798,0.0,15.169202127097996,1402.1904460103417
2008-11-02,2.2552306947888945,0.0,16.123506726099382,1428.982037267818
2008-11-03,1.7275503123306892,0.0,10.745209025564586,955.3474037472492
2008-11-04,1.7553753588481236,0.0,9.301549508228433,1011.6208511287176
2008-11-05,1.6887427925302856,0.0,10.929413685691163,1066.3690874623444
2008-11-06,1.8318566408488128,0.0,8.713973088138921,1056.162651793451
2008-11-07,1.8194465671631737,0.015353652871327589,7.904831468710986,1067.6621715952565
2008-11-08,1.871253892802533,0.09787667026846306,7.379340325951802,816.3204351967241
2008-11-09,1.7767491321093978,0.0686588249156795,6.571036125162005,1004.3084700581904
2008-11-10,1.5092814514828876,0.05082238563190465,6.027677537402376,782.1317768686395
2008-11-11,1.4680993161785167,0.043517924293708765,6.213620979605646,1131.9764294555407
2008-11-12,1.7182692661968455,1.2217809565162674,6.264086591189519,934.8473463141166
2008-11-13,1.7025981400845909,0.552744799023748,5.3026949011149815,310.68114501868524
2008-11-14,1.5942906535903842,0.0,4.997782176235774,364.9500139092191
2008-11-15,1.5942265692443671,0.6188380062398973,5.481686434229937,681.7603604623315
2008-11-16,1.6092035653890104,0.043517924293708765,5.496501583794168,936.213914347626
2008-11-17,1.7846677593214304,2.6508156841270187,5.749675050741523,883.2261054797036
2008-11-18,1.5280461857256702,2.6511540354447205,4.415337408249553,164.1581565704578
2008-11-19,1.823756055894349,12.037011884775918,7.2809432333467985,285.16379407701044
2008-11-20,1.8056390494318224,0.35194414840731914,5.490718577495368,283.45255949916645
2008-11-21,1.751208923495318,0.1577938031284483,7.969727512504273,1209.259511904553
2008-11-22,2.7984164259523325,30.733693766212685,6.453862408706764,1299.741991876755
2008-11-23,3.5104166666666665,7.208630102388209,-0.04538315609404878,196.3608825619658
2008-11-24,3.2064218855769173,0.10960420730687932,4.082326964119003,441.0035512571111
2008-11-25,2.997058895782028,0.01460892267639178,11.526276132116479,1491.8612046985531
2008-11-26,2.9725570081650234,8.699656447651428,9.095525566640074,1179.5551128976117
2008-11-27,8.826143252603753,18.061244596084997,0.8213359496959136,122.55246073310629
2008-11-28,8.11745830911625,1.0343479867193692,0.6368495255983063,16.331638570088927
2008-11-29,5.536723518793556,4.636756458106518,5.618011568639463,42.81205128759498
2008-11-30,4.667142721155366,0.37619031543646564,7.754479894496344,28.54916503594672
2008-12-01,4.450112620138346,0.0,8.444849148181401,1105.746566438962
2008-12-02,3.571027429034689,0.043517924293708765,9.955185612927135,1135.529310076008
2008-12-03,3.2216343280654742,0.00730446133819589,14.203236313154793,1996.9212847835684
2008-12-04,2.811777687669648,0.0,13.472344075595753,2318.5803220848925
2008-12-05,2.6906912707653308,0.0,12.035413946708278,923.2365757679552
2008-12-06,2.386195757777616,0.0,14.6670553970578,603.0415042595141
2008-12-07,2.9219176751734373,4.849823521345398,8.299732527491658,662.1368930756347
2008-12-08,2.256286693785877,0.07889690156422415,0.4354131179361454,272.58619078860715
2008-12-09,2.3392570912236272,2.055702358984278,-1.5643550046885177,107.2579174800684
2008-12-10,2.318671849510615,0.0,0.9212011872738586,818.8389184289938
2008-12-11,2.302432549178437,0.00730446133819589,3.8607125615297657,1081.6299184441798
2008-12-12,2.1748484385446707,0.7514900900421386,5.658860445482313,634.7890488043462
2008-12-13,1.9924130713741868,1.700011635672885,5.555091711580195,317.08239065811034
2008-12-14,2.026906694487598,0.043517924293708765,4.923469546682515,690.2045604100433
2008-12-15,1.938884369348788,0.0,3.1528015070407895,381.6827124275688
2008-12-16,1.9889369816470608,0.0,3.111881764658378,609.929144706549
2008-12-17,1.95003210202398,0.0,7.829696203668798,862.0559423508739
2008-12-18,1.8604180808522155,0.051875959562307034,8.90843358666903,785.4544997714754
2008-12-19,1.8741823916842903,1.5132190754370582,7.426113348932683,688.3082495596466
2008-12-20,3.1543362320726698,26.735441941048546,3.1881092062444134,179.46358957490503
2008-12-21,6.005635411230453,13.165898358346489,0.4284124870016678,106.20985405697532
2008-12-22,13.616560146101447,18.027460127568688,-0.4974780884850914,97.03171124540744
2008-12-23,9.309824585792704,7.171649902778545,-1.8036517121321212,73.30099545907251
2008-12-24,8.032785597924732,6.864692545101692,-4.568580424120592,76.60022083172245
2008-12-25,5.58429917848815,0.26484805191207483,-5.728140795128478,505.685042923216
2008-12-26,4.939389872579233,4.3460970845232,-3.7503952804059804,398.45280208119385
2008-12-27,4.157263806731935,0.49896621470223834,-5.07716800698321,239.45240031499196
2008-12-28,4.091004768562302,6.533026859132466,-3.135336453193302,293.2703337476995
2008-12-29,4.112102762144398,1.7007672542551036,-5.34150286424949,20.07191998143109
2008-12-30,3.768214965280283,0.19959748732725865,-5.177763970563994,51.18783029988582
2008-12-31,3.593027736240677,5.037685948364476,-1.5936048594133427,275.5884750609162
2009-01-01,3.616105063665156,6.44414229432323,-2.5569288039163873,650.9220861468093
2009-01-02,3.572826841056408,1.2486926031625436,-1.5936048594133427,397.1963555658828
2009-01-03,3.994905613574996,6.973523670685326,-2.5569288039163873,74.12262709895786
2009-01-04,6.49615271197058,17.830330770890892,1.138214299504197,111.58087663559677
2009-01-05,11.761433367065164,10.252632362983926,-1.7798418580779347,107.8213225735395
2009-01-06,14.297790239907066,12.91301662128732,-1.7999578990645186,116.35256262286406
2009-01-07,10.201625242578176,1.2363096773801325,-2.6448150659459095,597.4838999088743
2009-01-08,7.302481172416543,3.1488546141405216,-1.6859414456765414,702.3909386197791
2009-01-09,6.09467604969655,0.0,-5.292119066663411,333.4312390868059
2009-01-10,5.253214651000825,0.7403442500990485,-3.69842565735006,751.6195552302881
2009-01-11,4.630224829414187,0.275536957458521,-4.285823687425287,80.53756858350602
2009-01-12,4.3092897780393775,0.043517924293708765,-1.5895922022690736,771.5097845952681
2009-01-13,4.050396486008562,1.8610927340615422,3.6320556775291344,1304.646602591965
2009-01-14,4.658117435397019,1.6129996032080802,4.917664577172439,1046.4295777929142
2009-01-15,7.328465826933637,0.0,7.083502718823393,1051.1592664797795
2009-01-16,8.732773808555258,8.498755651323794,3.4029395614799047,753.7022856073327
2009-01-17,9.897998057537698,8.417113960523132,-4.134137496746792,33.19216816119653
2009-01-18,7.783237234874245,0.8316611892242514,-0.8513448364211802,885.6327293941689
2009-01-19,6.565059079379358,0.0,3.3333995296826617,586.0007821585715
2009-01-20,6.583437387827979,0.0,5.3914977484379705,1283.7634141499625
2009-01-21,6.784940995522807,0.0,6.655268871246682,1258.4391365063134
2009-01-22,9.810211029140952,0.0,9.169865205870916,1765.311255725349
2009-01-23,15.060791812748317,0.24680746682132737,7.719164096232678,1311.7070613582457
2009-01-24,17.396645655584994,1.6278562662633849,6.1039649285025535,1597.708670056901
2009-01-25,17.9364239592781,2.4157924153622603,7.351572599343465,1055.655133122358
2009-01-26,17.50518860284752,4.016562958403731,6.00546667085942,1791.590136053906
2009-01-27,15.146691918767006,0.08401247778700709,8.589919574109041,1836.2586550817136
2009-01-28,13.636082829564534,1.3081836970402219,6.361841965607207,1092.622325871219
2009-01-29,19.193762969396246,19.978917403440335,1.1199681695969144,154.4271773042828
2009-01-30,14.694306581889157,3.105610057118658,-1.2848332685655848,220.8225947006407
2009-01-31,11.845497552374248,0.7659359796189207,-1.9270594170350608,318.1942015380668
2009-02-01,9.73725530116896,0.0686588249156795,-1.1690545785361692,453.3444268688536
2009-02-02,8.151807291298645,0.15267130270268658,1.7963346784744172,1030.1237136105972
2009-02-03,7.802774711827316,0.2173578808160472,7.735035571649572,519.5708967501172
2009-02-04,7.467772124265835,0.07889690156422415,9.506375013220593,2337.118884504534
2009-02-05,7.81548781412303,0.058126846970100544,7.770575218262765,1342.594455002072
2009-02-06,8.012778581106328,0.0,7.351376566634202,1101.78824918117
2009-02-07,7.7543200405151875,2.549303619676348,8.526859762094537,1238.1219018253023
2009-02-08,21.34435932116947,23.972179328838408,6.646024629370058,578.2182686722643
2009-02-09,18.40260799082192,9.482952714370649,3.588778601778643,670.9045925767181
2009-02-10,16.55854197622852,4.921691682989589,-0.568272882723823,180.10824596416546
2009-02-11,11.60795965527554,6.04345534961005,5.244796647334215,2006.4359750079725
2009-02-12,23.24536057762347,31.993190142377028,3.6586604296403653,776.9599367748981
2009-02-13,28.287698036400474,10.392080773972845,1.7712793641590214,335.2342072929629
2009-02-14,23.61927139303116,12.011192946808798,0.9310434250270336,830.1051429450365
2009-02-15,19.14457106656839,8.454660435528668,-2.7494146938255426,193.37603396025077
2009-02-16,0.194994570415162,5.240339616736719,-3.842367425400079,350.9865372786863
2009-02-17,12.738801126430198,2.453881257680687,-1.6395753000304816,1036.5301310495656
2009-02-18,10.996277036781503,0.6072912129249612,2.2678100448191607,1418.6229716338237
2009-02-19,12.77593791263361,7.805275975861255,2.2665610070602664,1476.6239782953514
2009-02-20,12.839608245928408,1.915801905734127,-1.3687080835840455,1116.3553633893073
2009-02-21,12.074220096165448,11.167501777649683,-3.4237500217332713,340.9019705418492
2009-02-22,11.374939068153422,4.327277966926859,-4.061583998423203,474.8274958854042
2009-02-23,10.500021118348927,4.759720918123984,-2.802834484938413,593.1726722273601
2009-02-24,11.205935229462677,6.87068297304007,-2.395728931655725,280.4847551617309
2009-02-25,10.462270912447162,1.608210167305514,-2.161931464153267,595.573468638666
2009-02-26,12.467659879279612,27.83805686323521,-3.2394813956026693,135.4470924490619
2009-02-27,10.853420557998708,14.393910234713527,-3.2597392492081765,291.99566445348944
2009-02-28,8.820855916374692,0.9816997021166023,-2.7296321214203396,775.971428419122
2009-03-01,8.126413823918128,0.6439719826588892,0.7334460463513701,1230.7100194634213
2009-03-02,10.458806051430525,4.753964480924503,0.7705527122647864,629.2177279576662
2009-03-03,13.913373013897957,1.7290525995201014,2.254574696334355,1148.371693055334
2009-03-04,15.885866856327706,0.015353652871327589,5.737827479957065,2109.9367611465345
2009-03-05,28.058032182692934,1.8417365633173046,9.018160661754617,1740.2875654284437
2009-03-06,38.9052670303049,0.09936613065833468,10.960353970410935,2975.2249928600745
2009-03-07,38.77397396565643,12.371432667141452,4.703176647448554,723.492351351649
2009-03-08,27.466557164544195,0.15486018781809952,5.342370456478852,1893.8617963351091
2009-03-09,20.71639584948918,0.0,5.387134470019727,2038.1692750733391
2009-03-10,17.930669638090006,3.4382624202357177,2.047932491652965,1381.4845470949788
2009-03-11,15.49726012751231,0.24949439904074727,0.9566416268420643,1529.7556071535375
2009-03-12,13.974105012779775,7.697337090538337,2.1828407423899154,2979.894333617148
2009-03-13,13.143898259718537,3.039028495186919,-1.4863103405777893,570.9034067420135
2009-03-14,12.122266770373486,9.785987427536528,-1.3650408633360938,1069.5810610123074
2009-03-15,12.027236505492368,2.401670422824865,-1.2867158127100722,1137.357754397942
2009-03-16,12.206852813018044,4.806187665488691,-0.6389157325943122,820.3826888746332
2009-03-17,11.203308397012876,1.6160613185304156,-0.10435212597924771,1856.976570232152
2009-03-18,10.81493879220125,5.636788017136347,-0.29923422316369175,2139.404023296197
2009-03-19,11.62805253974527,6.2301174278421785,-3.0106439573328143,751.5518797225916
2009-03-20,11.125356963364652,0.2823905898988154,-0.3171949210465689,2189.919275816815
2009-03-21,10.155576599224698,3.279160341850485,3.6156573443025164,2709.991910276146
2009-03-22,13.632700585104429,7.3606038278801655,1.9506710207371316,1627.4532477558766
2009-03-23,12.695185872343368,1.523889939815515,-0.6793091795443693,661.5041669526719
2009-03-24,11.433239844420214,0.21621455139558315,4.6341360303701125,4074.0603096704735
2009-03-25,11.515751260739757,3.5896618427223426,6.33207318960781,3386.0582186539104
2009-03-26,13.708409872738905,11.28678060850363,-0.024887897028796,482.1203585021176
2009-03-27,13.141245849933066,1.4944007765449534,-3.17386319583196,743.8863935268495
2009-03-28,10.555362456162966,0.00730446133819589,1.3680643595172914,3352.5354364745
2009-03-29,9.446334638897149,0.02265811420952348,9.192784903296163,4055.4074533025446
2009-03-30,10.27665879756931,0.05082238563190465,11.980222268089323,3228.140320201115
2009-03-31,12.607639716465608,0.015353652871327589,13.126660376276009,4614.205054710454
2009-04-01,12.701827585278329,0.0,9.714991414900913,3109.95620750991
2009-04-02,11.766609984192993,0.9855480049244751,4.4154835848145595,980.4115753009888
2009-04-03,10.471280478038432,0.043517924293708765,4.389825784148375,2825.8876710288428
2009-04-04,9.808033668763018,0.015353652871327589,7.078530934284673,3256.307395862139
2009-04-05,9.270534151090004,0.0,9.734080045726826,3069.0576875828638
2009-04-06,10.148677900570211,8.217682513539575,6.4442396591293685,762.0113355536203
2009-04-07,9.499886682583313,3.8726737437262564,3.8932766234528637,370.1133730719497
2009-04-08,8.899991075217232,0.00730446133819589,6.733838795952666,2888.56947457957
2009-04-09,8.05530932504839,0.0686588249156795,8.103915329859397,4672.790378075139
2009-04-10,7.620927089868863,0.0,7.900474025526078,4214.177537615939
2009-04-11,7.215191919193056,0.0,5.860553005272152,4218.901907533479
2009-04-12,7.114151153215304,0.0,5.614506426911742,3509.302560284335
2009-04-13,6.930435452324274,0.0,13.610585298084985,3170.7014954965243
2009-04-14,6.4589331784875,0.2783285876064348,8.525330038185484,3890.3749143712416
2009-04-15,6.292472192994163,1.1426738036463282,3.508895892721863,1917.853934261272
2009-04-16,6.593764807449484,5.72344590039629,6.810740326920215,3238.786274820944
2009-04-17,5.848428498617662,0.0,5.925344510143718,3309.7844573908505
2009-04-18,6.085016381296732,0.07889690156422415,11.718749653856149,4486.972938321355
2009-04-19,5.658643055883384,0.0,13.295235793727601,4158.868444611102
2009-04-20,5.366639870766162,0.0,12.64024144745579,4215.134171473345
2009-04-21,5.278977190707588,0.0,11.282401918727679,5204.395876918397
2009-04-22,6.330796842787534,12.514009976556133,4.5286198208742805,527.0596937577297
2009-04-23,5.794939704686634,2.8223108852210608,0.1180926175654272,468.9065624934923
2009-04-24,5.262557323177977,0.0,7.707275555188284,2650.66014587388
2009-04-25,5.046634451406398,0.0,3.96223249820397,3585.941700044821
2009-04-26,5.227929710531844,3.444299304985371,2.5720776537682952,2267.8118023085767
2009-04-27,5.012663719663334,1.4219731706405734,1.5929666788691463,999.8106738111536
2009-04-28,5.31925224657083,0.043517924293708765,6.628990306371897,3841.135191167729
2009-04-29,5.1297065899539005,3.3206578770102846,7.828453189648945,2230.6992986437526
2009-04-30,4.904819321084313,0.015353652871327589,9.152628617139099,3902.333340456911
2009-05-01,6.487392347947639,18.06139487678433,9.053647557371352,5021.878420215239
2009-05-02,8.125099543222216,9.534017112177354,5.879151878359835,1225.0348781011642
2009-05-03,6.926133381269969,0.0,8.14867023783767,4726.582626915108
2009-05-04,6.900084149438669,1.6863387978804276,5.017073372864236,1231.6545455033963
2009-05-05,6.736445709241778,5.400190001213939,4.693913244168983,482.79810780660586
2009-05-06,6.434808893093785,0.12241482585793291,8.884799803722013,4904.654117385559
2009-05-07,5.961278274374089,5.740817387047967,10.595710303305097,5695.705811087978
2009-05-08,5.914455476512901,0.0,9.072114718772522,5070.114970435523
2009-05-09,5.424365347011551,0.0,11.112981730316546,6308.595447400475
2009-05-10,5.0945450957983685,0.0,11.336789942360735,6447.743038571695
2009-05-11,4.942333828443795,0.0,11.991611566057738,6603.3861342746895
2009-05-12,4.768192167766174,0.0,14.944723416944441,6530.976180772941
2009-05-13,4.237434462637473,0.01460892267639178,15.436295999196394,6851.825205012996
2009-05-14,4.311160674099711,0.00730446133819589,15.486441539259527,5595.275493607206
2009-05-15,4.194543198826189,0.0,19.978293467083382,7470.326824495924
2009-05-16,3.7395556791863824,0.0,20.45231524834423,6502.465743158384
2009-05-17,4.02018500462963,0.0,18.232657921516644,7246.320468786958
2009-05-18,3.7718703906134254,6.59537522600034,15.19911372842611,6156.7326646104975
2009-05-19,3.722069426672917,0.6126768743221653,11.061124373504253,3527.7943979252645
2009-05-20,3.843519933244872,4.245546373026157,9.02116169898867,784.8501073516081
2009-05-21,3.6197151244907406,0.1250476156682686,9.466119622773464,2218.453216948188
2009-05-22,3.3986388800925926,0.21298703478820008,11.547195597096657,2731.8790716293784
2009-05-23,3.655640895855782,6.029019391005433,15.318586402935665,6658.266456970431
2009-05-24,3.513658651408605,0.07422523003636394,11.687705521411221,2999.0308874306133
2009-05-25,3.1829426392229934,0.00730446133819589,13.492699569592993,6211.12373947579
2009-05-26,2.977833395101326,0.0,10.209488150172819,4302.050934406622
2009-05-27,2.918481292567064,0.0,9.883688898032707,6734.157810063995
2009-05-28,2.5718743186689283,0.0,11.607551043971208,6932.004137976329
2009-05-29,2.6633222482012475,0.0,14.22626467036568,6698.055145915013
2009-05-30,2.822371688876419,0.0,16.278674425189198,6754.424054538894
2009-05-31,2.5899811583101844,0.0,12.355825657776082,2838.3813333676785
2009-06-01,2.6152346787101184,0.0,16.961700883334668,5733.867506657931
2009-06-02,2.678290573953408,2.1334132918776905,20.62042210982355,7164.175019133691
2009-06-03,2.4234717201155367,0.0,19.02045985271524,8243.035666582167
2009-06-04,2.4399879880851123,3.7799270119985193,12.560928034006695,2811.874215579763
2009-06-05,2.2635031386957443,0.058871577165036354,15.177590869806913,7351.252047900642
2009-06-06,2.2228115114936173,0.0,18.073030948401517,7482.322719526707
2009-06-07,2.245790419074086,0.0,20.002535099984115,8564.163680158845
2009-06-08,2.191848039888669,0.0,19.884217125504488,8737.761471946425
2009-06-09,1.9379500012194235,0.0,16.47127974761052,7311.061286605413
2009-06-10,1.7514393277130993,0.0,16.948993921847084,7239.789513654193
2009-06-11,1.7787397464693462,0.0,17.689840219814585,7287.084276109128
2009-06-12,1.8385784525915807,0.0,17.110586722257306,6366.2991507641245
2009-06-13,1.9465557102911375,7.12430568213618,12.72148528930497,2505.254713665431
2009-06-14,1.8047568844680375,0.00730446133819589,12.87967172490917,5465.687180146313
2009-06-15,1.6955646518159722,0.0,13.780297572768816,7871.306359774793
2009-06-16,1.6827271675917204,0.0,15.89970445735263,7640.9859857487
2009-06-17,1.8427336168650577,0.0,17.45766803088887,8137.914459462745
2009-06-18,1.7923691873788004,0.01460892267639178,12.426120788345225,4038.04354142753
2009-06-19,1.8124032537667656,0.0,14.551337667853463,7338.82016094545
2009-06-20,1.650422380790904,0.0,18.065740970531152,7136.5929197532005
2009-06-21,1.5401952367490477,0.12858397601111823,19.302937401047963,7102.981577344424
2009-06-22,1.3230917444483428,0.0,22.57029217572869,7482.849517573697
2009-06-23,1.202983372993367,0.0,21.483478345641696,7736.184405254714
2009-06-24,1.3763471145605086,0.02921784535278356,21.047175612458023,7659.580712688242
2009-06-25,1.2564161343602394,0.6600642328559241,16.93759290344414,6692.596981246669
2009-06-26,1.2716290677304898,0.0,16.29242884316072,5606.164370677187
2009-06-27,1.4194406592818671,0.0,17.930706607517823,6664.309219306251
2009-06-28,1.7096671596624398,6.2521490707634335,16.674998472760258,4134.509151375632
2009-06-29,3.73345549537037,24.402740892478306,17.387223939769967,6849.051917835815
2009-06-30,1.795519504256575,0.1377684787292605,18.62049633597754,6936.690855378498
2009-07-01,1.6018089579965151,0.0,18.123532510548756,7458.064997232747
2009-07-02,1.3352089962800218,0.3357107043815995,17.274338079583,5978.868085237921
2009-07-03,1.5770279793514828,0.08620136290242003,17.103279421407194,4365.703930996686
2009-07-04,1.6454730949464742,7.531943727789191,17.092336041837008,4204.413682731664
2009-07-05,1.5437127160360833,7.8066816870189575,16.266742598914114,2827.3900129226768
2009-07-06,1.4883165869767137,0.0,18.618057321703695,7269.627663911572
2009-07-07,1.2906078720512209,0.0,19.39800360063724,7022.193417451316
2009-07-08,1.211351658932909,0.0,21.135983064370294,7464.586204199538
2009-07-09,1.1189398893218008,0.0,21.404649134883424,7421.299221647986
2009-07-10,1.221687917505735,0.0,19.25554361659827,7580.090806467247
2009-07-11,1.2308024525810686,0.09212191722796553,19.45850681291226,6753.502552305818
2009-07-12,1.1856163895421348,2.0127866537115384,17.042071508927272,4474.942910329463
2009-07-13,1.444466501788715,10.616221933014142,14.35920726602986,3086.646015027072
2009-07-14,1.4400198030843523,0.4858301358243224,14.557521447355485,4531.574091378848
2009-07-15,1.8175986927903296,9.124464052586742,15.830116183835193,2389.337762266171
2009-07-16,1.5832004632000958,0.12202424486785815,17.220122594393573,4411.788495222711
2009-07-17,1.291541052333365,0.1297192871961288,19.396409335787638,6576.99085929327
2009-07-18,1.273150542021786,0.0,19.720199483409548,6543.802654672943
2009-07-19,1.1616404982673874,0.0,21.133116275607062,6797.650341310224
2009-07-20,1.1121623553890576,0.021913384014587665,15.860001218104165,1974.3795998809744
2009-07-21,1.2002757153128372,0.09434030992561342,15.641668010752827,6061.531786424913
2009-07-22,1.1894478551310126,0.0,16.241419750269582,7000.0
2009-07-23,1.1093439395572882,0.0,17.491994847052773,7224.067802417703
2009-07-24,1.2317521948509835,0.0,20.022591987759675,7224.621711587551
2009-07-25,1.1694958672048612,0.0,23.76855323529667,7255.66910528196
2009-07-26,1.1001878232383366,5.13490018592138,19.54963786915058,6991.035225163422
2009-07-27,0.8159716588912306,0.17092128365042192,15.082191284223377,3722.657395542576
2009-07-28,0.7116930751811223,0.043517924293708765,15.318984220578006,6324.19601428124
2009-07-29,0.841024625815169,0.00730446133819589,15.332631140469942,6849.025320736527
2009-07-30,0.7915714400400241,0.0,16.14231643921979,7902.216159284367
2009-07-31,1.1901373274794889,1.9126929354611952,15.850308173389948,3942.8803021620256
2009-08-01,1.1757874882781618,0.1297192871961288,16.913628318234792,5082.116499537092
2009-08-02,1.0649859297922202,0.936932076320972,17.241359136085883,3756.457621921069
2009-08-03,1.103183548946592,0.12241482585793291,18.920815287558874,6444.113790689083
2009-08-04,1.1127837201600468,0.0,20.408592896282606,5881.944039268066
2009-08-05,1.0318917208033995,0.0,19.923269490914958,5358.727892733786
2009-08-06,1.1511484080555208,3.242903108867659,17.91170761000211,2823.220495079711
2009-08-07,0.7715315987365823,2.148029856601829,17.35557869184659,4487.855026243231
2009-08-08,1.5086763443786164,6.086409297438323,15.737245658743003,1344.2791248403637
2009-08-09,1.086972739094332,0.16008046196937642,15.153212546178914,4120.525557944703
2009-08-10,1.0695083605534168,0.0,14.472565397631312,4735.607769777264
2009-08-11,0.9247594097129958,0.0,13.927072331837975,3925.9635739260834
2009-08-12,0.7421550822275956,0.0,14.12702986150796,4956.409002481341
2009-08-13,0.7955296932680721,0.0,14.963337774320637,4813.199854686543
2009-08-14,0.8285659964486836,0.0,16.668628878546613,4786.80950660797
2009-08-15,0.845839220509602,0.0,16.47968956315657,4930.258229324981
2009-08-16,0.8792513397402857,0.0,16.355528425301706,5221.849420645619
2009-08-17,0.7868249508509062,0.0,16.435102163936484,4497.456932500745
2009-08-18,0.7919553870880144,0.0,15.969368892801032,4962.552470034026
2009-08-19,0.8885378502569384,0.0,17.12521923342518,5022.312029138734
2009-08-20,0.83526767316509,0.0,16.803487238858352,4470.449411027653
2009-08-21,0.8797372573599036,0.0,14.615427007543811,4078.559582785601
2009-08-22,0.8227745422904398,0.0,14.369083373931673,4076.655543107003
2009-08-23,0.8440135396987608,0.0,14.396751014762359,3985.510947528725
2009-08-24,0.8572756518221185,0.0,15.164399114123269,3625.338285522283
2009-08-25,0.8419399555323314,0.05082238563190465,14.47778546998065,2966.036707259732
2009-08-26,0.7854430549482802,0.0,15.469903553024182,4211.027948793361
2009-08-27,0.7957428592041557,0.0,15.38572708462355,4163.193622928059
2009-08-28,0.8399799356484726,0.0,17.391238074164875,4105.024601142944
2009-08-29,0.8814861559869052,0.0,18.025569743933524,3957.3439266440914
2009-08-30,0.8395876216882081,0.0,16.462211991320103,3928.886385595664
2009-08-31,0.8699545183756521,0.0,15.672159915740846,3492.2686295794306
2009-09-01,0.8786888107358862,1.3894007659564043,13.796839592166155,1974.760591267376
2009-09-02,0.7751114467002993,0.06617603850323224,14.122881602087372,3915.0894368923528
2009-09-03,0.7610294417319406,0.0,17.13416248182896,3134.5985657430656
2009-09-04,0.6684307108619996,0.0,19.592104284445828,4685.64221431315
2009-09-05,0.6074559517649727,0.0,20.89267710833016,4978.9958371653975
2009-09-06,0.6657079370274712,0.0,16.034406118716028,4265.868793474509
2009-09-07,0.6234418196516512,0.0,14.858594180181065,3096.794026724664
2009-09-08,0.9595440856163276,6.267241046089968,14.583656106661842,2505.807074397333
2009-09-09,1.2938030531657128,8.9180266730852,14.582636761617488,3454.069277431411
2009-09-10,0.9101478385847276,13.548352280913264,14.473855138603161,2473.9808539510605
2009-09-11,1.214855142855801,2.895082406659413,14.80515125912334,1774.8663624420578
2009-09-12,1.397698855733835,9.80286458169213,14.826426049829063,1769.7908024216888
2009-09-13,1.6108634015587897,15.68600668041174,12.028781464246794,821.4538716250371
2009-09-14,1.3168380588657551,0.015353652871327589,14.869131383536097,3320.3292821886
2009-09-15,0.7683887051378224,0.0,13.459691632907436,1213.939742701041
2009-09-16,0.8102805509052949,0.29648652303276796,13.062738332668985,1383.616863812317
2009-09-17,0.9836812599353106,0.05082238563190465,14.25302282508128,3145.300842680074
2009-09-18,1.18320217850388,0.0,14.118781392349973,1923.626843519448
2009-09-19,1.235158706470014,13.48136846665782,12.081902196749555,1617.533920796868
2009-09-20,1.2465155487088604,7.076069245403135,8.89150151545934,1448.6042337857568
2009-09-21,1.0750912883768526,2.264546370963334,8.988291334826227,678.300298909175
2009-09-22,1.6789451447558223,11.376121311081787,10.279309034650055,1176.5940453388089
2009-09-23,1.2165294169271264,0.043517924293708765,10.672298860608315,3142.0377056392126
2009-09-24,0.95969953997397,0.0,13.287385806614946,2722.3788324630195
2009-09-25,1.076120351754437,0.0,13.659995288555706,2524.703970836268
2009-09-26,1.021926850654251,0.0,12.075514099066817,2024.3276681406496
2009-09-27,0.8426561511377703,0.02921784535278356,9.114503640564006,1289.8604301083724
2009-09-28,0.8825148122013252,0.0,9.739485811405673,3198.461863958439
2009-09-29,0.8750172483878695,0.0,12.573929792236978,2590.1098094205777
2009-09-30,0.9289333673006442,0.0,13.589577339666956,2730.733310752418
2009-10-01,0.8774855268621111,0.0,15.047514622721385,2511.588324280769
2009-10-02,0.878128026832132,0.0,16.450864484625598,2849.809009411485
2009-10-03,0.8765561693155336,0.0,17.06141358910742,1819.709852129013
2009-10-04,1.101530231418762,2.477561856045786,14.872720572127195,2098.794154311429
2009-10-05,1.2462363175688107,3.9737719985855278,12.759564521606325,1702.832274165885
2009-10-06,1.1107802138566218,0.12678567188578005,11.323911076328312,1112.4546487776192
2009-10-07,0.9942995945073552,0.12241482585793291,11.294546375956921,2412.9853910330894
2009-10-08,0.9149324296073847,0.043517924293708765,12.253580482367038,2324.8145251012847
2009-10-09,0.9032998476829388,0.0,13.877489130439152,2305.039362542578
2009-10-10,0.8597087446493212,0.0,13.267360612540356,2487.766360667565
2009-10-11,0.8758311147692021,0.0,16.23040712067807,2026.755313363031
2009-10-12,0.8940099308740628,0.0,16.240462828216053,2437.572738374822
2009-10-13,0.9705847666619212,4.239488063044699,14.322343905473797,2474.02908186832
2009-10-14,0.8345785027660747,0.01460892267639178,7.27150833713714,744.8935424607432
2009-10-15,0.8876863004909895,0.09425055443555173,11.128236739852781,1172.0867907627244
2009-10-16,0.8646318422107642,1.3667334007680703,16.1155840717705,1796.6952440772077
2009-10-17,0.9955091609828576,3.430961784370944,14.86551148253767,1533.0900124348673
2009-10-18,0.940786549905565,0.13483486341891174,15.409224573398404,1410.853054547305
2009-10-19,1.0648479214754605,1.8032851677985646,17.01774090011033,1424.773987519231
2009-10-20,0.8087427861491419,1.1541154576231638,13.968977111415118,1708.689883064765
2009-10-21,1.066460029849438,13.75248666204966,8.912414255527553,381.2534024312061
2009-10-22,1.11204191921481,0.0,10.331259688803868,1223.5309336220723
2009-10-23,0.838304516546736,0.015353652871327589,15.365147434471146,1543.481992201568
2009-10-24,0.8186239280070822,0.0,15.67013828425422,1360.735845503136
2009-10-25,0.9034952252916544,0.043517924293708765,14.078771618903572,1159.155289402131
2009-10-26,1.1136753281691771,0.0686588249156795,11.712830508957527,614.7948731971853
2009-10-27,0.8387449303856179,7.234981603307393,10.599695704171985,395.58419616694
2009-10-28,1.5374524590504604,19.633590955165708,7.809993426415737,146.02648510633912
2009-10-29,1.1985345049272305,0.14139459456217182,7.282787408871142,598.8001396127793
2009-10-30,3.243014926789934,41.7214767229738,5.74803535400103,154.57755976412193
2009-10-31,32.87163723710621,125.69070988203612,5.0785899264228735,202.50867070843145
2009-11-01,64.83951295253817,69.86526119933197,1.4357990844851822,116.8707088925914
2009-11-02,25.703630211623185,5.938475853588697,-0.6160972637436133,264.9465507414892
2009-11-03,11.600373057136167,49.11979700990302,4.1107752033464156,1220.4164889172584
2009-11-04,13.046515268298988,5.522162043147895,6.723226643268626,1382.8424063459402
2009-11-05,9.491014548290824,0.015353652871327589,9.687106675903015,1648.3051610060406
2009-11-06,6.5014211691897446,0.0,11.704705133482737,1472.2479099890325
2009-11-07,5.980277750697352,0.0,14.32359897140407,2107.236658187687
2009-11-08,5.08970290532764,0.0,14.653441019778928,1734.8039064126835
2009-11-09,4.423536480988075,0.0,11.748201907904372,1353.840693901244
2009-11-10,4.348903394357649,0.0,12.775958370821147,1906.748085846439
2009-11-11,4.073790623328136,6.002511889329566,7.850754891621443,450.2062077336618
2009-11-12,5.264010160708002,18.31490919335605,5.870417007087274,361.54866792176
2009-11-13,4.513313823457698,0.22351901273377903,3.1880824176202096,881.6689234019489
2009-11-14,4.22684028247774,0.043517924293708765,3.4564709334334416,928.6629129916344
2009-11-15,4.019254860137792,4.398978432388666,5.905765127041806,1139.7240439583716
2009-11-16,4.417306643634483,5.5070060532901675,4.074091382353094,194.1467136675757
2009-11-17,4.051359798995896,0.9785600282625699,3.9924029141320294,268.4413683373609
2009-11-18,3.908227430977252,0.2059764747470385,5.970094287081117,1435.95975462512
2009-11-19,3.8180350456257472,0.0,7.15274432211888,1442.4599600266488
2009-11-20,3.6600510939793622,0.0,8.024843242436464,954.4014741271276
2009-11-21,3.34601896104704,0.0,8.092065202038848,1416.7152055196275
2009-11-22,3.540362491940442,0.0,10.171806335724474,1341.4580637803335
2009-11-23,3.417861520343081,0.0,12.101878485194934,1461.182602371381
2009-11-24,3.1593325700706427,0.0,7.8170065072943675,1014.4313104269517
2009-11-25,3.008809312514088,0.0,5.610145676730948,1168.8129637119034
2009-11-26,3.3589393375021595,0.0,7.814199079591124,1277.428658634935
2009-11-27,2.7042152220681763,0.0,9.107648692299124,1542.0729429022233
2009-11-28,2.71030788416479,0.0,8.627572596259323,1427.9952495707817
2009-11-29,2.8308593103123583,3.691526934974913,6.768877489310905,216.72568165702137
2009-11-30,2.84966056784358,0.137317649831359,7.3695846463902335,1401.2130839844922
2009-12-01,2.6840318295010235,0.0,8.263555755989305,1705.3933178036737
2009-12-02,2.6121659059097224,0.0,8.717771533441066,1890.187331344948
2009-12-03,2.471396255980685,0.015353652871327589,6.80030235213519,693.4243306430834
2009-12-04,2.472681200197,0.05082238563190465,6.296997759037178,562.2956548356545
2009-12-05,2.765903917865949,28.55174814182544,7.280750414080548,761.3976610184991
2009-12-06,17.323158185658436,30.867186394227186,4.084559418945473,104.11586802146611
2009-12-07,10.068001098760314,1.946702570862863,1.605581044914808,487.0505952946064
2009-12-08,6.801392914351939,0.0686588249156795,1.9712184731026707,538.9481665514534
2009-12-09,5.498807340083692,0.043517924293708765,3.2031643003792416,447.03594955303896
2009-12-10,5.002225457499888,5.359046478641644,3.636953606501613,568.3877285136074
2009-12-11,8.078348575070033,17.81887786345201,2.7669187028224163,139.4749615002794
2009-12-12,10.031964177150996,16.37622876192478,2.8874402553749485,418.5069327827583
2009-12-13,24.951795108326586,19.838642307537093,-2.8479921298345063,94.3220966641122
2009-12-14,12.260940302094106,0.8060694597043792,0.22215161538735304,939.405098328125
2009-12-15,10.371688230025958,0.7249671951442285,5.039856375543095,1113.8079318698003
2009-12-16,10.973418224303767,7.833322244325183,4.553840731911098,670.5943815461852
2009-12-17,11.647419406995391,0.5139587941657261,2.148346087984595,197.69307411066197
2009-12-18,14.289500639314774,15.751615340268922,2.5771223027324206,690.6197753866331
2009-12-19,13.548622020401297,4.463183453378079,3.9759217014843764,885.1983183500028
2009-12-20,17.624143716976395,30.593339014334326,6.334266206962312,1859.7413241633856
2009-12-21,19.06711947360383,6.945312097561837,-3.619116952462951,56.339826401572736
2009-12-22,13.093396370316778,0.058871577165036354,2.1814055570614257,754.0802245568138
2009-12-23,10.725753225428935,0.0,8.04503213901282,1248.688497199772
2009-12-24,8.665674686640202,0.0,9.598448094750855,1110.366529309238
2009-12-25,7.166716810496651,0.8939747270644175,11.481184362339208,967.6069107822956
2009-12-26,7.417683457270876,0.043517924293708765,10.121157457746964,1044.15819026425
2009-12-27,6.544303336838658,1.2383657815614098,12.202987716350078,1148.9276927126523
2009-12-28,7.660855249005779,9.530659158776134,5.3696589157055845,568.5303697016769
2009-12-29,7.041052279544134,0.015353652871327589,2.3909101818109875,850.9740896727153
2009-12-30,6.097485002389693,0.0,4.990494825916083,1533.831417423364
2009-12-31,6.165340366331077,0.01460892267639178,10.74326766374833,2274.769523306295
2010-01-01,5.425872862564588,0.09350582424061592,12.931225166943452,3257.5719027108444
2010-01-02,10.706462393269875,29.216902825937606,4.177602476427501,718.3167559806867
2010-01-03,14.716571994665015,15.627510265617456,-0.40394735188294306,519.194814627686
2010-01-04,12.0258275597536,1.6913297222700168,-6.147246588639479,497.5978107365035
2010-01-05,9.747891072512616,0.494927411667491,0.4794480005977364,1364.0158498167837
2010-01-06,8.702508237284933,0.24688456990429733,7.706942095330869,1604.3005961581048
2010-01-07,8.15640683027621,0.0686588249156795,9.627581017921273,1248.8213920556136
2010-01-08,7.657523202230015,0.0,11.086000542612084,1714.6208948700305
2010-01-09,7.164406577664947,0.036522306690979445,12.021605541122451,2788.0104501615588
2010-01-10,6.475692914971952,3.860500617833934,8.19698741667952,1110.2578493818105
2010-01-11,6.9697966222375625,1.7984967791779616,3.52340161337884,1178.796769333394
2010-01-12,6.276848461345264,0.22621205045194148,3.4261080821621293,712.133584187468
2010-01-13,6.321984264041696,3.0180300739980943,2.5511717767781543,601.865278467017
2010-01-14,6.06957954173171,1.2856406898854544,-0.09325005785233745,121.077580202346
2010-01-15,6.2702252200361865,3.098894115112376,-1.4002243573240356,57.17627062146016
2010-01-16,6.4393177795122085,2.9810070628831573,-1.6475459673502937,108.9964845011155
2010-01-17,5.86653500607118,0.38130589165924855,1.375499994632516,122.44638494800896
2010-01-18,5.9579921013558685,0.6849242892530677,3.991389912335143,811.3254234310408
2010-01-19,6.367610700587574,6.453751400020735,-3.2388531312192006,198.2614490251476
2010-01-20,5.986782893866551,1.1272147361086613,-3.5752093920568875,106.65626969390784
2010-01-21,5.849173409462234,3.768637007727142,-3.8758886616571893,407.9707702526744
2010-01-22,6.2443331746975135,16.55178173041944,-2.595570577176566,95.42615122280426
2010-01-23,6.984302911358787,9.839727992140404,-6.525377332944176,125.29830158792232
2010-01-24,6.382676582017974,13.351384565395067,-6.976441968249296,8.52020106204049
2010-01-25,5.365677955784079,2.342509486574061,-9.543438760509856,41.44951286179816
2010-01-26,5.180880935155896,2.8457191272855145,-8.121794465562276,398.8122931471377
2010-01-27,5.140337438112456,0.8006687917537656,-4.058051016007537,399.4019904562096
2010-01-28,5.450478314280753,0.5384428073461117,-0.049637999629233986,436.7939411631159
2010-01-29,15.284243428029445,15.48892129350699,2.7199109865199187,398.0479291161439
2010-01-30,25.30219810334056,0.33276214663281856,6.556199113563971,2058.371897376369
2010-01-31,27.96998498439335,4.1284150659904935,5.360736113521394,1126.3897756728952
2010-02-01,34.687709978743186,21.920737508093627,3.7833234731583767,2445.19518457813
2010-02-02,35.53276816645148,22.677910781924787,-3.8203451898427305,111.82200428476187
2010-02-03,20.28245984998331,0.36762244290127283,-7.257482472501609,65.33406579562786
2010-02-04,15.123458058846202,11.772231592334437,-4.717384460941381,281.8951195216686
2010-02-05,11.996760085835584,0.07889690156422415,-5.922837581557568,407.37224784207024
2010-02-06,9.869493933542833,0.07348049984142813,-0.5434529599508473,1068.2840630432918
2010-02-07,15.504184481030562,11.098154243586775,2.87314241006718,938.8619934524957
2010-02-08,23.84441937121818,3.508406173336022,1.224163428403004,1554.0447207345776
2010-02-09,17.20161103628764,0.015353652871327589,-2.2594141354422557,204.74590527780796
2010-02-10,16.561905303626975,3.102530769883334,6.103320189632006,1411.6711945384725
2010-02-11,29.270372840454225,4.474644001878105,6.676820486599926,1284.0223143890453
2010-02-12,24.569439804146512,0.10300718892967825,7.652371346907709,2228.5337202074743
2010-02-13,27.271254708291156,5.7379254903173385,5.121712143286591,615.3888155327528
2010-02-14,22.406019109040898,0.3427063219843289,9.08754818836014,1637.5154569254755
2010-02-15,24.612143425056107,0.9299483943874891,4.977855068345069,1679.1359149829527
2010-02-16,19.027509878235463,0.0,4.788860665133348,885.0743978415722
2010-02-17,15.631821612150503,0.2146264985759601,9.719923630492133,1233.0753234839517
2010-02-18,16.019448253798647,2.5537189157248625,9.885455657167896,1259.9994267895197
2010-02-19,17.071872440129717,0.1297192871961288,10.532421525268585,2631.174342243583
2010-02-20,14.178973057227571,1.3832139419238394,13.778665748590832,3547.073491214008
2010-02-21,15.76621794101019,8.672953718509756,3.4464722003512698,880.0353118336953
2010-02-22,13.344674850612256,0.3356957619431673,2.2827891910872005,92.95651098889874
2010-02-23,12.301260743428616,3.350979069853135,5.981450132229092,1079.083219383127
2010-02-24,13.691270273974856,4.178370949120103,6.731811551505793,887.7287410299365
2010-02-25,15.503681565717606,16.72636632791401,5.612464637037356,907.340798363694
2010-02-26,14.300741213069092,3.0567050001006404,2.9402911348206935,374.791045335058
2010-02-27,13.21254609027807,6.164658185245143,3.741804609336972,811.7135268819628
2010-02-28,13.337899610303811,2.0659527574957957,1.7595099882311094,177.69045749548866
2010-03-01,12.461430854474196,0.2059764747470385,8.598438882424485,1930.7754892403411
2010-03-02,14.875518462451025,22.593392463663903,5.507080148020332,2121.031592353125
2010-03-03,23.353782564627675,0.2381279354101708,2.62059142107251,1920.1468222693168
2010-03-04,17.92255613634943,18.041523334505943,6.587395527128789,1870.3123216895165
2010-03-05,26.828472953714527,15.526955470605252,4.899492178752595,759.9964629484053
2010-03-06,32.363798120916215,13.052353638722492,-2.3505031335654234,391.0876576900463
2010-03-07,24.0612867097799,4.531190236237073,-2.4484256981657846,1469.1288891720017
2010-03-08,20.138549459207358,1.4313033452836905,2.449785715355024,307.3975714632947
2010-03-09,17.888236207324045,9.356380291185765,1.1113714760930369,680.9453416512853
2010-03-10,15.977113412724249,0.26703693702748776,-0.015428626067391232,350.1585048259573
2010-03-11,13.90783173858913,0.2059764747470385,6.850596625766729,1300.9743261093172
2010-03-12,13.38451850609546,0.8681638725546493,5.030854819859891,1499.9239822405957
2010-03-13,12.118321181765,0.0,2.8880521441673386,1811.3166934954904
2010-03-14,11.238565802314412,1.5771459809170505,-1.3243877047319492,705.0708828484762
2010-03-15,10.379543631545603,0.4680547631526105,-0.419836582494344,1326.6864616747412
2010-03-16,9.646910033763218,0.3856453173681498,-0.11564109793843738,2736.345600823192
2010-03-17,9.477469050156602,8.063997966192593,-2.5058756952635908,1403.523913708589
2010-03-18,8.749536587836642,0.360836662565138,-1.6191286178976634,2974.823434561785
2010-03-19,7.783663115212534,0.0,1.9087100798755134,3003.6941725099555
2010-03-20,7.877920571746365,0.0,7.348404204949512,3662.723634505507
2010-03-21,7.793259387621787,0.0,10.18215914807856,4589.771165615992
2010-03-22,7.412278104793473,0.0,10.908535002509275,4738.804083645196
2010-03-23,7.064973291176663,0.0,9.402737706035103,4191.6657759459895
2010-03-24,6.945295812070027,0.1577938031284483,4.87312017172306,1357.7592076776448
2010-03-25,6.5752388787131,0.0,2.285720355977178,3101.9792131137992
2010-03-26,6.24973115083198,0.0,1.4808421061651775,4819.625223180626
2010-03-27,5.839963662318678,0.0,7.527025623131082,3497.840283571118
2010-03-28,6.717738792350974,11.497524062385317,8.235605655196133,4768.401958376843
2010-03-29,7.915615722112158,7.51420848402584,1.7060665345691044,1537.520291590627
2010-03-30,7.925767927320808,0.14507294006745639,7.629541215164657,4989.636439292568
2010-03-31,7.106035401702557,0.08326774759207128,10.744424384170458,4297.340310053433
2010-04-01,7.186268773967012,5.921627848192087,10.445909906722447,2662.0967836183645
2010-04-02,6.95426969875477,4.359294292509539,8.074105862173695,3078.604368172274
2010-04-03,6.912548406936287,0.6803573523981926,6.911348988406187,2941.7843979149634
2010-04-04,6.183580213500803,0.0,8.768682055049764,4132.953470411178
2010-04-05,5.992130626185404,0.0,13.303822676426698,5026.505386453023
2010-04-06,10.363810900322363,34.97927092050928,6.78935875097513,735.6125707361359
2010-04-07,34.595635776149464,15.554089808764466,2.2038170319602193,468.6500580361305
2010-04-08,20.660602857835208,0.3145420505619477,2.355798998350121,1163.5123817905426
2010-04-09,15.08960329057262,1.0170464036194444,1.2265633033263343,904.6980905867176
2010-04-10,11.457228622502516,0.07889690156422415,3.127841349119381,3931.714886348656
2010-04-11,10.86767153952248,0.0,1.7085512958172568,774.536033382042
2010-04-12,9.451213022482085,0.0686588249156795,2.8449385255317763,1789.0437411731834
2010-04-13,8.410481042634373,0.0,5.757993191712415,3861.967168547578
2010-04-14,8.001625142667862,0.0,8.195990690271815,2347.699753361764
2010-04-15,7.472875858330374,0.0,12.643111158850353,3601.816542448978
2010-04-16,7.181147080454522,0.0,15.277227789513937,4710.618965825304
2010-04-17,6.758011567332977,2.135468312032513,10.690714826361136,2681.907168605309
2010-04-18,6.570222919954838,0.1377684787292605,8.040285013591019,1037.842014789747
2010-04-19,6.180194103824742,2.070568373877861,14.836321303346331,3615.207192259624
2010-04-20,6.274853440789842,3.706301961635078,10.71493540685814,1979.3509811237884
2010-04-21,8.055539203759475,10.895170654077878,5.221751052517094,1330.8924750988956
2010-04-22,5.798889600287914,0.0,9.83669311008829,4484.2266267619625
2010-04-23,5.604821410945368,0.0,13.384979263622666,5366.188206489079
2010-04-24,5.452248947516666,0.0,15.009259483353805,6311.768925491836
2010-04-25,5.3116501979196125,0.0,9.722188476413214,4362.565053106853
2010-04-26,5.2637191543774815,0.92812822362074,6.8137874003011225,3758.888304263368
2010-04-27,4.853083609918338,0.501628512094809,3.4026898939724477,593.2618565399823
2010-04-28,4.815636189554906,0.33862937725351605,3.4056691217874695,1599.227595487679
2010-04-29,4.657438864312043,0.0,4.297198466799988,4529.123194685658
2010-04-30,4.550283857295307,0.0,6.458902549026351,3794.93057731074
2010-05-01,4.369794377803415,0.0,8.74530276941792,4536.735128320556
2010-05-02,4.274126101603966,0.0,10.21125451435988,4521.955032718483
2010-05-03,4.225596660857966,0.0,11.629277371226632,4958.296584736206
2010-05-04,4.04474683593702,0.0,11.165632775944358,4497.229477296343
2010-05-05,3.837626337962963,0.0,11.096536329098043,4564.553517435427
2010-05-06,3.8625041388888888,0.0,15.17411100304446,3781.550828677182
2010-05-07,3.755227608507425,0.0,16.054171388405155,5882.100461936337
2010-05-08,3.614097649327219,0.0,14.042291138291105,4993.813274189669
2010-05-09,3.4789576458096843,0.0,13.310265289579986,4579.532693045927
2010-05-10,3.2669971033491656,0.0,12.471240092564623,6125.082601830967
2010-05-11,3.0540541595088326,0.0,15.24196225996782,6534.602241222513
2010-05-12,3.0632456614493817,0.0,17.26297848956199,6615.166229975085
2010-05-13,2.8829432208260286,0.31785932265939243,20.94997603670636,7281.679119578343
2010-05-14,2.9068623413929675,0.043517924293708765,18.417790002526218,7693.946823638136
2010-05-15,3.366751413484496,2.3288272890308317,18.30868240663534,3522.008445734208
2010-05-16,3.02204046274633,0.0,15.057375589025767,7375.92701647265
2010-05-17,2.872924103120075,0.0,12.40374220599129,5801.037775939969
2010-05-18,2.992106824684033,5.626494528590869,8.553309875660982,2995.639977558009
2010-05-19,2.9361464037506018,1.8926606868590286,9.12596315717925,4430.009202515937
2010-05-20,2.7054922681983764,2.9357427614377594,8.624339677801402,2834.626065084345
2010-05-21,2.8324008952333632,5.890351821933474,10.068453392290987,4055.8504230295566
2010-05-22,6.739317915589377,47.33673817979391,8.482955932292299,1900.4904230198413
2010-05-23,6.525125011366622,3.5367493010221325,9.117597237426166,2281.5687587874936
2010-05-24,4.194981531977888,0.334498290113619,12.575107527531015,5271.757337223522
2010-05-25,3.183940608411389,0.0,14.668547001763784,6633.911353990503
2010-05-26,2.962049144574074,0.0,17.0061232110374,6837.218613352917
2010-05-27,2.82298490122571,0.0,17.83343225260722,7056.405181447319
2010-05-28,2.696790151548547,0.0,19.22900285260562,7491.924955156434
2010-05-29,2.7020582667776663,0.0,17.457459791203576,5121.51778773971
2010-05-30,2.6977764583014068,0.0,18.40374511891765,7029.582792158156
2010-05-31,2.621261138031721,0.0,20.82959834689908,4798.914746489125
2010-06-01,2.378232192452227,3.1974395443766936,19.079610734827504,7392.77359005892
2010-06-02,2.497207844385872,1.0639338296829712,11.680921032358723,2068.8721333351377
2010-06-03,2.465691170961413,0.1297192871961288,15.712624771726842,4728.3576447417445
2010-06-04,0.0239172113358796,0.0,16.326771467104386,6481.747371187137
2010-06-05,2.2738083033598837,1.0635432486928964,14.907031901302382,5695.301415422501
2010-06-06,3.4297228531475654,21.829286971068992,11.947725375277741,1383.4783591304845
2010-06-07,15.020263827374016,47.29368576939004,11.07987997083243,887.0815087110664
2010-06-08,8.657746071991625,4.039709730027569,13.284866699689877,3890.135971341855
2010-06-09,13.080014395233835,19.77913800585474,14.411052910796244,3211.5965947267277
2010-06-10,7.880448127450974,0.5742974869251253,13.834670659470145,3490.45273297064
2010-06-11,5.684553489634119,0.07889690156422415,16.20855253073033,6956.848463987873
2010-06-12,4.9207179394990295,0.0,18.242007888664226,7408.584702329053
2010-06-13,4.321659352777778,0.0,19.164827567729716,6284.36353308633
2010-06-14,3.5437878938343044,0.0,19.954525865185165,6574.048641340364
2010-06-15,3.286386113956268,0.0,21.131480198888784,7905.362839096085
2010-06-16,3.099521928580357,0.0,20.38990410458484,7019.047297478911
2010-06-17,2.94972791095934,0.39444091226257805,18.11447222851138,5636.889072502288
2010-06-18,2.8636991960856086,2.193330286026794,15.165643984163886,3867.484752689816
2010-06-19,2.795652380168207,0.08620136290242003,17.766578959770545,6329.503322595236
2010-06-20,2.720919091361394,0.5320657326630429,19.277493502575638,6762.726618914894
2010-06-21,2.5592985735002065,0.0,20.010290264346917,7771.503729012204
2010-06-22,2.879651328550305,13.304192350795326,14.51751051670994,5660.532772567597
2010-06-23,3.081426680958968,7.567146430413098,12.79014969354699,3687.724057041528
2010-06-24,3.2150484251014184,7.096213251647208,10.321407819268655,1048.8440652590432
2010-06-25,2.79548035841139,3.6110009420047,11.084980363512095,1573.8558003075757
2010-06-26,2.7562165937517515,0.00730446133819589,14.298726557028871,4711.65969460247
2010-06-27,2.444797536899756,0.015353652871327589,15.609482469083577,7300.948465756457
2010-06-28,2.9319789966681014,4.599850182555714,14.94420128282757,6427.207727096265
2010-06-29,2.420490780971754,0.9071289306053246,15.622892274485373,4774.264204430168
2010-06-30,2.255038849074168,1.909502604121362,15.685735251843024,6201.320436722148
2010-07-01,2.2794767552698514,0.00730446133819589,17.44924738776403,6715.39089731854
2010-07-02,2.472762059557111,3.4714636688258627,18.207552864911346,4439.300246531074
2010-07-03,2.421157211573921,0.07889690156422415,17.363950869803958,5915.219379380413
2010-07-04,2.295431974535194,0.0,17.151953519296523,6640.272407454622
2010-07-05,2.388896433558099,0.021913384014587665,16.28489343833542,4642.7862361626485
2010-07-06,2.0847817352111524,0.043517924293708765,17.52679308973844,5772.562218152088
2010-07-07,1.9030617183190064,0.0,17.464028436105043,6717.001279195961
2010-07-08,1.8545640652030544,1.701977617075491,15.055887765680495,2863.598563801452
2010-07-09,1.8473023332980305,0.15893713254891234,15.003192475915789,3659.0601656159424
2010-07-10,1.6791201883562412,0.11217674920938826,15.661077617478993,5254.381201421385
2010-07-11,1.6969971096064944,0.07889690156422415,16.712281018482006,5111.149316518975
2010-07-12,1.7898243631926571,0.0,18.18313432283731,6921.320198634839
2010-07-13,1.8180695287620097,0.0,18.748471385666583,6838.125280948971
2010-07-14,1.7836369321808443,0.0,19.174851662561693,5890.36556757824
2010-07-15,1.5523500262343577,4.8313274364406205,18.38744804207277,4592.920415991401
2010-07-16,1.9434851308462224,0.04382676802917533,18.392599354255566,5693.965269471388
2010-07-17,1.4422895563459237,0.05082238563190465,18.689465892734454,7821.754774612837
2010-07-18,1.4158280924495497,0.0,19.05860170984222,7593.4085161309395
2010-07-19,1.401834097141311,0.0,19.657739954768676,7364.629856381965
2010-07-20,1.6432060441856178,0.6603201933095465,17.77342314737203,4249.848729770706
2010-07-21,1.5018540124095374,0.23669070469267242,18.26232337414107,5370.168022884865
2010-07-22,1.4438304334983425,0.6465288653851208,19.489493210662715,5099.051038294573
2010-07-23,1.5981602690627998,0.0,19.65554031940377,5645.367436929188
2010-07-24,1.427624058634826,0.0,18.920575820698765,6175.258737510531
2010-07-25,1.4224482544482198,0.0,20.39314464431984,6121.2364467374455
2010-07-26,1.5508927896722566,2.21359421116648,20.01840314638854,4582.377448972109
2010-07-27,1.290105937288102,0.17323721148983756,19.571553009179045,6340.134950951074
2010-07-28,1.020719926140662,0.00730446133819589,17.451234143963834,5719.351334467196
2010-07-29,1.0639415058961357,0.01460892267639178,16.788535049680515,4061.831261565501
2010-07-30,1.2612164503183754,0.0,19.087272388986936,5492.632119036808
2010-07-31,1.7695623077179143,0.043517924293708765,21.896592871672574,6165.005058477067
2010-08-01,0.8369239520239259,0.0,21.35009036220894,5355.165172693517
2010-08-02,1.4193706180959782,0.0,19.91822148154458,6155.062317151112
2010-08-03,1.1020846884858562,0.0,20.249607599237425,5826.83315519599
2010-08-04,0.7106728128372009,0.043517924293708765,21.18643075429765,5431.484762112722
2010-08-05,1.608063383082765,0.7109599234678627,22.072476358119296,5272.620703032466
2010-08-06,1.2692621782502498,0.04457149822411115,24.212418424141287,5974.338470334792
2010-08-07,1.112517651440511,0.0,22.198354705336893,5731.689781028216
2010-08-08,1.1402785095571482,0.0,20.690774310137495,4082.198110290252
2010-08-09,1.1902937536535447,0.16299913484129291,21.06032286203402,3376.4714718160244
2010-08-10,1.188553674419932,0.0,21.966363161590365,5754.253164022711
2010-08-11,0.7820918315117685,0.0,23.54202248071037,6001.545765857882
2010-08-12,0.9007597481027692,0.0,23.014722407345033,5448.8642377093165
2010-08-13,1.119548118201381,0.0,22.236472710799717,5522.976357581705
2010-08-14,1.0689032756222796,0.0,21.179561801434094,5692.206934984799
2010-08-15,1.0683509435578749,0.0,20.881588941916178,5243.8158694752965
2010-08-16,0.9860551245399546,0.0,21.768171958692108,5008.324432731362
2010-08-17,0.9602543429794538,0.0,21.95538643165058,5942.248908066536
2010-08-18,0.9093730471320204,0.0,20.287765823015622,4924.172135530171
2010-08-19,0.9384040816413284,0.043517924293708765,20.050108435059222,5367.381377985518
2010-08-20,0.9524316633794412,0.0,19.594150973904725,4760.20698558023
2010-08-21,0.93318109144895,0.0,16.915247737395152,5585.186095958714
2010-08-22,0.9491126291810428,0.0,17.047089233672367,5212.429940373445
2010-08-23,0.9049584181962786,0.0,15.659760224648863,5183.013408672916
2010-08-24,0.9643806052607996,0.0,17.107520656105045,4421.289375069117
2010-08-25,1.0008183642911717,0.043517924293708765,17.892656858592023,3885.817310962664
2010-08-26,0.90727975939406,0.0,18.49122572717301,4532.616079397684
2010-08-27,0.9682195440155812,0.0,19.312970811402597,4660.421152067883
2010-08-28,0.840605639132645,0.0,24.52468780823942,4860.4134567301335
2010-08-29,0.8621675327383935,0.0,21.147039622296006,5025.641262259725
2010-08-30,0.8308924980285748,0.0,18.785605471215227,3802.96110103322
2010-08-31,0.8881155883457622,2.5803228032941417,21.167154954096787,4751.480656657667
2010-09-01,1.4615822197111512,15.412732086290195,10.429576360783141,347.46658276152453
2010-09-02,0.9738027722700524,0.043517924293708765,12.714368455592059,4528.480949897672
2010-09-03,0.9495902944705752,0.0,14.478339519060976,5251.479725588619
2010-09-04,1.0333643468085514,0.0,16.62405973886964,4510.826883780834
2010-09-05,1.1375152517311202,4.056922311240088,15.881638268309267,3192.4119824646864
2010-09-06,0.931022886912338,0.7800325286312502,14.098758379177566,1434.481680157605
2010-09-07,1.059386330538407,1.9889870687093043,13.441994482177531,1801.529648124806
2010-09-08,1.058892627183723,0.0,16.022256719955354,4336.898333486435
2010-09-09,0.7777073054200014,0.0,16.873303514185597,4312.971551624855
2010-09-10,1.0202184064815356,0.0,13.254834320444273,2544.4375571558166
2010-09-11,0.8375836785480266,0.043517924293708765,13.6190201729545,3860.227202196992
2010-09-12,1.1893644550310178,4.779075680157796,13.841277649452177,1872.4781018795688
2010-09-13,0.9740842085599728,0.4011649733637817,12.001339228784929,1547.4137218638796
2010-09-14,0.9994614636553428,0.02265811420952348,13.203741710027213,1336.6868337639737
2010-09-15,0.9186947655042982,0.05082238563190465,14.168477372634346,3084.441162601815
2010-09-16,1.0023824654538198,0.07889690156422415,15.101531326146283,3435.831867232435
2010-09-17,1.0309741576474585,0.0,14.450296942127784,2572.1551132769087
2010-09-18,0.9901636702757518,0.0,17.6932051687948,3675.029551560905
2010-09-19,0.984068329608492,0.0,19.962300952002497,4254.896526256312
2010-09-20,0.8778858330239732,0.8290640124948931,16.416579375207494,3345.524745986423
2010-09-21,2.096022325337364,18.81959669571739,13.021889311364909,259.85139626056986
2010-09-22,1.2226081530458228,3.0598223649170526,12.158663903382607,1055.405482879453
2010-09-23,1.087872000422118,0.00730446133819589,13.088057473610274,2723.1497699855736
2010-09-24,1.2260802060382614,0.9442956915345199,14.54497968747245,2271.5393922137177
2010-09-25,1.0631497200389102,0.12241482585793291,16.233011518812198,2696.592183425585
2010-09-26,1.090427840733386,0.0,18.130563291278225,1768.253216365763
2010-09-27,0.878397170416387,0.0,16.26351975511175,2865.143705539165
2010-09-28,0.8269860297609113,0.0,15.478629404584552,3071.136121817908
2010-09-29,1.365232708048992,12.282221302583558,15.781195839036638,2559.4260290223992
2010-09-30,1.2916718673732273,0.2958711255931753,10.450059732669313,777.1716240592978
2010-10-01,1.0262180557989276,0.015353652871327589,9.163252792187539,1812.0128390113664
2010-10-02,0.9673098963137776,0.0686588249156795,8.809657049763503,1668.982443012766
2010-10-03,1.1496221205183967,3.750295826821032,6.516506488538548,1034.4905531567792
2010-10-04,1.0458099761919044,0.015353652871327589,6.926629597216049,2166.340815142766
2010-10-05,0.9385255136061016,0.043517924293708765,7.06332317337747,2828.0961951639174
2010-10-06,0.9781790142532064,0.8017116433782532,7.2096738605657675,1306.020269947873
2010-10-07,1.5689414174899856,15.219133930644734,5.369764634251196,445.1846958708651
2010-10-08,1.553587524960547,18.070201673125375,3.836463718855698,744.3159230119923
2010-10-09,2.752180783365912,4.719932160177187,2.450986416787836,231.39058913627915
2010-10-10,1.60445749781589,0.0,5.204913034310707,1583.1945322099143
2010-10-11,1.0883361036125558,0.4129443627799416,8.348934685024755,1783.283155852121
2010-10-12,1.450742702622793,16.462584972503066,10.33583935639109,769.1771658132294
2010-10-13,4.530885424271817,44.40255835182218,11.685337743526858,424.7592164865362
2010-10-14,13.981207535821724,20.940351617604684,12.509396029977305,378.6829202793509
2010-10-15,6.699730901268777,18.46550660602567,9.852987051321794,222.84214964749384
2010-10-16,4.891476757030937,6.142691412424127,11.985834649233588,674.7146602489257
2010-10-17,3.1187946976088994,0.2938480417628104,13.594495902987466,1783.7605772344752
2010-10-18,2.440155138901735,5.030231878762395,14.421758221592505,884.4585893249529
2010-10-19,2.40962380126613,1.0674249213009173,14.612216056475104,1283.1484058899923
2010-10-20,2.3051778403642627,1.7091926349963549,13.30335244870198,1267.9816310826625
2010-10-21,2.3302297126772595,12.45863950247405,10.826109840237635,867.6537869464912
2010-10-22,2.463344248375912,2.2939829272668932,5.947957042962072,512.9830033835062
2010-10-23,2.51127321331501,0.44027414851732527,6.877241925805723,650.4728425232004
2010-10-24,2.1459777666640227,0.0,9.202845219628745,1578.9556485067844
2010-10-25,1.950949312744156,0.01460892267639178,12.111106921765963,1529.708364430005
2010-10-26,2.044041626007922,5.921638936679689,12.791203174424034,927.32135440362
2010-10-27,5.4058047422979465,36.300986111214534,9.382234824900928,500.0
2010-10-28,74.02446086210574,90.68583825053251,5.642799574123518,58.02211425113165
2010-10-29,77.08349889050533,18.81305767459544,1.5780815044656125,203.40828954258123
2010-10-30,22.614893758800772,0.0,2.938625402860251,1388.958037359695
2010-10-31,11.874563261764628,0.07889690156422415,7.687715000862926,1888.80251948128
2010-11-01,8.48753426181536,0.0,8.852365243986739,1732.973398380809
2010-11-02,6.4238908228669525,0.0,11.940052598934644,1991.3045522028224
2010-11-03,5.195480861939923,0.0,12.32009547498126,2018.1920490890636
2010-11-04,4.654186458195455,0.0,12.756527209951141,1832.521352781948
2010-11-05,4.265155902575423,0.0,14.166740846134905,2068.9759435113324
2010-11-06,4.1635506411077925,0.0,13.02809506476228,2067.2572715495207
2010-11-07,3.598022765209617,0.0,12.54201838641051,1912.762986729708
2010-11-08,3.7697666312885167,0.0,15.988611409968813,2978.466087364026
2010-11-09,3.540832678036836,0.0,15.535273709251854,3083.29753478659
2010-11-10,3.506187927920143,0.0,15.498911305860837,3661.171851716106
2010-11-11,3.422306092907091,0.0,15.396851973217862,2796.0067390499757
2010-11-12,3.363257351670874,0.0,13.60022869202879,1575.799100466977
2010-11-13,2.9162624638004364,0.0,14.159155472152591,1884.1114039781744
2010-11-14,3.1184780857428307,0.0,16.791810196967965,1930.3419788798751
2010-11-15,3.0944001778558534,0.0,18.070957684597694,2661.096122963579
2010-11-16,2.8598118456806465,0.09787667026846306,15.17511287276003,987.7805034939764
2010-11-17,2.855381813429972,0.00730446133819589,13.978214318360028,1906.402584895852
2010-11-18,2.738800207440127,0.00730446133819589,11.577125481772756,1905.1490143592775
2010-11-19,2.826080310046956,0.0,10.774060064308818,1708.8502657157194
2010-11-20,2.4653278711295967,0.0,9.005410286668647,1760.277101632954
2010-11-21,2.634947684441288,0.0,7.549077596986619,1272.034450829052
2010-11-22,2.540235799132532,0.0,9.80369833157877,1319.973331343459
2010-11-23,2.5185409596770945,8.30526945440716,11.361296586240513,2144.6633616843264
2010-11-24,2.923705381610373,6.4535016081942285,8.765984037388536,2105.0573539944726
2010-11-25,2.9444576655134465,8.92801945954155,7.190143959598194,489.1513240439946
2010-11-26,2.6023315795450435,0.02265811420952348,11.466682895319067,2011.38910393473
2010-11-27,2.6516590747556683,0.0,13.395915441471296,1625.2923666615932
2010-11-28,2.449665182818428,0.0,15.652948029775857,1901.042378077605
2010-11-29,2.1622945087117325,0.0,15.830711093792642,3523.384863761434
2010-11-30,2.1180609301412496,0.0,14.410006325037974,1264.510498536831
2010-12-01,2.030782037472969,0.0,16.247792374342744,1344.7679082256366
2010-12-02,2.1195531271557675,0.015353652871327589,16.897445804669196,2383.7236148349243
2010-12-03,2.276023343246038,0.01460892267639178,15.515414092708,2198.4227955366423
2010-12-04,2.145558770417036,0.00730446133819589,14.719885689997641,2123.380506488327
2010-12-05,3.0945489019303056,13.422544630509972,1.0444895022734546,67.31416320395019
2010-12-06,2.248282258435791,0.11217674920938826,1.6273037317421022,379.502781998744
2010-12-07,2.242132527662466,0.0,5.376492905399598,1220.7052490621868
2010-12-08,2.258082121785068,0.0,9.099455299493869,1379.6255905234452
2010-12-09,2.319270699416542,7.7689752481793555,10.464652472605746,963.7898406719096
2010-12-10,7.251869656434886,35.76072804323474,-2.5391975428199354,81.22518838410801
2010-12-11,6.59912407831533,20.961523984451613,-4.001191261976486,68.71974898482426
2010-12-12,4.9481858903658695,5.877457808786439,-5.958596784081547,129.6098950810985
2010-12-13,5.615066918349004,5.151113778917427,-2.640499634717947,328.0504223467122
2010-12-14,5.385104935339553,2.2304580591852012,-1.2620391613127144,414.9848747951772
2010-12-15,5.232813049156961,0.8268405615804664,-0.41963968261010187,423.5909114078528
2010-12-16,11.935487453349667,8.724849317810508,4.1664482025462135,440.1986273025309
2010-12-17,20.55759840878333,1.067650795038419,0.18002497876544532,403.588415918354
2010-12-18,12.614996014879669,0.036522306690979445,3.6313733644980988,979.3980418217412
2010-12-19,15.965699659058354,5.797234801456655,2.73758042455984,198.9737486273116
2010-12-20,18.74514233342628,0.0686588249156795,8.630797644787807,1063.2414915109678
2010-12-21,25.409578373046585,0.0686588249156795,9.5556323349343,1821.8229227785089
2010-12-22,22.455619278054105,0.0,8.842234093013891,1116.261181448272
2010-12-23,18.60065510043072,0.0,8.128440470811885,1043.9410198879882
2010-12-24,15.464750800741562,0.0,9.836323484418623,2238.7808606125363
2010-12-25,15.379025296790545,0.1330968072014003,10.031955982807093,1401.0062822855666
2010-12-26,18.92816724970175,1.708699222063986,9.265472298736046,517.4736825252052
2010-12-27,18.494480442105413,0.8874602646460609,7.873583945779176,329.5557313219859
2010-12-28,16.50371552978901,8.625750625999267,0.6525082007129658,142.02650070164842
2010-12-29,18.21722602369899,11.808952259992067,-1.5293600417448268,58.583979179613685
2010-12-30,20.55941973016925,6.065243024623781,-2.655136197341085,43.95834236245037
2010-12-31,12.49247928881802,1.774597469862088,-3.5593095656585714,407.5841649125336
2011-01-01,10.415949790359353,0.2059764747470385,-1.332816790619125,725.8922013234255
2011-01-02,9.220757330107856,0.0,1.2924081508315803,997.5143167079148
2011-01-03,9.400663253457177,6.177558420575376,1.922356149178064,383.9275062390287
2011-01-04,15.623783713564071,15.043249943768373,-1.9766513184753125,74.8863746507929
2011-01-05,11.327646646788416,0.07273576964649232,-2.704517477820429,422.2643185650145
2011-01-06,9.264433367556837,0.1242131299832711,-2.2196579569295407,265.54155939222375
2011-01-07,7.469569367409456,0.05082238563190465,-1.9797698431592856,354.1535837364455
2011-01-08,6.894137704060692,0.0,0.5790605330658785,1011.2050589188816
2011-01-09,6.719168004251179,0.3135487245393721,2.8483950093413704,570.4228271362549
2011-01-10,6.130084855048888,0.0,3.316383241094447,1097.4706049534248
2011-01-11,5.986341790690234,0.0,3.4370578482034517,1492.9177779251008
2011-01-12,6.097210040308475,0.0,4.472629967110984,1261.8789213450202
2011-01-13,6.131192767160327,0.0,2.654609334367343,838.2348666266788
2011-01-14,5.636248979483831,0.0,2.0937404023240282,682.3667596885002
2011-01-15,5.620175134364428,0.3155876062568966,3.7060228917788662,1595.082427188027
2011-01-16,11.678332439675067,16.129198011136204,2.230747934459476,245.87120645905645
2011-01-17,19.913933033021635,4.680812786635736,-0.41789295622407485,149.72279583984516
2011-01-18,11.966352536858048,0.0,-0.5239139432654397,485.2677890648175
2011-01-19,10.79878450144563,0.0,0.34673073905289653,1487.241919990859
2011-01-20,8.743680697733621,0.0,4.6566203485768,1646.5152835359047
2011-01-21,7.244246237522875,0.0,5.680259434955626,1802.7068416251536
2011-01-22,6.995224952661428,0.1330968072014003,6.323520793388642,1206.8560017356065
2011-01-23,8.045479942398106,7.053943050896809,4.3415011255806295,1039.06295842413
2011-01-24,11.370073156304024,14.461323317492523,0.29165969210192305,363.4056454493927
2011-01-25,13.45628917975645,8.310245844344202,-2.2494841146108593,144.95822280078286
2011-01-26,11.45971546164597,7.497957687724583,-3.1648157900546803,269.0571512459149
2011-01-27,9.508628232683394,0.01460892267639178,-2.195977225478922,1100.6837450942649
2011-01-28,8.836926470740185,1.1360611260928497,-1.0516842267801974,1395.556202557002
2011-01-29,13.789808207667434,45.83669899162637,-3.0087427033668566,40.62326011248323
2011-01-30,11.314939654259414,4.087562572590198,-3.631626672882538,69.39484985435391
2011-01-31,8.468225243985218,3.2657837595013794,-4.7310417669009,1050.0516808774264
2011-02-01,7.2364336450448175,0.00730446133819589,-5.231516507183001,428.4490037081571
2011-02-02,6.989748795454847,0.07889690156422415,-3.087127044030005,1835.94790903502
2011-02-03,6.863880015028139,0.0,-2.1045088805260153,2166.1796672206933
2011-02-04,6.867920542118914,0.0,-2.550385639250847,1827.4415860276497
2011-02-05,7.428039603132724,0.0,3.166455774223704,2451.636314773138
2011-02-06,7.70345543600746,0.0,5.43909303159116,2934.267623137904
2011-02-07,8.485713845520237,0.0,4.616458380840428,2423.942130453608
2011-02-08,9.239988430270111,0.0,6.576907658942286,2855.488619694876
2011-02-09,10.293792811417516,0.0,1.0684696083015601,1669.0740880847404
2011-02-10,8.934834232463366,0.0,-2.0064104845964876,1310.3839724377535
2011-02-11,7.940240413697055,0.0,2.046291316983109,2766.059154665301
2011-02-12,8.010797652534443,0.5059157081313369,3.7635307159064406,3425.422251050715
2011-02-13,8.939676734302349,0.0,-1.17158670068422,2313.1436284289466
2011-02-14,7.981380293514795,0.5015387566047473,0.1700389852448424,1294.1730430857804
2011-02-15,7.39274279089306,0.0,-4.022892861749043,311.8236977768947
2011-02-16,6.746095726685938,0.0,-4.4382097772097096,500.71371641889095
2011-02-17,6.304575277426186,0.0,3.531306612905519,1978.800897067158
2011-02-18,7.775150784789299,1.0357154158515058,8.082017048865719,2567.57004999954
2011-02-19,12.56731440217558,1.6871264426539496,3.6135585839497386,1050.818767223739
2011-02-20,15.242176506564528,5.8753717640786896,-1.9965243295917108,268.8610158586001
2011-02-21,11.982358381000884,0.24949439904074727,-1.6198277519859179,621.5115984840883
2011-02-22,11.367243608532158,1.4185929191943547,3.972380780765044,690.3847008695196
2011-02-23,13.24212904873875,1.9410063915772282,3.681682122919802,1003.0993204073252
2011-02-24,13.678359059741918,3.4217053009015874,1.3024347420214106,252.3984306053993
2011-02-25,18.041337009898097,10.68729666745142,0.07807603069269069,159.20339198752689
2011-02-26,21.65315530273328,7.864636128486255,-3.034184218232272,143.92054105737455
2011-02-27,14.60836515374088,2.334400047133103,-2.744486714717093,70.31950481585655
2011-02-28,12.01804129544377,1.5323603139534312,-2.534662342100097,122.36957292090857
2011-03-01,11.452617469666723,1.282619231821755,-3.2885012989966125,318.96677450799046
2011-03-02,9.92574485539771,1.1855770472382896,-2.398072281672243,622.2771364986822
2011-03-03,9.067579318779035,1.8196138733125746,-1.8348026451506403,1387.3502855994843
2011-03-04,8.163541353194969,0.0,-3.343364269106596,289.18021840391435
2011-03-05,7.955782678508648,1.17333584066408,2.044845006020114,2886.036968808691
2011-03-06,13.978853584976603,15.508560846188526,-0.8789983437555395,309.052126911863
2011-03-07,12.6784466972869,4.714201296393697,-4.465903778707585,631.5191167948417
2011-03-08,11.152031687243426,2.4421411308518586,-5.432300260754118,84.56274903339462
2011-03-09,10.029845989579918,4.172662802805971,-5.184792021327059,165.96352153880514
2011-03-10,8.927798669704353,2.377639810273803,-5.5560481168714935,327.7542693455856
2011-03-11,8.294429369511127,7.549987954312297,-3.760087325046401,1285.5159907637124
2011-03-12,7.98239362048529,0.2059764747470385,1.9294485335795417,2993.657689574601
2011-03-13,11.944446880483351,0.0,5.721246220939838,4026.205394944452
2011-03-14,16.477463469150486,0.0,8.97909865058977,4898.012106410685
2011-03-15,19.804529630294343,0.0,10.617208650636634,4282.428957806853
2011-03-16,28.911176076152085,0.0,10.749663447019412,4560.783664679323
2011-03-17,31.940194958831267,0.9706985046558972,10.210562056043328,4608.553819130638
2011-03-18,39.69508746741406,7.685420037426635,6.2069551056448224,655.092204156393
2011-03-19,41.7285751054344,3.0227913643986595,3.813176655332043,392.24203908510464
2011-03-20,33.68920105110955,5.882234336411667,1.5829759280252633,224.44222003945288
2011-03-21,34.60537512920456,3.003636387355214,-1.2266620626178493,232.64579054324625
2011-03-22,24.236532867167337,1.695819491926945,-2.4141059145151753,240.52536992652847
2011-03-23,19.42256626359275,0.5165313360682351,-2.186792890208457,965.2763845705504
2011-03-24,15.12614023955855,0.0,2.4250244460603048,1311.8809895406448
2011-03-25,14.533336226830746,0.0,7.957182994555786,4333.842330625317
2011-03-26,16.570467697423897,0.0,10.375381001302785,5569.306799074402
2011-03-27,17.57943011309463,1.2885942591005035,8.085156068007814,3999.786769476019
2011-03-28,19.692194819281895,0.2500054758464755,7.844188244080144,3945.887468532017
2011-03-29,19.747176646034003,1.581660283434437,9.938390904457574,3031.770475478613
2011-03-30,21.540016850297224,0.8289133291036506,8.631022340229185,3193.318561734899
2011-03-31,19.14824169668189,0.36640999188880125,6.2374390726589315,2918.695462662306
2011-04-01,17.56778621152036,3.5376088376666255,3.5467143846273665,321.47334148245244
2011-04-02,19.464047762532825,5.499959918019442,2.9485117690708487,347.9225087266725
2011-04-03,16.153703365136902,2.3632888473628753,2.641372952380316,830.0192477256818
2011-04-04,14.926711158210502,3.935783460106002,1.5198936933454856,412.2576568834887
2011-04-05,14.229197043737845,0.0,2.5364050249860455,738.1982427344903
2011-04-06,12.786553756176964,1.272146407751528,1.2623752886517778,498.5742599591308
2011-04-07,12.611047534537995,0.2059764747470385,5.577931327459047,2994.214136883156
2011-04-08,12.509595015387871,2.289828540009895,7.598064743521575,3886.2833249586383
2011-04-09,13.555440734306682,3.3153627898073785,7.220702741798062,2908.408395325408
2011-04-10,12.20652990399384,1.4841906720365623,1.4079198670124602,2078.8948925329173
2011-04-11,10.658735364684691,1.0347446732081864,-0.35620917841179495,2286.644210663441
2011-04-12,10.446134879018835,0.0,3.254562160581486,3115.375172063195
2011-04-13,9.573562345766575,0.09936613065833468,10.196791398503906,3861.805867329043
2011-04-14,10.816642841814256,8.568894040308145,3.112013527405415,2498.543275291347
2011-04-15,10.2768774606116,0.0,4.917432720148857,3667.70282116404
2011-04-16,9.476625657342757,0.015353652871327589,2.379961124878885,3026.358549857698
2011-04-17,9.138113347597654,1.7090729578849375,1.8519124964170341,1907.4470011984397
2011-04-18,9.442738264025708,2.2551835900084254,3.8253653800916965,712.3862766037356
2011-04-19,9.69042114174423,1.7397277586269813,2.158312397473582,444.663787383841
2011-04-20,11.0237060177948,9.539064724955582,1.556564137419945,728.1292824596742
2011-04-21,10.638694337687223,0.0,1.265979659627959,4522.638005159246
2011-04-22,9.885258685165873,0.0,1.6624820041568322,3807.265095837679
2011-04-23,9.047964641058892,0.0,1.144281212553399,1363.3093052658394
2011-04-24,8.966314469198847,0.0,2.4663762522245083,1845.9494174244628
2011-04-25,8.348395440362147,0.0,2.656366381446319,3163.043454994391
2011-04-26,8.580718322764707,0.0,8.805984954476674,3656.109165288678
2011-04-27,7.991948365525844,5.147284408562125,8.241880939658685,848.6779414663974
2011-04-28,8.032593872949812,0.7625803629995513,7.19657446549477,1948.649294493843
2011-04-29,7.552714292834846,0.00730446133819589,6.331228729526381,2700.218479079379
2011-04-30,7.240878589455037,0.0,8.941684282163216,3823.0999915271223
2011-05-01,6.9850534624184215,0.9358017766022291,12.462767278472347,3451.3243728444377
2011-05-02,6.926435494743691,1.041675584186824,13.042369958975286,5710.730730964398
2011-05-03,7.166292303102242,0.20394451723249274,13.980232476925465,2850.5390485785865
2011-05-04,6.90320386738108,6.1978002037454125,9.282689381204076,1345.9571372816588
2011-05-05,6.920454990804877,6.423503292954197,5.171112741019539,694.9454959049647
2011-05-06,7.96337635512465,5.078224464825246,2.1573556963241822,1433.618926861781
2011-05-07,6.912946275881201,0.09425055443555173,6.0592555447299326,5040.616818955208
2011-05-08,6.804159356990953,0.0,6.940128493484249,5431.176187784059
2011-05-09,6.15015245077555,0.0,3.6512170399979826,1263.1599547803266
2011-05-10,6.248527616731261,0.0,4.771820807213526,4612.549105405673
2011-05-11,6.520435676413535,3.15454523858389,5.237593714768928,2906.669041283016
2011-05-12,7.71664360451989,11.628901482040208,4.72336726550223,421.5694215233052
2011-05-13,8.892489658521185,3.2609733035070327,6.405562070420264,608.5001757489221
2011-05-14,8.001950221330244,0.1377684787292605,11.21884187984634,4970.908727838912
2011-05-15,6.735994167726109,0.00730446133819589,13.626661973977056,6511.5326560061885
2011-05-16,6.689761787293617,0.0,16.730559913116835,8112.204917561738
2011-05-17,6.290088599639193,0.0,15.299107060106858,8210.963867249839
2011-05-18,6.662056405603981,1.7214672665865924,11.902380138944709,3899.036117748831
2011-05-19,6.080759190421393,5.930676756935384,10.557808810217004,2430.78819228126
2011-05-20,5.92251030086668,0.11397505333472646,10.732469239191,2517.4771498172845
2011-05-21,5.376266770315511,0.07889690156422415,12.03987761988153,4751.900755003684
2011-05-22,5.119645668200033,0.043517924293708765,13.065577595113357,6450.5573026192615
2011-05-23,5.077529120623264,0.0,13.673097348580244,7426.644652655209
2011-05-24,5.001178796348562,0.0,15.61618516388635,6826.540589432896
2011-05-25,5.040484985795325,0.0,15.542066258260853,6017.300218674903
2011-05-26,4.443246505639765,0.0,13.785491126686306,7175.942559896176
2011-05-27,4.387541134932637,2.3746839998714506,11.682446070706838,2514.4539699349266
2011-05-28,4.817249977759068,3.372849263960899,10.947337811498928,1503.4574830379916
2011-05-29,4.628851504697012,3.441795131192534,10.379856271455884,1568.467234003098
2011-05-30,4.220213459449193,0.058871577165036354,12.326598871447883,4173.26879441302
2011-05-31,4.793922285991754,8.167038147982378,12.609917220656133,2361.8499846315044
2011-06-01,4.16394349537037,0.4807598650709339,13.614855796221661,6055.490359348434
2011-06-02,3.9505591417345256,0.058871577165036354,14.399688642826419,7250.059779108032
2011-06-03,3.912063167573843,0.00730446133819589,14.73852331804207,7049.595093502539
2011-06-04,3.7619481288752583,0.0,14.64821591493549,6787.953674954231
2011-06-05,3.5719613380736783,0.0,15.944603249550639,9085.660652608422
2011-06-06,3.2903273840063663,0.0,14.294204662368456,7841.562913410117
2011-06-07,3.2154774197629297,0.0,14.883393552148833,7254.047929168526
2011-06-08,3.290807353505418,0.0,20.00910354237803,8298.135904736118
2011-06-09,2.9723036301625734,0.0,21.965647896474717,9413.019170509093
2011-06-10,3.1747007062536485,2.0548949083909434,14.201760746754829,3820.7064625518615
2011-06-11,3.350440638137031,1.4715745069040642,12.732189101678058,3587.3754091797828
2011-06-12,3.460725399179735,5.800610668782514,12.690794614266432,2464.360103550508
2011-06-13,3.6034830662780775,4.143726712854317,12.819208210556688,4299.512340306457
2011-06-14,3.32841593431513,0.15204706832340426,13.503444036619983,4977.103401605747
2011-06-15,3.0033037188981364,1.799613746496259,14.242670438340397,6088.361653747243
2011-06-16,3.1397972039941413,4.729023571198887,13.187516338141842,3900.039537818972
2011-06-17,3.2949163103874324,0.7978090973018279,14.461322159858465,4104.353549116724
2011-06-18,2.8660989695584647,0.7938063497442676,14.413922696365788,3395.9693225808514
2011-06-19,2.7070272925416745,0.07889690156422415,17.207259583920816,7453.323797027706
2011-06-20,2.795344744658593,3.0341073723826915,17.19145490405912,7007.043122157597
2011-06-21,2.678151268898094,0.0,14.89083034486982,7449.543608503016
2011-06-22,2.476982075173376,0.0,14.85819948611126,9119.032883308317
2011-06-23,2.310834259240888,0.0,15.682579084045273,9283.902535021569
2011-06-24,2.449679757782985,0.0,17.505476534598422,8541.73912417599
2011-06-25,2.4795500135399173,17.184446018327566,15.72270423141497,7863.664307294969
2011-06-26,2.8364112108256774,1.546546379872075,9.466872640699636,3192.29373802957
2011-06-27,2.877258089818304,1.819810802223864,10.222909051103851,4188.110069624946
2011-06-28,2.576481832655188,0.09425055443555173,13.284785556393796,5248.923531759568
2011-06-29,2.2539889130746253,0.05113122936737122,13.392616801557615,5763.366469422739
2011-06-30,2.1395913569128577,0.0,16.31209022398644,6976.940145866018
2011-07-01,2.4373135741026064,26.928862426345155,17.053969293253022,7976.620405870804
2011-07-02,3.7682064722222224,2.176818021853354,15.190516432056132,5077.674902014002
2011-07-03,2.1673773817878934,0.05082238563190465,18.012791369869777,7859.900668445854
2011-07-04,2.2977126634789014,0.00730446133819589,14.79910717629933,4883.417654698291
2011-07-05,2.2006403232408567,0.0,17.518316795666653,7253.304282034412
2011-07-06,2.0158301987938114,0.0,18.31074985772824,8305.195985745053
2011-07-07,2.002711001123466,0.0,17.41564868862499,8180.287340866592
2011-07-08,2.0261724478835763,0.0,17.30908056923651,8557.255153658109
2011-07-09,1.849392478674003,0.0,16.995474250467584,8153.257863921181
2011-07-10,1.946584310197584,0.0,18.016153542108356,7685.122149081784
2011-07-11,1.8311754474485324,0.0,17.75145943189035,7601.823114479663
2011-07-12,1.8156479937211256,0.0,17.78126672444864,6635.472108009795
2011-07-13,2.058069636089715,6.2497965866209935,17.039457702931465,4389.499845286053
2011-07-14,1.7556253392074983,0.12241482585793291,17.96634163215307,4200.433202647869
2011-07-15,1.835925497946558,0.02265811420952348,18.003842568622005,7469.997125173591
2011-07-16,1.5894348019961908,0.0,19.450832383064743,7978.2787013244015
2011-07-17,1.555136330031696,0.0,20.42460139542452,8416.145052572661
2011-07-18,1.5448369806863391,0.0,20.092860042623045,7323.133477262083
2011-07-19,1.5092083713149662,0.0,20.096109870417827,7913.700773678544
2011-07-20,1.4827323277844624,0.0,22.663275916120448,7965.659489935258
2011-07-21,1.4649936091016251,0.0,20.374230156394937,8078.42487165888
2011-07-22,1.4079877081570702,0.0,18.53845612615299,8223.66325514216
2011-07-23,1.3124899838902044,0.0,19.26937337355329,8761.853010443137
2011-07-24,1.2232807045180858,0.0,20.78845036541067,8217.06696992974
2011-07-25,1.228435475905839,0.0,21.822752985829837,6901.072480619538
2011-07-26,1.191326446170195,0.0,22.181983972383442,7510.45847053912
2011-07-27,1.2159016344701177,0.0,20.982995444445727,8149.663948462926
2011-07-28,1.349988837269567,0.0,19.339190583639677,8151.666196263447
2011-07-29,1.4203861082237037,0.0,20.712055791381978,6297.363658664741
2011-07-30,1.3960599477334754,0.0,20.139517748710883,6973.783231410832
2011-07-31,1.5021100959416482,0.0,17.872104068005516,4084.4642703681993
2011-08-01,1.25871067601077,0.0,17.49246004426074,5500.373410592892
2011-08-02,1.2559102493443606,0.0,17.286866094536613,5104.570854494216
2011-08-03,1.1426854398803308,0.7608210192745147,19.420276581854615,2500.6931815270977
2011-08-04,1.0109591370755655,0.07889690156422415,16.391222033229365,5007.195118490147
2011-08-05,1.0803334770365445,0.08152969137455983,16.27466248164325,6722.773103225679
2011-08-06,1.0791485828453276,0.0,15.606858202863616,6659.6173954853575
2011-08-07,1.1479099141648477,0.0,15.867723989671322,6429.578089127112
2011-08-08,1.0571983774606395,0.0,16.340977685856743,6342.094776682368
2011-08-09,1.0165309793259836,0.0,17.061693103659067,6229.15615364027
2011-08-10,1.023913050096203,0.0,17.346662815204287,4473.94870081531
2011-08-11,1.8710171344411588,16.37899760586758,12.985934987980087,1294.9725109857743
2011-08-12,8.107093899417567,48.631238607718586,13.27153729848623,1136.933814961464
2011-08-13,2.6777245671004124,0.015353652871327589,15.384412482272456,3397.934004689533
2011-08-14,1.9774720430740125,0.00730446133819589,17.991939886343246,5262.570275050321
2011-08-15,1.4574294670666044,0.0,18.40290763429619,5413.971831819876
2011-08-16,1.367053966808206,0.0,18.407301729994668,5617.174974197515
2011-08-17,1.310161383274081,0.0,18.23390304392551,5908.62904737305
2011-08-18,1.3770313878502236,0.0,15.601645577489524,5444.092517539052
2011-08-19,1.5024380190139055,0.6427292053599464,13.566944267430127,1492.397186894866
2011-08-20,1.358999295716328,0.07889690156422415,14.558844876572234,4332.894969994092
2011-08-21,1.226554439649558,0.08703584858741753,15.725004238670023,5014.057222427602
2011-08-22,1.4414202627690085,0.0,15.24654138605333,5111.575842459014
2011-08-23,1.3015228935289225,0.0,15.111049280198987,4630.939432270272
2011-08-24,1.1109070946651802,0.0,16.883145898934032,4729.757712765637
2011-08-25,1.159382891217944,0.0,15.563488300888736,4865.082637642818
2011-08-26,0.9752784042595818,0.0,15.636713932263515,4849.640575725262
2011-08-27,1.2733711981498703,0.0,15.670732147523854,3725.795432149869
2011-08-28,1.0506653036693092,0.0,16.168996175441677,4402.822761014256
2011-08-29,0.8881172149755043,0.0,16.362334432880793,4463.400725393403
2011-08-30,1.0003126881687092,0.0,15.650926755081876,2753.64159535974
2011-08-31,1.159445153782961,0.0,18.423060664959863,5091.641229101058
2011-09-01,1.1932849966382104,0.0,18.909991331538414,5120.340327928734
2011-09-02,1.2375275143153994,0.0,17.88192110707437,5088.605400772025
2011-09-03,0.934929176705414,0.0,16.21206291968159,4414.717198499638
2011-09-04,0.9515778362058984,0.0,15.083874863360872,5258.236504656177
2011-09-05,1.0293423110054654,0.0,15.052438474741118,4902.061246816261
2011-09-06,1.0487048685807558,0.0,14.624872390756284,4916.26417912443
2011-09-07,1.0444058589433964,0.0,13.897293290732286,5010.516800327346
2011-09-08,1.1551010458628528,0.0,16.214682468450643,4592.914986100297
2011-09-09,1.2244270273899245,0.0,17.764057703048657,3648.597928754254
2011-09-10,1.068495911919629,0.0,14.71617686906875,3760.044218899524
2011-09-11,1.1543560214835715,0.0,13.81438479838446,5005.5473456062
2011-09-12,1.116224333259713,0.0,16.0196949985511,4856.253113052528
2011-09-13,1.0017639639672988,0.0,18.264998529947697,4798.815140492588
2011-09-14,1.054315360607446,0.0,18.061472122202343,4489.760292360088
2011-09-15,1.0285838500265378,0.0,16.50673116393593,4123.265781746803
2011-09-16,1.0330679583648372,0.0,17.866697901923114,4720.065935258106
2011-09-17,0.9651662336698636,0.0,17.90228437181335,4806.287780830579
2011-09-18,0.9190381111583452,0.0,16.5470988104555,4524.989454073831
2011-09-19,0.8495117735409117,0.0,15.255474738794081,3571.1414267071814
2011-09-20,0.8924435621333922,0.0,15.33216473630873,3829.0975750131697
2011-09-21,1.0870975694787524,1.532162650939831,16.695514614019952,3379.7505426313232
2011-09-22,4.226781336317039,84.57208557635502,14.644754562574017,1981.579462696954
2011-09-23,6.858021931202935,22.13959827255344,12.394607398287839,1178.8869906821983
2011-09-24,1.7507621324778662,0.015353652871327589,13.370090805855462,1925.6896083031652
2011-09-25,1.5730926830021768,0.0,12.757339747057074,2439.9561619074875
2011-09-26,1.3817921838731309,0.0,11.59663091309168,3524.592725090633
2011-09-27,1.297001523360839,0.0,11.386959356857526,3019.6497137677425
2011-09-28,1.1483001509836386,0.0,11.928395983013074,3047.844147881349
2011-09-29,1.353871777232814,5.067537223425743,12.001415724042289,3349.377025322163
2011-09-30,2.0253120421804085,21.42290171244099,8.304713484474263,766.0519287742538
2011-10-01,1.583129432631316,0.0,9.006017079590153,2784.959146735281
2011-10-02,1.633962959988732,0.043517924293708765,11.642745445569311,3131.6794825805587
2011-10-03,1.2922442026263952,0.0,9.402333614773008,2858.096225710008
2011-10-04,1.2250282372655716,0.0,10.703504145545915,2890.684664423732
2011-10-05,1.1521279082285905,0.0,12.32287559426015,3040.171971223292
2011-10-06,1.08967490564091,0.0,13.876871776439614,3082.226429187281
2011-10-07,1.1191319568888871,0.0,14.312095010467814,2907.1749439949717
2011-10-08,1.3481390208639352,5.316640361483063,15.827786279887963,3022.28061560206
2011-10-09,2.345327611002487,19.846640692235503,13.476036197890368,986.584151952058
2011-10-10,2.859017936047826,20.020537113833672,11.875128654984529,937.6729532713312
2011-10-11,2.9403965003508947,11.92059692175592,9.04929896601916,465.1279515475156
2011-10-12,2.3241465393148357,0.6404655071929042,7.921041622621507,360.96706974376696
2011-10-13,1.9279290347845224,1.3272026657151128,10.206578046592472,1526.352467535428
2011-10-14,4.510935754544838,22.003651419305903,5.591014289914634,286.3187911325635
2011-10-15,4.581395630363409,22.26289024027863,3.6619506317188497,153.29360605142722
2011-10-16,5.621360523423214,0.9087363845796449,2.923301508511784,434.2844282526923
2011-10-17,3.414153039816779,0.5531956279216494,0.9630358475970293,529.738388632437
2011-10-18,2.671503888505402,0.058871577165036354,-0.296281410769211,1133.11882207817
2011-10-19,1.8992057251857204,0.0,5.040591447694584,2354.5951381255786
2011-10-20,1.623280793771412,0.0,8.327723214664623,2187.982393453512
2011-10-21,1.8007154969559398,0.0,8.538185888414333,2194.5060570229266
2011-10-22,1.778693424877353,0.0,7.328656330811604,964.8440829287798
2011-10-23,1.6338006778396248,0.0,6.435700136604223,1024.609039324766
2011-10-24,1.7594762988428172,0.6945902224838212,7.244935972101465,1384.4145127137488
2011-10-25,1.7006754751678084,4.182080078699328,6.07137787746713,248.8662606728237
2011-10-26,1.511680684063456,0.6360797187266247,3.4209344400143515,401.3636051737188
2011-10-27,1.4283633278795278,0.0,3.120180307202003,1360.4056888505934
2011-10-28,1.5383436426674315,0.0,4.188856582135216,1446.6852979096795
2011-10-29,1.4974743640604269,0.0,3.3172350678751275,376.1994038302541
2011-10-30,1.5145766400773018,0.0686588249156795,3.0870481235434237,320.5400502634854
2011-10-31,1.5544453034394337,0.0,3.6928029846800037,1015.3951727028264
2011-11-01,1.532092279813393,0.0,4.281248298718332,1402.292813933345
2011-11-02,1.4561987793781672,1.7691853628677148,3.23785151716283,415.88318289179176
2011-11-03,1.4538487838135707,1.107008943314232,2.3392108211537073,556.7576374637766
2011-11-04,1.2841325417932263,0.0,3.139526369683137,580.3160763407242
2011-11-05,1.1767625478574102,0.0,4.405388892095843,1326.7190801700517
2011-11-06,1.2166876470893873,0.0,5.036653010085934,1371.1569917903582
2011-11-07,1.33904034252421,0.0,2.1533342053665128,349.4024947452376
2011-11-08,1.2524372515796949,0.0,4.62370358752004,1265.0096481830417
2011-11-09,1.2291573494555996,0.0,6.5549880337182564,1225.7731501399594
2011-11-10,1.2489848036219586,1.8702442442741665,3.2256332553151963,596.8392482980495
2011-11-11,1.65241779617537,7.947231749871428,-0.9070535494109189,210.46522725130404
2011-11-12,1.5055945940616278,0.5595086759739807,-1.572834455217496,709.5907373169736
2011-11-13,1.3877963057085136,0.137317649831359,-0.6231331416235383,1105.2303580491782
2011-11-14,1.2104550903117504,0.0686588249156795,0.12879488358923627,1093.7595900964477
2011-11-15,1.504762620510527,7.1956965040634,0.8043315895421758,999.7108261090292
2011-11-16,2.2687134027456475,5.343197646724613,-0.05143024065629172,148.37913048884704
2011-11-17,2.3032674414474656,3.8379624945474955,-1.5381106537277272,152.12850625138407
2011-11-18,1.9983674135673928,1.647811797976308,-1.110575575593093,641.317957100224
2011-11-19,1.7772041716829847,0.411952949494077,0.8231994941506342,924.4297696005624
2011-11-20,1.674545779920027,0.0,1.1740395894172075,1017.6510068622482
2011-11-21,1.6372067265774253,0.0,1.2454173873711811,953.2246131298924
2011-11-22,1.5322683566932591,0.0,1.7302540614513493,914.3255525436672
2011-11-23,1.482058187915523,0.0,2.0029236231688445,969.775494016541
2011-11-24,1.2875032433196656,0.0,0.36130803244216103,745.6196895839702
2011-11-25,1.4262242520705022,0.0,-1.9094913980383583,429.9077103959908
2011-11-26,1.4106409559713806,0.0,-1.1916719912777363,840.7940216803858
2011-11-27,1.3640546680942438,0.0,-0.9349007784416843,213.0650780738422
2011-11-28,1.3602090398415203,0.0,2.222667137629986,900.6548660043051
2011-11-29,1.3287086835917763,0.0,2.222809110202678,1023.5236988998548
2011-11-30,1.3490808484139334,0.0,2.6188739880776453,819.7551861093643
2011-12-01,1.3295242656180577,0.0,1.8589791461304712,818.5764845343574
2011-12-02,1.3021928848800983,0.0,2.7867784838645306,849.9009034758726
2011-12-03,1.3330378672643048,0.0,7.044835400491008,969.0731069514374
2011-12-04,1.3191730737736156,0.0,6.891210278816207,994.276803327826
2011-12-05,1.248716285578495,0.0,8.29979379232428,1286.4611316606429
2011-12-06,1.2722059971755078,0.4077321068641183,9.337548567544674,836.7295431309409
2011-12-07,5.6597260295491045,44.4306589611777,4.711446645537194,131.89796488889755
2011-12-08,8.568247600084193,14.21548909365048,0.27609703308998645,347.2436894985652
2011-12-09,5.073169914621828,0.8115461093350018,-1.26645834413226,265.70020037150755
2011-12-10,3.5431213892693485,0.0686588249156795,2.893998456532068,966.8939421386016
2011-12-11,2.855039715871248,0.0,5.798510595502826,451.01065323948967
2011-12-12,2.575081017274613,0.0,6.861061996035118,660.7399480030559
2011-12-13,2.3359499695023147,0.0,7.372173071631748,909.1532949751812
2011-12-14,2.311841092204143,0.0,7.188475604614239,667.6543888957931
2011-12-15,2.3081651060908763,0.0,7.5101764286726596,852.5717148452751
2011-12-16,2.1910144826221827,3.3833066206880846,4.563370355789131,420.49454497868913
2011-12-17,2.3369452271914133,5.070705034869283,6.885512231639318,1138.417562867711
2011-12-18,5.715408319535704,9.387458884470018,4.684586836737085,244.5143203919704
2011-12-19,3.610832539256717,0.05082238563190465,7.8949352599094995,536.4943507398527
2011-12-20,4.487452547945627,5.44190364458843,6.002563787921525,258.34915390454944
2011-12-21,3.309519642478503,0.0,3.488728149300796,384.531375378693
2011-12-22,4.374024611008061,20.016688833606274,4.093731111421674,217.3443120161189
2011-12-23,15.382942985713752,24.69421701409993,-0.3919731648388053,122.19138281931104
2011-12-24,12.425611204913103,15.343192847776816,-3.468187724990575,97.64772353321264
2011-12-25,6.7305510110084015,1.271621813083961,-3.560815423391046,176.6421103345473
2011-12-26,5.458475836871709,0.0,-3.3632916868116043,147.4177862081808
2011-12-27,4.493329360244075,0.0,-2.603517302141123,621.6401378665931
2011-12-28,4.205869600255487,0.043517924293708765,-2.8045750686195197,611.8917932417279
2011-12-29,3.8202895459727695,0.0,-2.0197535073524,784.9819502883736
2011-12-30,3.894779273826921,0.0,1.2124531762958846,591.3892657854842
2011-12-31,4.685214759378432,4.907183366814036,2.6224484193984363,636.0972946178525
2012-01-01,19.705497306637525,18.10113619756194,-1.688975872412982,27.45490849896455
2012-01-02,10.30086940291903,0.058871577165036354,-1.3571305679589616,699.3160734330133
2012-01-03,6.887513314124121,0.0,3.4489661669020912,788.3702762160921
2012-01-04,5.666786493217951,0.0,4.255511635690928,836.007188515365
2012-01-05,4.952715274081903,0.1577938031284483,2.5710280620023687,589.8446160925462
2012-01-06,6.320097724139387,21.516120620019436,5.372128831622126,741.689084848441
2012-01-07,46.63069070210567,40.78356532529691,3.0423246359149068,170.4853928358785
2012-01-08,29.289379290162174,15.040203374263204,-1.4523767176783597,204.184794241702
2012-01-09,18.387104627318067,6.189346344232501,-2.360826268449369,104.73743270328757
2012-01-10,12.882835292189826,6.162989406815308,-3.0116562736216768,88.53170438825101
2012-01-11,14.247147824660724,13.57872204625028,-2.0966440229032486,173.1127486453972
2012-01-12,14.869112914378928,2.78594311524014,-3.6251436471696383,84.1666672902217
2012-01-13,9.662261693835545,0.2567988603789432,-1.8842217836464155,1262.4230848150737
2012-01-14,8.368225321439079,14.054381357831417,-4.066892869641553,220.86310871795243
2012-01-15,6.852334691442259,0.02265811420952348,-5.527388203783617,826.6935592717126
2012-01-16,6.303903748889502,4.311917242242574,-7.069648109108815,404.7940816089185
2012-01-17,5.440539870316849,0.6424511019500718,-7.45648959021999,567.7879052191514
2012-01-18,5.11821783789305,2.7953383474180953,-7.412752111286418,683.7464513748706
2012-01-19,4.726604718825435,0.5719287135349594,-6.080810916305108,845.0914044278119
2012-01-20,4.515334640818477,0.2132809360852344,-1.4242234547631016,745.0856429834089
2012-01-21,5.9967719673993445,4.7826192951274225,-0.5970119079800549,882.1770089897065
2012-01-22,5.496154308218179,0.07889690156422415,-1.0389680697436474,1293.0806806744924
2012-01-23,5.466036127904155,0.137317649831359,2.8155585441634523,1666.5913842024595
2012-01-24,5.490185739465242,1.6106908748998823,1.6884288114035622,1016.258702676378
2012-01-25,7.281621017400253,7.533507938102317,3.055845680131238,905.70443624392
2012-01-26,13.380565189018824,27.06760273870687,-0.7713269843326797,384.41324489509486
2012-01-27,10.751540884407122,14.489352796003208,-6.260150063160367,48.41668670082756
2012-01-28,7.999750771947381,1.4393402149538492,-4.294664411924272,292.76803160573706
2012-01-29,7.496548649246618,5.605561670581786,-5.78191321671357,281.91202592011456
2012-01-30,6.445091016810974,6.525404191227903,-9.41622661638591,73.81206240045871
2012-01-31,5.900246307763243,20.61091808283104,-8.813471476502869,229.6945466961969
2012-02-01,5.717370618443952,1.280906379558959,-8.862238557558102,822.5403085368788
2012-02-02,4.906165101750846,0.26110754576225254,-6.256979937717837,818.5314885980491
2012-02-03,5.066787387084323,0.20421607373401834,1.4109501974337537,1291.9784302623027
2012-02-04,8.070081172736897,0.0,3.7632655306431535,2620.910385923287
2012-02-05,9.173144369814764,0.0,4.59580094578908,2318.643984783966
2012-02-06,8.915147680158658,0.6550664116338425,4.1623065792651674,1959.5332273972729
2012-02-07,10.044180095716438,6.04554544156338,-0.35374918661055466,515.7227600325887
2012-02-08,9.266508402036274,6.670254024756694,-5.69111815912406,54.55806994486517
2012-02-09,7.438995718180952,28.773078023340112,-6.060309897235273,14.233598704143589
2012-02-10,6.516224475909457,3.7990016128809883,-6.745377091070293,30.73001855078441
2012-02-11,5.4223683094059325,0.09434030992561342,-3.6286735781026263,2027.6200319552493
2012-02-12,5.359252052928184,0.0,0.9503395308817612,1604.714771649912
2012-02-13,7.134889021596212,3.927918339603634,2.6877928505920297,2536.8325397743392
2012-02-14,10.62449320034603,6.687625851206175,-0.7039987572156343,448.5886335812069
2012-02-15,10.266031182363063,0.8939913069113222,-3.3576183324774194,355.9120172511591
2012-02-16,7.916739501412435,11.799115635909288,-3.426853004532077,491.7507239825972
2012-02-17,6.388935649360718,5.899075195399415,-7.336808589191408,45.73103656314596
2012-02-18,5.790238561008028,5.024378329991379,-7.593961613829294,808.5036750871308
2012-02-19,5.526113195501434,0.043517924293708765,-4.739482948009353,1225.9806765709393
2012-02-20,4.993043521813422,0.0,-2.515496306800268,2091.297789975404
2012-02-21,5.622823476571192,0.0,1.08226957183751,2082.1145145613687
2012-02-22,5.643172963104584,0.0,0.6920998930659713,1312.7234385939385
2012-02-23,6.351926401865118,0.0,1.1558842005588799,1441.909477741902
2012-02-24,6.527160081050096,0.0,1.3518247714398552,1833.5768946072635
2012-02-25,7.504252762813015,0.8687686690347434,2.8980933064898284,939.54796682817
2012-02-26,11.830377854160568,4.025535813084959,3.193701452576097,1533.4359643270477
2012-02-27,18.47951884987405,29.334064502563407,-3.8564412659908385,143.61447580198143
2012-02-28,11.643629578227904,20.94048640540857,-7.444458734005098,82.26291797862075
2012-02-29,9.046251497026514,2.835958610032571,-6.646141835403208,1166.6966586728354
2012-03-01,7.495112129520002,5.582335477998244,-5.550171509276211,485.21018606725823
2012-03-02,6.893232611519367,6.366208723039229,-2.3363341466736105,1155.33976865263
2012-03-03,8.003811900057457,7.451982100046575,-3.746871212451774,349.9182982312288
2012-03-04,7.146637993875077,0.043517924293708765,-2.1799870487214696,942.9087935124838
2012-03-05,7.2534524776315505,0.0,-0.25484979514413,1321.6871643766035
2012-03-06,7.639739243052924,0.0,-3.03947434554458,1122.061009288617
2012-03-07,7.769793348045588,0.0,-1.3647453424916636,1904.5745134298495
2012-03-08,8.203713348089483,0.7181499944891476,1.6294634858242008,1321.507958551075
2012-03-09,9.228226152942671,0.043517924293708765,-1.8409163411831426,276.0615783790879
2012-03-10,8.729180096709761,0.0,-3.3856243027852857,530.3677213392447
2012-03-11,7.906260147186309,7.446253001269495,-1.8321293226956077,509.2267372961442
2012-03-12,7.977253378725777,12.224194844174605,-2.7025831935327664,263.9838867302668
2012-03-13,9.149026215524206,18.119423701952016,-2.331613082661665,151.7433657581802
2012-03-14,9.018166928570915,0.15417570553099047,-1.6774812070521452,911.0424646944336
2012-03-15,8.718691385120012,8.597304795196045,-3.700394541244088,186.4911171261722
2012-03-16,7.070015141309599,0.00730446133819589,-4.013374691725749,1824.7022453644893
2012-03-17,7.35802053757885,0.015353652871327589,3.791076293153782,3156.6915319580144
2012-03-18,11.198136032910549,0.043517924293708765,7.578927199526598,3726.498513032603
2012-03-19,16.970644175855004,0.0,9.126681463524122,4445.890095843432
2012-03-20,24.23398674161629,0.0,7.776292420438037,3845.157011277283
2012-03-21,23.43657994952121,0.0,7.127551265868754,4002.275719091677
2012-03-22,23.385475244491857,0.0,5.057729089936215,3901.340019653625
2012-03-23,26.55361796350124,0.0,7.456828942070686,4509.27429293189
2012-03-24,26.94492852230435,0.0,9.81560300172901,5516.212885074593
2012-03-25,30.460908557787647,0.0,8.528312323243796,4911.287807236495
2012-03-26,28.458369101876,0.0,2.627571601796528,2756.3973879721216
2012-03-27,21.664077859373048,0.01460892267639178,-0.1405915564734201,2509.8601362818954
2012-03-28,16.734475817334065,1.0903907852134327,0.9797539412328911,1081.908384021932
2012-03-29,15.933906248704972,0.015353652871327589,6.280273309179158,3528.938233316374
2012-03-30,27.69749346680153,11.513260656767404,4.7232251316810885,1755.8372225256671
2012-03-31,28.06647267486631,0.036522306690979445,6.360427996430927,3278.1621631747453
2012-04-01,25.74677800675904,5.700535191523858,4.225806119366512,1726.6927060159646
2012-04-02,23.733752706306177,0.25640087703179193,2.0803327942977483,2301.734839567953
2012-04-03,21.78445495553513,0.0,10.02089830667429,4514.997775183179
2012-04-04,27.94277573537015,0.0,14.17080512450259,5368.796188115638
2012-04-05,35.46595197292678,0.01460892267639178,13.983948364795472,3647.494677246784
2012-04-06,41.77716512647807,0.043517924293708765,13.776842598406061,4663.850755768562
2012-04-07,39.247336702067535,0.05082238563190465,12.577920409731684,4172.412749264191
2012-04-08,37.864100449566216,1.1555872073891647,11.808897018132642,5596.383057222449
2012-04-09,31.828754444754093,4.968112408147057,2.1128841988729197,652.3129954468218
2012-04-10,26.2919023843172,2.4594080766369935,0.1325828117713451,166.2464584531776
2012-04-11,21.18778135191572,0.1377684787292605,1.980611149211644,992.8655439816648
2012-04-12,19.012596660923496,0.0,9.03195453228156,3864.474985318388
2012-04-13,20.50413857431572,0.2372846127854836,12.74367704515468,5108.843113164725
2012-04-14,35.27923685153274,17.9413458741468,10.314220557152975,2518.9365591394485
2012-04-15,35.38140210876574,1.456933786614097,9.208724586897503,3978.432618836512
2012-04-16,25.40161944644076,0.343744953476299,11.957920706052551,5661.475938910757
2012-04-17,23.29040356014037,0.00730446133819589,16.21863199831718,5565.598959492974
2012-04-18,24.56884126515853,15.140846025049068,11.109201418925016,5368.852214182029
2012-04-19,32.7715583939713,3.2675240957442115,8.845182450913013,2664.1256921191803
2012-04-20,21.341735602384265,0.0,13.522469419402174,4765.283285190627
2012-04-21,23.77621918489213,8.021781953061138,9.122194166433374,3115.2094961146927
2012-04-22,11.332767678629557,0.137317649831359,10.331195148663664,4448.618213358203
2012-04-23,14.538092654648318,0.0,12.2839133373028,5490.963379066831
2012-04-24,13.623946758252131,0.0,14.910223965103416,6429.934562525583
2012-04-25,12.785940492911244,0.0,17.338154015055885,7039.844594846787
2012-04-26,11.6114844526736,0.0,11.085076907490018,6221.957748148135
2012-04-27,10.484664315040488,0.9236756403382846,10.061128520789119,5820.024373850522
2012-04-28,10.119689857032142,0.015353652871327589,13.697741853958274,4637.467431923993
2012-04-29,10.028771451016471,0.0,14.147220933684775,3873.570115491316
2012-04-30,9.604421157030878,0.0,15.290864391271628,5753.834269976494
2012-05-01,8.419530738865614,0.0,13.82340318573296,5065.837689761651
2012-05-02,8.391176266889033,0.0,14.512911989276093,6083.240837603377
2012-05-03,8.20239812835935,0.0,13.136281088467884,3218.559100261167
2012-05-04,7.495147602425553,0.0,15.289520623560776,4496.119365173534
2012-05-05,7.486199832551853,0.0,15.217612223011681,6469.534862367372
2012-05-06,7.05153878862354,0.24829692721119898,15.144035263624463,6513.3311813492855
2012-05-07,6.947270146464386,0.0,16.472967298783537,7901.353195534144
2012-05-08,6.941874059788578,0.0,14.533415441891032,7799.190819833547
2012-05-09,6.390169840093986,0.34676832427670945,10.302950443148315,1080.195664622842
2012-05-10,6.385997575136454,0.8538734860021411,9.729720087367614,942.2007241501176
2012-05-11,7.058804887856113,0.015353652871327589,11.69257668137753,3695.485020407346
2012-05-12,6.221836870143983,4.574172272335908,12.417067529128829,3723.908640745655
2012-05-13,6.126640870638729,6.50671293395288,10.397495723466733,667.5430033945479
2012-05-14,6.239718164724525,3.1805197694421317,9.99884772254623,1074.1604796102597
2012-05-15,6.716925459973268,21.183588506626464,12.99190428910644,3891.6784455995225
2012-05-16,5.918889050021852,0.04457149822411115,12.385426022554975,5287.707691069769
2012-05-17,5.821370408956514,1.7077787696178577,12.922231240578315,5545.244401726274
2012-05-18,6.070932636439512,2.9287528352946515,11.318559011886308,4697.544723919157
2012-05-19,5.997246174656607,7.173629740974512,9.614168170499267,2678.2337597672717
2012-05-20,6.506148433593761,10.848561036005982,9.16480679807454,2322.2781211138085
2012-05-21,5.4730501415709485,0.030707305742655178,12.632566082092147,6375.642119181737
2012-05-22,5.327019718995621,0.29860946878073225,16.457607625877664,7297.489058776949
2012-05-23,5.370885777598895,5.234773530060607,12.15198190974728,3680.942920829578
2012-05-24,5.677748849540272,7.805917370207932,11.071324737018756,5581.904137626823
2012-05-25,5.138890999823625,7.532338346452551,10.757668475855287,4532.770360466691
2012-05-26,5.5831462870591615,0.5377751802341458,9.839814104816437,1894.2189847230632
2012-05-27,5.375461880851737,7.863654112248529,13.19904176898261,5353.668301791403
2012-05-28,6.32882382995063,13.588110471264303,11.427029068286298,3550.0490362410947
2012-05-29,6.014426106910501,3.6326729664673563,12.020317650400205,5987.203660269341
2012-05-30,5.205767186432526,1.027503568513394,12.023438512459421,5742.3144895899
2012-05-31,5.077215743954646,0.7795212132417746,12.51172849169659,4491.849166375095
2012-06-01,4.470713036404005,0.043517924293708765,14.601895590697419,6868.577713962808
2012-06-02,4.380512010011117,0.0,17.161046256476105,8283.544811796794
2012-06-03,4.206112671296296,0.0,18.63505519902191,8736.2112463489
2012-06-04,4.057887660192466,0.0,18.97946977398867,8689.901828954547
2012-06-05,3.781662724346523,0.0,19.620293662765164,8283.113049161144
2012-06-06,5.976981594392548,38.98414942304623,12.91612543366638,2349.692404959824
2012-06-07,5.588571721689278,0.08839826625328648,11.754584560808336,2305.3317634314326
2012-06-08,4.093986179397363,0.0,14.425059287385544,8121.482106053746
2012-06-09,3.900706969929856,0.0,17.021576805007502,7989.816313538726
2012-06-10,3.827441791914552,0.0,19.439682421543033,7855.8070216107635
2012-06-11,3.6443508139208025,0.0,21.42079836737934,8345.688116371006
2012-06-12,3.570042334038707,0.0,23.15191673059561,9088.247509557374
2012-06-13,3.099577493458249,0.0,23.446923557965544,9611.824915292364
2012-06-14,2.969554552521907,0.0,19.689948422767557,7838.824342186855
2012-06-15,2.8567846132792303,0.0,17.648364410255724,7798.102474079865
2012-06-16,2.7209643850859098,0.0,16.028010176791682,9613.945344134912
2012-06-17,2.6257831577523234,0.0,14.985611602737869,8642.918535454139
2012-06-18,2.651809044625701,0.0,17.318893702861256,9063.9697960004
2012-06-19,2.867722542912771,0.0,18.52535912474729,8587.253343389639
2012-06-20,2.6889882129405454,0.0,16.977444952459127,8853.910987720057
2012-06-21,2.521527983902235,0.0,17.439125173047284,8239.20699656978
2012-06-22,2.2591598066027654,0.0,19.017173519691347,9139.862140158311
2012-06-23,2.151065836483456,0.0,18.61712362736543,9033.36467271049
2012-06-24,2.084255230451173,0.0,18.326538755721582,8453.610900009111
2012-06-25,2.1282753907649687,0.0,19.38116165649481,8118.991805626811
2012-06-26,2.2376607806090627,7.462611931103585,19.664423684953572,8227.391547402325
2012-06-27,4.495864080421296,26.718356162003076,13.331675287454843,2740.4287322512027
2012-06-28,2.529105538851294,0.07889690156422415,14.28827831883807,8349.916463542966
2012-06-29,2.198982797415465,0.0,15.422801873783703,8696.814615121308
2012-06-30,2.0259875434193533,0.0,15.63616984313174,8036.4054165465
2012-07-01,1.89657508752336,0.0,15.156512136655348,8000.0
2012-07-02,1.9645273442488087,0.0,15.35701932298862,8020.0
2012-07-03,2.496278757805399,0.0,16.459278519502632,8500.0
2012-07-04,1.7363616178649206,0.0,19.99090063467844,8600.0
2012-07-05,1.624459061330785,0.0,19.76875596447476,8700.0
2012-07-06,1.6154362730743244,0.0,17.46752308164864,4769.562934946473
2012-07-07,1.5253498674385562,0.0,19.664526245393297,8148.26096148816
2012-07-08,2.074476709721764,9.171906229413853,16.79492564005129,4445.92940442152
2012-07-09,1.9007572877310583,0.24994522793864876,18.13971402464102,5084.217606441603
2012-07-10,1.824339423343459,0.12241482585793291,20.754355713974405,8689.598373282824
2012-07-11,1.7809723101784216,0.0,20.327567075754544,8789.753604492334
2012-07-12,1.717629683879493,0.0,21.880193386554215,8737.986507400197
2012-07-13,1.797222026863122,0.0,21.814969156243862,8698.0
2012-07-14,1.460629758330867,0.0,20.80920054291175,8650.0
2012-07-15,1.5121086163127884,0.0,22.964887439068093,8700.0
2012-07-16,1.4901615022100008,0.0,22.712669542880015,8800.0
2012-07-17,1.3392764533556154,0.0,17.77626695227781,6900.0
2012-07-18,1.315160873733917,0.0,16.466461534959873,6703.369863617851
2012-07-19,1.3172686371401905,0.0,17.148480802600357,6629.554525426628
2012-07-20,1.3126164648014524,0.00730446133819589,18.74890832415909,6396.500348716704
2012-07-21,1.3118046988697374,0.043517924293708765,18.239499864302765,6771.510806484222
2012-07-22,1.3113997503289856,0.043517924293708765,19.066301377755735,8284.24817637029
2012-07-23,1.3101684477459603,0.0,18.875297708813815,4793.441157139362
2012-07-24,1.3086028617509078,0.043517924293708765,20.209169856556095,5368.930635336951
2012-07-25,1.302792233129884,0.07889690156422415,21.894972323997315,7500.58010086096
2012-07-26,1.2974165477547803,0.0,21.226309202780122,7315.390688550692
2012-07-27,1.296978275780002,0.0,20.40822813537057,6494.465007936304
2012-07-28,1.2948702345387082,0.0,19.86338587737918,5899.387829597032
2012-07-29,1.2823627299713418,0.0,19.703706864804342,6876.09976023314
2012-07-30,1.3818940466133818,0.0,20.14917480109897,6900.0
2012-07-31,1.3182430502860094,0.0,18.38234763976049,6154.837049707675
2012-08-01,1.319726026039115,2.2453176291368258,16.1724169533125,4087.569219244152
2012-08-02,1.3143594763575284,0.14507294006745639,19.07954443423284,6840.696316203031
2012-08-03,1.1640868945758822,0.0,18.88902874075286,6820.0
2012-08-04,1.3644466350332725,0.0,18.827806980493214,6790.0
2012-08-05,1.3797441873048737,0.0,19.989360375480747,6800.0
2012-08-06,1.3567123508404264,0.0,20.94906460764311,6810.0
2012-08-07,1.3035665409416577,0.0,21.361666591539386,6820.0
2012-08-08,1.1594735959456544,0.0,20.86715013215701,6800.0
2012-08-09,0.9836626494119898,0.0,19.759281752149978,6700.0
2012-08-10,1.054690178440624,0.0,19.454835111082332,6133.823050814363
2012-08-11,1.2865358214330054,1.1023102664353417,19.05945343097631,5298.327342137098
2012-08-12,1.5948049171380134,3.069512013410951,16.380762944680797,3055.065198385885
2012-08-13,1.384491706727379,0.07889690156422415,16.5469098473434,4938.41195325799
2012-08-14,1.215979783729969,0.0,19.02032685964817,5639.539427085704
2012-08-15,1.0808075085420312,0.0,19.36721024167923,5333.9999430266525
2012-08-16,1.0598783850466047,0.0,18.722626764484914,5987.678945887445
2012-08-17,1.0279022729988456,0.0,17.070503695819323,5792.653648578242
2012-08-18,1.0142687661235066,0.043517924293708765,16.013773115542662,4398.396066210367
2012-08-19,1.009797246903393,0.00730446133819589,15.62516166176082,3898.772970050145
2012-08-20,1.0085237177485291,0.0,15.615217379612018,4080.636346027967
2012-08-21,1.0010530489618783,0.0,19.505619133172363,4943.205477003753
2012-08-22,0.9974532565678748,0.0,20.802096363527337,5290.4348815337935
2012-08-23,0.9916694426065712,0.0,21.483501808848928,5492.204539600459
2012-08-24,1.0552525876741647,0.0,20.502503717884927,5660.033514998834
2012-08-25,1.0408187785718663,0.0,21.090314360968083,5106.61971037941
2012-08-26,1.0218054710196105,0.0,22.773195268331282,4748.572940353644
2012-08-27,1.5095611682877883,6.567331817327634,19.785334527385956,4544.839460609372
2012-08-28,1.6982652074204247,13.963624550240237,12.011216705969252,1021.2813856200218
2012-08-29,1.272930700216057,0.12241482585793291,12.76072789026221,4622.20439711764
2012-08-30,1.1285655336650713,0.00730446133819589,13.410961929011439,4555.035277609688
2012-08-31,1.1341548517654236,0.043517924293708765,14.22629204749126,4190.660440551716
2012-09-01,1.1243802463226906,0.0,15.058061653413581,3881.80558249624
2012-09-02,1.1227963193425603,0.00730446133819589,14.808779482984123,4361.717376377557
2012-09-03,1.1174235696865684,0.0,15.154803207030803,4642.874591582177
2012-09-04,1.0946245504174072,0.08703584858741753,15.93703253032713,4951.517850198015
2012-09-05,1.0853336924407389,0.0,16.658552435927426,4367.6666955272085
2012-09-06,1.074088011991224,0.0,17.64848306551006,4494.536101860804
2012-09-07,1.248522961731219,0.0,14.658068218872138,4500.0
2012-09-08,1.0990682985603586,0.0,12.932230852044835,4498.0
2012-09-09,1.120563210511044,0.0,13.813287468314472,4450.0
2012-09-10,0.9742667095144032,0.0,13.468346442001817,4470.0
2012-09-11,1.2445837397275836,0.0,12.640536179690137,4435.0
2012-09-12,0.9362116395430704,0.0,14.607888951915797,4469.0
2012-09-13,1.0310047596641745,0.0,16.07798260542267,4422.0
2012-09-14,1.1518112406806955,0.0,19.868547492739637,4415.616048318897
2012-09-15,1.064132045497824,0.0,22.133592039138833,4559.240069225093
2012-09-16,1.0284779687433696,0.0,18.728311995479967,4602.003744537787
2012-09-17,1.035743090423051,0.6894746462610383,16.839721129573498,2440.8015503716515
2012-09-18,1.230978918560238,4.8968374179249325,15.300223994734573,1351.249305018271
2012-09-19,1.2743248026808731,1.8614227634584632,14.373183206567223,2184.737910206568
2012-09-20,1.0657645513988367,0.0,15.394498910672507,3365.829448514352
2012-09-21,1.220801120992526,4.5332912040032305,9.591809442977059,435.007375718728
2012-09-22,1.0908471175288503,0.0,10.567176422125216,3033.869071391517
2012-09-23,0.9762456913548528,0.07889690156422415,14.137049027609118,3437.488053849437
2012-09-24,0.8737180118896787,0.0,17.136209501743263,3580.5723352482883
2012-09-25,0.8708961288097783,0.0,19.559399378749944,4076.135403553112
2012-09-26,0.8614666451989601,0.0,20.3892034218717,3845.8681380082994
2012-09-27,0.8703353747307268,0.0,18.661004409769777,3649.531262283504
2012-09-28,1.011086683177002,0.0,17.17652599077976,3135.980150981098
2012-09-29,0.9989105718455964,0.0,15.478711894067871,3020.21754392447
2012-09-30,0.9981343805410068,0.0,17.31663921533748,3110.46432457073
2012-10-01,0.9967218647850457,0.0,19.07126079029256,2855.236836172966
2012-10-02,0.9933279180211908,0.0,18.229334029991236,2549.7927910924777
2012-10-03,0.987484858067235,0.0,17.486204268422846,2862.360756989937
2012-10-04,0.9853418195257102,0.036522306690979445,14.656612622950448,2094.614206395405
2012-10-05,1.380935446191281,3.5765576093154356,13.866707654494213,1926.9970783850213
2012-10-06,1.0129471444000255,0.08620136290242003,13.784230520288098,1827.6498429591527
2012-10-07,0.9762681252674096,0.043517924293708765,16.18345624813354,2473.2652067958666
2012-10-08,1.4810572276753295,22.869203274538833,11.09199563685186,1526.773343274201
2012-10-09,0.9785611108466994,0.0,8.879760805473332,2443.6714041066657
2012-10-10,0.9618955241250586,0.0,10.307269916373194,5598.81224623507
2012-10-11,0.9159058170124228,0.07889690156422415,10.331916859914237,1412.1027405586838
2012-10-12,0.9126229946108632,0.043517924293708765,13.872493156141006,2326.8994488544204
2012-10-13,0.8933172021959702,0.0,15.488543726042304,2640.751037796393
2012-10-14,0.8889431410394664,0.0,16.75813735182839,2508.999127995174
2012-10-15,0.8876853030681452,0.0,18.62884304209582,2450.638229877784
2012-10-16,0.8849505984419307,0.0,19.639650911938816,2750.920204040532
2012-10-17,0.8823534769629151,0.0,16.55615526821176,2397.0539033420896
2012-10-18,0.8712464192923235,0.0,12.338158644227665,2026.186546168096
2012-10-19,0.8612525076080082,0.0,10.241238009952577,2108.706279497599
2012-10-20,0.8959265478343056,0.4135747026579665,9.194589291347405,1276.286228487383
2012-10-21,1.0716427343327934,4.519995716766793,11.998134462901781,1354.284601802986
2012-10-22,0.948665603318044,0.1370237485343247,13.26141859281227,1242.287174118354
2012-10-23,0.9453796654139822,0.6253079818930957,11.70678043847695,1291.1080087919745
2012-10-24,1.5682803410275243,21.245344568399673,9.506361027236203,265.1562092682141
2012-10-25,1.1155334461382598,1.0824627694893088,8.627969597406558,323.2571076684335
2012-10-26,1.012929592980672,0.0,10.712209983824348,1221.9348024712167
2012-10-27,1.0222206742838675,0.02265811420952348,14.321180272135088,1306.8163991368197
2012-10-28,0.9526909599070592,0.043517924293708765,17.761621906430697,1624.274526383727
2012-10-29,1.0769422884271276,12.401888948314246,14.573896566336689,941.6195363424458
2012-10-30,0.8946145374639639,0.6001601570681461,9.491072205200036,546.3381864052219
2012-10-31,0.8877063657479367,0.0,10.046575437169208,913.5900358709596
2012-11-01,0.7372181354986834,0.043517924293708765,14.876840950337435,1241.4123883815994
2012-11-02,1.2425394962813674,23.0259696366293,14.146631806956659,1103.4551160206054
2012-11-03,1.1334868423959552,0.0,11.83182814680318,995.8159081565371
2012-11-04,1.0465687844572713,0.09425055443555173,12.808770278390192,1294.7769563862564
2012-11-05,1.0027358062663458,0.0,13.314651457788624,1472.5397151676532
2012-11-06,0.9790110922965972,1.9223155127037561,14.021557403120593,520.2174213375202
2012-11-07,1.5087947821323815,22.40096113025553,7.409450250530679,124.06161029968987
2012-11-08,3.0014504807161195,46.182050286692274,5.593693739345427,72.63209453509523
2012-11-09,4.92027403593457,6.289999999999999,5.813951991078587,350.0
2012-11-10,2.920242112241005,7.728298601674569,4.966071611337126,175.0
2012-11-11,3.2438900038692022,2.2193169043292023,5.35758993917004,450.0
2012-11-12,2.3581780234414547,0.07,6.106630895933808,975.0
2012-11-13,1.593202675853584,0.12,7.00401980219686,970.0
2012-11-14,1.3272091801948676,0.14999999999999997,5.6847278746390435,960.0
2012-11-15,1.2476010788809144,0.03,6.4140232817262355,980.0
2012-11-16,1.177788235228478,0.00730446133819589,6.487898681220251,979.8494711773586
2012-11-17,1.231332435786801,0.12753040208071587,6.077086481784749,797.7430837238646
2012-11-18,1.119855103684686,0.0,6.587383358911888,896.0164591617128
2012-11-19,1.0610015337938654,0.0,7.1047786163582645,855.8168056340146
2012-11-20,1.0379651656734248,0.0,6.413917301382402,923.4695484130727
2012-11-21,1.032813055311943,0.08703584858741753,6.137113570408445,921.7466256655616
2012-11-22,1.532118090000765,25.68310470253053,5.55795926349177,484.221403693252
2012-11-23,2.7051431032325963,3.7637620001974486,3.780504194436644,183.34795838379767
2012-11-24,2.013743211733261,9.651080820963546,3.7647268534302096,305.5662908725801
2012-11-25,2.3746089259248317,0.7243130391435905,2.4722357265278787,142.7356648918581
2012-11-26,1.8162344842682487,0.07889690156422415,3.486509372618208,427.2687164571594
2012-11-27,1.6312365590701026,0.0,6.3974039587897344,933.6266512399808
2012-11-28,1.4438177640405103,0.0,9.540930450174052,633.1301710389636
2012-11-29,1.2763653811896862,0.015353652871327589,11.509996210774773,1103.4860436581437
2012-11-30,1.1885105079568064,0.5241823424149592,11.62084438841323,391.2805142483094
2012-12-01,1.6943572288492612,10.778482479783413,10.56621884145192,820.3030602429474
2012-12-02,1.8343356387258305,14.832152126663885,12.149857633334442,711.9543565236411
2012-12-03,3.2762550234545347,10.684701953561202,6.430766747387411,1086.9411599784908
2012-12-04,5.0460726088330174,7.180419302127081,-1.980681704922051,68.89275608333928
2012-12-05,3.574364323236017,7.422153370079419,2.2551203845271277,913.3450827799812
2012-12-06,3.846846027410432,5.331934096990682,1.9417784821448363,240.35433205004745
2012-12-07,7.929741043053512,17.926520916468082,-1.8160995232696515,48.23689086140232
2012-12-08,4.537718241144108,0.28998895253404555,1.63847752046506,672.858995480226
2012-12-09,3.4581266781700326,5.4940358409192,6.170529022328921,1069.9701662835218
2012-12-10,12.061306615703792,29.878875876024345,1.019912498226178,71.71765139589893
2012-12-11,8.67310380472401,4.429570300532447,3.243489266126212,801.4790201153105
2012-12-12,5.823349820404054,0.35616499103727783,-0.25803440676958683,214.1908720722861
2012-12-13,4.34659435901301,0.07889690156422415,-3.094610323723433,333.49124631392164
2012-12-14,3.255254883202284,0.0,-2.94747333295848,685.5918421728462
2012-12-15,3.075951344404236,0.0,-0.24747052627687735,740.2924018418731
2012-12-16,3.028002041399978,8.639560465333284,2.5855842902357598,239.361860593201
2012-12-17,3.8916397988609175,7.051572174043618,3.1690840683630155,179.17128169487387
2012-12-18,4.00808585597701,1.3165678752072651,3.6650855117764385,200.7496916718249
2012-12-19,4.1945152610221,8.398044508831209,1.9272393292378398,356.7933415701699
2012-12-20,4.422563259491804,15.024270475590189,-4.574361700598175,71.00184568755361
2012-12-21,3.9926131197525647,2.3810085143380277,-3.9039877920037895,71.19754744198828
2012-12-22,3.887000606908472,0.37445918342193296,-2.777385876341894,48.18818359358875
2012-12-23,3.818633273192513,0.43351027156709265,-1.5279870419486503,54.92301496413372
2012-12-24,4.594487971992967,0.1377684787292605,-1.1246731739075702,223.87656262451927
2012-12-25,4.249765268002829,0.0686588249156795,7.172439532351383,804.0190113333916
2012-12-26,4.830675343710563,0.0686588249156795,11.036801021593059,1243.250765671855
2012-12-27,5.323887710207043,0.0,8.126698039146746,988.5680572626006
2012-12-28,5.0570660019753415,0.0,7.22579909431475,455.5415368540845
2012-12-29,5.376698107352191,2.015495978583901,3.2536361313286175,1.618515845885249
2012-12-30,5.123301525683009,0.1297192871961288,2.477677103076344,151.8050139720249
2012-12-31,4.615147922373106,0.0686588249156795,2.129338851134251,403.6159365863616
2013-01-01,4.120282455360896,0.0,1.8739105566403267,133.86741993854915
2013-01-02,3.7911199818182513,0.0686588249156795,2.7449800632710706,866.6243864431395
2013-01-03,3.372943301431158,0.0,1.7624116186131618,274.4740145108725
2013-01-04,3.384140252108579,9.191373584080406,0.8494843544586994,652.0971618584327
2013-01-05,3.6173391275932,1.7666154504397618,-0.7481183367078886,365.1093717314004
2013-01-06,3.813873283554938,10.982418758788413,-3.64703668099684,80.25609565349194
2013-01-07,4.042759529852628,10.381692473934372,-5.861181578753748,147.10732394357962
2013-01-08,3.7684216979099774,12.56163257933535,-7.708819647606443,71.24984296866276
2013-01-09,3.531677396208085,1.3564630483518525,-8.33130052314356,61.13842269767616
2013-01-10,3.45575248714042,0.09425055443555173,-4.271747482582532,590.9003646293027
2013-01-11,4.595250277918579,9.020853778074423,1.4829330907835185,613.2793801067406
2013-01-12,20.699944440038408,15.199858256300969,1.8120448864843217,197.66986076085385
2013-01-13,15.24837550465424,0.12241482585793291,-2.2401029931711154,49.10224363278443
2013-01-14,9.856023622736258,0.08401247778700709,2.2307389187873174,830.7174206897147
2013-01-15,7.537947492634655,0.0,4.087515659262396,1197.8301748144918
2013-01-16,8.721252031661827,2.4988134798634025,4.174963689850907,1395.5955787590851
2013-01-17,12.202248320587106,1.8770970580102244,5.475656480244615,1190.3909252423596
2013-01-18,15.969611287977497,5.576319375863548,6.222770538967083,603.3957795891754
2013-01-19,15.657143200005914,1.230988042613666,2.9205543736042983,806.5491986673455
2013-01-20,12.316609063189446,0.137317649831359,7.7990844383063145,1611.7504095258034
2013-01-21,11.790833229832277,0.08401247778700709,9.449280856348697,1512.8357406995142
2013-01-22,13.18539989190832,0.22436844085720878,7.709973412505326,1800.9439971507677
2013-01-23,12.070463462955203,3.338285526309429,4.860473762061848,1201.0455097227798
2013-01-24,10.651736303126077,3.536064002124313,6.636772978699099,1150.3800345548625
2013-01-25,10.021470868929471,0.058126846970100544,5.271586203106119,1445.8703288966574
2013-01-26,9.160996544451784,0.9013640343927982,4.41612290507003,309.09373241900846
2013-01-27,8.839552747933851,5.270454908218156,-1.6547379406791745,110.18519373203397
2013-01-28,7.773549473895197,3.2465873865098387,-2.075584689134584,260.89404437214284
2013-01-29,7.160312248552426,0.29565203734777046,-2.853338173478173,232.67619975580095
2013-01-30,6.357431532564164,0.20131172742215706,-3.370657764220719,499.8475714592616
2013-01-31,6.60246688921412,6.415102405603371,-1.1647127680707647,1180.6892214323675
2013-02-01,6.188921323610632,0.9536251861842828,1.4161666234081491,1666.9764582778191
2013-02-02,5.858038635164494,0.137317649831359,6.490800050977325,1478.7774798070436
2013-02-03,5.764745971153669,0.09057220893026716,10.715416982983527,2810.430370809784
2013-02-04,5.757477330111618,0.0,8.5304486034733,1633.2742566271177
2013-02-05,5.750344130023793,0.0,5.380014161227644,237.13963974567105
2013-02-06,6.300261960981997,0.0,9.061293786312149,1452.7050690642104
2013-02-07,5.735752625772489,0.6427925977612381,9.480530156179508,2614.1866346403503
2013-02-08,7.185176605237017,14.326222950621666,4.146271745285031,506.86740444368274
2013-02-09,7.203474449447144,1.9514800710961828,4.949688475032049,1714.0195359436
2013-02-10,7.430785469429444,2.3654189926420575,3.438025571029948,527.9055237363436
2013-02-11,9.14797535186012,15.808956271479754,0.61728558969021,395.9386285947866
2013-02-12,8.139252337053094,0.4221910261426216,2.4629659062551674,1656.702421566696
2013-02-13,6.9541280083406605,0.0686588249156795,6.137958554318857,1527.3216550562886
2013-02-14,6.703012108136279,2.57957585766377,4.216247936987917,1689.517243926133
2013-02-15,10.50255397094091,23.035288705420353,-1.228162844905241,263.6396159870301
2013-02-16,9.83384953694299,2.6396126030452876,-3.447335433846031,415.6884547413317
2013-02-17,8.300957267829883,0.3581497303457181,-2.777798419116973,671.7653666492753
2013-02-18,7.093649070409711,0.29217783764945854,-3.4654758031609005,513.3289391589533
2013-02-19,6.489998608401632,3.0816347665976833,0.7081846584320052,1597.7878390102026
2013-02-20,6.465053332128459,2.490587370080213,-1.454501036047224,251.40459736784527
2013-02-21,6.140124212094576,0.62280943433798,2.49141271801723,717.6979071276362
2013-02-22,6.415283308799862,0.9422568098169954,4.593431939187745,645.5922336140611
2013-02-23,6.343993613719412,0.5088432179429432,4.974128439310734,568.4413961922186
2013-02-24,6.2739715483687934,0.0686588249156795,7.622008032589541,1404.6865299313288
2013-02-25,6.2244817031625335,0.0686588249156795,9.811988291030326,2312.0374393622237
2013-02-26,6.186553735289163,1.1349780813247035,6.284445338686631,1195.669927255767
2013-02-27,6.053992794903364,0.6121274529945124,1.2101375419758562,214.1546888771381
2013-02-28,6.407079010780538,9.163141624541709,-2.174857359788006,163.45948337560858
2013-03-01,5.56774946753116,0.3432941245783975,0.9736234413690709,2055.246758846593
2013-03-02,5.475728026267757,0.0686588249156795,2.5577451301047347,2164.212959377245
2013-03-03,5.147544766822976,0.0,-1.0715617156251305,534.4586498623113
2013-03-04,4.926267379888671,0.05082238563190465,-0.6596164683517487,1783.8871855224124
2013-03-05,4.667184997493064,0.05082238563190465,-3.3061192612795427,1236.2840277842874
2013-03-06,4.353961032413099,0.0,5.103168101236001,2770.2299185491324
2013-03-07,4.08113985440371,0.0,8.09088662108068,2904.750516835954
2013-03-08,4.249305016136098,0.11836084180100585,7.904231063580397,2648.0711570230237
2013-03-09,4.361094145581806,0.11000280653240757,8.421673720311583,1255.3842978883245
2013-03-10,4.318378225194528,0.40543575563477313,9.854504164032766,1673.912657711716
2013-03-11,4.21223413307904,6.616369930053977,11.07124151486775,1062.2994439554354
2013-03-12,6.146160517939397,9.877573769749272,8.032456331092186,1266.8840787110328
2013-03-13,5.534149880610846,0.2213301276183661,9.296924593072088,2796.667459411201
2013-03-14,5.258627278637017,0.30678737620422736,13.964424214233775,3203.2886405956297
2013-03-15,10.211193018483192,19.929093364671278,4.849177469268829,445.53435772630246
2013-03-16,9.21059314623066,10.492034219697146,-2.3675379487949746,201.47120533364225
2013-03-17,8.215894190083839,1.940981048911631,-3.645968068609439,675.7676615625422
2013-03-18,7.48303358858628,0.2059764747470385,3.390463635374827,2832.2136455297227
2013-03-19,6.919067515363999,0.0,9.297943117770467,3376.582404735
2013-03-20,6.618777970654611,0.0,8.83856734153961,1826.513606609461
2013-03-21,6.027596826045139,3.22942454112589,13.541613854533201,2219.0682866296693
2013-03-22,8.947057650182416,18.845671347430308,1.039839212015199,931.8948586390312
2013-03-23,8.538259933642601,2.9547999359236927,-0.5713750432971518,728.808542470062
2013-03-24,7.817140330925912,0.28998895253404555,6.225100011160382,3294.938003710677
2013-03-25,7.345749029481098,0.2505858760834676,11.085192219225432,2101.170312981789
2013-03-26,7.490309919884423,2.527374437774601,8.266700419066177,1337.1156897445148
2013-03-27,7.697060986377099,11.077329244058907,4.459033640707926,582.8817401105349
2013-03-28,8.061022269859604,1.5234391109176135,0.8000224707988944,311.92086447547507
2013-03-29,7.500014798618213,0.567263966210078,7.998694055932916,1270.9116693599583
2013-03-30,7.192928271768464,0.48762295032929515,15.431519759815833,3773.33855283295
2013-03-31,5.911434551464703,0.0,16.30382050523798,4927.036838778545
2013-04-01,6.85092582124404,3.7744839628392985,10.314888224747051,873.9075206338171
2013-04-02,6.091538284207982,0.5331772277254404,12.494052342941576,3922.085610346045
2013-04-03,6.194585082146351,6.416884902942453,11.365926006087593,1310.9298438775552
2013-04-04,6.014068172541815,0.46831915686740994,7.813673434690841,2598.864614436494
2013-04-05,5.353899405641316,0.11948121054758415,13.843385363817685,4353.188011283449
2013-04-06,5.247480968621242,0.0,16.273601343036674,4778.207442992228
2013-04-07,5.2398745810649086,1.1869207989586954,10.629168009846701,2899.671134119056
2013-04-08,5.94646886347019,13.136703290299723,2.5523690656435414,348.29677748218654
2013-04-09,5.784649978421361,1.376184209937723,1.8608908024664275,502.3453830741014
2013-04-10,5.33628152824284,0.4221910261426216,6.48639756212237,4058.702711035456
2013-04-11,4.98235914031155,0.3832906309676889,7.39368935083107,2998.2611898371715
2013-04-12,4.602276256744497,0.12241482585793291,10.05469576022268,4582.186838601011
2013-04-13,4.581074853342022,0.0,13.328468019160624,4487.40928527671
2013-04-14,4.662141859556456,5.357404219297961,6.334013688657851,1128.7440834335675
2013-04-15,6.637444530052038,18.5639532049085,3.0259769166075907,498.4609689579453
2013-04-16,10.813767345552083,8.680348516090518,2.533184315703678,514.9911206359167
2013-04-17,11.972133386885597,2.1480982236045776,1.2416087326421124,679.8850819860882
2013-04-18,9.681883592347344,0.2641033217171391,0.9650121687596778,1234.0738258483016
2013-04-19,8.668880994919988,0.0686588249156795,2.3973789754390764,2158.6951371523974
2013-04-20,7.446141745741427,0.28532420520916413,3.300998544733522,1178.313603360201
2013-04-21,6.9916456993728096,2.2926663310759303,3.0817020809110627,401.5102213073392
2013-04-22,6.379067057267982,1.5916274835748099,4.876351797286555,3469.155928256531
2013-04-23,5.890964003477904,0.0,8.34106004442794,3980.803408813568
2013-04-24,5.376550413034616,0.0,12.157036274417123,4806.911671723995
2013-04-25,4.9159433644240185,0.0,14.129606491399702,5334.709939395281
2013-04-26,5.045275448459181,0.0,14.680929231518892,5981.583450226659
2013-04-27,4.651454900367177,0.0,18.228700978317377,6164.860002295237
2013-04-28,4.546572887434508,0.0,18.188455319605048,6780.605773903964
2013-04-29,4.409008325278131,0.0,17.2713164231226,6206.99527322408
2013-04-30,4.223857518518519,0.0,15.390356375174235,5777.918654782622
2013-05-01,3.899827170092239,0.0,15.8947788623043,5347.667691949729
2013-05-02,3.574070641205811,0.0,14.763238724103806,4542.864572219658
2013-05-03,3.343339281111997,0.0,15.479572481827299,3502.435350498358
2013-05-04,3.2694849758769817,0.0,16.401303013396173,5191.477170605916
2013-05-05,3.173333781928849,0.0,14.909301439751935,6073.043128348449
2013-05-06,3.0475548657122675,0.0,12.62752157590524,5200.648621387649
2013-05-07,3.286447733491266,0.0,12.506026068040923,2470.709258331344
2013-05-08,3.1526937266235744,0.07889690156422415,13.110055822832496,3653.7054142524016
2013-05-09,3.151176946764475,0.3283913006049714,10.919257420254281,2417.2732172279816
2013-05-10,2.917434032348734,0.6602272933260197,10.791960917306225,2073.8098988166385
2013-05-11,2.808707823414068,0.0,11.271751773733854,3602.2069723047034
2013-05-12,2.789451672691871,4.022085259318807,13.700903456620075,5892.199092540084
2013-05-13,3.119471140037462,7.834530090906649,11.542832086356059,4131.1915890783
2013-05-14,4.484784645593299,22.220574092903497,10.246530173193548,2121.446956055321
2013-05-15,9.367309278747271,23.582143516450284,10.843626885868428,2123.8913610572567
2013-05-16,4.806310458376528,0.13965653834466038,15.40703679139098,6710.9296074597305
2013-05-17,3.692313769002711,0.27727501367603247,17.968175097558692,3499.4508991460425
2013-05-18,3.596562290224273,0.0,17.63516293895674,7275.484651827166
2013-05-19,3.085150747875966,0.0,16.555091545420694,7404.301141713991
2013-05-20,3.049155830769302,0.0,16.619813628518138,7272.457002576573
2013-05-21,3.037359622031906,0.0,17.86443879461359,6877.470425727078
2013-05-22,2.96907573205097,0.0,20.685371002127237,6934.512845482247
2013-05-23,2.874456419993909,0.0,21.263873093368925,6989.598340511819
2013-05-24,2.693612969469816,0.0,15.475686104471274,6068.764847480495
2013-05-25,2.552011513262876,0.0,17.06228083358429,6948.425637984047
2013-05-26,2.428324730740439,0.0,18.09722131451236,7291.667371779895
2013-05-27,2.1527720703876647,0.0,14.039177043469548,5315.2688078232
2013-05-28,2.128071485293684,0.0,15.080643195662724,6770.959306148895
2013-05-29,2.101648015931324,0.0,19.557183323990415,5331.488481407866
2013-05-30,2.0920399685631965,0.0,18.71874866981873,5524.689587021467
2013-05-31,2.140724940063323,0.0,17.58972243345654,7765.595781402277
2013-06-01,2.194194504556678,0.2740474970686494,14.88294479369368,5724.771882111857
2013-06-02,2.348594701259793,4.300480865054225,12.823890352800188,2930.9147089802427
2013-06-03,2.216182486715205,0.015353652871327589,13.063310882498016,6957.792033815621
2013-06-04,2.041760685106229,0.07889690156422415,15.022244861259107,6505.4011388627805
2013-06-05,2.0835328970276943,2.2936142864072115,13.855254609563476,4524.095780602152
2013-06-06,2.06024141998442,0.5665103990754525,13.919283492259005,5699.559554669465
2013-06-07,1.9389009759566729,1.2766067800596945,14.658565981131016,6809.66243891165
2013-06-08,1.9241333858776464,0.015353652871327589,14.331831400636254,5955.497056163216
2013-06-09,1.9164171850100515,0.23227564722790556,13.410591436754043,5020.638471298234
2013-06-10,1.8629212446079628,0.00730446133819589,16.485549525887045,7824.41874564203
2013-06-11,1.8503044770194483,0.9511699946173595,17.792569508584037,8046.856992249056
2013-06-12,1.8168399407385405,0.8838586449291167,14.014711260629525,3367.888533866527
2013-06-13,3.6241480991148025,12.176856438836477,14.144611236565446,3091.783059632243
2013-06-14,2.345887099400622,1.40533931452548,13.629730513217691,3554.185918692372
2013-06-15,2.052850064421449,1.6184743962265082,14.729117232381112,5501.234555720071
2013-06-16,2.046003207330032,1.0453775703593484,17.10704309703067,6070.189013833791
2013-06-17,1.973441409560156,0.0,16.497017031782796,6310.2205652999255
2013-06-18,1.944330947888904,0.043517924293708765,16.370608657437142,5894.6468795978935
2013-06-19,1.8916787164391244,0.0,16.512873156813317,7325.914234388043
2013-06-20,1.8236231419695907,0.0,15.673001617739523,7488.3935786511165
2013-06-21,1.641907398459521,0.0,15.27258694676448,7355.3710813158705
2013-06-22,1.308944769518107,0.0,17.09009989667439,7592.769680986957
2013-06-23,1.2499908897597096,0.0,21.348051239188813,7507.457160824386
2013-06-24,1.2191608289443348,0.0,21.586188344162736,7901.940715470228
2013-06-25,1.2073390545160445,0.0,20.50608784723291,8008.582952841394
2013-06-26,1.182425507420367,0.0,17.349978470581156,6976.407883592371
2013-06-27,1.1767270567379151,0.0,18.009836244957317,6560.449387593458
2013-06-28,1.1626976824905082,0.043517924293708765,17.70671859367875,2723.9636926209173
2013-06-29,1.2323805129122034,0.04382676802917533,17.866660127453137,2780.0685557809525
2013-06-30,1.328307268740079,0.5239858008043194,16.6188102462716,5948.855758934902
2013-07-01,1.5933749606507968,2.570820417074984,12.534846510304453,2927.48289184666
2013-07-02,1.5642354102485074,0.0,13.497606118905788,6031.876450065651
2013-07-03,1.5562066576580822,0.0,13.774545488968796,4493.546083076236
2013-07-04,1.5084094806572954,0.0,15.03904883704486,6578.2674046123375
2013-07-05,1.4529442533210648,0.0,16.005667986409456,6092.3324416946825
2013-07-06,1.3445859752844558,1.6775291150096918,16.97107956111236,5213.356415245545
2013-07-07,1.2063820773958625,0.4915404388441527,16.731955961214933,3565.7454250378137
2013-07-08,1.1220905329876931,0.043517924293708765,19.10461284940245,7183.779397118135
2013-07-09,1.049069393935426,0.0686588249156795,18.69027711798183,5808.266373462868
2013-07-10,0.9961623723263424,0.0,17.832938786225462,3697.8808928919616
2013-07-11,0.992275250530892,0.0,17.168110804925217,5337.531616647585
2013-07-12,0.9758572424696004,0.043517924293708765,17.43470778929921,6068.11327168207
2013-07-13,0.9609568913164218,0.0,17.373720079951273,5478.457432183159
2013-07-14,0.953343148404881,0.0,16.83457020183524,2503.0725382350765
2013-07-15,0.9512756977170892,0.05082238563190465,16.618568949120597,4085.335638809866
2013-07-16,1.0698550594094285,0.1114922669222792,16.029021188227983,5421.736886853005
2013-07-17,1.8529796529517009,25.392573345236862,15.486052930362904,3585.824836301531
2013-07-18,1.5163240153933837,4.099153109073655,15.104513907506387,2191.643400941708
2013-07-19,1.333000830932003,2.5441606125958836,15.172240905402639,2416.2014281616325
2013-07-20,1.1297866476172709,0.0,16.613961082429537,4709.409506371579
2013-07-21,1.0991945014292608,0.5430473067631665,16.398449466583195,4470.031020502021
2013-07-22,1.035440879678773,0.0,14.197749670885974,4550.908182372484
2013-07-23,0.981956934857224,0.0,16.65306964152607,6734.25591513277
2013-07-24,0.998860215065181,0.0,19.127102475165472,7164.305019407705
2013-07-25,0.9777085079753602,0.0,19.859357261135504,6985.284668199008
2013-07-26,0.9441319624413224,0.0,17.927519664570315,6432.511109913218
2013-07-27,0.8903587908059025,0.0,16.249102393722623,5535.552617765943
2013-07-28,0.8821042381593782,0.0,16.233280798908783,4199.122634582267
2013-07-29,0.8808824422668375,0.7079660602496873,19.111018257789013,5825.064679067077
2013-07-30,0.8766067302575434,0.0,21.020501905102833,6715.371660601799
2013-07-31,1.123559391754744,3.904496938025674,18.715105293643518,5444.780520376984
2013-08-01,1.146250986082548,6.505611850230588,15.89634366710784,2208.3364291901235
2013-08-02,0.9325278866180692,0.043517924293708765,17.115438753478628,5268.472960830749
2013-08-03,0.8788626230491429,0.0,18.375862911191263,5204.146182639484
2013-08-04,0.8431364216042709,0.0,17.935239059949115,5780.971803824045
2013-08-05,0.8365730248719855,0.0,16.757377773030292,5674.783644019008
2013-08-06,0.8443825711914636,0.0,17.130363270477474,4807.166762471763
2013-08-07,0.8278600929532196,0.0,17.385213717759218,5430.176433981204
2013-08-08,0.8017260731449093,0.0,17.93528964277749,5315.455395795149
2013-08-09,0.7602185031784655,0.043517924293708765,18.295902402159907,4757.005713791982
2013-08-10,0.7759922346972066,0.0,18.892679587766118,5427.186680885576
2013-08-11,0.745390320704038,0.043517924293708765,17.592287942684614,2574.85327803882
2013-08-12,0.7377079410360211,0.0,18.12206964581698,4584.955637747844
2013-08-13,0.7072363427288999,0.0,18.981228784758642,5137.362545605649
2013-08-14,0.7069829791018872,0.0,19.28639673798596,5322.543909415574
2013-08-15,0.6982079600392754,0.0,18.9451995233107,5243.097369629456
2013-08-16,0.6947771895116501,0.0,19.389864604814967,4745.586920797876
2013-08-17,2.072771539934426,53.071436620148084,17.28886684296974,2200.2340595363894
2013-08-18,1.2564325909533396,0.05082238563190465,17.543484855418207,3981.1209757956976
2013-08-19,1.060832939801326,0.0,18.407329754691546,4050.263605829592
2013-08-20,0.9509710879797914,0.043517924293708765,18.15731984496597,4863.161306640741
2013-08-21,0.8814672767382271,0.0,17.51298843518919,4661.00271187028
2013-08-22,0.8095037009472525,0.0,17.3454679114824,4356.556176092222
2013-08-23,0.7892511220585415,0.0,17.040459340818323,3323.911486136093
2013-08-24,0.7813038572371817,0.0,17.44835008827036,3411.9427765713385
2013-08-25,0.7745678610699673,0.0,18.27942102588541,4169.825161783774
2013-08-26,0.7647175153211719,0.0,19.09607779689663,4207.675339120596
2013-08-27,0.7635584358453148,0.0,20.191068152926604,3893.258637236748
2013-08-28,0.7548790767694653,0.0,22.290548157627004,3913.589557742315
2013-08-29,0.8200368272687572,0.686588249156795,19.79278490768224,3757.525203141335
2013-08-30,0.967699184688913,2.2776985882785485,15.062358568681818,892.2878383234433
2013-08-31,0.96387266884145,2.653129846960023,12.805638961752447,1394.7929930116236
2013-09-01,0.920383971417432,0.0,13.882655388058225,2996.1407310729755
2013-09-02,0.9087150358645428,0.0,15.214409726288341,3789.197076341854
2013-09-03,0.904614350741708,4.2647050462061475,16.416057603598126,3374.158264933334
2013-09-04,0.893706554371856,1.1500614735662364,11.036614740256084,1864.1279638049305
2013-09-05,0.8431409848841085,0.44311800833761245,12.050107977733695,2196.374508284011
2013-09-06,0.8300120458818778,0.043517924293708765,14.906106040853519,4003.223427155685
2013-09-07,0.7994627441295755,0.0,14.475681902273106,4196.481833226304
2013-09-08,0.7832973154600633,0.131517591321467,12.399716641250485,1906.868419820576
2013-09-09,0.6978196073322693,0.07889690156422415,12.27035715647628,2938.119382985717
2013-09-10,0.5907490764358082,0.015353652871327589,15.201161049867672,3197.651647470885
2013-09-11,0.5495445050062688,0.0,18.397009684855114,4038.4288854707934
2013-09-12,0.547622162591033,0.0,20.672717526011116,3891.366148683112
2013-09-13,0.5473737075910841,0.0,20.475482863141067,4112.396683904597
2013-09-14,0.545797957273038,1.0150536460755506,12.221236765717752,1479.123553587296
2013-09-15,0.5391091290344502,0.07889690156422415,14.372783313855566,3817.365985693764
2013-09-16,0.5387735373883819,0.18083557412506776,15.87351933557845,3212.1036904324983
2013-09-17,1.0796200180042983,0.0,14.782443999866828,1830.6092394965035
2013-09-18,0.933177661431362,2.962917346849594,14.99292892495878,1018.4724581349194
2013-09-19,0.693703278031199,0.6590386584361613,15.973509124230063,2660.1794422878206
2013-09-20,0.6799657611673815,3.276944266554664,10.155517081963188,322.62258752941807
2013-09-21,0.66504067759822,0.0,10.458378362599332,2544.5198136498807
2013-09-22,0.7382922518126122,4.182758832782324,9.464533640916242,1766.6136060838246
2013-09-23,0.7212065938335362,0.0,10.78770003197846,1870.0872017943968
2013-09-24,0.6674920942498317,0.1577938031284483,11.718574362441036,1141.6257107034664
2013-09-25,0.6642881679690921,0.00730446133819589,14.942588300152607,3154.371513789282
2013-09-26,0.6549490446157374,0.0,17.82066528244243,3591.1184244204924
2013-09-27,0.6536361535657509,1.521803839891885,13.925095529206757,2476.558374107192
2013-09-28,0.6529972095091762,0.015353652871327589,13.38443905106172,2645.274511229096
2013-09-29,0.6529394381531526,0.043517924293708765,16.132946935083318,2811.6525764693884
2013-09-30,0.651311999415284,0.0,19.0642919282718,2731.3004058222755
2013-10-01,1.0487547186472312,14.232869141281595,12.259119037573065,38.545048639564406
2013-10-02,2.283354813365301,46.73402376442077,5.545553027918146,251.55245210511657
2013-10-03,2.672939516194351,14.102379643620973,1.3762108278468084,182.4109928824044
2013-10-04,1.5610667815514596,2.1326849387038003,0.37753586874740186,232.64711913454892
2013-10-05,1.3872833941352467,11.15320465081494,1.0828012521841097,449.0535822543336
2013-10-06,1.3298253504208917,0.40782878655715876,2.660002187217895,569.1744493473719
2013-10-07,1.1627341657901045,0.0,5.041714674596332,2010.9703353180155
2013-10-08,0.8559917951541745,0.0,8.56732005721339,2055.419836608761
2013-10-09,0.8439830653475497,0.0,13.35753998520926,2254.941703940928
2013-10-10,0.8098321369455098,0.0,15.101135224936806,2232.120868516693
2013-10-11,0.7532410999655978,0.0,15.363664963348832,2193.3970409575945
2013-10-12,0.7263231980176382,0.0,12.672843873209297,1983.93812902473
2013-10-13,0.7131978973112824,0.0,9.30776307311344,786.4690108782156
2013-10-14,0.7084845686038271,0.0,10.365766073018706,1864.4404924965856
2013-10-15,0.6926243010812696,0.0,14.524922178743681,1927.187169841392
2013-10-16,0.7234814897221289,10.862311519150483,14.322806714526914,1968.8472985226592
2013-10-17,2.687133560478002,36.59151586045673,9.722906001081409,383.77403928681264
2013-10-18,34.39755791213427,87.05446700405446,6.848036443193687,162.28122097110716
2013-10-19,10.433704204056944,5.069634678898131,5.466759826249708,609.5523567572272
2013-10-20,5.366523764376278,0.0,6.833326189326738,1758.3792146070552
2013-10-21,3.292041050438537,0.07889690156422415,10.828750222943183,2057.1854837274805
2013-10-22,3.001554473060428,0.0,12.073091319000017,1845.3948819443715
2013-10-23,2.559852962223445,0.0,8.764660436720234,1609.8618481377523
2013-10-24,2.1452987518869504,0.043517924293708765,7.576284861729236,1606.9211675821143
2013-10-25,2.016690412329585,0.0,7.662911411804134,1390.071135424591
2013-10-26,1.9267102900214148,0.0,7.300401608802729,1319.9087176770918
2013-10-27,1.917046945336328,0.0,11.27961172343494,1335.3952726256616
2013-10-28,1.907172093684208,0.07889690156422415,13.80064539291611,1501.8096879861496
2013-10-29,1.898496221975472,0.0,13.605617885274297,1478.1007294072035
2013-10-30,1.815140793087963,0.0,11.511414840294886,1569.7414303145267
2013-10-31,1.6440668822554143,0.0,8.019861671421625,476.4284389084421
2013-11-01,1.6299860546436613,0.0,9.59438515814358,1258.0182827258182
2013-11-02,1.560755158865826,0.0,10.512989437738854,828.4296809108438
2013-11-03,1.5358328964320362,0.0,12.504234570906652,1095.4220739999207
2013-11-04,1.5208474777917345,0.0,13.5333049051549,1461.5956968172743
2013-11-05,1.4947212839044732,0.0,13.029597316955186,1827.0879063725183
2013-11-06,1.5383680048995274,0.6521178538850614,12.897331671226949,1496.128974449428
2013-11-07,1.9230828915993536,13.209942202011494,4.138774257020475,247.6993999299386
2013-11-08,1.6303683036155376,6.931030027948278,4.805989636394781,400.0
2013-11-09,1.5289547844527205,3.7915739409166695,4.472381946707628,500.0
2013-11-10,1.345022669025293,0.049999999999999996,4.6391857915512045,680.0
2013-11-11,1.3417578376746455,0.039999999999999994,4.514082907918523,700.0
2013-11-12,1.32718593397777,0.0,4.993643961843805,820.0
2013-11-13,1.3203762541330013,0.08999999999999998,4.594009750239404,600.0
2013-11-14,1.313491254472439,0.039999999999999994,5.033607383004245,700.0
2013-11-15,1.413286194309207,3.268915745664077,5.473205015769087,434.1192037654713
2013-11-16,0.0158171040176157,4.315217281870247,4.283771709585448,300.0
2013-11-17,1.4939243206501247,0.1910736507736124,4.095161472463266,750.0
2013-11-18,1.4312999582086832,0.0,4.051548687906057,815.9536729961136
2013-11-19,1.3691902342546145,0.0,9.694252223992248,991.9370851251427
2013-11-20,1.3323396986262692,0.1783527877126205,11.384828300195755,1026.0361192039177
2013-11-21,1.2301307503997436,1.8596137106433268,11.18024540525201,1059.1628214840805
2013-11-22,1.2149692425656249,0.7506794204797541,9.675462603296983,444.3958060697137
2013-11-23,1.1814086476743406,0.0,10.786447888736062,878.7959176482071
2013-11-24,1.1659504228957522,0.030707305742655178,11.410863184581983,689.6772975455583
2013-11-25,1.6292842572249857,13.399217558033772,7.559783062154708,170.41342339208893
2013-11-26,1.8192919407660613,4.190126246098808,6.564507651529511,165.31731079035146
2013-11-27,1.7380062017830644,7.749400303987983,6.290118776953544,358.0968396095365
2013-11-28,3.2731238873964315,15.005341096956009,0.995021988989924,100.0
2013-11-29,2.546875558610878,0.2791630732914323,-0.44892629307950715,202.1278239016932
2013-11-30,2.133914337329954,0.0,3.853490632929254,818.7582664732365
2013-12-01,1.7454368443621575,0.0,8.6598822939854,864.4960753910813
2013-12-02,2.164742834718243,9.492689708314007,2.813757385243314,214.21785765183125
2013-12-03,2.075934981844584,0.0,-3.475848583284492,319.88455117497534
2013-12-04,1.877769574288486,0.0,-2.2324759067598006,668.4424922360979
2013-12-05,1.7542204430824029,0.0,0.38981009042580045,670.966231255146
2013-12-06,1.55790601729309,0.24482965171586582,4.476976962571144,713.7799606707723
2013-12-07,2.0392687166314154,13.000602257504395,-4.089848457804221,104.05191132334184
2013-12-08,1.6668781609959658,2.7595784815459217,-3.9721627481453456,438.9841845532032
2013-12-09,1.731576424550015,5.928135423151957,-0.6011532232113527,663.6347671414305
2013-12-10,4.472293457482296,29.57733539830353,-4.807506225454332,56.27633469906388
2013-12-11,2.7209935795547406,4.930545760665113,-6.803712621280781,80.2055298318863
2013-12-12,2.155659519897718,0.9082432102310236,-6.051807957927461,379.6317795535568
2013-12-13,2.167394725680148,0.31046510583113485,-3.943330332149742,317.6966871873434
2013-12-14,1.895277128683497,1.3045176733979105,-1.4640444658524845,282.9903744697223
2013-12-15,2.03673785383458,0.0686588249156795,-0.08656626684181573,551.3693668845049
2013-12-16,2.0028651908141573,0.7625192596429972,-0.18868690272097835,391.10378093092487
2013-12-17,2.359989851859797,0.4978604110994627,-1.2192607914183262,125.2497193314034
2013-12-18,2.2627041079879646,0.0,-1.289911510082199,460.0245105424351
2013-12-19,2.197608013509052,0.0,-0.611265112640484,523.7165536092157
2013-12-20,1.890519997012366,0.0,2.816657257648325,521.5867706800128
2013-12-21,1.877032992626424,0.0,1.8412171755809243,501.3521149253628
2013-12-22,1.7779466007233795,0.0,1.208558561656963,425.9465354186612
2013-12-23,1.8688805319102169,0.0,5.086551139537415,468.5220575438846
2013-12-24,1.781209946789531,0.0,6.657642642043078,494.6903271341339
2013-12-25,1.8426055979312588,0.0,5.579844650961947,751.2484073628818
2013-12-26,1.9425509200605824,0.0,5.456531574744884,662.1140073961047
2013-12-27,2.123599155480751,0.0,6.195948634540531,784.826646876515
2013-12-28,2.4918981481481484,0.0,7.989189308578889,545.3986624764694
2013-12-29,3.2650344313323063,0.0,3.7231701969789373,238.87373917272828
2013-12-30,3.4008964820765875,0.0,0.6896854147941203,49.64598017717544
2013-12-31,3.892231231196134,0.12241482585793291,-0.02379156116778243,33.6465586456296
2014-01-01,3.499430769082517,0.0,0.25520569808909344,113.4610030290474
2014-01-02,3.155092592592593,0.0,3.0766237436137907,327.7154165694716
2014-01-03,2.8309368519847853,0.0,3.267632293919978,243.45832256566197
2014-01-04,2.818609026987128,0.0,3.092242347066895,331.5114276027069
2014-01-05,2.597534417042865,0.0,4.817659536874077,391.6040526016838
2014-01-06,2.545138888888889,0.0,4.909529766836779,456.2483598549389
2014-01-07,2.3880443556761284,0.0,4.170062254605228,639.737571339463
2014-01-08,2.1987786237574483,0.0,4.7084803746251875,420.4038468296951
2014-01-09,2.1926790259918016,0.0,4.8187488653919335,474.28792063305633
2014-01-10,2.0909452366757986,0.0,5.927068848753974,714.8740476456558
2014-01-11,2.029702849858438,0.0,4.284943233589191,588.1869805870055
2014-01-12,1.8714215900359437,0.015353652871327589,5.478554186342764,589.1085671267273
2014-01-13,1.8338975113515423,0.015353652871327589,4.540310893810108,565.4419685274017
2014-01-14,1.8261803469314848,0.0,5.731851894163973,432.5641099090978
2014-01-15,1.8202161782665456,0.0,7.80442549237654,877.092667023002
2014-01-16,1.9277888256771685,0.34399965480268135,7.471437907472893,559.277559422355
2014-01-17,2.06139212323711,0.02191338401458767,7.401392335655773,513.3234920174095
2014-01-18,2.143587596509689,0.0,9.295506894058875,815.5167166643904
2014-01-19,2.055396515934521,0.0,8.259826347039294,695.3167637600166
2014-01-20,2.033573908607341,0.0,5.136081393987041,400.0
2014-01-21,2.070678643346335,1.42,2.0560282727849035,100.0
2014-01-22,2.866845013341837,0.95,0.4470870466819654,95.0
2014-01-23,2.750086008785681,1.1799999999999997,-0.7072605015250618,90.0
2014-01-24,2.9581912214496957,0.06,-1.2844342756285754,80.0
2014-01-25,3.60370741759578,1.0899999999999999,-2.3430506159023103,85.0
2014-01-26,3.2454500151692924,0.12,-2.946135755797684,90.0
2014-01-27,2.8983917058199915,0.049999999999999996,-2.644593185849997,95.0
2014-01-28,2.828587363519279,1.23,-2.7953644708238405,80.0
2014-01-29,3.2313611137411526,0.9699999999999998,-3.3787758018300647,90.0
2014-01-30,3.0583643202976614,0.08401247778700709,-3.9621871328362874,108.48375702470156
2014-01-31,2.787323150110616,0.137317649831359,-3.5492208956930584,165.49539417928054
2014-02-01,2.696884706176545,0.0686588249156795,-3.4016669561760455,237.15444298313648
2014-02-02,2.586988185715536,0.137317649831359,-1.0240248484172332,620.3740302309837
2014-02-03,2.45930811058076,0.0686588249156795,-1.161854179420973,757.8268887983998
2014-02-04,2.2602912197493805,0.0,-1.861608049732089,286.1697458533001
2014-02-05,2.3923838737813825,0.0686588249156795,0.8386051047725809,786.7432485290793
2014-02-06,2.1945471286914597,0.0,2.3167508862742934,585.689465615467
2014-02-07,1.9646377402326765,0.05262068975724284,4.862054393747468,799.727548815401
2014-02-08,1.9009775535907785,0.0,7.741153924073318,1066.010485858109
2014-02-09,1.8861110261169332,2.702373107565443,7.887939621183913,712.5496677318511
2014-02-10,1.951105527715668,0.4389197490869099,7.298463745272743,624.9722444305027
2014-02-11,1.887627725116909,0.0,10.996396054431035,1211.2279911250205
2014-02-12,1.842023897813075,0.0,12.314324498288565,1290.3974305573088
2014-02-13,1.7941583098206226,0.0,9.806394121780652,1167.6437120019127
2014-02-14,1.7595087365293596,5.146859602323175,5.861692191138809,509.1961890523583
2014-02-15,2.0395748566450704,5.932030162838206,1.7173303011903973,68.59013527370315
2014-02-16,1.9823342355908733,0.32545768529462266,4.962420136447327,1000.5294523885048
2014-02-17,1.864455694790796,0.15267130270268658,11.517929275000386,1317.600280904276
2014-02-18,1.7607045419750915,0.0,10.395837313379914,1176.0736959353517
2014-02-19,1.6537789518305648,0.0,12.555300520616347,905.997771191926
2014-02-20,1.624401079976964,0.0,11.984787465786725,1347.8281972456996
2014-02-21,1.6231058804989047,0.0,9.4321047393404,772.8889268416393
2014-02-22,1.6128403643403348,0.0,3.29838288630577,210.52782039555635
2014-02-23,1.698132149941328,1.2592436795640953,2.9599721389697318,404.06095835764296
2014-02-24,1.866898148148148,6.262724012131636,1.2230636368965606,58.85189441304919
2014-02-25,4.555125646354279,14.983706001812692,-0.7873903990848206,70.24236703608099
2014-02-26,4.127432197498556,0.9181564534237058,-1.914903615038531,109.26101409727757
2014-02-27,3.1458673436339057,0.137317649831359,0.014905064527663686,509.18361342981
2014-02-28,2.6606856593559045,0.137317649831359,4.354941503335277,583.7869150699343
2014-03-01,2.6431564785857717,0.6070348374456154,6.596619647254193,586.3415135418967
2014-03-02,2.5191992788312776,0.1370237485343247,8.283156288268207,719.3039438572966
2014-03-03,2.483516956282804,1.7414533910151282,8.89311838282866,1015.9672654313608
2014-03-04,2.374676689095343,0.2821864440918428,7.1512761569155545,742.0419323661108
2014-03-05,2.347212582234729,4.981572612642088,7.184902937286743,791.298274447964
2014-03-06,2.245094417002076,0.2059764747470385,6.536023869859671,1218.7203930173628
2014-03-07,2.3039816946414327,9.340861665107631,3.2255573029762714,1057.8828872252716
2014-03-08,4.257484876028668,8.815840208100958,0.9659181296748719,166.72013761408823
2014-03-09,5.591788639037019,5.93818264327764,0.477808718938533,99.42202589644616
2014-03-10,13.630834030757804,20.775204646872382,0.45620817883796555,120.44824356960456
2014-03-11,14.67701082630076,10.078509015270605,-1.6409909978284856,211.30149694359343
2014-03-12,10.17051709182862,0.10155501577374762,-0.0969686826636032,464.2076257441728
2014-03-13,7.363849420053527,0.9667656964079777,-1.5156417024846784,494.1948515539923
2014-03-14,5.928642669889324,0.0686588249156795,3.4682595688679587,1786.6596001543878
2014-03-15,5.342361654775785,1.0316195644979567,8.903864006073782,2278.35320182315
2014-03-16,6.398174909857509,7.295355027315159,4.985271154011466,369.5544726186605
2014-03-17,6.945632675277399,0.2059764747470385,7.2567055702313485,1406.0831688659896
2014-03-18,5.995680608483169,0.07889690156422415,9.50226692001326,1947.9840204425743
2014-03-19,5.155265281475321,2.400470523360017,11.808213217828303,2882.451729979043
2014-03-20,5.463604508859706,3.31205230320203,4.392512345763157,1398.22985054088
2014-03-21,4.411934442019525,0.0,8.353363820830232,2490.431688161477
2014-03-22,4.292651823610401,0.0,11.633689093272984,2907.733515777478
2014-03-23,3.947734571486377,0.0,10.764813094620697,2241.4677258564507
2014-03-24,3.391760381552858,0.0,12.110965972379883,3051.8562287795767
2014-03-25,3.948558786952968,1.609824554856818,7.173419569223416,848.8301422173214
2014-03-26,3.592426424041669,0.961271097569737,7.148776812022734,1557.2015095475028
2014-03-27,3.191196710093989,0.058871577165036354,10.649273281482458,2314.9062864008115
2014-03-28,3.0101807413897665,5.537629524687033,7.364639146128716,1040.7525263275422
2014-03-29,3.6001048772217024,2.94154974415063,-0.8024849278798317,593.0662383381459
2014-03-30,2.9359495233424138,0.137317649831359,1.3301799797834706,2079.91863909293
2014-03-31,3.0368014641021297,0.0,7.762558435151699,2564.025077842928
2014-04-01,2.93360347275048,0.0,9.545951327572247,2595.323547994948
2014-04-02,2.781896030789272,0.0,6.388332536915233,1802.5572929523285
2014-04-03,2.7718690464956537,0.0,7.981437886802785,1884.6613019163703
2014-04-04,2.541915796384448,0.0,12.913393943516109,2779.92335919353
2014-04-05,2.506223473501487,0.0,13.405839983970205,1461.912575203399
2014-04-06,2.6360221026040778,0.9621451605200159,9.60699177511657,2008.790926654383
2014-04-07,2.4652442923686007,0.4453068934530254,3.545701420416557,361.93419718231934
2014-04-08,2.3625314873373906,0.0,4.516729322674993,1379.9236093476852
2014-04-09,2.360158784635209,0.0,9.389910892737838,1439.2971787868862
2014-04-10,2.3146471231173003,5.776377815880711,9.138037573829623,2189.1572758212965
2014-04-11,2.466590084440995,1.370818502445219,5.098298921190262,902.946658928964
2014-04-12,2.401513488135884,1.9903608061660432,3.5469913794828187,843.2917785579266
2014-04-13,2.2795935756609915,0.043517924293708765,6.543071277572936,2186.444767771989
2014-04-14,2.118278720627189,0.0,7.419790361265878,2536.1554894174838
2014-04-15,2.093208545870033,0.00730446133819589,11.119236912543968,2923.4690297845145
2014-04-16,2.0560296932580724,0.0,12.1498543909023,2371.7877457397008
2014-04-17,1.9679667131048175,0.0,12.184644764278007,2504.840196849721
2014-04-18,2.1898490647176208,5.722619018907626,8.18571306598847,1517.06727634052
2014-04-19,1.9723807382750849,0.5453655246339226,8.311047698877932,1954.1311457598745
2014-04-20,1.9908823766804375,3.9081558088872796,9.160426225567694,2210.0269735542693
2014-04-21,1.9091351529037408,0.07889690156422415,11.143462904633543,2572.265100535644
2014-04-22,1.8172515175054933,0.00730446133819589,14.98335334633034,3455.4858946875
2014-04-23,1.708935830646635,0.0,15.97969338355491,2748.878177309106
2014-04-24,1.9377360360496163,2.155889945625889,14.213164565091153,1003.597522315368
2014-04-25,1.75444755941655,1.27562060744984,11.925579568784425,2850.670764172015
2014-04-26,1.7962520780304645,0.1910736507736124,7.833384692698097,1170.8912051023535
2014-04-27,2.0435582215431776,11.415487716176802,8.756144409720825,623.2701794600123
2014-04-28,2.781508168305008,14.446356067686452,8.323783334355271,790.9456371889484
2014-04-29,2.4515510196179684,0.05082238563190465,9.717579600860033,2057.789535236023
2014-04-30,2.610126455656868,9.638221559629795,7.618613705277427,829.7749079629956
2014-05-01,2.3590098173368625,2.48009792941859,9.537219035208176,1943.09907763154
2014-05-02,2.2887926648862287,1.6993603377245308,10.177280788597585,1849.5144386349832
2014-05-03,2.2468705207468247,0.07889690156422415,13.372857044140858,3039.2405960178776
2014-05-04,2.3989903207455585,4.634800334187095,13.500080055215786,1502.8129636171395
2014-05-05,2.9743594899178243,23.426560656436987,9.282779582680385,1890.364774146647
2014-05-06,5.125266569579382,7.688633952124303,5.165521841680418,520.6603731846395
2014-05-07,4.627780254640742,0.11217674920938826,5.998918683484316,1641.089409459414
2014-05-08,4.912439099602458,16.221595127837535,6.9985555563510795,554.8595661884565
2014-05-09,11.568130102665762,18.60476533647855,7.673814695775551,456.21612033330814
2014-05-10,9.208514170286326,2.8262873247854112,8.384781932491869,1309.7076122633114
2014-05-11,7.273636946743298,3.8799431232599266,9.486278851603752,1202.3959807613885
2014-05-12,6.244499001050995,0.0,14.805678939541217,3957.687058984614
2014-05-13,4.421435524415182,0.0,14.336081456900065,3295.479938186829
2014-05-14,4.390645901736463,0.0,18.906610116223646,4173.767699381761
2014-05-15,3.859596712515614,0.0,13.710078090402709,3236.230828412485
2014-05-16,3.3263249657588085,0.10155501577374762,12.618017529978992,4231.2605814763365
2014-05-17,3.188250979318785,0.0,11.261083902222973,4132.89840374153
2014-05-18,2.829612689466425,0.8069044981393794,11.318740074234817,4119.720987667536
2014-05-19,2.6477138432760685,0.07889690156422415,12.9324969843355,4719.79256717394
2014-05-20,2.643876652080239,0.0,11.543126152149076,4781.327899196318
2014-05-21,2.5347190906570285,0.0,11.275568260040206,2139.78641230944
2014-05-22,2.5097045544511354,0.0,12.025245244131284,2958.4934347429403
2014-05-23,2.405346125208224,0.0,12.798687066505652,4562.86532582473
2014-05-24,2.283076434695438,0.23374276282226847,12.886863301378314,3861.547917739264
2014-05-25,2.278402838861826,0.0,14.744723765655289,5099.901630721587
2014-05-26,2.1706358481506784,0.0,16.609038594943936,5177.073374209599
2014-05-27,2.088836279174504,0.0,17.64218528994997,5169.405468710043
2014-05-28,2.0670080932322508,0.0,19.056711451477984,5530.279099435802
2014-05-29,2.047225396250694,0.9768154251367093,18.314855612285776,5144.181283905503
2014-05-30,2.178919351243757,13.126703334023732,11.503699469593974,495.9477797236474
2014-05-31,2.264782046210233,3.0794589752989685,10.919418906341257,472.5139794454169
2014-06-01,2.367289655204424,0.12272366959339948,10.172566833469157,404.4451789348052
2014-06-02,3.0603217007784256,18.616388535596606,10.016693683291036,2057.165995555928
2014-06-03,2.822956810691243,1.46163811120426,12.808334174252543,3453.3099408726844
2014-06-04,2.8961095212682086,8.819913954229348,13.733841284151286,1.465376
2014-06-05,4.72143029599181,26.888925808685862,11.726349543137815,1041.2916600279584
2014-06-06,12.56987530674173,14.061145620343364,12.529186835903255,719.8598264518786
2014-06-07,7.262043055073672,0.02265811420952348,14.152162772709419,3919.7247378706047
2014-06-08,7.255751769912941,3.660671500719667,13.627106472892578,2626.491339155925
2014-06-09,4.78268751524066,0.0,14.604136470999212,4191.954741751723
2014-06-10,4.055285751781393,0.0,16.725796946738363,5742.987702694249
2014-06-11,3.3715456767851384,0.19959748732725865,15.866214963784575,5285.187155356099
2014-06-12,3.013087384840921,0.07889690156422415,14.136869089566728,3672.8750565945343
2014-06-13,2.829114267058232,0.0,17.090461370227302,5329.9641516278025
2014-06-14,2.5963201890845045,0.0,19.0828652885412,6092.578120912571
2014-06-15,2.444901270429462,0.0,16.97686068768258,4886.190844310778
2014-06-16,2.765773915122406,11.821021246523692,15.91841174503308,2325.0838135553804
2014-06-17,2.69302434287271,0.0,19.050305219305883,5918.17451914326
2014-06-18,2.4169088551589035,0.0,19.846875297757144,4797.550016237025
2014-06-19,2.915822210151884,22.75789811488051,17.4834826271928,4666.874316872161
2014-06-20,3.279698686449626,9.146801267152059,12.497127022733185,3747.069683657578
2014-06-21,2.8770381571705905,8.96536840976946,13.889813244517956,4394.205564386479
2014-06-22,2.4922469904810995,0.05082238563190465,13.781655293691134,5868.739611678612
2014-06-23,2.306045348552566,0.0,15.031883174658653,6939.260383447668
2014-06-24,2.213432337962963,0.0,17.497156523862806,6848.061546012281
2014-06-25,1.999072881407128,0.0,21.101952924044962,6366.465800282476
2014-06-26,1.9461895172342076,0.0,21.78530096254861,6896.66623391546
2014-06-27,1.8920716503173656,0.6832985719048741,18.920872146090694,3973.7084741557287
2014-06-28,1.7298642319979125,0.335401860646133,13.352425369026859,1764.1610784337113
2014-06-29,1.7168682962962962,0.01460892267639178,13.791846739625278,2483.9085064189003
2014-06-30,1.6937301215922114,0.05082238563190465,17.025946936648243,5226.604397832549
2014-07-01,1.6844345109012793,0.0,16.840188324031253,4740.590706321579
2014-07-02,1.6318936835482554,0.0,16.064802550886338,5242.441930273251
2014-07-03,1.5827044887402273,0.0,14.969540815509603,4690.448564790039
2014-07-04,2.117689849222736,14.989371623586553,13.214531829862906,1639.536871538396
2014-07-05,1.7776267731481488,0.0,14.697870101111183,4131.444717370131
2014-07-06,1.6468449027777778,0.043517924293708765,16.604673268659475,5732.255997002208
2014-07-07,1.5914697989254123,0.0,16.833741991864926,6104.480781748092
2014-07-08,1.381256077470773,0.0,17.55887046370489,6053.304948128436
2014-07-09,1.2459313892710693,0.0,20.515884162298107,6360.725928753559
2014-07-10,1.183760751428115,0.0,21.965073073193018,6275.08520743829
2014-07-11,1.295959192814666,0.0,22.837764209488526,7313.763874636697
2014-07-12,1.5786574885788118,9.14762546493689,19.496047985780486,6335.481015161066
2014-07-13,1.4131928872919577,0.015353652871327589,17.08743245051224,4751.695713660425
2014-07-14,1.3249952137438057,0.0,17.308733701620945,5715.122582961583
2014-07-15,1.5596095584010006,15.01136204964926,16.752513791060558,3998.7244362976544
2014-07-16,2.7443984241100354,4.59107826297949,16.018243935817733,1939.7366937473491
2014-07-17,1.8263888888888888,0.07889690156422415,17.1353090225836,4859.048614580407
2014-07-18,1.4940622567786694,0.043517924293708765,17.40473028611157,5404.330905752748
2014-07-19,1.316170663488072,2.1229078147451608,16.483376304690793,4180.005791176789
2014-07-20,1.3688594104889666,2.682040703450597,16.20786614239395,3193.8922428042283
2014-07-21,1.3461063847049437,0.0,17.835191644139,4679.689737502367
2014-07-22,1.3322750124184817,0.0,21.014629339806195,5817.068373579175
2014-07-23,1.2389894236764774,0.0,21.503792148366017,5628.848191135427
2014-07-24,1.531281926298298,9.572196480832645,17.61930148905938,4364.384370069336
2014-07-25,1.3812288822815215,0.3898128362932605,17.423846350986246,2142.767133820848
2014-07-26,1.2420566024780495,0.0,17.83044104796521,4531.057427646128
2014-07-27,1.1730477014029763,0.1297192871961288,19.09080936618351,4005.7695619117712
2014-07-28,0.9846077670153254,0.0,20.790866298793922,5605.814646514736
2014-07-29,0.8754926500114975,0.0,19.803200476764296,4988.679527253304
2014-07-30,0.8554194691140684,0.0,18.407794430931133,4517.209065266366
2014-07-31,0.8310738002511718,0.0,19.966974156126405,6062.06182752273
2014-08-01,0.7986651173209572,0.0,20.261942233914375,5440.377290582296
2014-08-02,1.4985246598669146,7.439553334317867,18.10242437448536,4091.5490147755104
2014-08-03,1.31113775694607,4.205073242671137,17.851785825056055,3719.1401306466582
2014-08-04,1.2526107089485774,0.45740376071848243,18.831462265649293,4559.878131342011
2014-08-05,1.0564974035843009,0.10155501577374762,19.03874650273364,4368.947145248489
2014-08-06,1.038609887342285,0.0,20.041291941019892,5894.148984230732
2014-08-07,1.019949549149084,3.428960153142869,17.408202439455785,3505.299288116884
2014-08-08,1.1498061041762253,7.489062529465407,16.85239371452941,2544.0077146492763
2014-08-09,1.343918055484696,10.397405155571517,16.255578880999522,2407.5207324283856
2014-08-10,1.0798668167975376,0.12241482585793291,19.180815590796577,4528.449145089404
2014-08-11,0.8737206026715065,0.0,19.23400378041294,4843.273052437326
2014-08-12,0.7169913480335991,0.0,19.110093939310893,4182.583378688628
2014-08-13,0.7058470493362778,0.0,19.5098623228939,4911.549980644207
2014-08-14,0.7000145690074147,0.0,22.0023923333618,4933.1882533842745
2014-08-15,0.7097148728251081,0.0,22.065465411192484,4881.618958083571
2014-08-16,0.7129262107201638,0.0,21.62796234070523,5106.383412438597
2014-08-17,1.79159010304985,19.921348538543057,18.695324214020275,4504.641765526631
2014-08-18,5.386636295838495,40.70219565785357,14.321621242683053,663.4154976223508
2014-08-19,1.9315128063532023,0.2557831895608588,14.848884525816327,1129.3302724850553
2014-08-20,1.1510971235599023,0.1878246448194479,17.327551668376614,3606.6954064788392
2014-08-21,0.967461314086745,0.07889690156422415,19.188333252626094,4195.737641993476
2014-08-22,1.008290562225133,0.0,19.945462231312064,4397.204356448313
2014-08-23,0.9644060390773858,0.0,18.857345627243177,4036.1908209555622
2014-08-24,0.9640015314623458,0.0,20.622726129102276,3931.457799773319
2014-08-25,1.0756484384186868,1.6135259251509655,17.73300272914021,2304.682681860863
2014-08-26,1.2012864649322934,0.0,17.226679924157075,2415.115524088629
2014-08-27,1.21901954107183,0.0,18.852355184845905,2707.2472011607656
2014-08-28,1.160123613108862,1.23065456405135,18.131626873240307,4125.39820958355
2014-08-29,0.979854128125692,0.9574673834934131,13.7611234414173,926.0798018874892
2014-08-30,0.9761493532914556,0.0,15.68964859450513,3709.035625265613
2014-08-31,0.9781184500203955,1.562010220292262,15.696069608626447,2335.3704987608044
2014-09-01,0.9485510608394454,0.0,16.17490195284402,2622.119928776055
2014-09-02,0.9271924032936928,0.043517924293708765,18.615933854265613,3732.435574835684
2014-09-03,1.021360948086793,7.011898689232947,19.443775445100243,3812.715899137587
2014-09-04,0.9890345994389076,0.0,18.21209057676154,3689.140593557112
2014-09-05,0.9234469122861452,0.2506526708996436,17.352815314067197,2057.8306531477106
2014-09-06,0.8763967191735028,0.4238749399510489,15.58111566405795,1141.2555078774724
2014-09-07,1.2069907009223515,2.3964462671180033,16.3796824559061,1138.5058990909483
2014-09-08,1.0720165577499263,0.12196893147941074,14.673568160514229,1656.3654740775391
2014-09-09,1.011588091560612,0.1297192871961288,15.355410795839592,2603.9277055650814
2014-09-10,0.8822075588476126,0.0,14.958999320384251,3861.552915505082
2014-09-11,0.8416993061589942,0.0,15.577187160528418,3958.4052170927657
2014-09-12,0.837103860838453,0.0,16.290513895633477,3588.81942629996
2014-09-13,0.8042533398577209,0.0,15.65115868650312,3172.576399165245
2014-09-14,0.8072883786988873,0.0,15.826805128613255,3005.002798659972
2014-09-15,0.8007350793356621,0.5139823707179889,14.727610078631976,2283.4545213613305
2014-09-16,1.2452889849202728,11.55648191605642,15.06103566483847,2963.0814989620453
2014-09-17,5.223014171051026,50.76945187828266,12.19303438758066,774.7285950537379
2014-09-18,5.161519644788575,27.03124390830522,11.132600097186586,827.3249945499339
2014-09-19,4.490996967462597,6.320471129754453,10.947017538772078,904.4547730971468
2014-09-20,2.7309776247484563,0.0,11.799070716862023,2514.4504928760857
2014-09-21,2.1319891500107926,0.3105548613211966,13.748197418434183,2756.2536781112244
2014-09-22,1.899603719848822,0.07889690156422415,17.19636861189819,3525.517172067028
2014-09-23,3.33867511509431,12.56375039108574,11.746862248410705,1508.4247308972542
2014-09-24,2.183442882616643,0.0,8.958513192193715,3318.229206890725
2014-09-25,1.6531227562254518,0.043517924293708765,10.229156084436493,3328.55791954124
2014-09-26,1.3187079589404949,5.425333660015328,11.02337296801815,1856.8088041754395
2014-09-27,5.837392370509064,59.02296547898281,9.838431955363674,1160.1235818164423
2014-09-28,63.20346029554384,39.273651773891885,8.675313331939256,132.8045945758231
2014-09-29,20.69680250535721,0.7461278307284267,8.825118729601947,1557.6656468984795
2014-09-30,9.29649745362152,0.08620136290242003,10.016322859404486,3502.575138014552
2014-10-01,6.804552093244841,0.0,10.343569114108757,3799.463420792631
2014-10-02,4.9306270292615535,0.05843569070556712,10.869906946881178,2887.199443044078
2014-10-03,4.748463977166155,3.340464590331562,8.81683200964514,394.0870295108834
2014-10-04,4.206405307101024,0.1297192871961288,8.96163363537521,874.7840164442158
2014-10-05,3.57390020920426,0.28248034538887706,9.705640511447253,1391.9227174039124
2014-10-06,3.449089324074074,0.09434030992561342,10.64192697736526,2025.3037886979216
2014-10-07,3.39227918739842,0.0,14.182581069665012,2941.1793129201674
2014-10-08,3.143379425278159,0.34707716801217603,11.990257015749426,2155.5286384213696
2014-10-09,2.94595818927445,1.626112821284976,10.848777111530492,282.25702984698535
2014-10-10,2.9264512204334285,0.22103622632133174,10.882337745015846,1135.282018967656
2014-10-11,2.812085745105723,1.3072670968059867,10.82225344344266,1007.4302757565684
2014-10-12,2.617851110484703,0.39133982250082056,9.584315354072901,1223.8568638067452
2014-10-13,2.6005939061578567,0.0,9.97975062087619,1831.8595530100556
2014-10-14,2.52893563023018,0.058871577165036354,10.50272824571913,1595.185805684722
2014-10-15,2.378614988891178,0.25503129657919676,13.04500136265548,2755.4962249755117
2014-10-16,2.36406989137962,0.16773105427697987,15.995444670898049,2559.25229352947
2014-10-17,2.3148635224409726,0.12678567188578005,14.978270649127097,2595.984189787496
2014-10-18,4.810955461609453,31.310378098159877,8.583583429143397,594.4087651619362
2014-10-19,4.084894572340509,0.09350582424061592,4.012795724522242,1198.4805075364684
2014-10-20,3.3099445243013226,0.043517924293708765,7.759870175804628,2644.7588778884506
2014-10-21,2.7315791173083768,0.0,12.800731067519202,3095.737475823252
2014-10-22,2.603421779352709,0.0,14.100485398211728,3253.695988836821
2014-10-23,2.635274870960263,4.890501346070341,14.627108675339528,2833.7278469083644
2014-10-24,2.644164625526792,6.238474480418699,11.820785307580074,1644.3288932495125
2014-10-25,2.844120669846137,1.9870090517645866,9.561012277883222,1074.1782512645548
2014-10-26,3.18144596873324,11.807478873490789,9.142724063980213,1127.6625179307057
2014-10-27,9.888088225220308,38.752055515651946,7.063935951789421,254.96702320455935
2014-10-28,8.289697224090501,5.480444977858175,7.0274183702202055,1170.176832844307
2014-10-29,7.053892091681433,16.794390316858895,8.701068796782204,935.6170600249642
2014-10-30,22.65747092533347,45.1285398190809,6.119166731091436,306.2268713377398
2014-10-31,53.29743534826128,36.131844509180105,4.75586453473688,271.807653089394
2014-11-01,33.586898865257965,2.778812914832052,2.8695219791389723,116.85005200636763
2014-11-02,19.12981417521849,0.39999868326943194,2.4726856531554855,1058.2128566671392
2014-11-03,13.400611506864502,0.05082238563190465,1.8374881295051275,2145.327755177195
2014-11-04,9.849575837301964,0.0,7.131445977475884,1706.8368578546742
2014-11-05,7.662333901392123,0.0,9.220907669038596,2083.7169617931127
2014-11-06,7.2060312903545265,0.0,10.719916178679968,2157.8231316878
2014-11-07,6.550788257938144,0.0,12.87217154540469,2527.068177019961
2014-11-08,6.343195585644448,0.0,13.162362727441561,3403.383311498938
2014-11-09,5.508830093906358,0.0,12.156684685533426,2620.9895907393816
2014-11-10,5.38537739758161,0.0,10.437530707831876,2039.9041025128129
2014-11-11,5.126956912934317,0.0,8.550790240319245,1304.9573982095137
2014-11-12,4.843121207975607,0.0,10.23207442502696,1301.236499694035
2014-11-13,4.652187144126086,0.0,11.48106975435337,863.9684910779137
2014-11-14,4.2476294259259255,0.038011767080851064,9.742806413658633,630.5261148326791
2014-11-15,4.028173639819149,8.366099023216757,7.792061011960909,627.1814585110515
2014-11-16,3.905151394984861,0.42378518446098723,6.419004513332734,618.7843479972242
2014-11-17,3.5296033954005783,1.7308877127252826,9.612262838362309,1363.993943833449
2014-11-18,3.300401450320231,0.18083557412506776,11.555958884626378,1208.0284270724137
2014-11-19,3.6442372377901617,10.906808269544864,12.09088522524548,2583.8324796156608
2014-11-20,6.25672017390155,20.350691548433264,4.804536111243072,1137.4502264954772
2014-11-21,6.5309999642750025,13.667107261130006,1.8065023848390571,714.1287273449782
2014-11-22,14.562247778768098,19.89708108487267,0.8850476129906671,280.60868935483114
2014-11-23,17.076863029260974,8.379842379332423,0.465052278628886,191.17246613651687
2014-11-24,12.801937622855643,4.1630147572730785,1.1237303397865903,1255.2164033159431
2014-11-25,20.05390865024108,33.11300828979206,0.4463672467075566,385.4201239088141
2014-11-26,45.84174491568817,30.755426940639406,-0.9983795384410319,189.96992548280036
2014-11-27,24.73988742405937,0.39088899360291907,-0.5347582621316836,615.7294885405348
2014-11-28,16.36554255784296,0.0,3.612543140265026,1077.6266244363276
2014-11-29,14.093643997917344,1.0845384970311676,7.067631116066116,816.3785614749743
2014-11-30,29.187523246740724,19.66202839300728,2.797045733282415,220.5604205714176
2014-12-01,21.98749577744332,2.7987658170704193,2.5454992116044015,106.20487388859506
2014-12-02,20.269589784616432,1.9148060868543517,9.543442779234,733.5306569810251
2014-12-03,18.39936635213588,1.1394762086603007,11.333703270184031,2124.13814354
2014-12-04,16.926651889523686,2.993349694662442,9.4353471297311,721.5070754693054
2014-12-05,14.292682593443102,1.360113799011613,8.171866006480515,405.0866644675352
2014-12-06,12.427388742610509,0.2981950716680445,9.667848099782097,585.8030947650012
2014-12-07,11.204333343721556,0.3312048341387874,8.827988028188628,994.0522192777488
2014-12-08,9.94920667004406,0.35673631575083287,9.364697766040404,1443.1962332923451
2014-12-09,9.262176870219566,0.1958738363525796,8.044596810075898,1363.8105641561078
2014-12-10,8.343651318078324,1.3678158022873534,4.400781692445794,78.29391651413013
2014-12-11,7.673166150621531,1.316406708093855,8.41046107397006,728.9877838232815
2014-12-12,18.43843567649425,37.75921729656341,4.247394323739307,73.52778932851193
2014-12-13,20.67206543422872,1.4453836192413654,2.308675065292731,276.0935987767436
2014-12-14,14.368656446033862,0.0686588249156795,4.003284446077021,1296.5262890955007
2014-12-15,11.792744558921797,0.0,3.8748830214431607,672.5066616124358
2014-12-16,9.86016837384158,0.0,4.496667716708612,2229.8065773358526
2014-12-17,9.324890436479391,0.12028618865034671,6.648479310823001,1921.2443434679649
2014-12-18,9.133272203404593,1.9998116520801867,5.0980115819393435,1050.303448446485
2014-12-19,8.106232373245627,0.14755572647990364,3.516490918081689,815.1727617118222
2014-12-20,7.262082287788292,0.0,5.302258172520929,1347.7259448710147
2014-12-21,9.375889191961138,16.586003532523232,1.5534413627638117,998.572848310007
2014-12-22,9.242585693130826,2.872170307861352,-0.9100112202188585,1117.1864344143432
2014-12-23,8.349559459297518,0.043517924293708765,5.012211215369874,1740.1077566113588
2014-12-24,7.4397541741043645,0.0,8.747732928451589,1974.116572629624
2014-12-25,7.139152948305223,0.0,8.671648250609083,1830.909707061296
2014-12-26,7.45869599628743,1.2156861780051051,6.41770476927316,1489.8558720772137
2014-12-27,9.934722735988712,6.066955526330418,0.6119746220326173,568.6098701678459
2014-12-28,8.750278608759464,0.9586256553523095,3.4173141955250768,625.3881182861967
2014-12-29,11.535309679808218,20.465067475320193,0.18794317532641608,1367.506334526965
2014-12-30,11.82247600277544,15.994769411528688,-4.291470847772526,3.230090034102701
2014-12-31,11.636263117338954,5.10766161074362,-3.0869244979816557,10.0
2015-01-01,13.0182651970395,11.103566559821203,-3.345210661991927,8.0
2015-01-02,10.641146222662442,1.7206233270969251,-4.374640918010357,4.0
2015-01-03,9.761163037840776,1.510494148144949,-2.2245586927363608,15.0
2015-01-04,13.036234728867075,28.713944487928934,-0.7846352318802231,1084.815415268043
2015-01-05,13.6961081161147,16.21264704780096,-4.176985609240429,286.5733165133708
2015-01-06,11.971748264961326,12.456019995262576,-5.132835051372071,39.221421650238014
2015-01-07,9.27922655031135,3.7636271799152654,-9.674734967037189,69.16494816605282
2015-01-08,8.227526967481156,3.997072029398761,-8.423007051869531,647.5022546391555
2015-01-09,7.829590206428065,0.08326774759207128,-5.459686460690595,895.3756079318955
2015-01-10,8.326448571824844,8.733051465913451,-0.3998390534721669,482.1529718451313
2015-01-11,12.969914064093006,2.3471844854092057,5.8173604058364345,2176.9105641406686
2015-01-12,26.905319701804466,30.414895823881892,-2.083759036828976,123.973451225321
2015-01-13,14.336793850547911,1.6375886637661956,-0.8320067213694469,678.1345075481055
2015-01-14,11.839793525977928,1.8247294495353572,2.9485226785529024,1255.7164378165803
2015-01-15,11.279733464854818,0.0,1.3113536168606656,579.0102331465008
2015-01-16,10.619573529366896,0.0,-1.3710394370004741,414.918663973148
2015-01-17,10.51744482559513,0.0,2.621875343959428,1109.0
2015-01-18,10.65232184164921,0.0,3.4641818960324824,1381.0
2015-01-19,12.522790901049548,0.0,5.826829907114109,2002.0764462090613
2015-01-20,16.904207334482617,0.0,6.213991559191905,1915.154641498618
2015-01-21,18.625049055232225,0.0,6.48014771187693,1839.147805021117
2015-01-22,19.829002492198946,0.0,7.059056137120491,2569.007812943635
2015-01-23,26.16645910666792,0.0,7.931208511214336,3373.154226006095
2015-01-24,26.48979859538608,0.0,5.328295307576427,2514.7406256242266
2015-01-25,23.56985342327652,0.0,5.399997920559074,2397.9038477241406
2015-01-26,20.145508759252664,0.07889690156422415,3.763549841322943,1772.1525279502648
2015-01-27,21.502187444045894,6.789390630757534,4.497738389040517,957.3579875301036
2015-01-28,25.271779121543734,2.783376779695842,0.13722316010329144,463.00538108654496
2015-01-29,20.901221831565152,0.8070463078464412,3.686740583808768,1486.3666590851512
2015-01-30,22.30269872959612,0.0,6.023217914453117,2731.3146797775235
2015-01-31,38.11461137996824,0.0,8.961177367331425,2965.871041370997
2015-02-01,53.70323860706733,0.0,11.680834157547869,3000.0
2015-02-02,53.23078782128029,17.881611670584782,3.6287953435373197,666.6160608017077
2015-02-03,36.77070359312095,8.149495499762164,1.5581426634957898,1653.9490264496324
2015-02-04,26.92021259098313,2.217991468140531,5.510851048690574,2548.7875085122078
2015-02-05,22.08865257795524,1.1314660316364278,9.101786345424811,3181.320759348303
2015-02-06,22.41365081068629,0.0,8.892644977796127,3553.7225846106494
2015-02-07,20.365038711292044,2.043853507425972,-0.6375646794788621,633.6663722469762
2015-02-08,18.631337695692693,5.407052268754667,-0.41194784456048067,1546.6500735293116
2015-02-09,16.35447735494699,7.841966513211521,-3.736965969219354,470.9739157694342
2015-02-10,15.530499936259288,14.288570586628158,-5.019620982809371,29.02655817912589
2015-02-11,14.65937358992471,11.322880833591036,-4.115239514750673,87.9420721996867
2015-02-12,14.953831630362052,17.43365956566472,-2.3258990522315584,255.35029919689825
2015-02-13,13.879555287104129,3.604137764785968,-1.5440041420495243,592.8858357567434
2015-02-14,13.771765605979,1.3269105284378873,-0.9755498208135573,393.3326951588754
2015-02-15,14.229232141107673,6.40380069645432,-0.44823157888441284,636.7279965991636
2015-02-16,21.12196606805594,19.635567923841855,-3.264680743091125,217.9464015163192
2015-02-17,13.096141318172991,4.415028890516999,-7.347593665466553,767.2023836538697
2015-02-18,10.872370894937262,9.214690591535517,-6.941209638112785,656.5784046135791
2015-02-19,8.756879105140396,0.7202809217280745,-5.492211206371605,207.0526973038292
2015-02-20,9.27390631365626,2.2784875299104037,-3.189203795048022,191.73768759705047
2015-02-21,8.96319766944792,11.898393844910997,-1.4385441577392417,2135.606908107088
2015-02-22,9.363543125,0.0686588249156795,3.4176324924165655,3181.2431010571795
2015-02-23,16.00722658760166,3.181935483442362,3.602360792948405,1788.6334730281574
2015-02-24,31.82011233483408,0.0,5.196288109728919,2195.1642366596943
2015-02-25,35.7431997803902,0.0,6.048479685723073,2546.0430558898383
2015-02-26,29.589155774794232,0.015353652871327589,7.025800488846279,2755.967974713852
2015-02-27,31.692735963111968,0.17578024581011156,7.51143242883802,2280.5212172332845
2015-02-28,33.64026063881508,0.0,3.8290488955109048,1583.8793236491038
2015-03-01,26.86760694278596,0.0,0.9294437567762321,682.582286059138
2015-03-02,23.47685017296868,0.0,4.544599361259616,1523.792459196551
2015-03-03,25.59281751550918,3.6040529098966863,2.482866423137252,1021.315857888996
2015-03-04,23.0944973318654,0.015353652871327589,-0.32539036284252143,2683.1629764045906
2015-03-05,18.834236043573032,0.0686588249156795,5.910898176350454,3112.362010933918
2015-03-06,19.31642023164952,0.0,8.015312385443082,2732.885688865054
2015-03-07,20.853125677189777,0.0,0.7146665579736996,200.34269416325907
2015-03-08,20.92459759132874,0.0,0.08313824541334319,248.2827482615576
2015-03-09,20.33986381257417,0.0,1.0173615001487293,496.6591460474194
2015-03-10,20.95966168849625,0.0,1.3425861164562052,739.3991102126561
2015-03-11,19.527816756301423,0.0,0.9116608394549013,615.267325986096
2015-03-12,16.455188077776487,0.0,-0.09102198887291015,562.335859368193
2015-03-13,14.694702220971038,0.16593275015164166,2.6678396795340675,1896.229145890459
2015-03-14,15.32703172146939,4.047280738494548,4.420911945982395,1297.4908073272782
2015-03-15,17.201618967197145,6.2835223883151485,1.20403746719928,681.0700148096441
2015-03-16,17.920470444842778,2.844413472604189,-0.5896907001254772,340.1837440442715
2015-03-17,15.954142545129049,1.8974842745214884,-3.180689725448745,1690.81011795171
2015-03-18,14.356950081924806,0.08401247778700709,-3.868653386582408,2279.878775276776
2015-03-19,13.080454819444448,0.0,-2.74127201320177,2729.874293013047
2015-03-20,12.12616898905038,5.731530263600792,-2.4082078960444284,751.4858669490302
2015-03-21,16.757048357867646,27.603088335405573,-1.1442758740781709,234.78922640197
2015-03-22,16.171471523998584,0.9714616254680576,5.4932680193015315,3944.658810093548
2015-03-23,14.745884425528212,4.869521003426011,2.3507082404706163,776.4343026762134
2015-03-24,15.80504616911058,0.137317649831359,1.9943532369785877,1288.7449848237732
2015-03-25,15.988801263151808,0.0,9.245741236960926,4071.8796750828633
2015-03-26,22.163762875310425,1.5544360510742745,11.764298333716976,3882.526177985589
2015-03-27,33.78567162273899,1.5254911610477415,11.030290036464732,3640.032425841743
2015-03-28,31.202874716526843,4.272937187999097,7.783870632738897,1892.9690646828608
2015-03-29,30.577863866605405,4.397265010998004,6.503881046382142,1097.3469372739364
2015-03-30,27.537263950815,0.2678714227124853,7.974248070849846,1471.845147464115
2015-03-31,23.918888913372605,0.26492324225833386,6.4521555221245,1762.1460425325945
2015-04-01,24.030297835366788,13.559870117302443,8.401104454883416,4913.301376038849
2015-04-02,24.43424705985549,1.7670190611315577,0.9786573764645837,1939.707167723829
2015-04-03,19.314133224401232,3.5784272393552743,1.2987943347864792,4760.537722431437
2015-04-04,16.8303712726798,0.36595223878792094,1.332896670749076,2614.3221718063573
2015-04-05,14.632764662199731,0.0,5.539426488819457,2364.7001603703216
2015-04-06,22.80984730750883,15.192379640079086,7.9850186541102115,4127.352870501448
2015-04-07,30.16526711532456,3.353831930600954,-0.2969923886580335,640.1089798593515
2015-04-08,22.4488710846248,3.2819950973153382,-1.4013832605681644,702.4247708756399
2015-04-09,39.32499194872194,30.425124476082754,-1.9270289194490389,304.1678100328349
2015-04-10,28.64155697426081,7.9647737743799105,-1.0565787579195176,2306.8209390473867
2015-04-11,22.385541462660772,0.0,4.050127359348107,4295.814234552628
2015-04-12,22.104787239691287,0.0,6.763144396405394,4671.533766725046
2015-04-13,24.74640497300731,0.0,10.328181830288003,4858.406030487847
2015-04-14,28.501863949343285,0.7435019651210697,7.906384585866267,4032.164201656341
2015-04-15,28.351278464441847,0.07889690156422415,6.979766494885231,3824.025379520133
2015-04-16,26.55390015168133,0.0,11.606547561197944,5110.967260141084
2015-04-17,27.421087983504577,0.0,14.266012561922942,6115.665786465675
2015-04-18,27.35981694934313,0.0,14.141558990896902,6333.639438635033
2015-04-19,22.540101492654284,1.7405219503088518,1.705260507580431,409.56680906668873
2015-04-20,19.40077982912764,0.043517924293708765,3.9043265318610123,4219.564010265338
2015-04-21,19.602559296231117,12.160102097505805,-0.2541223483627579,887.8878014244908
2015-04-22,17.327523534352533,7.9021547133059915,-0.5846383917819854,1769.5629289946896
2015-04-23,15.468228798465727,2.4549497740495214,0.4944596779319341,2748.048694328744
2015-04-24,14.650272828892833,0.07889690156422415,8.483516464213581,5177.666542303727
2015-04-25,15.639308823076563,0.058126846970100544,10.14920914234968,1276.081613654356
2015-04-26,15.76164031520246,0.20131172742215706,8.837465888305578,2059.2033775867176
2015-04-27,15.699269434475788,0.058871577165036354,13.35904435027801,6009.361994357644
2015-04-28,16.50525398009006,0.0,16.227726523882097,5072.938366752036
2015-04-29,16.729170346806427,1.2058839510715385,11.851689930824097,4881.1906385438415
2015-04-30,15.735017970710697,0.07889690156422415,8.491318481662077,2950.417042551545
2015-05-01,14.631350137015549,0.02265811420952348,9.457548756751507,2363.901286466276
2015-05-02,14.74726746133978,1.3215199575408065,13.503261387955387,4941.001748846522
2015-05-03,14.501008554134737,1.5761541262215792,9.024195205280336,1729.0843044888072
2015-05-04,13.19183777842746,0.0,12.351373697011125,5710.775430999785
2015-05-05,12.11937192707546,0.0,14.81934996483603,6308.340023524599
2015-05-06,11.92574422520015,0.0,15.70907554882787,6428.589370648277
2015-05-07,12.591319286966597,10.097639623916342,16.006344172572256,6249.138497220569
2015-05-08,15.269152128144045,7.5868146366896525,8.833797411214057,1149.9650060529125
2015-05-09,11.700426159828565,0.12241482585793291,8.96063428860209,3657.640305785951
2015-05-10,11.132316016550435,0.0,8.319095220359404,3840.400031910512
2015-05-11,9.94480171737257,0.0,9.201476716324983,5244.630320630761
2015-05-12,8.301074298196855,0.0,9.979181873424714,5531.460590328811
2015-05-13,8.829274635795844,0.0,11.157482154884942,6021.960264681381
2015-05-14,8.138104977405568,0.0,14.352178130741272,5410.792380815404
2015-05-15,7.754498772147657,0.0,17.48744989853694,7428.079400656354
2015-05-16,7.72767369009404,0.0,18.823263325901948,7144.524330777233
2015-05-17,7.607887226047735,0.0,17.18477332574444,6839.684425396884
2015-05-18,7.029093237615817,0.0,17.732819009523297,6901.524175766988
2015-05-19,6.623316918208101,0.0,19.810577867690245,7119.383170697782
2015-05-20,6.558827213360967,0.00730446133819589,15.242401552500944,3085.415258460698
2015-05-21,6.3474277440171,0.0,12.238071401691505,4558.836047648833
2015-05-22,6.2582439718706615,0.05082238563190465,14.276898395929464,6293.95922511604
2015-05-23,6.143086838416641,0.0,19.14030156078035,7323.33704742669
2015-05-24,6.0584678871708535,0.23097347746986335,18.58518067079647,7446.078178805987
2015-05-25,5.849163767317862,0.06617603850323224,16.491320785879026,7766.98397964277
2015-05-26,5.807056738113369,0.22435349841877653,16.509705710702413,8251.094016184155
2015-05-27,7.083249800550754,26.49819546196867,11.177651943374757,1643.7888855830145
2015-05-28,6.995268524625327,8.791271738324562,8.750722899951821,803.3427398700243
2015-05-29,6.217747971750433,0.0,8.397574561467064,4160.717634322403
2015-05-30,5.494244501473433,0.00730446133819589,10.177632736391402,2332.3154686496223
2015-05-31,5.333893049849592,0.08620136290242003,11.809860290166103,5930.102424140841
2015-06-01,4.947959045311607,0.043517924293708765,12.178219313504762,7835.455854402981
2015-06-02,4.997119083662344,1.200371725104429,12.91229335678003,4395.271556994779
2015-06-03,7.47959586002596,23.127970333217327,11.323987254242674,962.4116223773398
2015-06-04,5.2557324373745375,0.08401247778700709,13.45891961531767,6454.307153161317
2015-06-05,11.565821642929478,38.65274989639345,12.371552536500106,1224.113330424913
2015-06-06,20.506574118538182,15.449176178501263,12.781093588152123,2809.341044801039
2015-06-07,13.571541586057943,5.541368404421007,12.418346408614719,1752.3498019606573
2015-06-08,10.733388845915549,1.5326968912453038,12.52713757815576,2387.1936806948333
2015-06-09,9.314958592644636,0.7556211771820356,13.349264713308251,3546.024187125496
2015-06-10,8.98006617660289,5.2763984752330195,13.560168199522717,5389.71340285057
2015-06-11,8.528584346000116,0.18083557412506776,13.811834815835937,4456.243400744143
2015-06-12,7.780065820666551,6.832814568947736,14.084554307742964,3911.323058443772
2015-06-13,6.738538380207298,0.043517924293708765,15.168160726405056,7148.751584281921
2015-06-14,6.528224011318167,0.0,16.96920019101241,8590.57748959644
2015-06-15,5.922516752319997,0.0,20.053252228099865,8978.177719663894
2015-06-16,6.025069262403012,4.066238164496804,18.62753545851146,7266.467178887991
2015-06-17,6.072716969025803,0.0,15.648987528455127,5484.651144216149
2015-06-18,6.473217421348964,5.277556678975243,14.962500749837801,5084.474079690486
2015-06-19,17.442878430801308,61.792800580958954,12.87856678246053,4029.61727288298
2015-06-20,11.628195654880766,0.01460892267639178,13.373361525796803,5950.542077959293
2015-06-21,8.55040650757919,0.09425055443555173,15.06799156292081,8485.202239880353
2015-06-22,7.869472403357634,15.086145170784679,13.152316469746179,1973.1647097658035
2015-06-23,7.788023212634422,2.2364504676506245,12.671575503604165,2884.8642807716024
2015-06-24,5.916100078882588,0.4952965033107843,14.259426306249251,4818.924774507915
2015-06-25,6.1959547117995735,0.09434030992561342,14.78673816617481,7779.858641963357
2015-06-26,5.972311418462235,0.0,13.786985970856108,7430.478832937882
2015-06-27,6.578142514313582,21.37272777287871,13.576574175671086,4707.8512158634185
2015-06-28,8.562191382575707,4.954646310985164,13.402133412176552,3508.560518739613
2015-06-29,7.751021511777667,9.317138979333553,14.628548570281984,6471.696934803916
2015-06-30,6.378754394101603,0.043517924293708765,14.678450509673414,4780.951793570763
2015-07-01,5.285381122346305,0.0,15.064378865733616,4064.632898571263
2015-07-02,5.09165201291624,0.0,14.831876735021714,2348.78455383056
2015-07-03,4.782153259029741,0.18261153345489722,14.098496830062942,1917.8112589635691
2015-07-04,4.651465623067273,0.0,14.763283338482687,3742.378415296445
2015-07-05,4.5943413637982085,0.0,14.74418700695609,2400.856292284348
2015-07-06,4.475383513888889,0.0,15.558985142031172,3156.260308853428
2015-07-07,4.009078591838222,0.0,16.7636648159395,3409.013811071261
2015-07-08,3.623298979859989,0.0,19.905676009018215,4466.362905073351
2015-07-09,3.620792075987128,0.0,21.088241071495588,4473.963045241048
2015-07-10,3.6210919511467767,0.09495799739654656,18.29833878415625,2986.022632683605
2015-07-11,3.725504418251795,7.354593583286458,14.749298566107184,747.511629585222
2015-07-12,3.656537096722289,0.0,14.654034168686723,4291.283150733093
2015-07-13,3.4042473701521048,0.0,15.672686445814694,4064.614295551758
2015-07-14,2.970298039651813,0.0,16.54355468718095,4302.29857850061
2015-07-15,2.945668511252572,0.0,15.672677307572698,3830.211520150126
2015-07-16,2.8725547456646447,0.0,16.696905868415392,4291.275332689069
2015-07-17,2.844231594639563,0.0,15.971159634410846,3648.255963602153
2015-07-18,2.775035692233229,0.0,16.9227887421551,4179.133013549098
2015-07-19,2.7148378270969653,0.0,17.087084163592813,4748.194847930811
2015-07-20,2.70681409922815,0.0,17.346965010522418,4900.849022533168
2015-07-21,2.6829404107683383,0.0,17.16274166875601,4137.199336121722
2015-07-22,2.645962057370738,0.0,17.640271879875897,3809.366080566113
2015-07-23,2.5892820468291644,0.0,18.60525921829506,4329.550521588162
2015-07-24,2.3794642320224124,0.0,19.2006329960981,3470.3545411788587
2015-07-25,2.140156269271445,0.0,19.02960587408203,3082.56117838877
2015-07-26,2.113552890360832,0.0,22.33569354018274,5348.683341312014
2015-07-27,2.029859813620047,0.0,22.896249757271473,5453.7215982298485
2015-07-28,2.012951450912243,0.0,23.445876189202277,5792.222436913567
2015-07-29,1.9743151141609472,0.0,24.4572228062871,5589.1073353151
2015-07-30,1.9749137311305376,0.0,24.648033075915013,5295.504369045186
2015-07-31,1.959597891949636,0.0,19.360270437498627,4003.3802986726287
2015-08-01,1.959797012291884,0.0,19.004726229668158,3915.044214533815
2015-08-02,1.9579848471197436,0.0,18.61248318482032,2620.6077969465223
2015-08-03,1.9657788862567227,0.0,18.032248917228646,2760.0957757620317
2015-08-04,1.956629491061514,0.0,20.134431259499394,3955.026939079496
2015-08-05,2.108382528251827,0.00730446133819589,19.548048407767524,2741.7491384686077
2015-08-06,2.145538618859513,0.0,20.00156796898166,3755.790693372435
2015-08-07,2.138379640863464,0.0,18.709045330285164,3125.103550522286
2015-08-08,2.117610392616169,0.0,18.508520062421812,2850.9582858541858
2015-08-09,2.101681505279867,0.0,19.114681910284112,3555.236003983989
2015-08-10,2.087779811923061,0.043517924293708765,18.97870130298425,2655.248507087028
2015-08-11,2.1207802174634343,0.10493253577901912,19.384810046295307,1485.102758018535
2015-08-12,2.1121523055433733,0.0,21.25269117348596,4349.938144074241
2015-08-13,2.0363117329444504,0.0,20.672210048435407,4235.517810291752
2015-08-14,1.664327403053801,0.0,21.05110354884418,4117.635152246425
2015-08-15,1.591534971395569,0.061414611485310355,19.970872862006253,2814.522000896692
2015-08-16,1.4823613263907842,0.21495114019858624,20.72478156049528,3448.929921149086
2015-08-17,1.368730466309041,0.0,22.125477566739185,3976.643511900247
2015-08-18,1.3172410002890933,0.0,20.031594646470086,3703.4014634416026
2015-08-19,1.2915929102789057,0.0,18.734269537815003,2458.215774436503
2015-08-20,1.3042363775261092,0.11217674920938826,19.38048699791144,2637.52032986742
2015-08-21,1.5800120487608875,5.179283897008496,18.6086016688035,3322.312163171011
2015-08-22,2.370658820581358,15.475719818283036,16.14921286780797,336.9636407238173
2015-08-23,2.916820186156305,18.659770161013846,14.912120371766001,527.2846673379547
2015-08-24,2.5379006192436417,0.31494064978747593,15.428465056186985,1863.9665111270851
2015-08-25,2.04485809011167,0.12241482585793291,15.48416635285884,3048.586011333389
2015-08-26,1.672364392560734,0.0,15.539867649530692,3888.3744967537136
2015-08-27,1.3034134819098742,0.0,15.605231390083885,5855.05923709563
2015-08-28,1.2525620941937718,0.0,16.28227058382035,5877.804312758245
2015-08-29,1.235869232581906,0.0,17.4506137287648,6080.457414506905
2015-08-30,1.2131634912887697,0.0,17.42661178094629,5773.029931524095
2015-08-31,1.2369197459275811,0.0,17.765715300981725,5633.850373882387
2015-09-01,1.256279909903374,0.0,22.75650936266702,6345.827582668446
2015-09-02,1.255526010425001,0.0,23.578337023665313,7012.502707636478
2015-09-03,1.2397167531505389,0.0,22.227967559959083,6628.569119049653
2015-09-04,1.239066337897533,0.0,20.426227088269496,5688.826761761302
2015-09-05,1.2325649052348362,0.0,22.526383830649614,6824.165437033035
2015-09-06,1.2492843203097368,0.0,23.64266367110818,6927.319148222788
2015-09-07,1.4926060856320138,1.4273215448038368,16.31479439559812,2695.602699318376
2015-09-08,1.861691497604355,0.7402072764028813,14.257396272482016,2757.071642013002
2015-09-09,1.83483393889268,0.0,15.198189910876536,5285.284522857344
2015-09-10,1.8132786853287013,0.0,19.63412002306992,5353.008484375583
2015-09-11,1.5722418610862716,0.0,20.460494434278697,5346.11574654746
2015-09-12,2.4112297868206896,31.864776785339835,15.643116924074732,1797.0290865018646
2015-09-13,4.523304939733024,36.98858699159947,14.708049110014233,1552.076063325513
2015-09-14,2.078878213452509,1.0527399528295391,14.943548362735864,2239.1784252367247
2015-09-15,1.7806787031650355,0.23902266900299507,14.390899309949372,1099.3832647896118
2015-09-16,1.6773957363967538,0.0,15.36030485460856,2175.4343215711524
2015-09-17,1.596675335731055,0.02265811420952348,15.809294658857874,3955.1489834918616
2015-09-18,1.5879078484069693,0.0,15.473416852618723,4835.961147220933
2015-09-19,1.568587605145686,0.0,15.067809099385718,3668.1681455806574
2015-09-20,1.5566156060480756,0.043517924293708765,16.279496563217258,3796.203364467967
2015-09-21,1.5420254603460075,0.07889690156422415,15.683583110343946,4181.564036054985
2015-09-22,1.6004982915601156,1.772487692526727,15.933597878532662,3087.0233525587305
2015-09-23,2.16808580092735,4.75156037088852,16.20047414977308,1614.0922707629195
2015-09-24,1.6509360866038227,0.10155501577374762,16.98786621688658,2886.823213209252
2015-09-25,1.4816655614307035,0.0,17.444084550289357,4683.485220490141
2015-09-26,1.416671572117136,0.0,17.792593546584023,4440.72854804066
2015-09-27,1.4093563936464617,0.00730446133819589,16.869222506399126,2608.363719530178
2015-09-28,2.4128137697266894,19.86469844666765,15.184709975322843,1500.8129338861693
2015-09-29,34.86086158737432,105.71708191273653,13.812768129456712,2539.120164811647
2015-09-30,92.6550421879138,88.04201040794152,9.601483148711525,134.6484485679928
2015-10-01,40.08675105692293,21.992048586116113,10.09014245370513,467.08812407845306
2015-10-02,23.867879728425624,2.841181275074657,9.701207083261316,757.7413320657413
2015-10-03,14.235175647281796,0.015353652871327589,12.209937507197468,4315.658602281449
2015-10-04,9.42333031084047,0.058871577165036354,12.876420365947968,4626.257511429631
2015-10-05,7.950944241343037,0.0,13.094081845364645,4388.534055177025
2015-10-06,9.29234210313521,17.56433183021729,10.891115490766571,1488.5620016511104
2015-10-07,19.669467622270627,28.661615144668033,10.172403206619993,826.5692223881188
2015-10-08,13.391952781075643,6.009261816539466,10.29443944277327,2776.8454716018755
2015-10-09,10.360087536225851,0.058871577165036354,9.011661229040278,2755.5540072048307
2015-10-10,8.723344379226363,0.0,13.296885755386297,3998.945982284462
2015-10-11,8.542037047273913,8.419617022287012,15.311576178922493,1718.1087868081736
2015-10-12,9.39598086222526,12.012852853768297,14.70047832273023,3304.210687550468
2015-10-13,8.870183452828593,9.000682357350533,8.820917590816512,306.5399697495949
2015-10-14,8.059600689462698,1.3704347069472407,8.579344834314785,1345.9700561494617
2015-10-15,7.598644895620692,1.1420591229445807,9.188738713362051,1557.375904738302
2015-10-16,6.8611001706527865,0.015353652871327589,10.656642052422324,2536.892682783826
2015-10-17,6.288133816795615,0.043517924293708765,12.249102507432966,1378.0338870642192
2015-10-18,6.0309385229427726,0.00730446133819589,9.94579966009346,1006.038795658754
2015-10-19,5.079801282407408,0.0,11.87812046816833,2172.4659537967545
2015-10-20,5.2223843444399485,0.0,15.062819915379436,3246.58621464187
2015-10-21,5.266558533525816,7.905628674420555,11.036647959692589,1535.313575866858
2015-10-22,6.50142411611901,19.773843553278226,11.979609855418428,731.6148536289461
2015-10-23,11.084175855372058,26.674477534117393,10.690528547851732,726.9173683230181
2015-10-24,21.10424777992796,14.340647338277215,5.618231299507506,310.0075588269765
2015-10-25,13.545950993389926,0.0,5.804755275381934,2356.8960479528528
2015-10-26,10.317653704016124,0.0,6.481340405766493,2622.430992869317
2015-10-27,8.233215010423748,5.003939556995524,5.77949981116527,1595.8005297478771
2015-10-28,6.837647369705895,0.0,5.041219388594657,2333.5300959338847
2015-10-29,6.4079413034586095,0.0,6.115154050312285,2814.526286939511
2015-10-30,5.825567607170047,1.3425839134319644,6.45119310821275,1741.845968765385
2015-10-31,5.365839485877393,2.433034430547712,5.060125291289701,433.6386070473519
2015-11-01,5.202548273073814,0.043517924293708765,4.073349907819548,61.34366735808632
2015-11-02,4.730582748177891,0.0,4.936387895828346,2555.6447358923992
2015-11-03,4.643409533332447,0.0,6.913584372171666,2417.9441833252117
2015-11-04,4.426363034074423,0.0,9.182748094471627,2442.071125630335
2015-11-05,4.411609585645195,0.0,7.52796819133027,2230.8519042389994
2015-11-06,4.38772038605712,0.0,6.942293473573827,891.576970645661
2015-11-07,3.981842126891622,0.0,6.251291675664117,483.55904545793226
2015-11-08,4.059027777777778,0.0,6.010522426284002,1641.4999289488123
2015-11-09,3.942438718639996,0.0,7.301581912235743,1414.9968256197933
2015-11-10,3.679062289864252,0.0,8.477318012440598,2399.413467941097
2015-11-11,3.668680777276773,0.0,10.209016870001154,1719.19034400563
2015-11-12,3.5854348153151188,0.0,11.132912884179397,2879.1681824310435
2015-11-13,3.492856796159392,0.0,9.700112090420827,1523.7907501542702
2015-11-14,3.2496346776908163,0.0,10.870960575241861,2414.35840683946
2015-11-15,3.175973892787456,0.0,6.385713797229641,933.2728829774436
2015-11-16,3.1027126599230352,0.4534458404762187,8.112846415053774,1524.751123243641
2015-11-17,3.0562536115866625,0.0,5.702234921475453,2348.687393550007
2015-11-18,3.0272235381127284,0.0,9.13455796422366,2441.388199414139
2015-11-19,3.016781124381745,0.0,9.297134022487363,2264.661951648542
2015-11-20,2.9612702303982426,0.0,12.615310952869276,3603.442534276525
2015-11-21,2.7390384890226884,0.0,12.272649939819612,3710.415983144865
2015-11-22,2.611601553091334,0.0,13.599825640296277,3947.699117339933
2015-11-23,2.5846291074792784,0.0,12.834431231731143,2750.8025921453795
2015-11-24,2.558917894986393,0.0,11.817762496874032,1501.5633645583428
2015-11-25,2.653452388810281,2.0029466450120696,10.863518960094755,2340.4653678874656
2015-11-26,2.739211019052333,3.291671744939512,9.778217747921417,2739.6711909294427
2015-11-27,2.7911403188167947,0.0,10.7959960696807,1710.305197777786
2015-11-28,3.4998705823487013,9.188092999084374,7.142818848327975,665.4302563146178
2015-11-29,3.6641755316308986,5.166177483761368,3.020353118603345,679.3472901586936
2015-11-30,3.267081209662344,0.0,1.7555841794143003,1172.1835875691434
2015-12-01,3.1473705181521643,2.2178275043642737,6.100538846996575,1889.348239947971
2015-12-02,3.1426499145693896,4.711585545679247,-0.5634442044513902,590.6756222498634
2015-12-03,3.092587613000895,0.48771017720426885,0.0378825353296071,1347.5297551270207
2015-12-04,2.809447156369497,0.0,0.2895079513463837,848.7347590627036
2015-12-05,2.4707407863667203,0.0,1.516988002383633,2048.452756400137
2015-12-06,2.4215494684515946,0.0,3.879392250337639,1835.4182064486224
2015-12-07,2.3405744040672736,0.0,6.01060930033128,1729.1808755133095
2015-12-08,2.270179704099249,0.0,3.5378809991103197,1482.2671937595726
2015-12-09,2.220078984127135,0.0,3.1965369210307433,827.8202723826229
2015-12-10,2.275319271372003,0.9605263673748011,2.005650914414687,332.69416766867965
2015-12-11,2.923494712228261,3.2865001041969286,0.7191732823392627,407.4266151077828
2015-12-12,3.270107352656044,0.7040835689374301,0.24976006883681864,138.13699120283383
2015-12-13,2.9199559730627245,0.0,1.32793192017442,1254.525482324606
2015-12-14,2.7601256474367823,0.0,2.6742427043158488,1630.0303538458552
2015-12-15,2.71284908592033,0.0,1.4595890548420822,1380.4720130006965
2015-12-16,2.7325280080453007,0.6781231250688942,0.2550201448336691,399.9817699377838
2015-12-17,2.835035046307583,0.5520672409396176,0.20541780568307527,1250.1099827647238
2015-12-18,2.6235217332505805,0.0,0.49590571452849846,1216.3761514418595
2015-12-19,2.5450473107574734,0.0,1.2491171016811047,1197.7891594660398
2015-12-20,2.407257710284348,0.0,1.9763142295076668,1078.405565287935
2015-12-21,2.3290920830501487,0.0,4.171036264146943,1254.0962398064803
2015-12-22,2.303155364022675,0.0,4.790473540634953,1523.1504195696782
2015-12-23,2.248074148298062,0.0,5.780356058690618,1532.3062507581155
2015-12-24,2.224937556694879,0.0,7.465165863660076,1489.0080079991371
2015-12-25,2.2126496189541407,0.0,3.622425219965929,983.2150384447782
2015-12-26,2.205129303854,0.0,2.929272610997003,837.5717189105895
2015-12-27,2.1966582558115078,0.0,6.812112450662379,1299.627294097035
2015-12-28,2.180824164238047,0.0,7.707897039731188,1623.3026742467694
2015-12-29,3.683398805244252,11.897137580916377,1.0740924716850548,830.7964850550154
2015-12-30,3.707175925925926,6.308065491255909,-6.634429703457807,267.40497506211784
2015-12-31,3.369648782130448,7.78135668436156,-8.053633575988785,133.31901110002178
2016-01-01,3.018935040560644,3.4382904197463575,-8.82120240425974,386.2669818366045
2016-01-02,2.8072907645645997,0.09131693912520297,-7.212654944373234,642.8691234268009
2016-01-03,2.610535328799576,21.709545999631853,-1.1190030114421248,430.0199885341689
2016-01-04,7.080856165688723,10.063990176889455,2.354084814505204,280.8565541737997
2016-01-05,35.548688808851416,18.58146581000384,4.511508831844701,251.39506003305132
2016-01-06,27.581383047581195,0.47301341177452627,10.35231256758297,1986.5135068504685
2016-01-07,28.931461691913103,9.193301550398283,3.7953340836418277,1479.8452768968612
2016-01-08,18.63469424583898,0.8365104589955239,1.0743803837194703,676.4803067949626
2016-01-09,12.597618826953726,0.2935529077224192,4.470625761682228,1683.8303620480708
2016-01-10,11.030153436524053,5.964604102332441,7.205103769958676,1696.9025681972369
2016-01-11,11.282052926805408,7.346494265977706,9.474593475125246,2709.534424310769
2016-01-12,15.05642451919168,34.406977635948415,9.099466952798963,3452.1000310111285
2016-01-13,29.186220047165325,8.780482890367676,2.7963699303565908,950.6985972916136
2016-01-14,20.089006878599463,3.8428163973834826,-0.19189742171082907,545.8655712103363
2016-01-15,14.810195040113506,0.0,2.9685314397139733,1781.005040952271
2016-01-16,10.870941009671323,0.4631433327368002,7.60229529520213,2400.588407200421
2016-01-17,14.882642330808244,24.603964501847933,1.7487376378206427,1784.7866553389429
2016-01-18,12.932563267417091,6.977277411576575,-5.686246965193879,195.18550317583967
2016-01-19,11.664409736923208,1.3770931692311341,-7.791068780093781,273.2325169026411
2016-01-20,10.09715151924175,2.598501637940748,-3.5325803228488515,1051.0974867018888
2016-01-21,8.496512813790904,8.517710120912497,-1.9037621878591477,767.3474085700384
2016-01-22,7.865154172131899,10.220187395803174,-5.798090507865641,143.6887258933491
2016-01-23,7.570078727982972,5.8810402018954235,-7.717937232927966,336.2832461686517
2016-01-24,7.411065499277814,5.033513556250251,-7.473913301904973,229.720867827438
2016-01-25,7.067333523376603,4.257165247951775,-7.57011078441537,233.6868556468355
2016-01-26,6.580255018026441,12.7568559804276,-5.033744965653004,460.8712014632197
2016-01-27,6.174746411317482,0.17826303222255882,-1.1287808739727503,1610.0204677483682
2016-01-28,7.707982125483602,0.0,3.3513581683000675,1790.771611270631
2016-01-29,9.792260883399411,1.9959122688482949,4.878068839525191,1547.4199406511543
2016-01-30,14.15295858338654,0.4479396832633611,2.096961515881521,568.8594053023007
2016-01-31,15.362630351989738,0.22447399423443,5.052770922405378,2279.1577816620115
2016-02-01,18.520017854680464,0.9556299161419142,4.873573846918054,2009.0363796895415
2016-02-02,20.3319355594354,0.0,6.910656425586817,2508.770998122664
2016-02-03,19.706110745085606,0.09425055443555173,10.280627126869163,3921.409639485384
2016-02-04,19.58438796488007,0.0,8.33402998287122,2765.509235931043
2016-02-05,27.462041951069004,30.694030137345717,-0.1856056829321424,311.1116141002479
2016-02-06,22.86718467746132,11.693817199610633,-3.8911839116729507,212.8772459197696
2016-02-07,18.21589754921515,2.195618619020685,-4.27373353599783,1940.8721526199256
2016-02-08,15.754233440992548,0.137317649831359,0.6478513100711335,2191.52155139104
2016-02-09,14.112699825150054,0.0,3.2971770243415097,2511.9516918297954
2016-02-10,14.993548987092948,1.326184741610179,5.748929781054069,3369.957952661736
2016-02-11,33.08606513978519,14.25604286339517,6.0783092025924,1096.677787360096
2016-02-12,38.88006108159928,6.89633695243931,8.133471731148934,2654.834862654262
2016-02-13,39.076144429394034,2.5555276289764626,9.346373349487653,3326.079858016273
2016-02-14,33.814336297146866,0.0686588249156795,11.313528552190018,3850.364722041635
2016-02-15,28.420179690618934,0.0,15.495394953488212,4295.574699813631
2016-02-16,21.1888840888454,0.0,16.018502421037866,3986.235851756799
2016-02-17,17.951693028660507,0.0,13.865537988888125,2275.1950413530844
2016-02-18,16.12326902779413,0.0,14.705606139258542,1282.7199130389615
2016-02-19,14.194269716655873,0.5148002040537024,3.5170361453466272,329.86439023501265
2016-02-20,12.310741324363011,1.8367659790261424,0.8321604922173267,563.6068205450586
2016-02-21,11.74534407082422,0.17021384068942713,-0.8476133390476138,767.9151452079343
2016-02-22,9.816205723126458,0.043517924293708765,6.06173681413142,3030.257714982911
2016-02-23,8.710078248422843,0.0,11.420793524417693,4294.460696259652
2016-02-24,10.419658273542105,11.81682345854355,8.039418926800463,1856.6599648277024
2016-02-25,11.573168764167855,1.133459793345951,4.922270845388502,433.3218427885527
2016-02-26,10.199901185185182,5.240276967932063,9.268251598734095,2328.2175097160944
2016-02-27,11.42033053254279,3.578758125187525,6.752706461636082,1213.6923410767972
2016-02-28,10.546429444444442,0.12241482585793291,10.051402400568925,2472.5476818104567
2016-02-29,9.833282977073852,0.0,16.756406578139977,4010.902329227125
2016-03-01,9.75772585567221,0.0,14.476687593322636,5681.967165366098
2016-03-02,10.70158495477658,12.051711068941865,7.90749883298162,1429.2152195451297
2016-03-03,12.235019368484776,3.2230524226932085,5.564731107016211,1232.438174854767
2016-03-04,11.640116347107051,8.461141426180486,5.7730019323013515,3101.3826002321603
2016-03-05,14.194228642220883,11.523742492403201,3.066696941893115,472.80048091512987
2016-03-06,13.343390137457776,0.0,8.71864347656239,3831.2489124554418
2016-03-07,11.881568795506142,0.0,11.619998872477588,4845.143746375848
2016-03-08,11.361312086197303,0.0,12.216834357904437,4441.0144239764
2016-03-09,9.342727259101466,0.0,12.786272851117273,4388.494054891347
2016-03-10,8.82528563277561,1.243782183284206,7.160055451016469,1596.0516829785406
2016-03-11,8.044498246618053,0.0,7.7190474985264785,3988.7438206552415
2016-03-12,8.002408681535764,0.0,6.238329897562893,3294.923090917935
2016-03-13,7.925587960948946,4.586409360743991,4.343238543742247,441.5963043251597
2016-03-14,23.54385278918124,33.968660451926056,-0.9222875519837872,183.53978140050344
2016-03-15,14.071252922720149,2.349255652900424,-1.2259481360242628,1347.0078195773103
2016-03-16,10.756292938524872,0.11948121054758415,-1.3966461106645698,2011.272119723236
2016-03-17,9.073222708911672,0.0,-1.6925400513608693,1831.5714038102776
2016-03-18,8.302408451802147,0.7453742635938012,5.065934132772922,3805.9747085178656
2016-03-19,9.750512288023652,11.29541564314361,2.467384829111945,991.3931978636527
2016-03-20,9.410845653805366,0.137317649831359,1.1152103142448684,851.2499013637005
2016-03-21,9.194802088343076,0.2059764747470385,8.173160015615487,4985.28290400843
2016-03-22,8.69533281494869,0.0,12.372125582830765,4031.149954147896
2016-03-23,7.994530437601153,0.0,14.304902071255567,4987.107927957437
2016-03-24,9.708969129761202,17.316858484400854,7.756868902952588,3179.923864393724
2016-03-25,15.277476761931103,21.996855930083168,0.8877641510130758,415.4941184300934
2016-03-26,19.587702752450888,3.220008583089509,-2.801839759243143,595.5256676630315
2016-03-27,13.892665511457327,0.4566963177574876,-1.3854978295916598,2083.3831838175224
2016-03-28,12.655829037397414,0.12678567188578005,-0.05881622839781614,1591.5001822622817
2016-03-29,11.151805676324482,0.0,6.394150464680006,4543.609616754661
2016-03-30,11.055163808060884,0.0,9.053733069616403,5088.31493186265
2016-03-31,10.844054653978809,0.0,12.367165225942669,5472.111882274198
2016-04-01,10.347377121013912,0.0,13.899715488179172,5965.7895928567705
2016-04-02,9.595203904520767,0.23669070469267245,6.038685006078128,2577.4898136764623
2016-04-03,9.025917514148132,0.0,6.6070257977516516,4814.991980542298
2016-04-04,7.721288424379794,0.0,9.907713375934344,4926.686168977961
2016-04-05,6.851730332125372,0.0,12.929630514831842,5743.759224567741
2016-04-06,6.052509539673557,0.0,15.442690164690205,6565.105873855313
2016-04-07,5.95073409206457,0.0,17.831253386371923,6604.426431918553
2016-04-08,5.848810258791102,0.0,18.353009950793528,3670.2225716709886
2016-04-09,6.0544230576168445,4.282006355084755,14.537490163558303,5657.258655825662
2016-04-10,6.455393060073736,3.156879896958654,10.76265352633697,3129.674653399984
2016-04-11,8.760138596485529,12.2698286696167,7.9117207410064605,2696.235574936787
2016-04-12,7.556642975138771,0.17240272580484006,9.337187133671716,1075.8974676512178
2016-04-13,6.491739148804664,0.0,11.961139076302894,5090.5703924065565
2016-04-14,5.735862441153696,0.0,17.486591125295803,6247.499546696315
2016-04-15,5.250532094812561,0.0,11.274669896065799,4786.144824159476
2016-04-16,5.191905014922477,0.0,15.282335326635405,6045.9029417354
2016-04-17,5.148189836005672,0.0,17.1857469976335,6368.588869194077
2016-04-18,4.404974906111142,0.0,16.234041162134453,6199.551876600197
2016-04-19,4.388400380644116,0.0,16.709894079883977,6461.158946285156
2016-04-20,4.979836380108972,2.8131186948115836,9.605724280869698,4976.308322656157
2016-04-21,4.896676206340223,2.5806221953184645,3.8974939664073203,3141.918051765386
2016-04-22,4.128472222222223,0.0,11.645110327479802,5404.758721625472
2016-04-23,4.317376833528356,0.0,13.240334439737538,4078.83716574565
2016-04-24,5.052477628906583,9.445194100165917,11.343629717280404,5531.744021870643
2016-04-25,5.136726925457768,2.6618709498758113,10.354254372961526,4277.5338754272325
2016-04-26,4.724399909468696,2.9189015141627594,5.893393818970168,4117.190127352334
2016-04-27,4.065977470067405,0.0,7.490810219490033,4828.169380905703
2016-04-28,4.024305555555555,0.0,9.508782778442752,5858.6164974479325
2016-04-29,3.721055733288187,0.0,9.223296671880362,4415.214918754546
2016-04-30,3.618047457514688,0.0,7.602224530568546,5504.992740849577
2016-05-01,3.523450739804725,0.0,8.396190325357152,4107.105161848703
2016-05-02,3.489202679920427,0.0,12.897262971246946,3350.6208034608485
2016-05-03,4.315195468227721,12.615595408483198,9.128847942411696,2072.7568222197137
2016-05-04,3.8090277777777777,4.68229098343722,7.319160462495249,3669.666888973156
2016-05-05,3.765546044134606,0.3744672016573864,6.6523523639649635,2863.384229009918
2016-05-06,3.803898400309839,6.36127609916979,6.212832919129333,1290.909677135923
2016-05-07,3.574538353101508,0.0,9.402384455832909,5496.4092739487305
2016-05-08,3.4675331985013824,1.1515239653495692,12.075683245165084,5959.629855023169
2016-05-09,3.2927222280537025,0.0,11.232893363927497,4728.261616316835
2016-05-10,3.246644259848843,0.0,8.538775568072062,2523.2015243648134
2016-05-11,3.117940810855876,0.0,12.210927497072781,6379.1820714201895
2016-05-12,3.1157042760097022,1.9201019927614937,16.81558652886244,5159.854479695113
2016-05-13,3.094405191277013,0.8211272985419615,17.940314429867577,4751.4467219980725
2016-05-14,3.0743587114327298,0.043517924293708765,17.878043563249324,7095.509452936558
2016-05-15,3.049147672228479,3.5191552521943894,14.829592508686424,6837.7220559726775
2016-05-16,2.9316786940418758,0.2264526280441278,14.478665339058303,7011.092868327148
2016-05-17,2.89047560744634,0.8194878347542014,8.096605129291955,1393.15657967387
2016-05-18,2.7941805460365043,1.5300264369063976,7.4426294997612334,2942.348016440845
2016-05-19,2.6702219374964504,0.0,11.310680666956465,6369.101331449318
2016-05-20,2.4479938857168846,0.0,13.842403715170297,7891.16928905583
2016-05-21,3.581290699434404,21.150372024090068,12.800642401395697,4405.770684609256
2016-05-22,9.861116968888323,53.17427479309542,8.000392469815829,708.1811580122635
2016-05-23,9.351506483815797,1.2391960744843757,9.471247503849023,3906.247604548185
2016-05-24,5.741274070285594,0.0,15.114354640631646,5625.178824538636
2016-05-25,4.018518518518518,1.7371308572258612,12.058254204149494,4032.4636253288986
2016-05-26,4.305499540487595,5.423086100285584,9.375791648127615,2119.174947643988
2016-05-27,5.409323427328956,11.806099961446222,9.05166088864512,2676.663377954317
2016-05-28,4.606245285266777,0.0,11.268799848870403,4561.61369021693
2016-05-29,4.31150787987666,0.0,15.712033205907858,7596.244444307539
2016-05-30,3.6470616496713775,0.0,19.99225011393869,8238.671650496804
2016-05-31,3.600374061297101,0.0,19.728130216789538,8111.220365939486
2016-06-01,3.0974934340971965,0.0,18.742385417107133,7997.442127097663
2016-06-02,2.967248325035877,0.0,20.235301289654135,9004.570870450607
2016-06-03,3.2445894403901185,4.000632252614736,15.576412798607716,5764.816379978804
2016-06-04,2.945630945699985,0.14507294006745639,14.627268197100534,6816.487588227226
2016-06-05,2.7350375607738933,0.0,14.29771842736076,6744.438536005219
2016-06-06,2.615808528085792,0.0,15.505070240918164,7067.371869966172
2016-06-07,3.0782718321339533,10.067224001466853,10.329815759260542,2252.9067619008474
2016-06-08,2.919357438968356,0.17030359617948881,8.733626604236727,2731.4154986993717
2016-06-09,2.770788643785734,0.20568257345000418,9.369921226272488,3816.421841102281
2016-06-10,2.581160506259287,0.0,12.690453198855323,6535.504397510007
2016-06-11,2.415693885910684,0.0,16.202905726762868,8479.348250619394
2016-06-12,2.366544772236641,0.0,19.70600162955694,8883.76997797922
2016-06-13,2.3063855278428558,0.6109318939016752,19.622854717123566,7913.359446693751
2016-06-14,3.6016201060902584,16.5415056901899,14.759150938733264,3097.418185938107
2016-06-15,2.908773855731083,0.021913384014587665,17.329120896943923,6660.211176098738
2016-06-16,2.610154359889464,0.0,19.460669574168623,8887.821340004037
2016-06-17,2.120404559971151,0.0,20.35053596770868,9299.555592578296
2016-06-18,1.9371418462169396,0.0,22.473209035081005,8824.677897841753
2016-06-19,1.8148303057624808,0.0,23.389222699516495,8705.143314020237
2016-06-20,1.7697782849033352,0.0,23.371272364741564,9046.593281335368
2016-06-21,1.7356118222584889,0.0,20.83667598999528,9341.25040515658
2016-06-22,1.7271072366514832,0.0,19.383507121817452,8245.137643654656
2016-06-23,1.7148409852319566,0.0,19.535220356657938,7734.321714245995
2016-06-24,1.70927679033378,0.0,19.52794966421223,8729.69563757365
2016-06-25,1.6944329447924031,0.0,19.94704252610898,8035.835035528448
2016-06-26,2.1501178244253616,5.225797276044624,20.653203719896176,6924.140889767807
2016-06-27,2.1117926639196303,0.0,18.413022847131476,6655.582998381435
2016-06-28,3.400913822805642,13.242725945860295,17.19861952757798,7089.732845862896
2016-06-29,2.4035511625020103,0.6762407936576073,16.17410177165587,5753.3184892607005
2016-06-30,2.2316060664492063,7.824980381037925,16.358466387204384,4853.954647313542
2016-07-01,2.039733285096201,0.0,18.804465258441883,8204.860420068677
2016-07-02,1.9698729155525447,0.0,18.563154379841222,7629.14183478211
2016-07-03,1.902827198328679,0.6506364117306431,18.05082254737107,4784.419991545683
2016-07-04,1.6940367813551789,0.0,18.45433549293496,8091.039456411078
2016-07-05,2.1974917055027343,21.666408173832124,15.610001403162862,3597.2746842231422
2016-07-06,1.847343611383138,0.0,16.028243491747727,7429.271543628563
2016-07-07,1.692995191954329,3.175497912893714,16.51567461454633,3728.916962511901
2016-07-08,1.849489464889924,0.2747922272635852,15.111734080388105,7496.187320518311
2016-07-09,1.5242103447521853,0.0,15.438312051929998,8262.24154887265
2016-07-10,1.49194392334934,0.0,16.43882041307813,6908.894670110628
2016-07-11,1.3989833706052754,0.0,15.676141858070881,6454.130348856563
2016-07-12,1.3440490749818148,0.0,17.975108412097995,7843.310863838904
2016-07-13,1.321481274163974,0.0,20.026300419941297,7567.372536003726
2016-07-14,1.3074915925500423,0.0,20.122901088154194,6962.612509834379
2016-07-15,1.278174094503602,0.0,21.63768460347921,8144.349418456693
2016-07-16,1.2717940593009782,0.0,25.35410550355748,8596.938290788241
2016-07-17,1.23916264616915,0.0,21.32829427601373,7090.779481945958
2016-07-18,1.2693755926774368,4.111909448598268,15.217688505299282,924.5386764784369
2016-07-19,1.23742289790827,2.796028318338967,14.028117236628193,1440.51385407796
2016-07-20,1.2447134303780358,1.1337964705106889,14.969647361190468,4015.469971962788
2016-07-21,1.2125520340681837,0.0,15.064657225952136,6848.811557196509
2016-07-22,1.2064045459029182,0.0,17.33304375835945,7767.112122526591
2016-07-23,1.1932591867062057,0.0,17.852648601154968,8261.600643385067
2016-07-24,1.1644963693458938,0.0,18.2371497973757,8423.870519971388
2016-07-25,1.1635841646112717,0.0,17.662142260581906,6997.15966815141
2016-07-26,1.1505856868218312,0.0,17.634199768134646,7152.271884552313
2016-07-27,1.1384999136732343,0.0,17.824406164856807,5978.644279250116
2016-07-28,1.1291004979093735,0.0,18.500615973097275,7247.953869976734
2016-07-29,1.1264545859209896,0.0,19.051617126463533,6649.905670846541
2016-07-30,1.1285112180798589,0.0,18.601559837704343,5439.372957203584
2016-07-31,1.1133514176447823,0.0,19.458380833508155,7026.9020460489855
2016-08-01,1.112164647689917,0.0,22.276232745750818,7105.879711640953
2016-08-02,1.111679401800504,0.0,20.77627859420849,6010.9677200654405
2016-08-03,3.814816808864625,35.961330819850474,18.17335526265538,3153.472044575466
2016-08-04,3.5755349540701125,5.519544315106849,18.504457909143923,4722.187862413935
2016-08-05,1.9415511142539328,0.0,19.47405193948689,6055.12057009993
2016-08-06,1.7052279043820453,0.0,18.871124699802067,4362.202442486705
2016-08-07,1.4317649153501446,0.0,20.178912243085975,4193.493716329477
2016-08-08,1.3465244678461,0.0,20.273565148130015,5577.004440375678
2016-08-09,1.2563250064751912,0.0,20.555824235851944,5929.829809539963
2016-08-10,1.1979597553083152,0.0,19.887102541324676,4809.442114619227
2016-08-11,1.1538573524218676,0.0,21.50035461338397,5996.39680819271
2016-08-12,1.2533673193661077,21.019181257523165,18.387790722412184,3600.903601160694
2016-08-13,5.36328235406017,52.53137149329024,13.138687595679702,468.2144615079273
2016-08-14,2.900398955280141,0.0,13.676730504335326,4343.148234603987
2016-08-15,1.4812356874676456,0.0,15.302746212448831,5092.999496121694
2016-08-16,1.3869132462062097,0.0,16.12258600165814,4468.912290095776
2016-08-17,1.315228253865551,0.0,17.47194637628986,5173.011001760856
2016-08-18,1.2474018729913667,0.0,18.13121096955662,5427.648579334908
2016-08-19,1.261828971290267,0.043517924293708765,19.260201740790393,4975.495147420164
2016-08-20,1.4710051174578385,3.3433385745990645,18.541743077340154,3348.128034592535
2016-08-21,1.691661572178518,2.3244512287108576,18.413759347029586,2539.2981260816678
2016-08-22,1.398981341109688,0.043517924293708765,20.22099229412381,4393.263711621582
2016-08-23,1.3427320860844223,0.043517924293708765,18.395232962503368,2833.165806476568
2016-08-24,1.3396015125545353,0.6284291264190213,18.149146154120636,2918.595201472338
2016-08-25,6.715138549178447,61.102422625961644,16.068476809612832,1005.007067239469
2016-08-26,5.000843651186444,4.317450994300955,15.175197788004656,2128.686584689608
2016-08-27,2.5598888949719543,0.6065157424044336,16.1537066270253,2881.7574621697854
2016-08-28,1.8817213474158083,0.4539135612937546,15.745023698046692,3133.127300861768
2016-08-29,1.8584441105573868,0.14507294006745639,16.42502984892475,2352.7627840348764
2016-08-30,1.7679970606746933,0.0,16.794360333467672,3558.6728536735072
2016-08-31,1.7504906208604791,1.3595110539791122,16.312645830285255,2779.5476367159995
2016-09-01,1.6924833810277051,0.0,14.757590910645487,4040.050397001625
2016-09-02,1.6201795711097475,0.0,14.832833765602853,3862.256293159508
2016-09-03,1.5285344507691634,0.0,14.479763838163324,4374.437046621323
2016-09-04,1.3891580180828498,0.0,15.187013830660627,4215.863520873516
2016-09-05,1.370060716737179,0.0,18.21659267094636,4096.979361884962
2016-09-06,1.3488928432333678,0.0,18.277270839702922,4335.782505971059
2016-09-07,1.3355812091592094,0.0,17.477576798812635,3858.8260045551256
2016-09-08,1.3302272634066348,0.0,17.650537705385325,3976.851823385444
2016-09-09,1.3207663375614902,0.0,17.075942377068692,3886.4938938309056
2016-09-10,1.307864227191205,0.0,16.764681078767055,4188.4180031745245
2016-09-11,1.3119515796285028,1.0941380768553517,16.133167437477553,2393.8341355612547
2016-09-12,1.4859384433788774,5.366612324831928,15.041693548266117,1917.5851494595397
2016-09-13,1.4388871269007109,3.353980123228523,13.360238683255275,753.8065108224491
2016-09-14,1.4111320775557952,0.043517924293708765,14.52188399749102,3271.7024853842167
2016-09-15,1.3293038434643076,0.07889690156422415,14.8950853066819,3603.7783895421567
2016-09-16,1.2734875169505493,0.043517924293708765,14.411987014902135,3306.960641800766
2016-09-17,1.2615108195570537,0.0,18.04216609124581,3985.108999600533
2016-09-18,1.2177169745027998,0.0,20.831826262495444,4434.190359583451
2016-09-19,1.1714158540360182,0.0,20.867316139660858,4085.716328888428
2016-09-20,1.7017039272700132,24.046706757567964,13.499950979550439,1285.7716309317154
2016-09-21,1.9301567340885268,3.967337462531139,9.443583174567936,335.642505409812
2016-09-22,2.25034183867032,10.443577362102472,9.102247336822474,1041.1782567131015
2016-09-23,2.2046453420589964,11.10663858218309,7.522147653191176,1139.6860207597852
2016-09-24,1.7338974610804263,0.0,8.612630436839343,1664.833810705842
2016-09-25,1.5730255636976482,0.0,9.717399197992105,3099.6142821900685
2016-09-26,1.5324583673466414,0.02921784535278356,10.12491552260706,2649.116385880457
2016-09-27,1.9474209482677292,25.491550400990214,9.760144054772002,2219.4599449919438
2016-09-28,1.5778876967878646,0.7121327604705618,9.536288651554878,1245.6552566445444
2016-09-29,1.3758003362981004,0.0,11.872247949152356,2993.277100186432
2016-09-30,1.3492111432610892,0.0,13.75457365508776,3200.0
2016-10-01,1.320045825471997,0.0,14.695736508055461,3250.0
2016-10-02,1.2983025782108213,0.0,15.166317934539313,3300.0
2016-10-03,1.276771200140802,0.0,15.636899361023165,2638.837073573712
2016-10-04,1.2851009754668945,2.112540554058175,13.97320019530039,2543.5346726048087
2016-10-05,1.3449186374056246,1.6157643185038244,9.909315532593826,468.8513807304554
2016-10-06,1.3406378462399378,0.08326774759207128,10.563880336236362,1366.2771277800664
2016-10-07,1.3205606212343453,0.5241296987034653,14.038055067862247,2534.354906723903
2016-10-08,1.5027824370767346,6.036896712499264,10.745100785280313,1248.2707297215857
2016-10-09,1.4671853489410804,0.22058539742343028,9.14544053321199,1678.9092701330387
2016-10-10,1.4121191662223451,0.137317649831359,10.923215952184362,1968.3330264466845
2016-10-11,1.3910116960306227,2.13479528615363,15.10304012095324,2189.739806656566
2016-10-12,1.527330432148064,12.46020046644764,16.734301517509174,2819.4208713317425
2016-10-13,1.5144054492263193,1.7524170626581448,9.49531981541839,998.5214956266356
2016-10-14,1.4746744140892756,0.08401247778700709,7.260401107668409,1306.2879968520822
2016-10-15,1.4311522545528388,0.0,7.6878369594472105,1643.4138939450988
2016-10-16,1.401668008820218,0.45082106890133655,10.07293904383077,1815.362695020765
2016-10-17,1.435999115310861,6.404980171218817,4.634612062663452,265.9645887344373
2016-10-18,1.4049209239288245,0.0,3.7894231806136163,1785.755541224744
2016-10-19,1.3694998749082368,0.0,5.6974777435306105,1739.541451727318
2016-10-20,1.3481183335952145,0.0,7.459997832469078,1731.985718160982
2016-10-21,1.317630226776751,0.11217674920938826,8.838971632867617,1475.3849583293354
2016-10-22,1.301290514941969,0.0686588249156795,11.421603672074937,1607.132336889561
2016-10-23,1.3233274063486449,5.041533340074014,10.603031746510293,743.559218281156
2016-10-24,1.3591533194808902,2.693107924880676,8.532563027200375,466.08978175139686
2016-10-25,1.371931624316111,6.557270107165747,6.460946187676434,221.3393041833938
2016-10-26,1.3262688448136195,9.556357377891818,6.175267880578833,775.8513309913595
2016-10-27,1.3421273216958236,0.6427441477983787,5.889552049101285,459.9740361650613
2016-10-28,1.7285001591041151,12.555444648617886,5.267674050955411,104.68765323453282
2016-10-29,1.7617714281643575,7.14308154251027,5.39288523047381,204.34483882997532
2016-10-30,1.749554710845151,0.21675513578354633,4.013467503134428,430.6679371194932
2016-10-31,1.8272762579073245,3.7868237250987677,1.493117952350046,365.6740465176492
2016-11-01,1.908841404335374,9.047303597202042,-0.26994275078932134,233.4575342279127
2016-11-02,1.936223737000248,0.411952949494077,4.1947031653221645,1272.070584253118
2016-11-03,1.933635116893788,0.2059764747470385,9.623445661586269,1496.9178403812568
2016-11-04,1.901079726958193,2.0917953628686288,7.615279148201173,174.31696753162925
2016-11-05,1.8919784552834584,5.442679831846802,9.489541402288033,430.0621996627429
2016-11-06,1.8325808196225175,0.2597324756892919,12.101703572775929,1252.8951285093715
2016-11-07,1.711999833834304,0.0,14.167855147153553,1507.5878908496363
2016-11-08,2.023074127822642,0.021913384014587665,17.1120227339048,2432.01633131681
2016-11-09,2.262314041997143,5.171508322756134,15.23510229736377,1430.4286397597546
2016-11-10,2.2245569474005427,0.137317649831359,10.026414867754141,862.9302169875253
2016-11-11,2.1534669443753383,3.364806959886255,9.17057192004883,734.8132678836995
2016-11-12,3.079637098410489,6.74401558790635,11.335754100324923,1232.5060700294273
2016-11-13,2.2686098032201696,5.391474367454764,6.7497539515775005,1168.5129310089865
2016-11-14,1.4352725045350812,3.155920069086501,0.5633601656013532,274.4745558733691
2016-11-15,2.082585451886064,20.15234536288053,-1.4254755131166519,102.04126073469344
2016-11-16,1.9513752823560635,3.8353972151842575,-2.2638571225701987,334.8096822208907
2016-11-17,1.8990146707364024,0.18083557412506776,0.9967393003286418,971.8993240822224
2016-11-18,1.8309345424083288,0.0686588249156795,5.528487076242678,1241.928799262162
2016-11-19,1.717309741228532,0.0,8.415515241793862,1167.6703592159795
2016-11-20,1.6892119114218414,0.0,7.43197613804747,905.3253375812106
2016-11-21,1.6230629342502405,0.0,4.624320091792036,841.1904953654488
2016-11-22,1.5521674934802654,0.0,3.971257224980901,917.0498966323726
2016-11-23,1.4974089086641873,0.0,4.076890277999985,819.1320474775289
2016-11-24,1.467441312794295,0.0,3.6563896835495457,790.9562199602561
2016-11-25,1.422859386010473,0.0,5.448003296399166,762.7306588231756
2016-11-26,1.3962546192047818,0.0,6.461207777619537,775.1901347780966
2016-11-27,1.379807950824856,0.015353652871327589,10.33969125700794,866.3549783195828
2016-11-28,2.586178135996477,27.683165413676104,6.1600211198104,88.34487154131669
2016-11-29,11.890519828346273,27.13181619956994,0.2559727049417273,52.4507864057974
2016-11-30,14.461030921154252,27.805362146832593,-3.413415619459098,98.54838529479356
2016-12-01,7.296162967726476,4.623425557534834,-4.281984232656749,95.17228867905207
2016-12-02,4.926874078089297,4.835255038188586,-0.07254624020034611,776.6276666694858
2016-12-03,4.5467505761305,0.0,-0.6535552216801543,669.0034802609603
2016-12-04,3.7761597999266376,0.0,-1.3502273399540874,728.1541917109196
2016-12-05,3.181928508816529,0.0,-2.0647989389354486,513.4851864768349
2016-12-06,3.063919286391064,0.0,1.1004884976380573,752.3579056914178
2016-12-07,3.5617812696201203,9.969514851413706,-2.501144453642419,93.89744110628794
2016-12-08,3.387577515630672,0.04382676802917533,-2.350805546896113,571.7442426583884
2016-12-09,2.966033474852293,0.0,4.474821169406095,754.0781863334433
2016-12-10,2.925503665052227,0.0,3.9351430185845615,661.6722546624511
2016-12-11,2.877044810380616,0.0,7.576419744044415,752.4164601778101
2016-12-12,4.097182123114282,9.756776266816372,3.342149924814215,171.60056354406225
2016-12-13,11.412494089374674,20.08990227296098,-4.531236668586972,35.597979913574335
2016-12-14,6.230798902037832,2.506093269630258,-6.6894614176323515,182.5209665734805
2016-12-15,4.939172687453735,6.563553638736747,-3.822186331941246,221.1708539514022
2016-12-16,4.333396485807008,13.449676138028575,-4.434853513065348,11.85054809666191
2016-12-17,3.84482414009096,1.7586317568644723,-5.466644848166732,211.8430516688554
2016-12-18,3.640689432053639,0.0686588249156795,-5.2454179893079775,375.664133673246
2016-12-19,3.159393028010115,0.0,-4.782133252610986,464.8744408982092
2016-12-20,3.293084953413125,11.73715093156834,-3.268209734090175,313.0575988561221
2016-12-21,3.64458062466199,7.170285904027006,-3.67624030493563,6.0037097532429735
2016-12-22,3.676982976753416,0.7901808497897331,-2.9615166124632615,227.1055704769306
2016-12-23,3.6895782786502576,6.7324638387747555,-0.8236938082179925,102.58774285202702
2016-12-24,5.134180790000991,16.55390546921104,-1.1166297601885735,121.44668171023372
2016-12-25,6.127250422891807,8.268077067217046,-2.2495230700101314,154.98803733937137
2016-12-26,5.358155307121846,1.6158740278985861,-2.7350695627142727,209.970696695916
2016-12-27,4.564141823918972,1.2967511553313147,-1.6644314488670358,375.2820384570428
2016-12-28,5.168337411301048,17.287781777306286,-2.976517655002182,81.13269426889799
2016-12-29,6.172408452025888,2.25306782544061,-3.808276686431396,10.519370575902611
2016-12-30,5.275764826690423,0.39444091226257805,-4.353351298333881,91.14750679393936
2016-12-31,4.25246849018907,2.7776258952451,-4.894193467226059,86.20042027558833
2017-01-01,3.9522633387969353,9.45326206743213,-4.575862544460723,434.741768044706
2017-01-02,3.622404511917461,0.19873226131666935,-4.807061865324495,349.64365898796507
2017-01-03,3.608106095314116,0.3432941245783975,-0.7928746531998936,339.6332154165717
2017-01-04,4.054398148148148,6.073735559516143,1.0883206392488507,520.7369671222215
2017-01-05,10.70856043661022,5.151465673926802,3.7808953737066635,521.2381946324969
2017-01-06,21.90722877620069,14.315358443695539,-0.06667337797610576,227.73696792506053
2017-01-07,11.579348610690833,10.460614412776716,-9.719392897346028,16.051812550651615
2017-01-08,7.015403453684501,1.1913348990083437,-8.736298990532685,205.1428572114748
2017-01-09,6.038224375336272,1.04419739511455,-7.284120965446157,270.68958819006133
2017-01-10,5.214881549015516,2.1692271992994794,-3.523809488477915,446.0851072272408
2017-01-11,5.405571656603937,0.641291974642448,1.8514302014992807,775.481711956932
2017-01-12,7.977638728520858,3.5119633151869047,-2.8709982008932604,497.5174678321735
2017-01-13,6.044547253875487,1.6353040994891948,-0.08828094208666465,1326.467948870892
2017-01-14,6.2201387871600655,0.42704029591389425,2.765901865029961,96.80317899885236
2017-01-15,8.246160093684171,8.07258699899196,-0.3214647727952578,181.8247871204309
2017-01-16,13.38100089511265,13.331905093946425,2.24239415435512,303.7154923072111
2017-01-17,14.049387501255628,1.5974970409713394,3.454530741054331,200.5329004673028
2017-01-18,14.603299259982778,4.039308272749757,1.101799845905809,216.28792904624655
2017-01-19,14.664505552835768,8.081060268558666,-0.812792010660176,34.33801797927947
2017-01-20,14.215382201068246,6.149136679641174,-3.580511303692107,101.07853037909514
2017-01-21,10.694906356384903,0.06617603850323224,-5.056905351965932,272.91635358824743
2017-01-22,8.047657602390283,0.0,-3.9595873108952526,490.6568624876928
2017-01-23,6.556025574144355,0.0,-2.36519989080305,484.0969867651702
2017-01-24,6.0224368794962935,0.0,-0.9228336588490558,22.56370166452427
2017-01-25,6.1228258613831406,8.890504048679292,-3.7727593590106543,17.767593592036526
2017-01-26,6.002761171952849,5.024813970074926,-6.866105033766559,17.842590637085635
2017-01-27,5.212536832949152,2.8584986093112303,-7.877391611606549,47.013328789638194
2017-01-28,4.972745855085754,0.6655293047319049,-5.664262292817172,47.252077979697766
2017-01-29,4.744112537201493,0.015353652871327589,-5.059794028950101,145.417205032977
2017-01-30,4.3485592162358015,4.755835942853623,-6.618478074695363,510.93960835054486
2017-01-31,4.338828671957904,0.23669070469267242,-7.5437799307737246,724.3864470209916
2017-02-01,4.087962962962963,0.0,-2.105691906281875,952.4927922275672
2017-02-02,4.022419353724168,0.0,1.1513186222555754,1398.4893000563832
2017-02-03,4.473747739475125,0.0,4.557653198896752,1347.257172084663
2017-02-04,8.383335200756553,0.47128146105575736,6.02966566966184,1531.9170796230635
2017-02-05,20.91734494450129,9.15589119300817,5.469407233786111,606.1364171575261
2017-02-06,27.723576874572665,0.2567988603789432,7.6841526352523015,1489.224367298581
2017-02-07,25.455111424533857,0.0,6.970271338865703,1585.0903375969272
2017-02-08,22.396402501430945,0.33094125912822414,3.3480357196245256,1409.6195993646115
2017-02-09,19.525020274588023,4.826005571989503,-0.48604072549367794,137.66448829637977
2017-02-10,14.146786227831994,0.9565588014946316,-3.2618708455694962,71.41722685123109
2017-02-11,11.885396957962817,0.0,-5.082331170815164,150.42427541593815
2017-02-12,10.480379016191172,0.18083557412506776,-5.410702115116391,697.7260063768672
2017-02-13,8.846572120713493,1.1824446748818656,-5.819258930789,599.0867593078411
2017-02-14,7.16912913233269,1.955983173153557,-7.091359303885886,97.53214088862129
2017-02-15,6.124598638224619,1.8757296288780878,-5.097400971152535,105.48949076516782
2017-02-16,6.102476235559246,1.9993120416887042,-5.753618476189322,236.4469905885752
2017-02-17,5.878209013776232,0.0686588249156795,-0.30852901618402373,1870.576217040494
2017-02-18,5.745958549589675,0.0,4.051730126846294,2575.486288264914
2017-02-19,6.043932657995624,0.0,6.054584660891552,2785.5914092558005
2017-02-20,8.448753140993698,4.65897444634403,1.7687913400584787,839.2091681205741
2017-02-21,9.14219438354912,0.09131693912520297,4.033899305163167,2337.7993078546388
2017-02-22,10.319447982947892,0.0,4.449241100950941,1747.937872245863
2017-02-23,11.452650528490436,0.07602353416170213,8.543519463104186,3986.6572916905975
2017-02-24,15.367129479137208,0.0,9.244485878315317,4103.547768403676
2017-02-25,18.63487508230681,0.9229900640187009,6.312647619188923,3052.73470668974
2017-02-26,19.200269469289047,0.0,4.0184186197463845,814.6406341812037
2017-02-27,18.468722027065223,0.0,7.503482574410816,1405.5558172394
2017-02-28,21.14825439477751,0.23669070469267242,9.683108539248947,2274.5669035076144
2017-03-01,22.51125565483905,0.0,10.392493289804442,3266.713830919564
2017-03-02,21.802255414056752,1.6403055728228513,4.2151563658474975,1076.9845179582817
2017-03-03,19.431380615167985,0.07889690156422415,3.5925943477114233,2416.927810547825
2017-03-04,17.000586729848706,0.015353652871327589,6.15301838404586,3895.360099617946
2017-03-05,15.104062423331046,0.07889690156422415,9.340690373996413,4971.608233962171
2017-03-06,15.88263973555368,0.0,9.611515866171871,4400.309367750811
2017-03-07,16.44428277072989,0.0,9.828225474547143,4314.528468405776
2017-03-08,16.47784110064702,0.0,10.33022257856531,3402.267969597493
2017-03-09,17.51910968561041,3.2360023601876504,7.913177205837313,922.5364357913608
2017-03-10,18.7501428886563,1.2453564896642624,6.008916597559178,2198.448843550154
2017-03-11,17.621686828486208,4.0683995813780305,2.4155904223672398,250.23940135862827
2017-03-12,16.296166114136085,4.39268190896736,1.1229236775086309,2.027276375150399
2017-03-13,14.638870026923438,2.843946165825774,0.0004902154565068761,182.68421585362836
2017-03-14,14.47020416343138,17.936488179538543,-1.5586579914008858,165.34478252859623
2017-03-15,13.47344373737069,0.2540221726694616,-0.23683649261439316,200.0237562167868
2017-03-16,11.657678391782351,0.02265811420952348,-0.40726051206057623,422.8914064369869
2017-03-17,12.037591829977318,14.680379862288465,-2.4461168195716416,130.45902653114555
2017-03-18,11.83580088767822,1.1876761768636408,3.775997832217037,2186.953653847294
2017-03-19,11.857566216750197,1.1212165353241483,5.0594589728134665,1782.6839961009075
2017-03-20,13.458986803696698,0.30549953300624033,7.072131767992845,2996.653131899035
2017-03-21,14.94534736571692,0.0,8.440301576332056,3978.3051284586263
2017-03-22,15.070178423005029,0.0,6.171632890883128,4412.833569112832
2017-03-23,14.013407435201891,0.0,7.107879049334496,3787.845755301568
2017-03-24,13.35006686872174,0.0,9.725246152128273,3454.563955474865
2017-03-25,13.015105907322878,0.0,9.130666889869763,3582.072503345925
2017-03-26,13.06420749961176,2.773017867788428,6.941296396188944,2161.870583119849
2017-03-27,12.361497879684157,1.1913647838852082,-0.9470946165743429,138.88302237387416
2017-03-28,10.655033649446043,0.043517924293708765,4.914311674913148,2961.7728626103763
2017-03-29,10.021891306786465,0.0,10.047643386908799,5115.300987571897
2017-03-30,9.36739702687602,0.0,7.6112598382098415,5299.085796720159
2017-03-31,9.776641941229142,0.3155876062568966,1.2315166925426864,276.9490122744339
2017-04-01,9.233955193842547,0.0,0.7615122689809299,1971.429197413181
2017-04-02,9.05867432550504,0.0,6.722968521421583,3832.262499874765
2017-04-03,8.761295312873465,0.0,12.202038093584013,3960.959659893486
2017-04-04,8.577036920077832,0.0,13.167861931985971,2744.705376485838
2017-04-05,8.555354134394626,0.0,9.804927723711405,3838.6216563906455
2017-04-06,8.789993534118532,4.520461587343977,8.197762325816827,3000.37070590398
2017-04-07,9.1064078037182,6.630001850606485,3.404679399225028,1521.4668102167575
2017-04-08,8.445176358343298,0.4704408698720174,2.198267377102403,2743.36625049573
2017-04-09,8.055055952833648,0.2594465926277111,1.9021161379312326,1795.2284508700718
2017-04-10,7.448348288166336,0.07889690156422415,3.611919842048561,3983.5515725672944
2017-04-11,6.832735884259259,0.0,9.24011295697433,5065.893399329333
2017-04-12,6.555905854935349,0.0,8.399625022496808,3630.335409231166
2017-04-13,6.33103986766858,0.0,8.4500627947438,3631.9995444837377
2017-04-14,6.294249469719453,0.0,11.019713488783566,5671.681518371999
2017-04-15,6.151246968496572,0.0,12.506157931834453,5899.028998301677
2017-04-16,6.58075081165254,2.7121160072618093,12.116909081307051,4409.620512009174
2017-04-17,6.4596405989558,3.416152633321372,10.365302257632328,3912.611134457857
2017-04-18,7.162906911024648,10.325903759781392,1.3949159636456647,263.0868986067935
2017-04-19,5.938433944196559,0.38681204887210624,10.453804253071944,4728.884304668751
2017-04-20,6.091795836783892,2.7086102485336694,8.254524974592695,5807.243293076
2017-04-21,5.722037037037037,0.15486018781809952,0.8858861847897517,847.7951206715727
2017-04-22,6.140991194421665,23.45754842119735,0.410545397267563,2383.999220134684
2017-04-23,9.159139240614731,12.094284530740069,2.362559103009694,1758.2935627826162
2017-04-24,9.679172132470194,0.3028598189929259,2.8291087684086116,1434.5374432830704
2017-04-25,8.973126289108716,0.0,8.554840863841246,4881.475874015235
2017-04-26,8.335123186033293,0.0,12.445517146995014,5979.979883143803
2017-04-27,8.317252281620197,0.0,14.552723625872797,6322.894297917956
2017-04-28,7.483171884840887,0.0,15.800337556821848,6800.335898271567
2017-04-29,7.467293370783672,0.0,17.62036879957882,7495.824093371525
2017-04-30,7.131269285681141,0.0,15.008705329076912,6275.243609978752
2017-05-01,6.820801546647498,0.8551450541454736,10.590634251077446,3323.175730688153
2017-05-02,6.69506246279742,0.0,12.79396348231334,4764.532244662953
2017-05-03,6.441089812779565,0.07889690156422415,13.279702088600978,4350.695039790842
2017-05-04,6.312356102752774,0.0,15.54748402999897,6175.347814828602
2017-05-05,6.274421158399983,0.16800261077850542,16.515758461544863,5560.999568834855
2017-05-06,7.036816976315928,14.971458884653103,9.200865700847887,2264.4426494290374
2017-05-07,5.815940353397584,1.5904419941650194,11.890198816352797,4042.9517954783537
2017-05-08,4.855770591515019,0.6962239580674683,13.699086884704752,5324.919743969434
2017-05-09,4.957712076867862,7.204047073846548,14.151862266662587,4221.005970813567
2017-05-10,5.658594365789953,11.993573168135129,7.379008632492139,271.6871450063429
2017-05-11,4.77213440109771,0.0,11.565416803326157,4332.336229669923
2017-05-12,4.4816515643968735,0.0,18.066434523139897,5458.7326211769005
2017-05-13,4.356481481481482,0.0,18.643712457992528,6309.950693448285
2017-05-14,4.251157407407407,0.0,18.355073490566213,5793.543950141994
2017-05-15,4.178137084058704,0.00730446133819589,8.397461704391395,2079.0444779111576
2017-05-16,4.07880736038574,0.0,9.307956138481016,4572.907380838104
2017-05-17,4.048507454429074,0.4837920728110341,9.229895443113254,2080.0393854580834
2017-05-18,3.85537348568112,1.5370668818244235,8.291667333249015,2477.0532876402585
2017-05-19,3.806890196802182,0.3508452690075223,6.347701775712513,3959.70570226113
2017-05-20,3.611796315484652,0.0,10.342945181712206,6584.345112207076
2017-05-21,3.924768518518519,7.480767846561895,6.679174826999336,592.6772030845739
2017-05-22,3.9895833333333335,3.532786885319113,9.392546022048101,4017.5234539421176
2017-05-23,3.790381529122378,0.10375191912461407,8.419905140385282,4201.965461666679
2017-05-24,3.398258325867504,0.0,11.397381967905213,6274.884943012175
2017-05-25,3.0584203587248697,0.0,14.554812979415395,7046.25204801459
2017-05-26,3.026525240923947,1.8161022965134763,12.331662324251571,2780.6924252726044
2017-05-27,3.3462613334880484,2.840491100341323,10.239072819506173,2163.4048778619685
2017-05-28,3.2633601677308763,0.0,9.921010990138079,3284.550433108789
2017-05-29,3.226898807960059,2.4041040782944956,10.964170626257559,4370.639918530528
2017-05-30,3.3573928229020225,4.655036765340725,10.008013144532391,1358.6248861700917
2017-05-31,3.280072845043136,2.651087479212292,15.019980155856626,7094.78260699743
2017-06-01,3.0473432556202225,0.0,16.97128486982283,7752.388976460881
2017-06-02,2.9305541791535705,0.0686588249156795,17.752669963112986,6333.4718308236215
2017-06-03,2.6649984739330383,0.22178095651626756,18.39305334766844,8306.467233762161
2017-06-04,2.509336844368837,0.5813303917617957,15.716571882253586,6511.839996534362
2017-06-05,2.433813561845648,0.5894988463672239,14.50479771490323,4261.31498747207
2017-06-06,2.465261496293487,0.0,15.178614235174134,4342.665189469097
2017-06-07,2.4583648928609385,0.0,19.42239594392861,8065.223230828725
2017-06-08,2.8154846090533048,7.474058148765239,17.42094760416546,5107.236658769276
2017-06-09,4.9288941034702205,22.960490128054836,11.18541476977173,731.546466594008
2017-06-10,3.3031008589566726,5.393203210544879,11.593701936963264,1346.2428578364052
2017-06-11,3.1087798620538223,0.030707305742655178,12.693731066858504,4320.662926775187
2017-06-12,2.606270418146344,0.0,13.273885788206977,5102.642655784165
2017-06-13,2.573687664838939,0.0,14.904911802405296,6053.542629056692
2017-06-14,2.464734448432517,0.0,16.99252548790513,7373.007786717465
2017-06-15,2.3852823728892707,2.977134743220338,14.693032141624611,5847.357685843531
2017-06-16,2.2943377402187832,0.0,14.934968110742375,8486.316272441112
2017-06-17,2.250576584785606,0.14139459456217182,15.509670090858421,7537.971286570239
2017-06-18,2.8162690717250363,19.060220340983722,11.121086585069555,1432.5188261387275
2017-06-19,9.077790900880764,30.145605760513575,10.397330753635154,1604.5345750608842
2017-06-20,11.59805617053338,14.787437437904467,13.753645104085617,3916.248533168909
2017-06-21,6.425701627142721,0.1377684787292605,17.11125048332693,6408.06675507764
2017-06-22,4.873260906703588,0.2556561468368561,18.28021221189202,6515.150988477892
2017-06-23,3.8997159818659775,0.0,20.564473704737065,8605.597271358385
2017-06-24,3.7652536723976815,0.0,19.910128078070642,8489.335933802944
2017-06-25,3.221968150525057,0.0,17.888583443872736,8657.322154699288
2017-06-26,3.0653502912860584,0.0,18.572949070872014,5204.5037575487095
2017-06-27,2.9492333898541547,0.0,19.560590269996432,7303.053911161893
2017-06-28,2.858180557815303,0.0,21.675387677816886,8739.844408671313
2017-06-29,2.7210275392279404,0.0,24.557612408757464,8289.152303480203
2017-06-30,2.626996349339193,0.0,24.941373456472416,9407.705871188087
2017-07-01,2.3629311598675287,0.0,25.2731410687513,9728.311162700897
2017-07-02,2.2571157565885205,0.0,23.75318113557207,8784.92147980623
2017-07-03,2.221387437506172,4.585631977486752,22.358593093486885,7679.640992104554
2017-07-04,6.477587857614708,45.9621317363348,13.70789871436809,345.0383111840756
2017-07-05,3.893661857708715,0.0,13.645510308599675,2604.886035809586
2017-07-06,3.342524302469104,0.0,14.00103254549248,4645.8894636106725
2017-07-07,2.86875327249686,0.0,15.273987959780275,5390.95144042475
2017-07-08,2.699994766884652,0.0,16.27445257512651,6827.319698182413
2017-07-09,2.543198831840288,0.0,19.614070662686636,7948.284704657091
2017-07-10,2.416555671068877,0.0,17.31104029600552,7613.844480846737
2017-07-11,2.321994463822596,0.0,16.881601165754695,6873.377652148028
2017-07-12,2.2150651474273464,0.0,19.83422023494274,6993.162365388227
2017-07-13,2.189493673922327,0.0,21.34642910103956,7634.809003555438
2017-07-14,2.141963259174461,0.8598702879619293,17.682115151718893,212.5554863823348
2017-07-15,2.1264165896557725,0.0,15.203189137768785,136.97700096199
2017-07-16,2.177635043528773,3.587709481147966,17.079076153059198,286.2187930120677
2017-07-17,2.242273553644426,2.3561618455572098,16.147909199975558,2122.3889817504933
2017-07-18,3.0365423891277445,6.953465166225701,15.626906729979734,2597.146590842154
2017-07-19,3.237229184071507,17.56895356736904,15.293446595995006,3057.289712060613
2017-07-20,2.4839940457458685,0.0,15.484017263087079,4391.851209925657
2017-07-21,2.37593723215451,0.0,15.960258030570484,3872.3929364149176
2017-07-22,2.13243616540755,0.0,17.803662286258973,6937.965058959383
2017-07-23,2.027004625242116,0.0,19.150527350618308,6915.96896506607
2017-07-24,1.903162979896121,0.0,20.687008500599898,6771.16411962991
2017-07-25,1.7416339567809789,0.0,24.26519193040469,7358.319277087199
2017-07-26,1.5941123460241935,0.0,23.86689094208169,7349.07020259358
2017-07-27,1.931368029584721,18.56954588480389,19.53241061871845,5740.212566560967
2017-07-28,2.209274027273251,2.4120060877375313,15.82925843004225,4207.659443274053
2017-07-29,2.087705827469615,0.0,18.71792814995541,7075.607206872656
2017-07-30,1.9238919646506076,0.0,17.643621866757275,6806.347012697519
2017-07-31,1.606055459627517,0.0,16.4776885155222,5853.193305104561
2017-08-01,1.4346757555977026,0.0,16.777964725294254,3693.391372274301
2017-08-02,1.7015567479406752,0.6497248229626758,17.748184091536743,4090.531749527529
2017-08-03,1.5791852178048942,0.0,18.67836321955206,3778.375829224693
2017-08-04,1.6742288969364685,0.6765673480169443,19.060125265195094,3645.2188906722095
2017-08-05,1.5867500786726645,0.0,20.16671545615671,3862.025140122307
2017-08-06,1.5540205301889087,0.0,20.689444373084477,3847.489195102095
2017-08-07,1.5128270763369174,0.0,21.02430383539409,5616.644791118916
2017-08-08,1.472367502685297,0.16299913484129291,20.170296645387616,3483.7526713987463
2017-08-09,1.4426697461365108,0.30325039998300063,19.185259945640546,3872.4445524404
2017-08-10,1.4121362918040403,0.0,18.38835288762748,3679.19263698425
2017-08-11,1.4138437344479455,0.0,19.087429448193085,4536.765384613793
2017-08-12,1.3918235537987655,0.0,19.820825406709623,5566.105978046675
2017-08-13,1.3689450313849665,0.0,20.039719382064128,5394.393512832177
2017-08-14,1.3322994808680058,0.09464915366107998,16.461553339227798,3700.3434792367143
2017-08-15,1.400317399872524,5.73279077889409,15.865370299191497,2587.814792180469
2017-08-16,1.7816429400403777,19.97420703063178,17.499764079645285,3995.2556161923
2017-08-17,2.135460795277095,0.6549766561437805,16.96068227787395,2638.153344191585
2017-08-18,2.106399589894184,0.0,18.20771286567792,3981.848241562973
2017-08-19,1.820504940050547,0.0,17.93914913307771,3895.382572291237
2017-08-20,1.7965612349583373,2.9293771064184253,18.428725700294457,4997.436120539512
2017-08-21,1.537805589350146,8.858908069078646,17.523245762640997,3726.712528722037
2017-08-22,6.702389916802954,55.92496886537207,13.772404687231159,1423.9439804868186
2017-08-23,2.7375641716396437,0.07889690156422415,14.363110703874014,3788.633676528904
2017-08-24,2.0433048032967904,0.0,14.93968826021939,4885.499433496551
2017-08-25,1.596043532733989,0.0,15.106967606219204,3736.514671291952
2017-08-26,1.5531560004713465,0.0,15.471363978890132,3977.50796001973
2017-08-27,1.4321665678384905,0.3579030472547893,16.47411089255134,3406.670242885146
2017-08-28,1.3897465411018002,0.0,16.76371976909568,4206.00109700253
2017-08-29,1.4809859357477817,1.379861497168421,15.204970903668926,4457.880373240211
2017-08-30,1.4778091098980493,0.3479116536971735,11.767453318755372,2048.696995966701
2017-08-31,1.477788538619472,0.0,12.834823324803764,3725.925053427829
2017-09-01,1.343274478054287,0.0,14.891359561079312,4438.6010906621705
2017-09-02,1.2854280347616271,0.0,18.439128732017167,4967.733229248382
2017-09-03,1.2703028677854733,0.0,22.290394832191488,4903.709436504156
2017-09-04,1.2525316896983505,0.3427063219843289,17.366145555202568,3907.454939660314
2017-09-05,1.187079327343179,1.7697026450450506,13.299394574380687,1999.0334965381128
2017-09-06,1.1890310344298316,6.386445503208366,11.740487509296715,2215.843835478042
2017-09-07,1.1685712968739048,0.0,16.353835927222605,4479.231770917299
2017-09-08,1.1536735379531833,0.0,18.726551040213895,4928.311830479543
2017-09-09,1.1241558148136406,0.0,20.73607816150865,4558.47315666202
2017-09-10,1.1049656256645426,0.0,22.743058167501943,4611.143844149348
2017-09-11,1.0902032637969428,0.0,23.48859536457773,4582.309842253007
2017-09-12,1.08445630954836,0.0,21.34560363977015,5494.840836004968
2017-09-13,1.0755985121239031,0.0,18.949637400156774,4608.2819519205605
2017-09-14,1.0742641832427076,0.0,16.550089321330816,4037.567782555189
2017-09-15,1.062905757431379,0.0,17.32982307591538,3247.4182277090367
2017-09-16,1.0568983298898302,0.0,18.965983417336105,3249.7355366862985
2017-09-17,1.0535070952079677,0.0,20.534711822488283,3380.778305426298
2017-09-18,1.0534330147059976,0.0,20.709199888466294,4234.372776939347
2017-09-19,1.053156994463737,0.0,22.48692701591414,4306.072702873335
2017-09-20,1.0465912200073022,0.0,24.37452854513512,4760.851773191965
2017-09-21,1.5049901684706215,4.1455794479234465,16.466465884200236,3767.834703113473
2017-09-22,1.2024296486993342,3.9576066004704096,11.727256829706207,2735.4035099639823
2017-09-23,1.064010724786532,0.0,10.949293912396197,1914.828682786308
2017-09-24,1.046353846504487,0.05082238563190465,12.103963262012263,3441.2740407755214
2017-09-25,1.0245625730613197,0.6604758891536596,14.870786295758704,3115.03696147406
2017-09-26,1.0197065286853062,0.34301516571979546,13.980423576626631,1244.4014277858046
2017-09-27,1.1919770820358286,3.0042937419582736,13.544912655284339,3132.0371867941967
2017-09-28,0.9167641963499356,5.984225401134429,8.785032405960889,352.60055720629606
2017-09-29,1.3226263957295497,1.251462521757792,8.245178608195424,443.585714061503
2017-09-30,1.3118079193647174,6.397062363888622,10.163953783178194,694.9406571911161
2017-10-01,4.199074074074074,50.99481047830009,8.147564342699344,56.76712946654434
2017-10-02,2.0495568099271897,1.8211863137064312,7.346251228261443,1246.1817759581836
2017-10-03,1.5313632204332874,0.0,7.179406482684195,941.8744668246704
2017-10-04,1.4512188985814696,0.043517924293708765,8.731373725447305,2486.501040776964
2017-10-05,1.222545788197749,0.0,11.086450358361684,2710.812095842502
2017-10-06,1.1609750540502992,0.0,14.867941472570976,3043.977201050496
2017-10-07,1.2027753388733995,0.2978339982602046,15.457548818730565,1550.523383702873
2017-10-08,1.3786301579433926,6.639796786048462,6.472616872669323,531.8011728923192
2017-10-09,1.2113282635941778,0.0,7.5070882631627045,2242.932438440084
2017-10-10,1.1750219665967765,0.0,8.371956148275423,2499.808728003864
2017-10-11,1.0963206655411266,0.0,8.193187398319044,2460.318537405028
2017-10-12,0.9906158747043404,0.0,8.898086191979157,2451.3203763442502
2017-10-13,0.9635825697215518,2.2645506745908537,10.972048957463427,2384.103374976618
2017-10-14,1.5004970236916486,11.176503788370386,7.040906914842283,678.5232304084446
2017-10-15,1.3472693424330804,0.274635299662718,9.697572884122646,2207.3013589907096
2017-10-16,1.2059163700335318,0.1088594771119435,9.742539208390564,1131.2970033944034
2017-10-17,1.083562328555786,0.1377684787292605,12.296031301755558,2141.189099217789
2017-10-18,1.042231963398602,0.3944845078211207,14.564553651192504,2245.9833353667264
2017-10-19,0.9963012753538748,0.0,15.110696482356737,2238.4165561429736
2017-10-20,0.9929906586538256,0.0686588249156795,14.126025008462943,2117.6781541140126
2017-10-21,0.988158823231945,0.0,13.41921221777749,2017.242783384186
2017-10-22,0.975554185357534,0.0,11.712917133061046,1981.6463709677687
2017-10-23,0.9686428243398816,0.0,14.609122398494863,1787.152240811952
2017-10-24,1.0436794580788828,3.899300517848424,11.771892198744336,868.2723419099207
2017-10-25,2.056478379527582,30.54647434311666,9.618740385341392,336.04559778268305
2017-10-26,2.9725123002641998,7.862523333389085,6.678014280294902,423.6514958121188
2017-10-27,1.4146447550510728,0.20349368833459125,9.37814542994899,1521.8604286244993
2017-10-28,1.7145346495639489,13.999383571656306,8.249303836838717,626.5396284126414
2017-10-29,2.1331777671771524,9.79098765602728,5.608703657308336,909.1884140483534
2017-10-30,2.122364721745695,1.460736453408457,3.670266914235391,1574.367127754868
2017-10-31,1.7540573438193765,0.0,1.421263967403171,1076.189332569954
2017-11-01,1.405145536922816,0.0,1.2221766894388284,949.3005891719838
2017-11-02,1.3107600967468989,0.0,3.5750817363188263,1232.3760736518238
2017-11-03,1.1949306909677473,2.6199509726293986,7.076657346086136,1147.6578623702046
2017-11-04,1.294728356201384,1.1337210415806824,5.645602560260196,545.796166666231
2017-11-05,1.6412539397004642,9.601420763335213,5.527647929601041,111.27767291652552
2017-11-06,1.5160772683075685,0.08326774759207128,5.3343702468288035,448.8529397174737
2017-11-07,1.3771202523521262,0.0,7.262652498478345,1103.2480850679765
2017-11-08,1.3509877459691264,0.0,10.32241578711077,1137.1843751863482
2017-11-09,1.2862501675842692,0.0,8.8570662234449,1266.353382262115
2017-11-10,1.2491964605863144,0.3313398583537524,5.955243243418166,430.0401089116008
2017-11-11,1.2101809722606962,0.0,8.500807769392111,1082.4829580137898
2017-11-12,1.1872571604586304,0.2402477356780673,12.946766056233605,1091.4101194994655
2017-11-13,1.179304992343576,0.0,13.031015200228374,1093.22298083825
2017-11-14,1.168269352925658,0.0,11.151811867928755,1352.731201208681
2017-11-15,1.1403765003844593,0.0,8.639719879461442,947.5137726251868
2017-11-16,1.101170954181668,0.0,6.983401535878898,193.6367697066208
2017-11-17,1.0846574558306437,0.0,8.45118625959156,745.3396303341574
2017-11-18,1.0738219918270449,0.0,10.331623522475113,593.6770435870328
2017-11-19,1.1986021992523666,2.054384428083567,9.063096351702779,506.8356452584936
2017-11-20,2.525857388743305,24.561265672970798,2.7595987295192117,433.1381136415085
2017-11-21,2.719168760667397,1.8874520237125139,-1.138769733782525,143.47207488681568
2017-11-22,1.5735511825594886,5.503553895688641,1.8150105502725902,390.0314426252517
2017-11-23,2.659510281337735,1.3856994597772336,4.419329249315874,183.54804549108584
2017-11-24,2.179215022821828,0.11217674920938826,5.5300250039274825,604.2143001478895
2017-11-25,2.0563218023997165,0.0,6.268782140850877,961.0254831152116
2017-11-26,1.9113917405186305,0.0,8.112261963947251,1079.1848828991106
2017-11-27,2.192768304814945,10.233767415013585,8.653970094728933,997.1514043251487
2017-11-28,4.850906328523396,24.663211370179848,3.7174684412568126,410.3252818765973
2017-11-29,4.814253477453788,0.22935697435598906,3.3461439962045585,457.0429310183487
2017-11-30,3.1949324951896334,0.0,8.141176428368084,1141.901555071276
2017-12-01,2.9604055041814834,0.0,10.706008757222671,1430.1209358763651
2017-12-02,2.3743142275897564,0.0,12.84560831375996,1229.848576770402
2017-12-03,2.2341369357189267,0.0,13.679404210874043,899.4539413100235
2017-12-04,4.243751980801602,28.74629875232967,6.207873577680383,521.8597369067213
2017-12-05,5.984977225833893,12.184105417910066,-2.4938648118560423,60.66418312755786
2017-12-06,4.525269234083837,8.672248850439452,-2.2258223423973305,207.47741934023168
2017-12-07,3.770447822870125,0.1753070721167014,0.7123224598073323,328.5088510092417
2017-12-08,3.615162572675668,0.10226245873474246,4.977316077194768,844.6487870040562
2017-12-09,3.2125454787348926,0.06574015204376299,6.1016129416810285,337.058513970342
2017-12-10,5.499066347941538,6.395276362721139,3.5089019467209295,493.475678481563
2017-12-11,4.721561418405369,0.05843569070556712,7.144559213069426,617.3254650818515
2017-12-12,4.1963461820654855,0.0,8.272992663437487,568.3986643524984
2017-12-13,3.655601472006398,0.0,8.478897712563125,808.6456328766403
2017-12-14,3.4772750263706524,0.0,8.443880228771144,632.136486945693
2017-12-15,3.0714060370968137,0.0,8.530267401964085,1028.509924866963
2017-12-16,2.932788989803887,0.5153646045642786,10.038941722814702,1293.649506241251
2017-12-17,2.881497817438244,3.754770883603858,8.705949873806432,751.54684795152
2017-12-18,2.8364385389228794,4.242228318968967,1.808735980402513,29.420194674485813
2017-12-19,3.7701287928097216,9.17713740405196,0.8009966629374731,104.06229733337206
2017-12-20,4.376861947931019,1.1497614667704597,-2.1991407831201215,78.05901857531228
2017-12-21,3.871036911607971,5.066604735437504,-1.4673663511984574,172.53491324817784
2017-12-22,6.119428388947611,19.960926732238754,-1.6910243184524145,49.824893546654856
2017-12-23,8.56282702071408,18.422614010696595,-3.1292112143458533,19.309441065140284
2017-12-24,5.841916828279699,1.1902866218784678,-2.1792342229269464,286.2026899084039
2017-12-25,4.846215728586452,6.751945341345542,3.2174040325079676,713.5701971430067
2017-12-26,4.950107909116358,0.13878476542572193,4.301578839326999,1151.1470826072214
2017-12-27,5.32296734740621,0.04382676802917533,5.922950627167713,1252.628863477172
2017-12-28,5.826925816211296,0.0,6.226051032996337,1243.6954202750956
2017-12-29,9.022661517711038,2.5077405130697246,6.466222863268432,626.8460257608938
2017-12-30,11.391030088716006,4.5030896508952925,3.9940258078552953,708.1328401192322
2017-12-31,10.237696627445589,0.3254875701714872,0.07665341403568124,309.9796964582848
2018-01-01,7.251654074558752,0.00730446133819589,4.258592221053423,867.7342785747745
2018-01-02,6.165192228081788,0.1293889541138808,6.81897240712401,1075.17545842164
2018-01-03,6.525384222492374,4.900933498842813,3.9679038851747332,408.2560853563047
2018-01-04,5.863883590626712,1.4624952822349047,2.9412845132846352,401.6030038122633
2018-01-05,5.416096028904728,0.8609986749439612,1.256879306791201,224.85110573053956
2018-01-06,5.170455500361525,0.09495799739654656,4.7987310288611695,947.6906706313864
2018-01-07,4.427580983460128,0.0,6.92893323790957,1219.679071598308
2018-01-08,4.152096367834687,0.0,6.373953509630464,805.4507087364947
2018-01-09,3.5835636438660536,0.0,3.950268858077643,426.1531207272538
2018-01-10,3.957627025336296,0.0,4.881654517992265,804.3342657994792
2018-01-11,3.883101851851852,0.8478692816852765,6.138676780110838,953.246101086437
2018-01-12,4.054217638548702,9.93599070464253,3.3031221626599505,115.45989066939153
2018-01-13,6.729295045479607,10.485580822783927,0.05543422555435368,27.03316861763416
2018-01-14,12.850502413574295,17.69370276052765,-3.14708546473218,65.99198685787651
2018-01-15,7.027243023637397,3.756667799064065,-2.34959221684247,458.0172570640461
2018-01-16,6.398581108037842,1.7744185647543218,2.0717299693685565,489.4045311973386
2018-01-17,7.961107468642106,11.510101211901633,4.748038935274415,1528.15867390973
2018-01-18,20.2290785561498,11.12971867131775,-3.287425081908175,139.09511217441255
2018-01-19,11.530324747105151,0.3120219769155595,-0.9806438520825609,1542.8461017759737
2018-01-20,9.129781376357348,0.29190689702631,4.72597242201317,1507.4407297844402
2018-01-21,9.10783907251938,2.18541667145863,6.132202600392332,306.0378312650115
2018-01-22,14.80776718469419,22.258327198185807,1.228068550751368,391.8568816592693
2018-01-23,17.10537038796745,13.09930571465358,-3.517515773322983,74.70494128613194
2018-01-24,12.255962570499218,3.9477038683703807,-4.974566976195173,217.3291367087756
2018-01-25,9.758574996878004,1.5722939429603398,-5.375562037200654,209.36372434450345
2018-01-26,7.736660625844061,0.42985488673569383,-5.183974440082492,430.1106076163709
2018-01-27,7.094706107443097,2.011258905556273,-3.9209859529106095,517.1302695985001
2018-01-28,6.402449605041831,1.0780949302306473,-1.8393926340316789,1325.2361490989824
2018-01-29,5.875307877229182,5.644632565762111,2.0613871246820774,1126.2092027700608
2018-01-30,6.449542423734796,0.137317649831359,5.357071367880289,2064.0572648102057
2018-01-31,7.251090976000028,0.0,4.4761722310075855,1661.9919294290253
2018-02-01,7.197544749349853,0.0,6.912794539698918,2374.363507798625
2018-02-02,8.803223131529101,0.0,7.216293547720185,1365.2554048176812
2018-02-03,12.211438392205498,0.0,10.02462432876314,1768.5159920822396
2018-02-04,17.28335520523839,17.17171468399854,5.7468064695418954,863.5788035005613
2018-02-05,17.223739037925085,0.0,0.7835558842149473,147.64944878707567
2018-02-06,12.95394502202604,0.0,1.9723936309487615,413.7063537843821
2018-02-07,10.609038826438892,0.16802495557401417,11.096753255267569,1193.3803780325732
2018-02-08,12.28616220605531,2.297334526579604,8.670417898225077,2432.495591558423
2018-02-09,11.452327571489208,0.0,6.880870313306598,1896.2082792751492
2018-02-10,9.856607932449096,2.668859791992464,6.639290772743855,617.1085547595663
2018-02-11,10.769658760728246,3.3377247594390385,4.481334674683916,1459.6538916890115
2018-02-12,10.229880933750898,0.49084985105830115,-0.9985871794921113,269.3872523668052
2018-02-13,8.062064122124344,0.1910736507736124,1.0215900532479507,1038.1621164581393
2018-02-14,7.001648242617125,0.4756531257878408,4.03574070093691,1458.9207373319327
2018-02-15,6.7822229650997485,0.0,3.340453289570801,1570.435977139159
2018-02-16,6.204254560337698,1.4960334180961257,1.3318248396188985,153.2898978834668
2018-02-17,6.040089839953049,1.656859326998283,-0.4100704048548163,79.57106979524522
2018-02-18,5.748999979679634,0.137317649831359,1.5124204821142677,1866.6956483473664
2018-02-19,5.408749466287245,0.1067308399043573,0.4727514400510003,537.2301987499409
2018-02-20,5.270740244401228,0.0,1.4144404463196727,564.7484277840496
2018-02-21,5.233434001431019,0.137317649831359,3.189752901873044,1565.583593432253
2018-02-22,5.005274417299429,0.7626405741628868,5.724455309894208,745.8793376742785
2018-02-23,5.23955007423402,1.5102743431616987,0.7010386934243296,108.91670780318958
2018-02-24,6.433386840844823,19.467624605529267,-0.023110387810427874,224.22253482956745
2018-02-25,9.138815044203092,5.574680968256848,-2.2900816903951733,383.73362628033664
2018-02-26,9.67954680004427,9.770631328558512,1.1132235524378868,870.0952333358764
2018-02-27,9.875241778530924,3.886008054745639,1.674410162828556,514.9779989058511
2018-02-28,24.181900158698024,25.187259653707454,-2.79443385786335,582.3724469104864
2018-03-01,16.376192429975585,0.6526584382730246,-4.118763144685992,1329.1122881705624
2018-03-02,12.311184039787864,2.711640111026549,7.499520661842036,2525.846841008148
2018-03-03,13.231377269087185,11.59304895314964,8.488834035241673,2675.1233056379488
2018-03-04,14.823277571942096,5.9024961348758405,4.218828664280161,1627.2132820795275
2018-03-05,12.80647692160849,5.097161898439373,6.319936201941062,278.85474957215257
2018-03-06,14.851271955130969,4.534291049563669,10.095026294445182,2175.766730916237
2018-03-07,12.287750690451984,0.0,12.192924225192396,4417.01387441021
2018-03-08,13.02225808031124,11.872119567987472,5.404914671790232,702.2840235648753
2018-03-09,11.810015720790808,0.44997164077790686,4.2415330982290556,1856.1955774885969
2018-03-10,10.2179078137267,0.0,7.566324942301732,3626.5838158159095
2018-03-11,9.441857895046528,0.0,9.637263119176154,4036.2777785460144
2018-03-12,8.435241161499349,0.15237740140565226,12.350670027815271,4654.161775815296
2018-03-13,9.205777330674204,9.581026235320321,8.448029951659969,2132.7392691930195
2018-03-14,8.612143295893517,0.9806050154788369,6.9316615831711275,3181.552768730536
2018-03-15,8.086300107579497,3.402878597580303,4.401942899106829,1109.4527743337328
2018-03-16,7.36102517923822,0.1446221111695549,8.831995586146006,3581.211563118588
2018-03-17,6.768365337155179,0.0,15.445496475076725,5469.573595763551
2018-03-18,6.7151140612452895,0.5222546687897867,12.775568564535408,3623.5690510439754
2018-03-19,6.482059741822519,0.28834757600957456,9.290120852352018,377.5771056897108
2018-03-20,6.111451689874871,0.855789140463065,7.908873250910802,2123.7275894046124
2018-03-21,5.682270430891578,0.0,9.46906233277898,4312.050580997529
2018-03-22,5.505954991520193,0.24399516603086835,4.504961144574354,23.9577376655338
2018-03-23,5.419775227118174,0.20679639528823332,6.2726857582506215,1182.6748238356945
2018-03-24,5.711962214129898,3.202886549807725,2.405072533310842,108.05049156140304
2018-03-25,5.560432939182765,0.8504599115062855,5.887682622106302,986.1714534823204
2018-03-26,4.895103143671917,0.015353652871327589,10.486489156901722,3922.33856147856
2018-03-27,5.0346690491464265,3.9581490975950837,8.289635170568127,2378.851738561582
2018-03-28,5.778576324772002,12.246986765601585,4.42311455360201,291.42252695433467
2018-03-29,20.99657655013555,20.646713863537496,0.8657862703065677,15.613140653660963
2018-03-30,13.8564124582692,0.2213301276183661,6.899581629072845,2694.393330442829
2018-03-31,7.487279123992692,0.0,13.771315375312593,5133.9124813894
2018-04-01,9.4975784264333,5.716354310939268,12.367831574833895,6986.461980576596
2018-04-02,8.384189680114236,1.8030441761672575,5.650765225569554,3712.05861320389
2018-04-03,7.542984279246466,0.0,6.553921038125906,4628.418613761485
2018-04-04,6.856118212756245,0.0,12.379902503977565,5432.48627333409
2018-04-05,6.9232112276663305,0.0,16.23199122795067,5541.487813915805
2018-04-06,6.124421481780897,0.0,13.963009818811349,4359.126900982555
2018-04-07,5.827268013946038,0.0,7.4222143048251,2654.630187324438
2018-04-08,5.78043556385049,0.015353652871327589,6.670672774132626,1250.9247663482415
2018-04-09,4.830284724966845,0.12241482585793291,11.297121689787412,4001.198961549739
2018-04-10,4.73853823781512,0.0,14.25237442798084,4246.271540490657
2018-04-11,4.810775604800869,0.021913384014587665,15.019827753120637,2763.4740842716337
2018-04-12,4.717298718919195,0.0,14.445860616857722,4804.479998235253
2018-04-13,4.652023041632759,0.0,14.253385077965792,4660.227345947013
2018-04-14,4.073771482417497,0.0,11.437887670505004,2859.9791899009574
2018-04-15,3.972373042833425,0.0,11.29685455610566,3782.655077529516
2018-04-16,3.912526066657428,0.0,15.645816954450622,4874.461976440896
2018-04-17,3.895679296612859,0.0,13.472203502005687,3362.489226069758
2018-04-18,3.812320651801055,0.0,9.845584803051445,3538.8648806866577
2018-04-19,3.636775555946136,0.15569467350309701,9.737962454771502,4517.615438613878
2018-04-20,4.217137295973131,10.976469236935863,4.346284115917048,490.1777431321565
2018-04-21,3.5857463181945755,0.0,6.8722114494891535,4284.794748443536
2018-04-22,3.3513104945172527,0.0,13.131906873791793,5233.591899522529
2018-04-23,3.053023485561199,0.0,15.787425162157962,5922.804657152647
2018-04-24,3.012531710739565,0.0,16.795094827721776,6526.23791817104
2018-04-25,3.005582758977507,0.0,16.697365867479373,6396.625969361347
2018-04-26,2.973476789044712,0.0,17.068226745894027,6979.277307578795
2018-04-27,2.7852770505010063,0.0,15.333996511878627,5817.057629603596
2018-04-28,2.7658687640671538,0.0,13.623865118987082,5701.639908540568
2018-04-29,2.564381210515631,0.0,16.030065452533943,4253.297102539333
2018-04-30,2.56061275325638,0.0,16.181602656230183,4592.939272405831
2018-05-01,2.555250797388338,0.0,14.898665939748902,3800.1079022236554
2018-05-02,2.4889513734239577,0.0,15.899376701450652,5079.005232357434
2018-05-03,2.4211894171701527,0.0,17.527670067384648,6106.665205244652
2018-05-04,2.249395409947899,0.0,16.50656661410261,4015.17172685786
2018-05-05,2.4573685874800684,2.719415695717485,14.117474193513356,2790.778919314461
2018-05-06,3.2155596718498325,16.153088097078026,10.80657057088364,1365.7433915156323
2018-05-07,9.195378536022591,52.210246505323546,10.083161210804528,833.8907901871564
2018-05-08,13.056106522994892,6.094011411425979,10.445343643977866,1959.7518187390965
2018-05-09,10.653413828281494,11.71353572808777,11.517124122649381,1989.7069665120248
2018-05-10,8.27121163575732,7.688219067838101,11.72449468724393,2162.276600043526
2018-05-11,10.855456386154376,22.995327972928486,9.841420315118885,1130.4983315055854
2018-05-12,18.33978138304799,0.9759215102481211,7.340010774795739,1831.7295895008972
2018-05-13,11.077977739106371,0.0,9.717561853065279,5729.829962938405
2018-05-14,7.702333942594254,0.0,14.67403644225745,6060.20121216781
2018-05-15,5.817199933453658,0.0,18.100888963833853,6457.516349126687
2018-05-16,5.284907407407408,0.0,20.51800084471063,7355.510025558151
2018-05-17,4.6561846733586725,0.0,19.509554916610867,5860.975942859301
2018-05-18,4.164207985780262,0.0,18.54318354798196,5073.984996685384
2018-05-19,4.102919425785407,4.192463285990375,17.056918130785245,5925.148303723818
2018-05-20,3.7766027345108006,0.02191338401458767,12.492886246835168,1503.8065462005932
2018-05-21,3.389501274955176,0.9084502261898256,12.145725752988923,2633.2525033175075
2018-05-22,3.491766206448326,1.495309358543735,12.637561641936268,1335.7135069641183
2018-05-23,3.336612076341405,0.12241482585793291,12.926108797012795,2130.320616187553
2018-05-24,4.8849023147482775,29.389175035840115,14.792486956590281,4532.885200210772
2018-05-25,4.568257330553954,2.2819389055521864,13.51519494818092,2708.6920784477247
2018-05-26,9.494792266960244,39.07229534959823,13.269821247003,2464.5286017004823
2018-05-27,15.240576620078398,5.289679216605361,12.99760941168409,2760.792628906006
2018-05-28,9.506502084027684,5.051160700205115,11.923119491824416,1194.8190082184512
2018-05-29,7.938533338065587,4.564816994717864,11.882623300176125,1989.0366288714977
2018-05-30,6.354600571005716,0.31995845228474373,12.298685773472387,3642.243629034522
2018-05-31,5.775870295832518,0.16593275015164166,12.23368446045961,4848.053686081251
2018-06-01,4.797971197793964,0.0,14.900889745705125,9139.22163534974
2018-06-02,4.311227284067993,0.0,12.690572647552814,7431.267756643764
2018-06-03,4.1240691397165214,0.0,14.103240944143632,9251.042176425206
2018-06-04,3.783444621515441,0.3448054516096801,17.91922691200288,9687.676709120726
2018-06-05,3.8637548946581584,0.708252559189645,17.728901066477,7809.168328388619
2018-06-06,4.224966110472659,10.40820688122151,18.933170282119363,8559.625093186309
2018-06-07,3.7592640295088233,0.06617603850323224,18.636621726980223,9753.619952364576
2018-06-08,3.318528798741928,0.0,17.652662421998222,6448.415213182793
2018-06-09,3.240068420693297,0.0,21.038340648224537,9420.296711047842
2018-06-10,2.950638319537973,0.0,16.879902001543606,9213.419050395723
2018-06-11,2.7569280457096697,0.0,14.877619930347429,6443.246321975476
2018-06-12,2.729099373017388,0.0,15.23051684324267,9417.591571213004
2018-06-13,2.6404162759656216,0.0,18.258799667688905,9274.528952382245
2018-06-14,2.3281187325948363,0.0,20.293802188046104,9176.814160253743
2018-06-15,2.3211948319656788,0.0,20.459678774337156,8477.662670059972
2018-06-16,2.8885792234314547,0.7671614235886224,17.34745958127809,7402.985959025736
2018-06-17,2.393328147394216,0.5901323317253167,15.15893601948985,5335.707635773461
2018-06-18,2.219138539837328,0.0,16.06810960637724,5162.84844796622
2018-06-19,2.930674362308919,25.53982524794199,15.94588334024823,5244.685315956464
2018-06-20,2.649569194580629,0.07889690156422415,16.578287462153817,7242.284106992703
2018-06-21,2.475071232396425,0.1114922669222792,17.190034109428858,5182.480135195659
2018-06-22,2.3670065858182987,2.3988177260648884,17.23468644437416,6724.799898923947
2018-06-23,3.1187081526890843,20.00247700525521,14.626050749509442,5135.65817393011
2018-06-24,3.110194762538681,4.16015551261815,12.440489998901747,458.728529585012
2018-06-25,2.968800495661825,0.2938617514578858,13.411497211693565,764.1089816393977
2018-06-26,3.1540807816757144,11.26210645127204,17.12655948098976,5203.860673993976
2018-06-27,2.792809305276588,0.26600632377097116,18.01603457863189,5493.6004157916095
2018-06-28,3.0831611961513103,7.631326186504214,17.421265761875496,5195.525856034088
2018-06-29,2.523474454559471,0.1650982644666442,17.084425210485147,5528.554586067152
2018-06-30,2.191337635610543,0.00730446133819589,17.861163597977534,7186.237554261744
2018-07-01,2.080787495070671,0.4375745638908137,17.109787732896116,4772.156460187515
2018-07-02,2.045697219353789,0.0,18.682936300735044,9007.317997260732
2018-07-03,1.9488706778410625,0.0,20.510621464311388,9248.73475951019
2018-07-04,1.7486912741306446,0.0,19.640276428265533,8675.229032006064
2018-07-05,1.7414861482378845,0.0,18.79010238729724,8839.664324639585
2018-07-06,1.703814382419506,0.0,18.007125236884644,6805.950349484538
2018-07-07,1.6311196565864765,0.0,17.671961647267914,8202.403854299442
2018-07-08,1.5674257101455185,0.0,17.30193435826972,4791.9463966650455
2018-07-09,1.5467654722350097,0.0,18.339489455218565,6848.900105218792
2018-07-10,1.9555736464177385,4.599295372467163,18.79567404133661,5878.375856234329
2018-07-11,1.7135728999198323,0.0,18.014525952782844,4114.215329770744
2018-07-12,1.5805849031645582,0.22843044314958932,17.138472827706202,2688.2183776708484
2018-07-13,1.6250207824680742,1.1802623366748017,18.19688269285938,4570.90456465907
2018-07-14,1.780674337749122,1.745127543758381,17.341984835903567,3693.4543014558103
2018-07-15,1.6954359482477386,1.0756845659790208,17.251943233517032,4599.740703412278
2018-07-16,1.5660146033531674,0.07889690156422415,18.358744583234625,5088.935347250068
2018-07-17,1.408771286860774,4.1298680578506595,20.658277815493427,7270.440730569908
2018-07-18,1.5587824253613771,0.11948121054758415,17.23133396880231,3193.7930031777137
2018-07-19,1.67266972216889,2.1477573426851855,17.729506948532414,6021.998087186484
2018-07-20,1.7228524203465427,4.330441830563958,17.2648773095986,3012.5588070277977
2018-07-21,1.6118465136748852,0.08620136290242003,19.62303937433676,5881.851216067814
2018-07-22,1.502422624583421,0.01460892267639178,20.776614336810518,6309.519498740107
2018-07-23,1.5273463380439292,3.5803223251400436,21.417461010347917,6744.337041011193
2018-07-24,2.4861409453387577,14.207909452176594,16.399321338101764,3521.314844203346
2018-07-25,2.714440224843631,19.08386726526812,17.346937113027472,4910.8689430340055
2018-07-26,2.038942257156887,0.20603672265486522,19.18038370103014,6322.800557333854
2018-07-27,1.776280849291837,3.266227086169339,17.9212687834829,4403.734301580553
2018-07-28,1.69650240014785,0.0,18.624907742562073,7019.904187023308
2018-07-29,1.7532790352728054,4.407974084387952,19.075951353254137,5961.0939823482
2018-07-30,1.5193007224961028,0.00730446133819589,19.47035164168991,5774.769690115526
2018-07-31,1.491706565418007,0.36377027787548677,19.147433878508217,3435.187709314373
2018-08-01,1.8392893626291744,2.565806542017529,19.103168275718673,156.66829816188138
2018-08-02,1.6101743855384194,1.0070251251849642,19.351567163086784,3898.391597876447
2018-08-03,1.5704905847952688,1.0468968788815933,18.785328293676617,4421.685636904052
2018-08-04,1.506128116038307,0.0,18.86893812104502,6249.873369396815
2018-08-05,1.4427776638646947,0.0,18.967276918505256,6187.357659799083
2018-08-06,1.41801081992832,0.0,19.018116644346172,5793.635875589234
2018-08-07,1.368963646900634,0.043517924293708765,18.77871796667865,4265.165967266086
2018-08-08,1.374301936060059,3.3490544671121256,19.039397370939817,4031.5865392803
2018-08-09,1.326870058310957,0.0,18.521822973164436,4484.269578745226
2018-08-10,1.3361529822411915,0.0,17.543793573185717,6893.299048180313
2018-08-11,1.3046964862389243,0.0,15.913565822696377,4956.13338746157
2018-08-12,1.2578300817466064,0.0,15.862329527802146,5428.862125819884
2018-08-13,1.1942608274747295,0.0,16.30901090506171,5829.109535771643
2018-08-14,1.167046139961433,0.0,18.224038779984575,5584.934070196953
2018-08-15,1.1440828412703317,0.0,18.83747058978478,5291.935832460884
2018-08-16,1.1280324246905102,0.0,19.285116043978007,4923.601702135891
2018-08-17,1.1236469282031618,0.0,19.036378219637147,4235.713546769041
2018-08-18,1.095204998621522,0.0,19.27653854795424,4199.61740675742
2018-08-19,1.0735667072855728,0.0,19.024041575687086,5644.50454230899
2018-08-20,1.0582328023595753,0.0,17.39456742700739,5375.607598831817
2018-08-21,1.046982377511311,0.0,17.838100787139936,5094.298234424508
2018-08-22,1.0360030132133666,0.0,18.22679442319857,4609.956280527258
2018-08-23,1.0213423399846775,0.0,18.372220320533344,5227.267599174052
2018-08-24,0.99835528495877,0.0,19.528155795131042,4502.473659293257
2018-08-25,0.9878759282664854,0.0,18.379363567822097,2780.9143209476206
2018-08-26,0.9633931843723136,0.0,18.649179614871187,2947.0203601672865
2018-08-27,0.9973843306810544,2.6364504477783908,18.965978553434528,3410.295037808051
2018-08-28,1.0265969859294912,2.516115026218836,18.669616805134428,4821.662353478947
2018-08-29,1.0246540623127145,0.9132253996473139,17.70505581246045,3582.89406023525
2018-08-30,1.0072225147572755,0.0,18.40495029430294,4562.743803845517
2018-08-31,0.9995633895495236,0.0,19.166548640662143,5014.359384985429
2018-09-01,0.9723509013514666,0.0,19.886739018769372,4652.05181907854
2018-09-02,0.9607939953857676,0.0,19.363365983143208,4400.338601999752
2018-09-03,0.9520149091408744,0.0,18.788457685273872,4378.825050020717
2018-09-04,0.943297386034738,0.0,19.012272588713557,3749.779735296845
2018-09-05,1.5146487567704032,14.007767705798377,17.914439119434675,4290.960286887508
2018-09-06,1.9428696395661085,11.707881445562771,14.315880391515496,1636.030958152443
2018-09-07,1.5872006013002806,0.12241482585793291,17.094685525254366,3412.1953421483536
2018-09-08,1.2716300795307938,0.0,16.25432292641461,3819.926571326875
2018-09-09,1.1014841644699642,0.27756953085144376,14.999693676297117,3206.733522898445
2018-09-10,1.4341166589090786,8.426014153473186,13.036096055784153,1714.9303431697929
2018-09-11,1.1970782963372948,1.056894000643322,13.768387508068015,2436.5739483214
2018-09-12,1.067887975188127,0.4380024321148295,14.827766922466129,3432.2131738342
2018-09-13,0.9827974295432014,2.5208874803349226,15.005024443973575,2495.7308817675325
2018-09-14,1.4394711428128395,7.931039568256576,13.852451613865325,1900.210110959017
2018-09-15,1.397593601379255,0.09425055443555173,15.83659684049741,3553.1414304038763
2018-09-16,1.2756849422254433,1.115231917623374,15.475259827043523,2867.4308900718315
2018-09-17,1.201633083325371,0.0,13.95035923862336,2849.59105992204
2018-09-18,1.1635002289579488,0.043517924293708765,13.573343629070518,2032.1203920725272
2018-09-19,1.1354141219642528,0.0,13.914463559369254,3733.650249783737
2018-09-20,1.106886284058982,0.0,14.700222295944112,3454.189822810867
2018-09-21,1.0848921428843386,0.0,14.895262520254278,3755.69574540024
2018-09-22,1.0685603902695786,0.0,16.418971088503977,3449.9854317235618
2018-09-23,1.0199263488624524,0.0,17.573758617774573,3348.04029530092
2018-09-24,1.1387378052488384,10.066253873715306,19.48923436033352,3914.445570143901
2018-09-25,2.884643559441939,32.92898450539529,7.43760271458363,261.2584287182696
2018-09-26,2.135664038321144,4.271754115863999,6.316539848664749,310.5863715936123
2018-09-27,1.380762013770939,0.8121839892943825,9.774702557419584,1562.942299069353
2018-09-28,1.2424523784168875,0.0,12.798866387239869,2330.3641068090583
2018-09-29,1.129597922211889,0.0,15.40654269164245,2076.8330055149245
2018-09-30,1.2043884046229505,6.528210283446306,13.141557633559774,1019.3746717877832
2018-10-01,1.2501902216831788,1.6948461565535604,14.362353350672846,2134.4852265055947
2018-10-02,1.2130858296736302,0.2719483674432981,14.319777382685393,2033.8430562971664
2018-10-03,1.1987776778572226,0.41196789193250927,14.419304447200897,2408.075156161989
2018-10-04,1.1517244085839768,0.06617603850323224,9.711839848180606,888.8574187095807
2018-10-05,1.132214734821154,0.0,8.972761647821345,2666.248939228833
2018-10-06,1.118478734433649,0.0,10.685470106387191,2521.6869586812704
2018-10-07,1.0826272118348323,0.0,11.705280215802961,2443.2506486088305
2018-10-08,1.0188240612810535,0.0,11.434665026334425,2244.070861816412
2018-10-09,0.9968860088404586,0.0,10.098774288737316,1050.731523803849
2018-10-10,0.9928654432893886,0.0,10.303903575718738,1442.834652942901
2018-10-11,1.0031825897416478,2.9909275608229366,10.548765503566955,357.2138492365425
2018-10-12,1.294695146376914,6.374219338945454,12.33289668518917,986.0957875120904
2018-10-13,1.8119240458475536,23.95808789718247,11.768089337162847,60.47202289920341
2018-10-14,2.295872683628572,5.02686544799706,12.500460976598212,902.834528609926
2018-10-15,1.6717006914427903,0.3894517628854207,12.089525731522178,539.3586870554093
2018-10-16,1.327871771252222,0.5553845130370624,11.360314088223328,211.49748012849864
2018-10-17,1.561245161344854,4.944835420473755,12.675620387358174,826.0165709319755
2018-10-18,1.2726091359711469,0.3675771374318783,12.508383916101316,719.8448285028837
2018-10-19,1.204633447880199,1.2067783073697331,12.408235517163723,779.3357424920187
2018-10-20,1.658254763707206,5.063421610000731,10.376422915763955,603.6895185564947
2018-10-21,1.5723309685531206,1.0603917411360086,8.906077501252284,470.7358820864301
2018-10-22,1.4077439438539832,0.0,8.586366032337358,1061.2378435003138
2018-10-23,1.2717023738598656,0.00730446133819589,8.863464300129085,1023.745350208105
2018-10-24,1.5851976486131685,20.986257163693253,8.113254325631248,718.6463357780589
2018-10-25,5.127454554909418,10.083611651658511,1.3968027983848348,136.68525464599654
2018-10-26,2.431934619352673,0.6014454716510451,5.618401366076026,1375.1132518787435
2018-10-27,1.7017852535892053,0.0,8.86345129100608,2002.174328101732
2018-10-28,1.5503442439069222,0.0,11.385153840402445,1849.738285309537
2018-10-29,1.4542213700475035,0.0,11.491590139181465,1536.2302479061043
2018-10-30,1.3985722131243723,0.0,13.362523619717876,1365.594860605754
2018-10-31,1.3535425337872715,0.8925647239038335,18.64858076685704,1589.7324444000735
2018-11-01,1.2869711403744892,0.0,13.565640215435572,1547.465713616021
2018-11-02,1.2681419941397591,0.0,9.313302402242691,910.265498419361
2018-11-03,1.2406790472004388,0.2059764747470385,8.958600295734156,1314.6946416489116
2018-11-04,1.2313818171950603,0.2059764747470385,9.57018973802873,1071.705212397267
2018-11-05,1.1990783057329524,0.2059764747470385,8.651189916616774,1288.8741664240345
2018-11-06,1.1816076376779707,0.137317649831359,8.225006724831713,906.8651896037336
2018-11-07,1.1639247315907333,0.0,7.814393478760611,799.5374213275497
2018-11-08,1.155161325170852,0.137317649831359,7.782532427400118,754.1165154704917
2018-11-09,1.1354124071717575,0.40112707025146377,8.08526352227436,577.3038425241352
2018-11-10,1.126653550541736,0.2059764747470385,7.674951097451832,504.4273288800449
2018-11-11,1.1164329247103495,0.137317649831359,7.88823922026047,762.7549734888108
2018-11-12,1.1131516082395232,0.137317649831359,6.088579444868303,401.8848515216648
2018-11-13,1.1446734264007103,3.7632696812975555,4.320873678969239,567.7100243102193
2018-11-14,1.1433039867874333,0.13483486341891174,2.1919614890346693,290.1800742385154
2018-11-15,1.4380830073634547,13.632681848141996,1.7098291660650657,167.1353003910349
2018-11-16,2.3186820547433813,9.60844220967013,1.2573160482675143,360.4440786149078
2018-11-17,1.7465221050246678,0.2059764747470385,3.0507279085280015,363.2452913914482
2018-11-18,1.4537799684365134,2.646393499633414,7.105176330576949,630.3444548011444
2018-11-19,1.4765707648537096,4.048148785812931,10.36834179998332,1004.2163805439563
2018-11-20,1.4545600120111908,0.2059764747470385,10.377731347685014,94.04302265858664
2018-11-21,1.3894192802776286,0.1907877677120316,10.55404767782095,222.57923829322093
2018-11-22,2.633412191191101,15.919342620853644,4.455340384872765,58.06516844993869
2018-11-23,4.180556003997287,3.779537929706035,1.803781043902007,64.29219977385215
2018-11-24,3.0319316220159576,0.0686588249156795,2.1474383795046985,493.666095344872
2018-11-25,2.2345832673609825,0.0,4.989675820428017,685.6772597907127
2018-11-26,1.8943274532951853,3.9710356967192237,9.241990819230777,539.7426523103767
2018-11-27,1.977682746675674,0.8643513215386359,12.019562440631521,817.4602966371735
2018-11-28,2.857263027321447,20.485966105000273,6.0067928250267215,234.1092657040131
2018-11-29,25.94659024086823,43.23760940262742,1.2346319554703546,0.0958229670124876
2018-11-30,34.873132420510146,26.659378070965573,-1.0346364687250165,2.4187907979509844
2018-12-01,13.27845740617288,0.5156968503832375,-0.682684701735144,1.2305943956366208
2018-12-02,7.716451656228754,0.0,2.9280782493482675,72.99986184396988
2018-12-03,6.3354130564383135,0.0,5.134841625686457,554.2819609835545
2018-12-04,6.034704204616174,1.15306880789574,5.08480018860156,652.8100609020667
2018-12-05,15.018661570651618,33.157247282260236,3.2051891219898865,18.944425387066307
2018-12-06,47.26051787717579,39.19235379445814,-1.4297047868937696,65.87551758298667
2018-12-07,17.0944259612247,0.6179294242411155,-3.4901041716777135,414.2265670536467
2018-12-08,10.610848236795505,0.08401247778700709,1.947628590012839,1095.0557659010208
2018-12-09,8.361961855207173,4.1219726851828185,4.78146842665172,923.7600851832236
2018-12-10,14.402491574703362,24.828111880779442,3.859505176558759,313.41612925078016
2018-12-11,18.777528900625065,2.29907592011042,-0.6802658578542675,156.03915904598696
2018-12-12,12.630316293224077,4.126636725775875,-2.5658146221900484,164.66343941842308
2018-12-13,8.832660953363751,0.2802619526912292,-0.9569981863950721,1019.2867853497822
2018-12-14,7.6637810533624116,0.8167418873703116,2.2630199509360716,386.8990295702396
2018-12-15,7.442683247903886,0.0,6.299035266643056,1259.7480733765465
2018-12-16,8.661573076163219,0.17365160860252538,6.078233551497138,903.9075881607434
2018-12-17,8.36696641221036,0.39253538159365786,5.320352425196713,386.2122040200379
2018-12-18,18.77062239486589,47.75051262069174,3.859450244312475,131.47991295290484
2018-12-19,46.55221860662648,21.562289713273174,-2.451499564715228,80.1762078473891
2018-12-20,19.498258946520878,1.5177782693847184,-1.6980870919685727,43.86788256881941
2018-12-21,13.911162453964277,0.0,0.9495942743755117,526.6940079172955
2018-12-22,12.609399155478592,0.0,4.461002495850548,1024.2568191156347
2018-12-23,9.951548936483157,2.1514162124398677,3.782866229371466,605.3779857322942
2018-12-24,11.158730324508689,18.111427190007415,5.832672917720622,1729.7358706539396
2018-12-25,19.10924657130907,25.076580787908824,-3.1917899873733906,7.97809321051762
2018-12-26,12.337344690308669,3.7325408394576067,-4.9953074205780155,66.86233171392283
2018-12-27,10.786935559155506,2.092308729705697,-3.320199215476457,64.61403755588057
2018-12-28,9.617685194180362,0.00730446133819589,-2.0657866570534464,1147.5714634589392
2018-12-29,9.67156064896754,8.401958603396551,-1.9571655629670777,346.29632270954033
2018-12-30,9.38433447045341,7.168203969453742,-1.9671771920883938,380.56532165873926
2018-12-31,8.052541406220424,0.3535322012269421,-1.6333004101165538,1217.1007691493076
2019-01-01,7.4357573455118,0.0,-1.9426209327771438,813.659524548244
2019-01-02,7.514256559135162,3.3436244576606455,-1.208021300620015,258.09628279361453
2019-01-03,8.235456032932507,14.062676753194456,-0.6479498290368638,356.14517450606405
2019-01-04,9.508291015192318,9.659170067916056,-3.492459110116679,272.9554113660791
2019-01-05,8.219458779798654,5.354733010369793,-2.921258776570033,173.12359099602247
2019-01-06,7.700986491371578,9.918044471482387,-4.7511975681344545,30.35360894585641
2019-01-07,6.884909624653945,5.3248777254806345,-6.0472337870005255,194.14011295488308
2019-01-08,6.176443185399155,3.004154239647019,-7.509731766006464,170.01975140904975
2019-01-09,5.804150841872511,59.34080533155672,-3.760518299163267,1065.407721473668
2019-01-10,7.098696179430261,28.449523631940327,3.4832822623678226,2261.8310446996697
2019-01-11,17.25283845181779,5.144409490446579,2.151041597922614,671.7934292507205
2019-01-12,16.248160591481057,2.429060558436467,-1.4367348881054782,88.81167552002776
2019-01-13,13.221980743380897,1.4440913804554878,-2.401402124728414,134.42129041808417
2019-01-14,10.08786032038342,0.01460892267639178,-0.33805107666498835,214.7649196427532
2019-01-15,10.481041062867416,23.115191163462626,-3.807022395636065,58.488111716741
2019-01-16,8.766504045125535,0.30515340203683283,-4.506628547341146,928.7437756472654
2019-01-17,7.09030183117038,0.0,0.8253421013822559,1753.5271775340868
2019-01-18,8.473950165936904,0.0,2.250953636315171,2451.285669851071
2019-01-19,8.547415888224414,0.0,2.8191653574013396,1691.1557284340306
2019-01-20,9.084545804282852,0.0,3.6414217532178466,1592.4917262484475
2019-01-21,9.795321358320622,1.4127391229404944,1.2799085153715932,759.5714337483367
2019-01-22,9.163185941118916,0.05082238563190465,2.3861747470245747,685.2345053058564
2019-01-23,10.155699961177309,1.7320130929381286,5.854595252894899,1487.227745387065
2019-01-24,13.533383653232145,0.1370237485343247,4.858435552364546,844.1696417994814
2019-01-25,13.372339776478764,1.1958569444329452,5.836189699594666,1958.5486944040813
2019-01-26,14.70896992544892,0.36215271747362887,4.918972745788019,1869.226697259025
2019-01-27,14.801175680465754,1.656712799624581,2.032835410840528,207.52003189129192
2019-01-28,12.561376987928412,0.0,5.159969117825918,1476.865778254684
2019-01-29,11.081101193666695,0.0,6.858701308767184,3135.5696261239973
2019-01-30,12.091999256286115,0.0,6.217878555423062,2330.0302765184183
2019-01-31,12.558397298770409,6.754822119116621,4.671226317608185,2857.977584927961
2019-02-01,14.28581891285709,2.8595080185552235,3.2589530858729976,1793.1674514492215
2019-02-02,11.166891948916282,0.07889690156422415,6.688609511832822,2653.919910295861
2019-02-03,9.88741190933086,0.0,9.026583865296875,2706.99490330007
2019-02-04,9.87976526667924,0.0,10.464481565088738,3479.1076938259253
2019-02-05,10.109071185258802,0.043517924293708765,8.555397359994638,2434.5950412002344
2019-02-06,12.118646185659363,4.887719610150101,2.7915461086021773,370.4118450353665
2019-02-07,14.06488921491818,11.449880752417352,-1.3055454172523182,158.98808741417184
2019-02-08,11.935753840504857,6.084944184447517,-0.5256190405194453,225.3065332827888
2019-02-09,12.52095653901019,4.738314885314567,-1.257185720956111,332.8725275242703
2019-02-10,10.140173266444702,0.0,0.18898057756438602,978.3936699167384
2019-02-11,9.428105627535135,0.00730446133819589,6.15958600404274,2834.139483802533
2019-02-12,8.862749687490265,9.05630598683599,4.836207060187808,2960.804677935318
2019-02-13,16.383761158466157,19.82609817307771,-1.5355256769923091,119.4339261299028
2019-02-14,19.71640356944121,14.65250069050641,-2.8586979279751987,184.89426384045285
2019-02-15,12.48620804287801,3.239933594155471,-2.459072559915891,759.2725737454507
2019-02-16,10.011561598850632,1.1566034940856262,-2.675901524255796,185.3045388668097
2019-02-17,8.92590883869732,0.0,0.45359247051691315,1739.232507944214
2019-02-18,8.8770411105148,0.0,4.175531404092595,2446.9850725380315
2019-02-19,9.116852095722294,0.0,5.9119110510828525,2545.9509112712976
2019-02-20,9.997683650565138,0.0,6.911795468478786,2998.981708449938
2019-02-21,9.901290566345333,0.0,2.877261290561926,1610.9975260868146
2019-02-22,9.840420928762276,0.0,2.7683943492165453,2104.931342862986
2019-02-23,10.648387959495874,13.80967173904805,-3.8704459530953,246.6348999895108
2019-02-24,9.788346390834304,6.242359194645157,-3.2669864730132163,41.30014034004175
2019-02-25,9.455020978895844,3.844894195278052,-1.3557672730175117,231.51948303072757
2019-02-26,10.316123268981388,3.827106012583249,-1.6086710064805234,1989.687270977806
2019-02-27,11.736202679719208,21.458321304806777,-3.370633767429752,201.3126075749221
2019-02-28,10.37415137587832,3.1710398388839702,-1.0991065144204735,1177.2101094548605
2019-03-01,11.242990798983785,0.11217674920938826,5.360811909727856,3678.260223663692
2019-03-02,11.402661435197418,0.5118665887433536,2.1873384049107734,1430.0603990787151
2019-03-03,10.109913879249516,0.0686588249156795,-2.914708066604021,756.5801640885968
2019-03-04,9.149911403113611,0.0,1.7066361107251242,2868.991709227721
2019-03-05,8.986267671025342,0.0,7.762929771007855,3810.9969932048048
2019-03-06,10.233817185610825,0.9993296414470869,5.208538815383203,1425.8656718406294
2019-03-07,10.689381177719037,0.0,7.520235821025205,3366.623860539619
2019-03-08,11.50018754992516,0.0,10.856050732631354,5170.780852762252
2019-03-09,13.17255930100094,0.0,10.674411440780405,4795.214229103365
2019-03-10,14.095690349333523,0.0,10.198504860714404,4381.487509098812
2019-03-11,14.172361099911145,0.0,11.652603224451385,5649.086841255336
2019-03-12,17.267740061696117,19.675271982222384,5.167620088088291,1914.3128405336445
2019-03-13,20.235729087401857,2.448076518248646,-0.2556527326909507,182.7380599353782
2019-03-14,15.325552262945957,1.2423487780401294,1.1553043117905604,810.259524805533
2019-03-15,12.809199254480664,0.8756299424158617,-0.46285781448889757,240.57802648734017
2019-03-16,10.974073925690572,0.15267130270268658,4.63554823227389,3702.1486131543606
2019-03-17,10.519789750048297,0.0,8.54470434143688,4384.407456610185
2019-03-18,10.372666482376516,0.0,13.293678833038193,5261.961849327534
2019-03-19,11.01403827139342,0.0,11.178471265654434,4967.540862918571
2019-03-20,10.37144893425825,0.0,3.952388133650934,3221.1672966503684
2019-03-21,9.214104497284932,0.0,1.5495711748139778,2418.9861794957937
2019-03-22,8.471856490567832,0.0,2.300983991941,3265.825146119284
2019-03-23,8.022315413419179,0.0,1.445405182733439,2472.2007812857764
2019-03-24,7.6614951592273774,0.0,-0.5941405745006147,3614.1244773357007
2019-03-25,6.844797835715237,0.0,5.599907314629243,4156.254764869593
2019-03-26,6.772450222791036,0.0,6.041613612561432,4728.238155606536
2019-03-27,6.219902085985068,0.0,1.680957497607122,1553.2637999377544
2019-03-28,5.947266975564892,0.0,-0.03452156395985989,3908.5238061185087
2019-03-29,5.763396987150664,0.0,-1.527737409170709,2884.0265028574304
2019-03-30,5.649465539267467,0.0,-0.5701594953415989,3064.47801429506
2019-03-31,5.312043452338804,0.0,0.778223347349644,2210.752713713171
2019-04-01,5.081815498375206,0.0,2.953088288036424,2857.235516203664
2019-04-02,5.172386373201913,0.0,3.103190007580876,2687.0440711056576
2019-04-03,5.034953614049603,0.0,1.3563133627864015,1280.3242083592777
2019-04-04,4.945239122078475,0.0,2.8187012092572337,1486.656813238107
2019-04-05,4.867476302091688,0.043517924293708765,8.87272986449922,4242.896016397858
2019-04-06,4.833576339144006,0.0,10.60025739214019,2712.0848771739006
2019-04-07,4.827511611684632,0.5311779232731973,10.761359450703361,1625.866800588375
2019-04-08,5.780324074074074,3.9552131281384173,11.172895899620396,3682.8810059970606
2019-04-09,5.780636574074074,1.288377460886439,7.954697421345496,2846.896307930708
2019-04-10,5.80990074795672,2.6320404916467366,7.128583212089535,2029.8666698233928
2019-04-11,6.468043562229664,5.144717033214629,8.860343397970038,2253.2800963891063
2019-04-12,6.180571739872991,1.2784006324726258,10.141786586797831,3558.765532424032
2019-04-13,6.406773863686966,6.606758664257237,9.316256672342014,1801.7605460816544
2019-04-14,7.199509800255814,6.196367994500202,6.681639884420225,979.3911765826148
2019-04-15,7.447643597593919,10.077727868561395,2.76846289289536,576.6761380459808
2019-04-16,8.39333649537037,2.4405679111034777,0.9405246871787863,2693.6286885262043
2019-04-17,7.394639689443119,0.0686588249156795,3.829321849850807,1620.1285994044408
2019-04-18,8.508060556730673,16.93553436366411,2.333803851200569,1178.5446633194226
2019-04-19,10.889032818641024,1.2454008377185386,0.1935525458735532,2477.1888247978272
2019-04-20,9.919204589746675,7.842360934313943,-0.7824358975808188,3111.8512362515435
2019-04-21,9.00780309684018,0.655353388727898,1.2819883874834344,4526.534432141591
2019-04-22,8.560325611111109,0.3535322012269421,3.9980934535389396,4528.216169541614
2019-04-23,8.181288051307968,0.11217674920938826,9.031081411445857,4847.6665439912895
2019-04-24,7.787606872370667,0.05082238563190465,13.002180930341812,5209.123803596695
2019-04-25,7.60418144633015,0.0,13.550284464432012,3376.63381436524
2019-04-26,6.988921025786454,0.0,12.29566883105036,5579.144591584679
2019-04-27,6.636011527142649,0.0,14.856329756306348,5420.079498925567
2019-04-28,6.448401486746239,0.6925525735096536,14.85623659730112,6610.372763372386
2019-04-29,5.875532407407407,0.05082238563190465,16.18039664744633,6910.721617606331
2019-04-30,5.300591568809316,0.0,15.756565867638578,4876.517204585048
2019-05-01,5.238874309494114,1.0959490333877815,12.934221884884144,2391.1019669727752
2019-05-02,5.172879983198497,0.16216464915629542,8.71460993967245,5866.533227116472
2019-05-03,4.928071410969507,0.043517924293708765,11.666759119315007,6102.695931918442
2019-05-04,4.679840287168609,0.4348577467945294,13.796389892788248,4483.873600437287
2019-05-05,4.797387445499228,5.014170948024838,14.303221498466812,6621.59383770639
2019-05-06,4.806600965756751,0.3754754701183943,14.416609449671926,2208.2823485512886
2019-05-07,4.934140370668041,10.609673723380688,7.221358611928361,1873.400257879538
2019-05-08,5.0944158753934,3.969019426858364,5.061121960900588,4350.103853113316
2019-05-09,4.7093873960324615,0.0,8.755288146859879,2025.1164836370224
2019-05-10,4.351784262709818,3.763053738532218,9.478366489792066,3253.2675035982843
2019-05-11,4.588492693109573,3.472694600322404,9.681493096070257,5883.849094361263
2019-05-12,4.160567154662562,0.1297192871961288,12.950298827332693,5161.52116815261
2019-05-13,4.199972557981707,0.0,14.366978843388578,5249.520582341072
2019-05-14,4.215072422250119,0.33653024762816475,19.059951967081616,6169.479793109597
2019-05-15,4.118055555555555,0.0,19.28739592161773,4930.877695281754
2019-05-16,3.8971960962684,0.0,17.203792233040012,3535.4973756024096
2019-05-17,4.238448982476788,7.547263505215466,13.405706661061767,2587.03964023865
2019-05-18,4.789632491376222,0.6202061521098792,12.889201354361596,7043.862632400482
2019-05-19,3.4801662129857425,0.12241482585793291,18.29378473603622,4735.905933589857
2019-05-20,3.663287316071589,0.6479195946343588,20.23155880273965,7098.047611300041
2019-05-21,3.5928260454737675,0.0,18.701537177647168,6132.581838328162
2019-05-22,3.675203071669304,0.12753040208071587,17.200609674853094,2788.560495817488
2019-05-23,3.61156539329876,1.8135599148160704,15.443660703554027,4536.3812906656085
2019-05-24,3.4190540561990983,0.6455595940689055,12.346610838461036,3628.766857999793
2019-05-25,3.4773600887481173,4.245220811839826,13.025106066987135,7481.710728009462
2019-05-26,3.272744302524715,0.05082238563190465,15.855081898751592,7313.827299853124
2019-05-27,3.085064610905648,0.0,18.922358581634125,7959.476214459567
2019-05-28,2.9204007069574645,0.021913384014587665,23.167384108059462,7859.440423609819
2019-05-29,2.8697081106429514,0.09425055443555173,20.28488043795992,8451.692261486502
2019-05-30,2.8442638100213715,0.0,18.966027794867777,8435.824484332457
2019-05-31,2.800239532786984,0.0,17.57275427506128,8016.872992790365
2019-06-01,2.7511926807115263,0.17323721148983756,16.36349256574279,9564.485825925476
2019-06-02,2.661088486247295,6.914632708743456,16.14108053670286,2821.760817330716
2019-06-03,2.56382155919244,4.833243328378368,16.73756602090193,11413.471431460452
2019-06-04,2.553272126751264,0.043517924293708765,15.764361426223052,8293.67871771416
2019-06-05,2.5037104081669934,0.0,17.052630200839236,8947.06859575522
2019-06-06,2.4618365421095683,0.0,17.836239834204886,13733.882669164224
2019-06-07,2.333621631339281,0.0,17.301957160774766,11144.000418655174
2019-06-08,2.2711294561297977,0.0,17.76244978355915,14152.927173491384
2019-06-09,2.088975442152127,0.0,16.35915932504352,11043.979644131705
2019-06-10,2.1391240603622177,5.721046902686044,15.470217716467964,6951.792494767812
2019-06-11,2.1148556603234185,0.5775924142270614,16.14715170462602,4066.731536683046
2019-06-12,3.260810456031855,12.297656177810905,15.54388981968286,3137.8494786056444
2019-06-13,1.9782505801974268,0.0,18.252881869102236,6154.455949092514
2019-06-14,2.344995656491045,4.6435674818674,16.951821145189413,6837.678529178872
2019-06-15,5.696512347929532,29.060429789203802,16.640153513548118,4215.744544258064
2019-06-16,5.0487697733572015,6.049757941785607,16.55186197927243,3015.3470397162905
2019-06-17,3.7264532674257143,0.48152035640853824,17.63097262053771,5807.697228048614
2019-06-18,2.289889013446188,5.132736320285892,16.556707047832496,2244.682185860115
2019-06-19,4.15625,12.800536494990983,15.785082647766751,1972.8315591971025
2019-06-20,4.635930409504852,1.1019386725608435,16.02292360640167,2588.78195132422
2019-06-21,3.544625146050704,6.752217172741577,16.454117596557197,1877.9489241364545
2019-06-22,2.6122751347395123,0.12241482585793291,19.727818831540873,5051.7439821191465
2019-06-23,2.445856840639451,0.0,20.293731807429666,6928.282421372617
2019-06-24,2.3505387671622664,0.0,19.616059862151467,7731.733303590237
2019-06-25,2.101365563437538,0.0,19.146101302381545,4277.650440984336
2019-06-26,1.8921227243140115,0.0,19.08597909493104,6382.1474769481365
2019-06-27,1.7629465419107435,0.0,18.45478579240312,8991.756245868075
2019-06-28,1.8132555431016264,0.37077391371366963,18.652837844527824,6395.229523479731
2019-06-29,1.921532407886492,0.5951349522138019,14.274910701769489,7673.054141448648
2019-06-30,1.8937339198575909,0.0,14.070178938877472,7051.166089725058
2019-07-01,1.738248740853504,0.0,16.065893143360018,7838.534323415268
2019-07-02,1.4812785547273928,0.0,19.017883115306162,7098.313139762934
2019-07-03,1.4197420501314364,0.0,20.099852842591332,7323.676745120741
2019-07-04,1.375479253595604,0.0,19.086563170147905,6269.691012493882
2019-07-05,1.3738625376856133,0.0,17.43379513154766,6800.373539552956
2019-07-06,1.3516254261962746,0.0,17.417773390098574,5119.439279963901
2019-07-07,1.335287923514734,0.0,19.388099587481502,10777.11843962856
2019-07-08,1.3262920449637423,0.0,20.801903834696123,11223.87565340145
2019-07-09,1.3150215993187495,0.0,20.921174176085522,11835.227773269771
2019-07-10,2.232204346991851,20.739787181182106,16.889227699462396,6496.087109484893
2019-07-11,3.3911761490272503,21.55314406788202,12.731324839260564,902.1688132611624
2019-07-12,1.602747337011572,0.22643830148407257,14.34570042306919,4297.117570903105
2019-07-13,1.4368971118746552,0.0,15.63411820329166,5287.774847772687
2019-07-14,1.676921063856521,7.637431652670325,13.627158400549618,2056.1948254492586
2019-07-15,1.8210332052304248,0.23167290219540468,13.940913476825383,2560.2883998633383
2019-07-16,2.0519121587554934,0.07889690156422415,15.838775925040562,5089.636444229132
2019-07-17,6.717021979512403,39.05896028843058,14.336197887492595,881.5760515230776
2019-07-18,3.483491699849241,1.6448429001291003,14.927925288425797,2785.7217249051264
2019-07-19,2.880593042860577,0.043517924293708765,16.749965669557238,5517.890611059424
2019-07-20,1.883563348839469,0.0,17.35678747950299,4596.23457398326
2019-07-21,1.767430306801701,0.08703584858741753,16.693327242921022,5898.433060931431
2019-07-22,1.6726458332198662,0.0,17.89463931641193,5663.434022388556
2019-07-23,1.6322694510433555,0.0,17.968033898233834,5300.3930888446885
2019-07-24,2.112445777114805,13.751238937008052,15.000591716182385,2454.2467146427634
2019-07-25,1.7148236509161716,0.0,14.328681148235113,5243.633165504408
2019-07-26,1.6691250245753826,0.0,17.303774615000147,6232.548284135219
2019-07-27,1.6246867032318153,0.0,17.813585492154917,6323.079144929055
2019-07-28,1.5689364251791125,0.0,18.874869522261264,8024.5781453535155
2019-07-29,1.5142191381629864,0.0,21.269767321324636,9300.507205705191
2019-07-30,1.433082085177387,0.0,19.135215223432517,7040.703647866534
2019-07-31,1.400146125968356,0.0,19.45604296837849,9429.316658698606
2019-08-01,1.3329362365181994,0.0,19.543283867592965,6766.754633258056
2019-08-02,1.305041319196769,0.0,18.77579111867211,5291.306421046602
2019-08-03,1.3901538758354373,3.1176207557837277,21.282336364766618,6832.4858249771
2019-08-04,1.4730534294468574,1.7897082562168114,15.473246172986418,1338.0593604704345
2019-08-05,1.4312480971976562,0.0,14.889653085673489,5063.870273745985
2019-08-06,1.396711548919717,0.0,15.610220218912975,6070.0462960044
2019-08-07,1.3340652942290028,0.0,17.091080981722946,6266.4688350351935
2019-08-08,1.315106515028792,0.0,19.16957231646569,5909.53265034223
2019-08-09,1.2797616501455706,0.0,18.115201650720113,5714.727724038457
2019-08-10,1.268420629549414,0.0,18.02069113232344,5711.399248133344
2019-08-11,1.239453938351286,0.0,17.969644899101702,5357.757279449024
2019-08-12,1.2107974729183824,0.0,18.89441609021394,5673.911422305523
2019-08-13,1.1328763278789005,0.0,19.171796081737014,5541.97542267071
2019-08-14,1.1020160900022422,0.14755572647990364,20.40502035000428,4781.424122663585
2019-08-15,1.7874828625070929,8.131945714507093,17.967306486345542,1184.163613622712
2019-08-16,2.9992885917404006,21.52308978846996,16.054543815474936,1419.2886749501422
2019-08-17,4.583152960733262,39.95484048461181,13.306822603480239,1486.7194976360197
2019-08-18,2.766617727770064,1.3126236279155854,13.594549243222616,1083.150823214584
2019-08-19,1.8036201500399216,0.0,14.768102267543538,1752.7767859711896
2019-08-20,1.5696156072383185,12.801289052574738,15.908939646601368,1399.8494464309467
2019-08-21,3.130077441312585,9.716044179244564,16.144176013556006,588.3621461074489
2019-08-22,1.873749007979688,0.32455534750546555,18.13076874497576,1329.405625223682
2019-08-23,1.54018205665759,0.0,18.745601630646107,1213.3440640758515
2019-08-24,1.4914547175920227,0.0,19.67342047176696,1501.2191887359456
2019-08-25,1.4078229938380011,0.0,19.41270806661791,4166.380620138301
2019-08-26,1.3727932227698187,0.0,18.94150017242438,4460.5394321568265
2019-08-27,1.3543270775780023,0.0,18.151245345454548,4205.053411394813
2019-08-28,1.32692825776893,0.0,17.382094774089328,3865.355223335991
2019-08-29,1.325354766011018,0.0,16.557317986810848,3113.49244713258
2019-08-30,1.3240819462595532,0.0,15.9670862807729,2571.905928539512
2019-08-31,1.32082508758094,0.0,15.490921765544673,3154.538462362379
2019-09-01,1.3100517108615457,0.0,16.83071261449477,3391.179913695245
2019-09-02,1.304772008877413,0.0,17.111321374350467,3383.210903073756
2019-09-03,1.304511293582398,0.0,16.713840153150144,2907.710842865488
2019-09-04,1.292825711623504,0.0,16.487372197481967,3980.730974803708
2019-09-05,1.2845470385087638,0.0,16.372010260285503,3921.6702768196137
2019-09-06,1.2837808946830227,0.0,13.95250109658198,1477.3568725948148
2019-09-07,1.266233786821195,0.0,14.94626907376431,3405.165840948497
2019-09-08,1.2701223812461897,0.0,15.181721467672599,3500.1075187664173
2019-09-09,1.258025756839399,0.0,15.119801771312595,2999.2515138935687
2019-09-10,1.2490992199191229,0.0,16.048275689263917,3648.4493780698494
2019-09-11,1.239672776463783,0.0,16.133294729246312,2906.423450428899
2019-09-12,1.2721037542791795,0.10925807633747175,16.526742948202582,2961.692857631724
2019-09-13,1.4932126855410544,0.00730446133819589,14.836303373388557,3271.03579144296
2019-09-14,0.9511147759455956,0.05082238563190465,14.692114887906111,2512.2324076011623
2019-09-15,1.0626269867699645,0.4948646351445762,14.37678956778357,1929.088224888727
2019-09-16,1.0801913803296197,0.31348847663154533,13.628815433482893,1916.866400033262
2019-09-17,1.0879239228284934,0.0,17.370287068127652,3900.2817718619663
2019-09-18,1.080188540932033,0.0,19.150187186135376,4306.5969071547215
2019-09-19,1.0750182987658727,0.07273576964649232,14.483964310886108,2012.7588712779257
2019-09-20,3.4790142393245924,50.38273373748343,9.814159653523866,315.4030115626763
2019-09-21,1.9186774732593568,2.043638383364871,8.146576539072527,902.3145904523858
2019-09-22,1.523563006703572,0.0,10.432120338178175,1306.502848478416
2019-09-23,1.3463387083621343,0.0,13.747765427144842,953.2164778354348
2019-09-24,1.257017302612702,1.8995883136467162,14.957942703735213,2406.8304391758284
2019-09-25,1.2273096427007848,0.0,13.482949600911452,978.6403145803416
2019-09-26,1.2146500198871244,0.0,15.786429732281762,2747.110599096781
2019-09-27,1.2141123059578396,0.2425137238764502,13.35090027366374,1412.071340425951
2019-09-28,1.2043501159245944,0.1297192871961288,13.348234520783402,1955.8204839060409
2019-09-29,1.202022468123926,0.0,15.348388673130303,2321.691566196957
2019-09-30,1.1871102034627463,0.0,17.46318124799464,2516.045259211465
2019-10-01,1.1773747397704426,0.0,16.666803851730208,3211.974117334348
2019-10-02,1.1652898273445054,0.0,17.818513291434652,2807.639061347999
2019-10-03,1.148250763930671,0.0,18.034645182157266,3378.728373689277
2019-10-04,1.1739962786819624,1.6511700719156277,17.799823114941283,3610.435528227567
2019-10-05,1.8824058790857088,28.47830431258724,11.933680960236968,876.2259293966121
2019-10-06,2.3913722854549126,1.8986482745844975,8.661055043851466,534.0920751826492
2019-10-07,1.5596386247790166,7.736928146001501,10.50626466142705,756.56934709082
2019-10-08,1.8847395284332888,11.758390084253207,8.10800467975078,26.04216269476359
2019-10-09,1.6676445398876902,0.015353652871327589,12.026223163088462,710.4738600744396
2019-10-10,1.4298929102222215,0.0,14.907380996186713,735.8722117729476
2019-10-11,1.349794381280869,0.058126846970100544,12.498226476121243,723.0164364936003
2019-10-12,1.3078565413031666,0.0,10.928070520479263,2594.719779177872
2019-10-13,1.2699634268865838,0.0,13.881755347403164,2076.104957530666
2019-10-14,1.112280514895376,0.0,14.972316019633812,1805.440363817741
2019-10-15,0.9648346999401588,0.137317649831359,13.772499052095222,1602.331672251746
2019-10-16,0.935118281698321,0.0,13.58804888339968,1319.6467583819394
2019-10-17,0.9318824477820002,0.0,13.753027933326525,1336.8935115119014
2019-10-18,0.9256679139636428,0.0,13.538260217564288,1229.873940085848
2019-10-19,0.906873225384108,0.0,13.796580955879074,1775.5315261658568
2019-10-20,0.9021014343425412,0.0,12.286641294911133,1527.8282059810454
2019-10-21,0.899740498406693,0.0,11.75996639591771,1163.739978730548
2019-10-22,0.9088100078503588,0.19544449680145953,11.21209641878295,1089.9321686527528
2019-10-23,0.8966280816192328,0.0,10.454907211144286,1533.5622178715585
2019-10-24,0.8918774278099637,0.0,10.232239866194776,1416.414003674506
2019-10-25,0.8896128809101154,0.0,10.52647022249371,1582.4439477061303
2019-10-26,0.881750792366444,0.0,9.80025863876602,618.9292945936065
2019-10-27,0.8784279966274483,0.0,9.864302489489887,1091.9443397102975
2019-10-28,0.8795114286437584,0.0,10.678494400682357,1456.2563014045625
2019-10-29,0.8709276694568501,0.0,10.492241471720739,1372.6400192226297
2019-10-30,0.8667770464178924,0.0,9.955453624302294,1248.1801662180171
2019-10-31,1.5447265885882,11.24016854341641,9.446115228408472,645.5642100025916
2019-11-01,2.4161889121822044,11.33778549990562,4.43330461123408,33.3515064145774
2019-11-02,2.0410157796155506,0.12753040208071587,6.230647402711155,248.62850760719235
2019-11-03,1.9574678873135245,0.0,10.99286207813686,344.9072089942523
2019-11-04,1.5757915018919295,0.0,14.045034570285416,1172.6134291892558
2019-11-05,1.4208509852688012,0.0,14.009942855351206,771.6631415371992
2019-11-06,1.2880146145425555,0.0,14.967110136212561,1271.5552922897843
2019-11-07,1.191112357427598,0.0,14.787150242103952,1233.0256616492452
2019-11-08,1.1548408902849046,0.0,14.596375803667257,1270.8367029072097
2019-11-09,1.102002515803666,0.0,14.652158523899994,1165.547908683494
2019-11-10,1.0740463111214915,0.0,15.498559776801201,1160.395068241553
2019-11-11,1.0083592283457354,0.0,14.157843986624865,1049.5495259906784
2019-11-12,0.9127530031231388,0.0,16.352478610026804,1094.1165370235185
2019-11-13,0.821925029848729,0.0,16.511631958407484,1200.7322385807431
2019-11-14,0.7841921396370607,0.7327589171655395,12.167569552894848,821.4865704439679
2019-11-15,0.7258504670228073,0.0,11.310714156300344,747.3200862284306
2019-11-16,0.671075297019131,0.0,12.476617266350168,716.7186905966712
2019-11-17,0.6319468374852669,0.0,13.779997494392688,819.7910475703144
2019-11-18,0.612461694157426,0.0,13.914875439059504,736.8966286973795
2019-11-19,0.582351463027385,0.0,12.054603267731135,900.9315237626452
2019-11-20,0.5646837775339005,0.0,11.268389393168942,964.78380192059
2019-11-21,0.5434571519924318,0.0,9.530225410933891,866.3878487484752
2019-11-22,0.5215488801230057,0.0,6.929141590915215,594.9012889462507
2019-11-23,0.5351384268956294,0.03726703688591526,8.280811613135658,578.8725900965383
2019-11-24,0.5261381228900963,0.0,8.468026201957596,594.6594112938243
2019-11-25,0.5180658056538936,0.8008173238245497,9.322998038409619,481.3652226201501
2019-11-26,0.5375581258616529,7.026753493780817,7.552436290229297,410.3875795330659
2019-11-27,0.8446572232324764,4.779709036256978,5.6361356832511955,48.71741429247622
2019-11-28,0.8757180874840784,0.27598086215344375,9.55409715202138,746.9372691746236
2019-11-29,1.5272164525486271,12.194612667329487,9.05643951789121,686.1266041546437
2019-11-30,1.9814976224891776,22.773449108608727,8.345468588121767,784.641327010735
2019-12-01,6.257003622690544,16.72814260944291,0.9469180086022964,106.414417423077
2019-12-02,2.7196554689812604,0.07889690156422415,2.697732194661877,563.893142675405
2019-12-03,2.1335997325294294,5.489086404438078,3.1837182568951503,463.1070444771927
2019-12-04,4.6452592149563845,8.32270387377742,0.595337846920066,34.82405022989492
2019-12-05,3.6889268078564426,1.0820169520576748,0.4230944377187267,267.2862381681329
2019-12-06,2.3092390702346623,0.04382676802917533,1.630195337263419,590.1323768561639
2019-12-07,1.6907677969161652,0.0,2.489594979905997,657.0615238961975
2019-12-08,1.6794333954379022,0.0,2.2260991147551548,278.3681096181417
2019-12-09,1.562464752710246,0.0,2.8959429886967434,649.30587582534
2019-12-10,1.4497444278684737,0.0,3.392332843126483,709.2551127720138
2019-12-11,1.3342705369322831,0.0,5.920696161536406,425.58338474163634
2019-12-12,1.246861021420912,1.1531893037113934,5.942816239685794,163.57288584333966
2019-12-13,1.170197295281523,0.5860918187797175,6.981904047567472,676.5387835939634
2019-12-14,1.3825492089055982,0.043517924293708765,8.387430284859668,917.6054677693836
2019-12-15,1.2815568947327234,0.10155501577374762,6.668736264528265,316.211099691292
2019-12-16,1.1594260179237188,0.0,8.728468469346565,713.8393828672931
2019-12-17,1.133903952572875,0.0,10.380128298216944,755.1840190129435
2019-12-18,1.1018257614792413,0.0,12.4210103358479,694.8828543105136
2019-12-19,1.0719675114397864,0.0,10.24797742629909,639.8275006939947
2019-12-20,1.0385669712900705,0.0,8.776262400003006,530.8957562570293
2019-12-21,1.0030544856207622,0.0,9.833705598241103,797.0047293912736
2019-12-22,1.045287053653561,1.783950119112499,10.874517772863504,1177.8479227660532
2019-12-23,1.137968314220539,2.7886723829042595,6.924606208524452,715.423668396381
2019-12-24,3.1293142204256217,13.709856658052466,3.407034652895627,61.36797389803545
2019-12-25,3.041434035942251,9.287431837716229,2.0470510045594903,45.71498365990104
2019-12-26,10.25864593657019,13.925884534694596,0.2075103904585201,58.26737698864061
2019-12-27,7.11210829423402,1.1432807414408606,-1.549036443275995,94.39913018450676
2019-12-28,4.079452735210086,2.3831631641985456,-2.099659292612218,196.87822435839655
2019-12-29,4.137181355346959,7.075643058690528,-2.3431760733292957,5.100152491694728
2019-12-30,14.932742163660556,22.12317738355831,0.059722704378047886,134.9128361733627
2019-12-31,34.18610360959867,9.187056273048634,-0.4023417608144593,39.21990420674407
2020-01-01,12.411138960921456,6.099382814565155,-2.521752536576747,44.37436884904541
2020-01-02,8.82680726300927,2.4683835119487405,-2.4614459507681206,401.4300343223971
2020-01-03,5.822326116763382,0.021913384014587665,-2.1157160394063537,675.9756321725495
2020-01-04,5.015527986328366,0.0,-0.6120042162930706,467.7867650426885
2020-01-05,3.778285024790209,0.0,-0.4701081823302962,462.1932594894144
2020-01-06,4.7840306244223605,9.390979575275983,-1.2592440685495074,34.66258399450359
2020-01-07,44.39610509836032,69.16405550957386,-1.0238204013995664,19.90751101123813
2020-01-08,26.94664650948916,9.734833907602924,-2.7015185448737795,37.496720459555
2020-01-09,10.73672827773738,1.0750104460676628,-2.9513857332544053,387.8067879367309
2020-01-10,7.306497612136889,0.0,-0.7394751623558194,901.7241225326692
2020-01-11,6.053856729964412,0.0,2.3483685177124975,1244.6660862744334
2020-01-12,5.301095244887169,1.2109915090588679,0.027360170834886677,149.4580620400066
2020-01-13,4.873895550532583,0.0,0.24454185903061093,677.9169706718319
2020-01-14,4.724263604437571,0.0,0.18286633996687163,776.15279054795
2020-01-15,4.511518803592631,0.0,-0.04984264879131031,908.743549615944
2020-01-16,4.072549562532207,3.555004156818779,0.0040341914600059425,801.063057355687
2020-01-17,6.439799382601656,5.923779776617678,-0.7387279993897365,58.72981791399215
2020-01-18,9.129986094042412,1.8495896272789176,-1.7879945642322737,210.4595028769548
2020-01-19,7.355607621498153,9.17444185457148,-2.646703080687563,436.6032666688265
2020-01-20,8.57222564418571,9.649567084136338,-3.349804112302871,79.15010229957552
2020-01-21,6.777197700543199,0.5497639655072938,-4.220634216363091,85.6593349749186
2020-01-22,5.679669097652384,0.0,-0.7997540779290319,1098.0631359552383
2020-01-23,5.355338550767214,1.6177071264006657,-3.4577970187206066,248.80301458896767
2020-01-24,4.43291179302638,0.09350582424061592,-2.9029652100045027,889.8090816839243
2020-01-25,4.17145438305789,0.0,2.321714991052404,1524.7548650318602
2020-01-26,4.105599267777974,0.0,3.150383124291398,980.2927898802454
2020-01-27,4.783659972226082,0.35311821815337496,4.255015766390385,1450.4624194168412
2020-01-28,6.718908069177972,0.15575492141092379,2.415243231579125,248.26982204298253
2020-01-29,9.80069826661968,9.634066914883931,2.463245777827126,1019.1713297529526
2020-01-30,15.731782139427215,6.530733456929174,-1.3303891838436313,99.3635804203387
2020-01-31,11.043920447757309,0.6431958321450075,0.12977527221037854,1556.7344869108456
2020-02-01,9.229098616676096,0.0,4.0541220838636844,1366.2810686818193
2020-02-02,9.111728560445831,0.0,6.316668508484904,1890.3737441227372
2020-02-03,11.468436116008384,2.686333059670295,7.304736151321125,1372.7469424687674
2020-02-04,19.54087402596527,0.5903798335204817,6.950836522995604,1324.1494153108972
2020-02-05,31.456479964604547,10.883684189638517,5.826868307737381,1751.5619838984044
2020-02-06,26.187414036174303,10.417136248682429,-2.9454437798689357,119.94684353271732
2020-02-07,16.176291112641113,8.916164080653207,-5.027952240618362,531.2925746006434
2020-02-08,12.375822662584971,2.8712346533944015,-8.165726625781005,171.3616593853663
2020-02-09,10.975138003652948,0.2402477356780673,-7.582516587534235,359.27947688926776
2020-02-10,7.381511274056347,0.0,-2.079680393671927,1529.7183901769884
2020-02-11,12.865550704864956,11.924532341680198,2.0468177413225472,1465.2721953034686
2020-02-12,17.587788390835914,0.6322732732093539,0.38857824186231793,988.8077248719584
2020-02-13,12.242428902478649,0.0,0.8583167538033778,2296.7588682661826
2020-02-14,10.582334777551266,2.7479690494323505,2.544484662932308,2438.5009866683736
2020-02-15,12.325270201181157,3.9033666394138544,0.9809228374121988,326.6358410177741
2020-02-16,14.719022343399848,1.25608864923251,-0.9054886538614386,175.69632087222212
2020-02-17,12.909639075846542,0.0,1.628293399443993,2001.675131487841
2020-02-18,11.10423624118768,0.0,4.760734629163692,2642.468768997567
2020-02-19,9.908780420995589,0.0,4.151950787453238,2128.732213306042
2020-02-20,10.68658629778445,6.491046410153727,1.8326636358886428,455.4024523533151
2020-02-21,20.556222525932704,15.18277745957636,-1.5278132689811226,81.26394185921058
2020-02-22,16.00521513010022,0.31026096002416226,-2.268311830160479,804.560840380427
2020-02-23,12.386885996024358,0.0,0.2115172135409823,1997.1876176808155
2020-02-24,10.4678009786445,0.6503947401059822,3.2289245098160118,2118.8575410097296
2020-02-25,9.59942237522531,0.0,5.675278441381127,3092.7501607495515
2020-02-26,9.685699671915572,0.0,10.745485499137184,4676.050272349543
2020-02-27,15.042970757264545,6.136129557685482,6.941784498395302,3769.1645011026194
2020-02-28,16.298417653831464,0.07304461338195889,3.897542838147592,1779.9939949592497
2020-02-29,16.35158262500415,4.743885299829415,-0.23108991990416528,171.25543208478024
2020-03-01,13.443622163305983,0.4967033709973204,3.225942501252388,2695.124429149438
2020-03-02,12.185883143984489,0.0,8.917849261056135,3660.750330819527
2020-03-03,13.10426099638116,0.0,13.156858141129655,4511.885130733303
2020-03-04,15.881744846399684,0.0,12.760677059039676,3798.1919250157566
2020-03-05,16.184714170889126,4.547758886100426,6.890432868674005,1778.708671949178
2020-03-06,15.973268023526918,0.22396984163168054,5.265458024584723,1616.6828676403504
2020-03-07,13.786312721157632,0.07889690156422415,11.140639369492582,4866.043946804671
2020-03-08,14.582348240472792,0.0,13.446260135947316,5190.396005548877
2020-03-09,14.378070893789474,0.8729806747250123,12.916866731696576,3718.377966731567
2020-03-10,16.530241611429236,4.603331028403225,5.489127244778787,125.25798940299468
2020-03-11,13.811954470639844,0.0,6.971020314825756,3040.212333274168
2020-03-12,11.740305232069746,0.0,6.781055513189834,4125.717567361465
2020-03-13,10.936289117886076,0.0,7.688823197666108,3459.871743692595
2020-03-14,10.383864497956008,0.0,6.3316901627280355,3636.952259823396
2020-03-15,12.163971427522611,9.908507197385468,-0.46607801945949895,79.72985261678497
2020-03-16,11.68010249747835,1.5608982103312756,-3.712887824658253,1050.884814057179
2020-03-17,9.51065115754359,0.0,-3.7477751514155146,2053.2521876174096
2020-03-18,8.885397745690675,5.378344258565157,-3.053289901734223,2255.693714645047
2020-03-19,9.35799417900553,3.6102146576927945,-2.613264787779192,75.43682770554153
2020-03-20,8.404950461236785,0.1297192871961288,-1.0407585100854346,1151.4355563321103
2020-03-21,9.30190475172618,0.0,5.680544613961903,3896.473731804075
2020-03-22,10.982753563865725,0.23669070469267245,5.595793536460679,4441.581091858637
2020-03-23,11.888623516874851,0.5815644224456328,2.332698525363875,164.2816715580728
2020-03-24,12.678586651837769,0.6800088946529533,0.6238462942120416,2.378137187921375
2020-03-25,12.516886210303417,0.1297192871961288,0.30867961784539494,133.9763892101682
2020-03-26,11.872398073884469,0.0,1.8141618594783133,454.4260196747213
2020-03-27,11.460431697466504,0.1577938031284483,1.952022799998827,544.4084193032312
2020-03-28,11.618557934197558,7.31308949121229,1.487157395882725,326.29148111800714
2020-03-29,23.491668713870784,10.691623265218716,1.3948940314887992,229.85488526997904
2020-03-30,21.9889873671882,0.08407272569483383,6.30506849266094,3369.723348880914
2020-03-31,16.711523548184232,0.6202130763128579,1.6462214184923014,2177.563980832948
2020-04-01,14.992832915756493,0.22405959712174223,0.8673320354236751,181.6331128248357
2020-04-02,15.24267733126817,9.075004093086076,1.705431112304113,474.1195437517414
2020-04-03,15.462197599352724,1.0600138125530256,1.1727267168423086,1232.376488687443
2020-04-04,13.32379614963946,1.8315077376475704,6.297683309405998,850.7097756944687
2020-04-05,16.264421426525537,13.956887560849655,4.8288119298529155,358.7214023505905
2020-04-06,20.42094869733441,2.5674861531850395,0.9193050246604724,222.4225156755973
2020-04-07,17.40822734118598,0.043517924293708765,0.7613139150946244,2963.991630910652
2020-04-08,14.048551847222218,0.0,0.6378214022223647,2786.9358244650607
2020-04-09,12.36202190763849,0.0,1.443287022883954,2253.3734769377143
2020-04-10,11.114240906062737,0.0,6.7344673232992145,4863.824257755903
2020-04-11,10.247390807505887,0.0,7.73871718783103,4899.368523768467
2020-04-12,9.369175269088387,0.0,4.7451907359069905,4563.017181948175
2020-04-13,8.399332572521274,0.0,9.68529241796108,5085.809089946773
2020-04-14,7.820388725088634,0.0,12.864694347465072,5473.249465887655
2020-04-15,8.570974396491748,2.9402367879716964,1.50634055655381,96.96338763705498
2020-04-16,7.435955185200143,0.0,4.088145398974823,4096.08787476501
2020-04-17,7.031850277762819,0.0,11.628419789399688,5912.975947862978
2020-04-18,6.705615685527971,0.0,13.512426090572017,6813.151002082741
2020-04-19,6.606607725886993,0.0,16.40287664899896,6801.562551831957
2020-04-20,6.530612883305095,0.005439740536713596,8.01821859848618,4661.262503628331
2020-04-21,5.988298457050925,0.7135393895733504,2.2791019285529357,705.013164030801
2020-04-22,6.237941483276304,0.02191338401458767,1.1247451802165325,1271.4559003307384
2020-04-23,5.9012098848459855,0.043517924293708765,2.983010510245445,5040.229538042159
2020-04-24,5.373240740740741,0.0,4.504449574977347,4565.032780837203
2020-04-25,5.288484720534375,0.0,7.9758969196075675,5440.215640251839
2020-04-26,5.129374261520974,0.0,10.961356507035251,6499.621269382846
2020-04-27,5.087900090071725,0.0,10.143305850591412,6228.375059117061
2020-04-28,5.029450178542675,0.0,10.761447936159264,6643.082873936802
2020-04-29,4.899359407192278,0.0,13.977606262141077,6064.518199393536
2020-04-30,5.208858603987454,5.321186700552359,11.993888987448848,5584.738129845896
2020-05-01,5.1554315379948745,0.5242425903227859,12.045266841156883,5861.360093020227
2020-05-02,5.279534986752062,2.578890593416916,11.203671759969662,3641.6843034270105
2020-05-03,5.8994464947294185,9.083844571420316,9.574571269262359,2006.681633838908
2020-05-04,8.683422339193669,4.243674239016176,6.9001170632426625,876.2121538152932
2020-05-05,6.616462524324878,0.5352843755862451,7.492327661771004,1346.519068186693
2020-05-06,6.106792626367684,6.661927023492996,10.0948649602883,6487.332426540669
2020-05-07,5.854958064138202,0.9194617219113047,5.535803995528666,3153.107796275884
2020-05-08,5.066443753938558,0.3448054516096801,6.9392671594804485,4209.37196947804
2020-05-09,4.992798177026132,0.0,9.681048976514784,7100.395098556481
2020-05-10,4.892329285981285,0.0,14.56058319711978,7721.531056353779
2020-05-11,4.533841424952104,0.0,18.540007201746253,7744.114896098589
2020-05-12,4.437590184565785,0.0,19.499825048455378,8198.921893742801
2020-05-13,4.2487239439823385,0.0,14.482078077311142,4505.27116140937
2020-05-14,4.1170613492823085,0.0,20.60263116453925,6877.844539526331
2020-05-15,3.979621963286129,0.0,24.95520496467423,8478.598565453798
2020-05-16,3.960904926510705,0.0,19.878877196982426,7790.400785560136
2020-05-17,3.936707467503187,0.0,22.92141550175568,6909.136601761727
2020-05-18,3.892541141175788,0.0,17.988306375013764,6739.335616210012
2020-05-19,3.7700938730298503,0.0,21.341559737202118,7235.747952406738
2020-05-20,3.5834230660239816,0.0,23.60003651230838,7697.024133665828
2020-05-21,4.157713043629974,15.604863077304167,12.667519739402596,3665.127378888204
2020-05-22,7.531729816455154,14.418291891066769,3.6329033269178486,1415.3007820932687
2020-05-23,4.749062591597286,0.5129113257340662,4.052495796216023,1875.833719485909
2020-05-24,3.6807433494602377,0.0,9.111873266365984,6793.164445616642
2020-05-25,3.5948625236922704,0.21675513578354633,8.13237484102226,1747.271301770449
2020-05-26,3.708512017199845,0.27963771831194684,7.6787973632152156,3319.1520227228107
2020-05-27,5.66724537037037,17.26374221113108,6.444195717183156,288.2529779879217
2020-05-28,4.224358500528023,0.0,7.709007311207316,4088.3009313490497
2020-05-29,4.074398148148148,7.3414535423177645,8.66866126177703,3567.9916121245305
2020-05-30,3.857595252101425,0.4481135027838625,11.547220692343144,5850.885422113515
2020-05-31,3.673799864539713,2.6942981871729867,11.931951170679673,5251.744974186599
2020-06-01,3.69692867701864,6.443212599206553,10.051143943636063,3437.8440982045954
2020-06-02,4.28327921834445,1.8955608304028382,9.328635617690232,5065.644647607846
2020-06-03,4.084427817467183,5.178363804804766,10.027336245906024,2561.642394029308
2020-06-04,3.62650592715133,0.1377684787292605,14.037399791213094,8574.396614505038
2020-06-05,3.096027489246913,0.0,18.331086516070307,8663.674142377746
2020-06-06,3.009034625440619,0.01460892267639178,21.059580561769547,7538.350791180801
2020-06-07,2.811411434850608,0.0,18.400404888670078,8435.674155997245
2020-06-08,2.587049154793265,0.0,17.637600116757817,7463.676350536331
2020-06-09,2.531633243672084,0.0,19.312892124792363,7895.225812192031
2020-06-10,2.4013239333195355,0.0,18.824267171012885,7120.348437539094
2020-06-11,2.388892728738816,0.0,16.168164171259015,6254.242605992354
2020-06-12,2.4895092853712097,0.1161639384501394,14.793308551683497,3012.611865490721
2020-06-13,3.059937061986764,5.7323020500843205,13.912750714634697,3019.0894111838106
2020-06-14,3.1297734414773366,5.76190771552222,14.63541245350891,5042.780615801832
2020-06-15,2.8759624981766017,3.5302166234419246,16.099238708069812,8195.736929275316
2020-06-16,2.789914986291864,0.47090664120835113,18.929142794831847,7431.890263267457
2020-06-17,2.4864143350909966,0.06617603850323224,18.16085281059499,3095.570357883328
2020-06-18,3.0202602536788734,4.97082946909201,14.599724858918917,2957.9379824646744
2020-06-19,3.4090775937833744,6.832755155489994,14.78756597877595,8753.348954860194
2020-06-20,2.714864307704937,0.17323721148983756,17.253114425349047,7021.545564942756
2020-06-21,3.953269676312961,11.860525243761685,15.436727672303293,7609.589259481389
2020-06-22,4.584052228392235,0.8133292050676744,16.580276057976654,2534.1037682196024
2020-06-23,3.48133147092342,6.286389512969555,15.102017929895272,4923.22629519808
2020-06-24,2.6334312277949894,3.2426474154751923,16.006816440711383,5320.86946132649
2020-06-25,2.0644861124761564,0.9709220883620582,15.99481052749568,3994.697316810041
2020-06-26,1.8167834878182096,0.0,15.890734166275308,6670.185238626544
2020-06-27,1.6254855512134183,0.0,16.333369691228405,7734.649111705212
2020-06-28,1.573875249838224,0.0,17.070035833368642,8294.856135614875
2020-06-29,1.528014426583032,0.0,17.30625610219673,8113.945878007373
2020-06-30,1.5272978929425538,0.0,19.402432875972266,7590.865690886622
2020-07-01,1.5088396235518404,0.0,20.187392458480165,8031.80133805704
2020-07-02,1.4719298772440348,0.0,19.382531663009278,6284.931080078592
2020-07-03,1.4595370030735917,0.0,19.223945400467564,6769.588535900581
2020-07-04,1.4411054199555522,0.0,19.79196935568709,7633.121975040016
2020-07-05,1.426392956824006,0.0,19.277885987918758,7399.871517662396
2020-07-06,1.416507446855214,0.0,20.528484054557058,5166.231951245779
2020-07-07,4.198021416019005,10.373349342897399,20.29673519890762,417.1117940061665
2020-07-08,4.450291731481482,10.52387567385658,14.018892644506996,4259.483307026932
2020-07-09,2.9728123544539446,0.0,14.599170181255904,5787.864442239231
2020-07-10,2.2910777831277955,0.0,15.87533074371057,7892.225823501171
2020-07-11,1.9963580014236164,0.0,17.45537651265789,5902.216077891771
2020-07-12,1.8189905913009703,0.0,16.758107294647214,3697.765469710167
2020-07-13,3.0796226028526803,20.470179681763497,14.533423885453459,2138.789651025243
2020-07-14,2.8944147334289694,0.2188249964104101,12.916527488689432,1592.8739138783808
2020-07-15,2.496814457526704,0.11625369394020109,13.464003988207455,6068.427873030925
2020-07-16,2.288578679902508,0.0,14.599944413448775,2809.04878043138
2020-07-17,2.0942004330024027,0.0,14.866102221245095,5989.098882720823
2020-07-18,1.9062694799312023,0.0,17.257948746892097,1912.5028366951856
2020-07-19,1.7803017947094664,0.6751596248816808,17.114807715259357,5634.71138888406
2020-07-20,1.7474078576640784,0.0,17.523484700131426,4734.052582412724
2020-07-21,1.7060319384282492,0.0,16.558851968037985,6897.8650183057
2020-07-22,1.691531989237666,0.0,16.98672272153143,7041.705307480846
2020-07-23,1.6681261368550164,0.0,18.292880978323797,6659.83608358289
2020-07-24,1.6479783187938597,0.0,17.37405066976074,6831.337946712695
2020-07-25,1.5777722238038785,0.0,17.40889678416317,6583.979227226298
2020-07-26,1.5342733149946266,0.0,18.724758000601774,6016.659736961923
2020-07-27,1.5160150361751774,0.0,18.982639160158648,6015.738416776804
2020-07-28,1.513746849746703,0.0,19.54502004309313,6592.880845679475
2020-07-29,1.488263705064251,0.0,20.402528973244785,6219.220913496105
2020-07-30,1.5056738629917843,0.0,18.78605485202737,6733.146666224016
2020-07-31,1.4967588128742255,0.0,20.03395510372621,5989.318562264423
2020-08-01,1.4827633181412117,0.0,19.518072329814572,6364.108828200007
2020-08-02,1.4728047191795794,0.0,16.569757475670215,6802.343388026601
2020-08-03,1.4669625494849687,0.0,16.90529307021373,5941.543998042032
2020-08-04,1.4362688241940125,0.0,18.175890611119225,6101.0504003310725
2020-08-05,1.420398952264828,0.0,17.773652649508936,6332.132407060428
2020-08-06,1.3980689038069405,0.0,19.883786229106075,6293.090084355807
2020-08-07,1.3834773342390798,0.0,20.8585794832796,4431.692206128713
2020-08-08,1.373659845661749,0.0,19.854356370572198,2697.463512744893
2020-08-09,1.368170174858088,0.0,18.72555232749798,5731.341165821706
2020-08-10,1.3589591561264025,0.0,18.157636066557245,5208.796961785058
2020-08-11,1.3466362013203912,0.0,18.456245621690062,6815.139944727984
2020-08-12,1.3284520730369995,0.0,18.566458786356208,5859.180981193275
2020-08-13,1.301336913626888,0.0,18.155380202095586,5895.55615540983
2020-08-14,1.2978971271308029,0.0,16.370529968883005,5888.791590750694
2020-08-15,1.2960406714518662,0.0,16.506501772259966,4530.348135325104
2020-08-16,1.2820317519856872,0.0,15.877600932639867,5823.162388256087
2020-08-17,1.2805348171623276,0.0,15.722417241180906,5343.480102870405
2020-08-18,1.209156114470871,0.0,16.966502747160636,5794.89105573319
2020-08-19,1.194863042403714,0.0,17.6391830187535,5248.556454387039
2020-08-20,1.181490971245045,0.0,16.185691823570128,3352.586058594199
2020-08-21,1.1677301168011756,0.0,17.256983633960914,4109.2259794637575
2020-08-22,1.1398945259221114,0.0,18.98155153971551,5162.865499555114
2020-08-23,1.1326331729666117,0.0,17.208923923656936,3871.755131393524
2020-08-24,1.1182490314372606,0.0,18.433365402678156,4517.839876503894
2020-08-25,1.1107881639698869,0.0,18.006485190729354,4659.163676068118
2020-08-26,1.1064479595190615,0.0,17.124439987917,4183.032466945696
2020-08-27,1.1013222882081046,0.0,18.123128218614674,4742.50273897202
2020-08-28,1.0943593412057648,0.0,20.001758217051883,5480.421676878284
2020-08-29,1.0854073664752035,0.0,22.74775129130511,5240.048264544092
2020-08-30,1.077515206894275,0.0,22.248575232131586,4540.414387286576
2020-08-31,1.086552186381378,0.0,19.099460932644256,4218.363917020667
2020-09-01,1.080138217970866,0.0,21.608148274536987,4522.315964131855
2020-09-02,1.0780847514506025,0.0,21.66002611400471,4366.032444193437
2020-09-03,1.076197353115902,0.0,21.9367745797768,4068.7025279723
2020-09-04,1.68863880469159,18.134238121684493,15.639514563040358,1935.1810189422176
2020-09-05,1.6513897090266416,2.3844860513496444,13.70570695582356,1278.1059171701124
2020-09-06,1.6313020457735412,0.0,16.195850115105834,2183.6784879692123
2020-09-07,1.5875259944980251,0.0,17.079937306567622,2988.949282345806
2020-09-08,1.4136305868677823,0.05082238563190465,17.32152096874944,2662.938684120159
2020-09-09,1.3840648472637331,0.0,16.379659429170353,2787.6559773739423
2020-09-10,1.411681282479914,0.0,16.96008225132429,3904.6676301985262
2020-09-11,1.32788530219134,0.0,16.836810491979698,3301.367462532252
2020-09-12,1.3018990710576417,0.0,17.130710123940503,1741.5544751288946
2020-09-13,1.2905077949633104,1.4506999929651943,17.03351301315153,1513.5642275951664
2020-09-14,1.2005833451778791,0.3508452690075223,17.231480176753678,3057.683420692238
2020-09-15,1.144299945417575,0.00730446133819589,16.810872898500428,3583.138713961991
2020-09-16,1.107575825426403,0.0,16.60377272397949,2989.3255770447795
2020-09-17,1.0689367620933667,0.0,17.495315978336663,3225.1297059651465
2020-09-18,1.0478502795988485,0.6053930836265148,16.172590725009936,2201.5601165271078
2020-09-19,0.9986094997450587,0.4381899613304063,12.284948651532838,1160.665642357252
2020-09-20,0.9766041541159804,4.676120159131071,12.965742889262138,254.6156133062105
2020-09-21,0.9654057849156944,4.797383637333086,13.605111884302769,875.7279121743079
2020-09-22,0.9588203416761806,0.0,14.059059346437166,1722.5597237615857
2020-09-23,0.9335092026514328,0.0,15.002822711851648,1610.37520926377
2020-09-24,0.9299376836807256,0.043517924293708765,18.068734284329313,3243.5738376264803
2020-09-25,0.9261612608518952,0.0,17.820676241350178,2692.1698114171554
2020-09-26,0.9189897763195202,0.0,21.347946947793723,2739.596033845013
2020-09-27,0.9141016973132664,0.0,17.445354967459657,2932.2391327011874
2020-09-28,0.9041774674420014,0.0,20.94626523528664,2870.4521743396067
2020-09-29,1.138901678388715,2.2932326443232176,17.067861720214072,1825.6139893954175
2020-09-30,1.1414591510573973,2.263899175910166,11.381433299281749,1784.2609060894313
2020-10-01,1.081614402997546,0.0,12.205645683877535,1735.826395251321
2020-10-02,1.0352457035117284,0.0,14.448249062358919,2614.636802655298
2020-10-03,1.0221834057845178,0.0,16.653866264180866,2685.81483619955
2020-10-04,1.016236475261726,0.0,20.035960482371877,2825.9767447626227
2020-10-05,0.9331386455710112,0.0,23.99931765463935,2738.0442540805907
2020-10-06,0.8505344571638151,0.0,23.828457710396656,2757.844855691686
2020-10-07,0.7473742313731074,0.0,21.67195706184085,2692.9703295350814
2020-10-08,0.945379864303474,20.860565371208537,15.530498291036341,700.5270738938306
2020-10-09,1.0473870800494762,14.069336261653394,12.082648891561998,1516.1573654149252
2020-10-10,0.9834404151041378,0.0,11.662296290698531,924.1893914782992
2020-10-11,0.8816058942326199,0.0,14.404845080632402,2174.7775924644056
2020-10-12,0.7618197313656377,0.0,16.509692136836023,1937.8803719681507
2020-10-13,0.7552020415441597,2.696944494845161,16.626407952797994,2231.876908776127
2020-10-14,0.724823651234279,0.0,14.48099266638725,1374.7120121510386
2020-10-15,0.669715431524177,0.0,15.036794299397668,2049.4750860172767
2020-10-16,0.6251210156810237,0.0,17.48506958709025,2110.575710403379
2020-10-17,0.6035377565831007,1.2937424883855888,17.22483725742898,2272.8615251834804
2020-10-18,0.6536316124359453,20.166204545236912,11.10259902279841,309.3155815204232
2020-10-19,0.6694205230251458,1.5346669266990594,8.069190059205239,219.1835410092075
2020-10-20,0.7343270926577562,6.466299436734231,9.509650781328567,654.0207472441278
2020-10-21,0.718918345072688,0.0,11.481348094502167,1368.6137430758151
2020-10-22,0.7006546642160558,0.0,13.488957842786807,1522.6694129244177
2020-10-23,0.6876200060149178,0.0,15.792992882098021,1382.1231392365632
2020-10-24,0.6741910011342932,0.0,17.45458544283994,1359.0529687024016
2020-10-25,0.6667394145500963,0.0,17.929471738547797,1484.297822241935
2020-10-26,0.661093689774424,0.0,13.477549049979647,1276.2660249041978
2020-10-27,0.6511467838300349,0.0,13.108226361521401,1146.1490980075798
2020-10-28,0.6575679788469962,0.38146281926011577,13.349177703653597,1180.126037618685
2020-10-29,0.6510673921265048,0.0,11.720244893891536,649.171684938091
2020-10-30,1.8540559079927093,14.005930124380942,8.62325495859852,610.9347025158027
2020-10-31,1.1395231564241126,6.318948095631651,6.254596161152478,269.8730699245786
2020-11-01,0.9441528025312732,0.08078496117962403,4.809214963756876,751.0599278978893
2020-11-02,0.8731922839615567,0.0,6.912817417990932,1103.0005491094494
2020-11-03,0.7840008447484473,0.0,7.30153474457403,757.830947488053
2020-11-04,0.7460960583591404,1.3334535531229064,6.844181718350032,506.8927972914088
2020-11-05,1.0966773793086113,24.13390767350735,8.355615504605229,76.5628130096823
2020-11-06,1.5381010706091247,6.276984990974773,6.631569243593889,73.00488484582227
2020-11-07,1.4318164224511207,0.0,5.682889248802169,444.2774193584055
2020-11-08,1.3419197927595636,0.0,7.212062194087599,914.5478095295232
2020-11-09,1.1984691361350324,0.0,8.495587938941153,875.9025925808983
2020-11-10,1.089184992272692,5.216736716334324,7.606710164985618,162.1728250137216
2020-11-11,0.9047460831752836,2.4015248140282646,6.9794400199022,567.8346473386606
2020-11-12,0.7823534657015534,0.14755572647990364,6.2787789570966845,756.3013784431092
2020-11-13,0.7947755502104916,4.430396289827892,6.849061801915637,793.7022830294491
2020-11-14,0.8063406686039455,6.142504856881212,5.383824507757555,119.84571698523266
2020-11-15,0.8267751737396227,0.0686588249156795,5.008214145601675,617.0512190685438
2020-11-16,0.8200661006681272,0.0,5.606219236112116,598.177989996403
2020-11-17,0.7994798672493639,0.0,6.1291333977724,741.4485978489247
2020-11-18,1.0762104749667445,10.624205298662659,5.513742497872298,356.384424431245
2020-11-19,1.024916825034894,0.15486018781809952,3.5095642751312424,496.14448190682606
2020-11-20,0.9841899593541852,0.14755572647990364,3.234756592196021,745.6664717692239
2020-11-21,0.9806490702986136,0.0,3.3179462237399795,601.312960008615
2020-11-22,0.9717056606151606,0.0,2.1444278736853652,231.51156076949
2020-11-23,0.9417516270400342,0.0,3.836435227278086,609.491340061335
2020-11-24,0.9308105160551085,0.1577938031284483,3.32806054097078,478.135347050094
2020-11-25,0.9197612997541768,0.0,2.817534154435686,237.2734211088633
2020-11-26,0.884322460045676,0.0,3.7663891321309633,714.7003622424292
2020-11-27,0.8618892897083188,0.0,6.980890354601001,713.5861889473777
2020-11-28,0.8344995646660405,0.0,7.325873139308247,917.3039764305288
2020-11-29,0.8073252343017749,0.0,8.106548296480351,833.1722489567255
2020-11-30,1.0914014373784366,16.6533884196017,5.929247909859267,742.8045971727372
2020-12-01,1.6168432851639405,3.3063669744522652,0.8915919863634637,63.537888763447775
2020-12-02,1.3983332982585852,0.6384055775382048,1.707123314908388,55.904939145092165
2020-12-03,1.065825490512205,0.2059764747470385,5.5571783891894695,455.844431145082
2020-12-04,1.043732648247023,0.0,9.567918791021055,670.2927658110783
2020-12-05,1.0021242050221315,0.0,7.528621223310232,622.119090486019
2020-12-06,0.9397995849970778,0.0,4.949508747750387,585.1514990520328
2020-12-07,0.8814224133772379,0.0,6.514053972885865,450.8024314420934
2020-12-08,0.7915473364573511,0.0,6.610855820321342,278.174273618224
2020-12-09,0.7587938128755596,0.0,8.18125163184301,762.1765654549403
2020-12-10,0.7107263438700371,1.137180676135192,8.789683876125352,920.1673465526922
2020-12-11,0.6870700056122776,0.06617603850323224,7.343348969410689,731.5398427859952
2020-12-12,0.6886646407023417,6.690127606262811,8.180709683764391,362.6252299014584
2020-12-13,0.6737205273256957,0.83450924180657,9.560945914385552,516.4364436732951
2020-12-14,1.080104907217374,18.98851015003531,7.892851340291371,127.7677282597278
2020-12-15,7.0220718498542585,25.175949223869438,3.5797316772932897,39.95795271933158
2020-12-16,4.934542563372915,0.7170085778053946,2.3125976853489334,48.86361428834411
2020-12-17,2.836273819021433,1.8867861547407228,2.8315892815817665,196.3040638580353
2020-12-18,1.9124326655399144,1.0728244311040793,2.1239755143158217,171.28290868674645
2020-12-19,1.6454377048304558,0.14755572647990364,1.5591867234576633,232.0141085178472
2020-12-20,1.5290795173583367,0.09787667026846306,1.638856331116359,379.8944055815679
2020-12-21,1.502862673188411,4.654468400645845,-0.03513420806650824,105.5683727720032
2020-12-22,1.4880086366458494,1.5030204373429128,-1.0070611302340555,103.23196945460954
2020-12-23,1.4707988162354326,0.274635299662718,1.2748609783144507,297.52217703584006
2020-12-24,1.457693500510719,0.07596328625387538,5.574422352793916,415.9733452539164
2020-12-25,1.307324680554425,0.0,8.763410979715767,817.1229966354649
2020-12-26,1.2667060628024285,0.0,9.765691219574096,764.8214690486503
2020-12-27,1.1856127147842277,0.0,9.42784316588285,856.3809123455814
2020-12-28,1.164011808065053,3.4173590155795925,6.508513993415404,444.9688651992917
2020-12-29,1.0749695732635451,0.0,8.178921644351131,805.7735493911852
2020-12-30,1.045256989002321,0.0,8.370483835519927,679.6252261961469
2020-12-31,1.0291715195872753,0.0,8.353975864282575,789.4221215282969
2021-01-01,1.0030873593776068,0.0,5.914936049555127,287.4469467423535
2021-01-02,0.9834130458740542,0.0,8.162609401312956,662.0921511549242
2021-01-03,0.9694422829045768,0.0,6.993436216927912,642.578721263987
2021-01-04,0.9545161258211764,0.7023719255591767,7.047336779906299,985.4229406071167
2021-01-05,0.9445639835743224,0.0,7.363254922002042,514.7959115087627
2021-01-06,0.9292233541274536,0.0,4.536030207356866,488.53486902430336
2021-01-07,0.9258244642989664,0.0,7.467521692421757,759.1535093648306
2021-01-08,0.921484392574745,0.0,10.252264118926597,1041.0348253406637
2021-01-09,1.6245319547193693,22.454835842981588,8.28030024396342,369.41576098212295
2021-01-10,2.0408505801871435,19.258454755296704,8.369889132589318,11.048367635487638
2021-01-11,2.1175467246049084,0.07596328625387538,13.943402205162423,533.2727232374781
2021-01-12,4.319814416022506,28.75659979934992,10.053376187691628,889.6449414240113
2021-01-13,7.711473318798146,28.75659979934992,-0.5580706675697491,38.49065759505376
2021-01-14,5.642498368418375,4.514056861690869,-3.233546054355117,60.28020954229255
2021-01-15,3.5155549449926893,4.022728586889142,-4.656074060155713,124.63887133702232
2021-01-16,3.5478179374630527,20.272850457947897,-4.710535870906324,228.16168955206007
2021-01-17,2.8827903504767067,12.370599928310085,-7.574653229658497,100.62225109345316
2021-01-18,2.1506117155095272,0.0,-9.633247372862838,43.958314911883626
2021-01-19,1.5513209259070269,0.0,-8.376399183609532,127.11257257602804
2021-01-20,2.061335085728289,0.0,-4.303766500013718,206.61231554870284
2021-01-21,2.0891412966656966,0.0,-0.35188822963717814,573.1015908481787
2021-01-22,4.148221240185051,0.0,2.5985125543584164,959.3477844303098
2021-01-23,5.863447470794351,0.0,5.410510023611342,982.234167963202
2021-01-24,7.484125033213422,0.0,6.165627210250609,1189.7567374741773
2021-01-25,12.322903401345028,8.199959910715785,6.414389490424757,490.2538130927352
2021-01-26,11.377219887157793,0.11031165026787415,9.008379283324519,782.74285628843
2021-01-27,16.95742566522325,44.43716359308759,-1.4686839496552617,106.54775976143426
2021-01-28,10.364733859450274,0.2454323967483667,-4.056408431799189,428.241166906528
2021-01-29,6.94446277069635,0.274635299662718,-0.03837331981801584,1153.9193927780425
2021-01-30,7.612647867766413,7.313335302476628,1.9255796721032334,523.4694668105082
2021-01-31,7.136622952665392,0.2264526280441278,6.481925110269766,1422.7888152327605
2021-02-01,6.39193633946692,3.497371190929125,9.496798425946704,1263.5576337069815
2021-02-02,9.21878366744591,0.8095271815221774,8.702066763656115,559.9120996787397
2021-02-03,7.428659895144654,0.0,8.841817965242305,875.6672184989716
2021-02-04,6.386820249971338,0.0,8.95314478455659,1345.708784448835
2021-02-05,5.512638196050531,0.0,8.616866456775078,1343.2033280717626
2021-02-06,4.701422465140108,0.0,10.065703339603687,1394.9218464867788
2021-02-07,4.346912337164831,0.0,13.099798605430669,1208.9348774268035
2021-02-08,3.975951004770953,0.02265811420952348,12.86632017033817,1784.345286773245
2021-02-09,3.853264522766015,2.764086631814055,10.304819891896374,2011.719267280128
2021-02-10,3.7538589832854585,0.10493253577901912,8.820020721063106,1576.2714543249442
2021-02-11,3.6077322980521367,11.161006541285241,9.96096298186824,1546.0759895730805
2021-02-12,3.643768191371067,2.5935243801298995,-4.834109421647003,44.84199327877668
2021-02-13,3.668056702824062,4.257188539169779,-6.12939317299709,441.80030168234896
2021-02-14,3.699531327634763,12.794762564186563,-5.3284228982520085,14.7792124097694
2021-02-15,3.248570058800414,5.15994851085242,-6.288035676419176,0.0019456141860321
2021-02-16,3.342539135350203,7.304350822303643,-7.816942649927732,14.942849937597945
2021-02-17,3.772027732450473,3.6278537907706507,-7.158425378066308,26.2026127707536
2021-02-18,3.424032974801743,2.604789860439916,-4.454933353530933,191.0719783769776
2021-02-19,3.081652969670268,0.6294055972664537,-6.3679149093193175,72.97585751974053
2021-02-20,3.133317207270783,0.0,-4.059662641408673,435.1640659673057
2021-02-21,3.403964704644246,0.0,-1.9275076985678958,712.6352891009543
2021-02-22,3.920062925926771,0.0,2.445992818634129,865.5955121547885
2021-02-23,5.1904039288740496,0.0,5.0627195640340705,1222.6191107095292
2021-02-24,6.021987830143309,0.0,0.07542378170315128,600.3777652433436
2021-02-25,7.938072416733148,0.0,0.3691670802910049,869.434032963077
2021-02-26,8.732116557447311,0.0,3.2963271965727516,1516.610289077188
2021-02-27,9.975407302567758,0.6789576107538915,5.002250457597747,1607.6156316166262
2021-02-28,12.523409883620614,3.657792257503053,-1.4398182645790019,511.4397460765351
2021-03-01,9.569765773640793,1.3769242592105095,-0.14602337437876461,1694.554378767736
2021-03-02,8.456767192170341,8.157891842808196,-1.6380088974688805,323.73843229952735
2021-03-03,7.3678930522530734,1.1730200359811436,-0.8051021198492796,780.6989326071256
2021-03-04,6.570010124375395,0.0,4.464094717178431,1806.7785048718192
2021-03-05,6.818903487279354,0.0,9.708353615199321,2900.7320676961376
2021-03-06,10.040171893056572,21.230402978898127,2.1804376644277466,668.2945739489007
2021-03-07,13.374762676835102,13.617256113107112,-3.3670985170827796,141.95798018898194
2021-03-08,9.43248722714677,0.2567988603789432,0.9012264171370084,2164.732407838451
2021-03-09,7.718217765572187,0.0,3.4266467023342497,2434.364420124881
2021-03-10,7.249500329574285,2.767601466065632,5.513761196120013,1502.7090355593475
2021-03-11,15.465583118056532,12.754642524761813,-2.8671366218198884,103.41703443389883
2021-03-12,11.52965295277147,0.015353652871327589,0.3869900234288542,2272.8218273748544
2021-03-13,9.238103325518226,0.0,5.93978970760863,2484.851317217155
2021-03-14,8.705951863679767,0.0,8.107022307726197,2857.060636415706
2021-03-15,11.59904605941217,5.09440321515339,7.800322628056008,2495.6335926257734
2021-03-16,16.45529954328557,0.5313574342533208,3.1107421004601687,2268.452055647813
2021-03-17,12.607314356228812,2.874353013357026,0.9192028959280949,677.2552405459625
2021-03-18,10.604861265759103,2.4376002459996267,0.17298346837351886,597.6652614430412
2021-03-19,9.235897515756628,1.6923553519056598,1.5486519443427866,1441.901762053834
2021-03-20,10.09518820476047,7.476275916685412,1.2580420250045117,666.9638112640105
2021-03-21,14.489260631096217,5.455974649095905,2.760366707104753,117.9805332956064
2021-03-22,20.314183748121764,15.580588612211528,7.01673116147605,2641.7893910692005
2021-03-23,32.98607709862968,38.99511637015152,-2.3701160217014525,98.91613502966716
2021-03-24,22.572318613700823,22.522525359048245,-3.9928420172428396,632.3930787766365
2021-03-25,15.384710019022789,13.544877590961311,-3.6982566004015487,117.36708409738226
2021-03-26,12.713960591948862,1.9068367198391172,-2.292807129043459,511.0877840371295
2021-03-27,13.355480630910604,0.0,1.5922561864923668,4220.669560466343
2021-03-28,14.8727312408922,0.0,4.50830601690304,4309.166001297309
2021-03-29,14.661504232979947,1.0784599210722803,1.5831877073307172,1226.7067232309537
2021-03-30,13.519227059381755,2.778951313104813,-0.4053775423000826,1188.4678409502767
2021-03-31,12.674761427795694,3.174510884203117,-0.5241948788418416,462.38612645992765
2021-04-01,15.744350833210063,5.070005407949897,-0.5745176807093405,183.757264284456
2021-04-02,14.724508003066024,0.0,6.402026250193204,3498.1320368955867
2021-04-03,19.04901566574974,0.0,10.281524687394917,5234.200227577555
2021-04-04,24.190292571225854,16.264020783122756,9.503259362385855,1826.656970524088
2021-04-05,51.79636222665185,18.093032476078434,4.089995971438291,228.59519791672832
2021-04-06,36.6835148575088,0.0,13.602092230386594,3784.886578341083
2021-04-07,29.02515184636809,0.0,9.759758270582605,4991.366457986777
2021-04-08,25.959122495370373,39.51562356300391,-1.7653951982156217,125.6259056474412
2021-04-09,21.07983394413908,4.152916661089887,-2.0760806373640337,1111.6857110918788
2021-04-10,16.88534537023643,0.4529052560882556,-0.7505959625761088,1823.51236356132
2021-04-11,14.369123304635693,0.6815006450741656,-0.01676683312295274,1262.491346717879
2021-04-12,13.255357057418358,1.541166548645375,2.6097997805259494,1430.975948224843
2021-04-13,14.435621578908105,0.08808942251781991,9.093865422957498,4809.9718464273365
2021-04-14,16.341769942508463,0.0,10.543370530810481,3709.490490379543
2021-04-15,16.036916147793526,0.0,7.879295681533316,4842.116485425391
2021-04-16,14.123817284979747,0.3383354759564818,4.3375208202791455,1391.6748467615364
2021-04-17,13.786083596898576,0.3917008959086604,10.016475243188617,1936.9640614124264
2021-04-18,13.594820298250797,0.3063340186912379,14.648842172994748,1795.683083143358
2021-04-19,14.389195787025944,4.765898655008473,8.742189394038657,718.8098540770701
2021-04-20,12.307158616295627,1.9953571193165296,6.945569949349536,3234.9966386100127
2021-04-21,10.458398365207833,0.10081028557881182,8.165625733790705,6124.4368053788485
2021-04-22,9.252593125754371,0.0,10.206764606198936,6126.249903856143
2021-04-23,8.82050480954153,0.043517924293708765,12.323683661288648,5961.030724754266
2021-04-24,8.954326989273174,4.562405096010759,6.893658084350174,2220.429736518417
2021-04-25,8.86043462567661,2.7349751217982385,3.2750324150054477,135.64165498584907
2021-04-26,8.786907282407407,0.23136405845993813,5.210334999125308,2833.6307451928096
2021-04-27,7.573543651459307,0.0,14.104786881286401,5589.52283429316
2021-04-28,7.111301415305349,0.0,16.996806664107517,5475.407959823479
2021-04-29,7.078776850811768,0.0,16.492551099087102,5909.700228589771
2021-04-30,6.698063849584521,0.0,18.53097317652498,6636.252643194291
2021-05-01,6.162706141681072,0.0,21.94652473985814,7907.141689650933
2021-05-02,5.938148148148148,0.0,23.234245478745517,6235.424747923714
2021-05-03,5.921175800018749,0.19302195829683905,17.37951204294942,7368.833911089956
2021-05-04,5.590074199981251,0.35368912882780934,11.69006160094142,3350.922296867633
2021-05-05,5.3745894529493325,0.18045191733797178,14.935819079850884,5496.0100020124055
2021-05-06,5.16750556955516,0.13382396149676773,13.89432202044013,5065.979336135658
2021-05-07,4.968936491580878,0.0,18.70825092733956,7465.716109598767
2021-05-08,5.1702730063096975,1.7027206731174633,10.107312917292285,1857.7943290454837
2021-05-09,4.924168410439056,0.0,5.696503342517573,4426.2531866770605
2021-05-10,4.718978677080337,0.0,6.50974424788156,6429.125629532007
2021-05-11,4.474537037037037,0.0,8.288416708126217,6110.52949131567
2021-05-12,4.440108998358397,0.0,13.439922841615854,6939.19099602178
2021-05-13,4.420619341556141,0.0,17.01250733044487,7831.560513668013
2021-05-14,4.078028893400604,0.0,16.2889840047189,7902.435646201937
2021-05-15,3.9859102025620734,1.0449690034171646,15.17853762929543,8167.1557511358515
2021-05-16,5.341495803627028,10.58220916985146,10.825598839157616,2687.798944502798
2021-05-17,4.260416666666667,0.0,14.720466577617772,6156.445512078437
2021-05-18,4.224707119952429,3.1457685025750846,13.0979412496072,4326.03545855284
2021-05-19,4.167033850419695,0.0,17.378842801002122,8214.33938261544
2021-05-20,3.9271513236164712,0.0,16.015126193464287,7527.557012080671
2021-05-21,6.161676949709203,28.02726658288271,8.606161474028882,1744.630688810762
2021-05-22,11.754504499518028,1.8246256549130246,8.64671112848271,1415.2128839838028
2021-05-23,6.737119525129179,0.0,14.771945523192825,7732.846080388502
2021-05-24,5.038713808204154,0.0,17.16985658723469,8055.830025693739
2021-05-25,4.819715506115507,0.0,15.310356689828703,7647.900906533729
2021-05-26,4.052419977324038,0.0,15.67483439676483,7598.780719711745
2021-05-27,3.997141543861501,0.0,16.219102309685077,5633.9332200298
2021-05-28,3.93965420665373,3.335541162225054,13.25253755625031,4576.358237723855
2021-05-29,4.370453931523215,0.1443282098725206,11.440808773069898,4573.421596419236
2021-05-30,4.4675375130431,5.190898519123836,13.858873144938624,6775.361550481943
2021-05-31,8.528258555433684,13.28409097841636,11.10767795709104,1317.780867860809
2021-06-01,7.345392128523008,8.217297834747477,8.751405306149032,1061.6071824301998
2021-06-02,6.309692515739139,3.494444132533145,7.1671723839039565,2373.242912819057
2021-06-03,5.390320870948957,0.10925807633747177,9.312774416354372,2514.5990819182407
2021-06-04,4.860471395385563,0.0,10.88442978377325,5455.65817448626
2021-06-05,4.818019676629603,0.0,12.078568215368207,4677.94647416326
2021-06-06,4.011525785730361,0.0,15.329392351548822,8007.544987333146
2021-06-07,3.795347985488151,0.24342425535643397,16.242359363099535,6592.572193443176
2021-06-08,3.889548896971301,0.5521274888474443,13.412016208754434,2898.799325067449
2021-06-09,3.8453377574060856,0.0,14.647265799135951,8166.624782418256
2021-06-10,3.320670207435692,0.0,15.191333772429083,7413.414993637749
2021-06-11,3.298157480053568,0.3155876062568966,15.176188922976081,7246.495214733329
2021-06-12,3.232722125163762,0.030707305742655178,15.879580935133843,7352.822265588022
2021-06-13,3.2000432160779444,4.420249063808807,15.828590916494957,7219.511904018685
2021-06-14,7.3961840369218175,35.19838314277381,8.65493312844286,412.6771554311054
2021-06-15,5.276131790800116,2.187533097668731,10.676858133179172,3654.608518208096
2021-06-16,8.319815185195294,16.346491553483055,10.600263588633364,568.6867829392571
2021-06-17,6.29610163329863,1.0670785150032713,14.55269521410245,5550.858138341821
2021-06-18,4.993713181516186,0.0,15.869251590949357,7727.2784523446335
2021-06-19,4.623273386407787,0.00730446133819589,15.436462000813886,3188.0117976356014
2021-06-20,4.033912684932292,0.32552485740542814,16.24825705033709,6790.514140013509
2021-06-21,3.915446527146189,0.30212201300096886,15.258827871348174,4007.255435753912
2021-06-22,3.5766743009779707,0.0,17.60507198492974,6483.801343679389
2021-06-23,3.4363279491155576,0.23814287784860308,17.347050626825567,5270.584494443144
2021-06-24,3.163123941900032,0.0,18.776731723677916,5181.467853875003
2021-06-25,3.3426465074938703,0.0,20.127187824106716,5131.645657067949
2021-06-26,3.1629825718309803,0.0,19.665671671477,5395.535085204236
2021-06-27,2.9399901594149043,0.0,19.239028866923206,6097.313841606575
2021-06-28,2.750988925607313,0.0,18.221886014865966,6490.4543406871535
2021-06-29,2.639927828894569,0.0,18.862234695555514,7786.060405910735
2021-06-30,2.539478710633722,0.0,21.569038133411805,8758.172892796276
2021-07-01,2.4104528128869065,0.0,23.85416636387852,8102.86176928326
2021-07-02,2.3179401497484284,0.0,19.72446125244847,7641.671447256657
2021-07-03,4.807853742244553,19.421136825730162,14.178506289002367,2366.402537318571
2021-07-04,2.972435508553504,0.08620136290242003,15.520947967739705,3263.361950132966
2021-07-05,2.5928922076966137,0.6556840991047754,17.82652418076791,8430.851282177764
2021-07-06,10.499262436714591,41.70119564085085,14.822875980512194,728.710957558671
2021-07-07,9.46793964314504,14.760683217500105,16.594545513127017,3330.51667341604
2021-07-08,15.773697140428723,19.20971380867832,16.22349556567562,2501.3189001716837
2021-07-09,9.952609918305702,0.0,16.802719037638937,5920.623404389407
2021-07-10,7.399110609820463,0.0,17.472635595084974,9053.478839119918
2021-07-11,5.983564416020277,0.0,18.265925421701418,7608.909197559783
2021-07-12,5.081873127439457,0.0,18.99590371320142,6562.452994149269
2021-07-13,4.510849997248736,0.0,19.14219846364241,8090.5343070156305
2021-07-14,4.191150003098183,0.0,18.65493100354809,7690.737610797769
2021-07-15,4.003001243301084,0.0,19.907934396388654,7857.891765813017
2021-07-16,3.877726301644688,0.0,20.531947327524136,8302.344634234772
2021-07-17,3.6059493559359375,0.0,22.622899399006556,7816.771323428629
2021-07-18,3.4156146963652767,0.0,22.26765514831775,7902.900283676479
2021-07-19,3.3737919740200217,0.0,22.982162458451214,7657.125380362839
2021-07-20,3.0945314650986364,0.0,20.96822745517748,6783.456073122102
2021-07-21,2.944412922273059,1.6994687419159096,18.688523577556797,3662.140415942478
2021-07-22,2.9093479720016697,0.39289669358524515,16.06486436043732,5044.096205704754
2021-07-23,2.8292412748593394,1.1960145887716576,15.174380010935316,3281.7485410690088
2021-07-24,2.630359736021425,0.02921784535278356,16.770609276248017,5626.700302403656
2021-07-25,2.572914110310062,0.0,17.041032757431925,6861.382302827969
2021-07-26,2.4386584216072498,0.0,18.185802170052206,8538.135315066222
2021-07-27,2.3332813153739664,0.0,20.05143206247038,8013.631695100858
2021-07-28,2.2847556226747496,0.0,20.79363454979929,7450.14599350918
2021-07-29,2.2317102716713717,0.0,21.496647989142367,8093.230353672894
2021-07-30,2.2209639136713637,0.0,23.68390759403947,7484.493060188071
2021-07-31,2.185954049074092,0.0,23.88207581951243,8446.615315834613
2021-08-01,2.1330631407037037,0.0,22.210229166305115,8158.475160082828
2021-08-02,2.121055736456324,0.0,24.755883646827023,8549.038464614132
2021-08-03,1.9099581310476788,0.0,25.037357589745756,7478.72245963411
2021-08-04,1.6637865886582046,0.0,23.58670906916839,7736.624460453508
2021-08-05,1.513852919426496,0.0,24.878768726865665,8147.8230704348925
2021-08-06,3.1239211084694305,15.201507125801694,23.751473387645884,6568.821366148074
2021-08-07,2.789337171231024,14.300132302262464,16.42902903305795,236.6184880936194
2021-08-08,2.513685630831301,2.688954834482012,15.834227678289004,3627.474999835897
2021-08-09,2.4346351077697936,0.0,17.631457280069064,6805.365163750501
2021-08-10,2.236034850063981,0.0,18.98039617728842,7040.579325540762
2021-08-11,1.829640760603112,0.0,18.744912192031933,6583.11300819265
2021-08-12,1.7143508647111965,1.3037100658205918,17.668274877216497,5396.978819497002
2021-08-13,1.6630228560020843,0.0,16.658797602382684,5804.075263961824
2021-08-14,1.580424430929288,0.0,16.166621094911143,6252.602123544445
2021-08-15,1.5119821720406987,0.0,16.240174877012485,7121.50479495923
2021-08-16,1.4485231249616397,0.0,17.37205961818396,6837.807732573664
2021-08-17,1.428444393801363,0.0,19.183981270936496,6546.078018008584
2021-08-18,1.398604715216327,0.0,17.925891489094283,6586.113354340674
2021-08-19,1.4599696152200772,9.50403392800854,16.13835137777352,2448.371254083788
2021-08-20,1.4464364252439332,0.0,15.274631427000799,6508.700349351858
2021-08-21,1.4303580541484242,0.0,15.851971616202196,4973.162280677789
2021-08-22,1.4200448259325889,0.0,16.857285487848227,4322.261750224492
2021-08-23,1.4030809375274502,0.0,16.950181752315878,6016.143670955666
2021-08-24,1.3908627294962497,0.0,17.83609414568106,5622.421828072846
2021-08-25,1.374456721419138,0.0,18.54227445487395,4254.21762268376
2021-08-26,1.3455205676740574,0.0,21.299545307526603,5675.485371106706
2021-08-27,1.3396195455479782,0.0,23.42400158885264,5941.3943679703725
2021-08-28,1.3246231107678048,0.20131172742215706,20.945544368690136,5975.269394469627
2021-08-29,1.31660443125428,0.0,21.116287369981578,5184.106763176548
2021-08-30,1.2943560054421903,0.0,19.034769606449625,4980.14029353546
2021-08-31,1.2755580158800317,0.09057220893026716,17.254851715615892,5168.415524793119
2021-09-01,1.4627084675342583,1.2280160827813924,16.685587840907665,5704.505445240776
2021-09-02,1.5487222031207912,1.1379877690361062,13.575414377874893,3140.757914887366
2021-09-03,1.7226388848568486,2.3246349965679896,11.669828930524503,2412.598947501298
2021-09-04,1.8526862444232135,0.0,13.556489171953999,4733.516543048989
2021-09-05,2.0188239182387577,5.008365878048679,13.959859745182564,4072.632321672642
2021-09-06,1.7267633003085858,0.6031835278685566,12.575803176393642,3913.25500805784
2021-09-07,1.5894463183543,0.0,11.363152403659978,3697.3299946435295
2021-09-08,1.439420067875138,0.0,12.544157981677944,4630.2705953662335
2021-09-09,1.7014242883767272,4.881572363382817,13.30772377748802,3293.422390589021
2021-09-10,1.7957802910938847,7.910281502676238,11.878095117466309,733.2768261194627
2021-09-11,1.5328260413775725,0.27593555668404923,12.41197982077593,3311.3494380234856
2021-09-12,1.4152605537439464,0.0,13.501816964220994,4573.41511084679
2021-09-13,1.335533452986104,0.0,13.608620507846355,3500.2569963541946
2021-09-14,1.2741596463713143,1.6419785441350383,14.285262086148943,4162.254606787031
2021-09-15,1.364693611800865,10.004874647087833,13.810052574546377,1678.0080920006078
2021-09-16,1.6441293319331525,11.019612983999012,13.341131183367892,3139.807221601406
2021-09-17,1.5180173994355162,0.0,16.51395118347044,4103.363722035482
2021-09-18,1.485780473627684,0.12932870620605405,18.99197512554737,4432.788586964742
2021-09-19,1.402869562890566,2.168048734952136,17.93902156136366,3710.280483289522
2021-09-20,1.377882534815933,1.187986067881071,19.8717890996807,4111.700474471579
2021-09-21,1.5301585886839115,19.603056341337982,10.966488037790459,201.07657360374407
2021-09-22,1.747979888180761,8.626597360707752,8.945659228162059,1907.515757668002
2021-09-23,2.001696100563965,14.027404386589147,6.048619563471827,752.0984409002333
2021-09-24,1.7296272569380964,0.0,9.867809695594007,3535.823390991623
2021-09-25,1.587932359353459,0.0,12.666183640227787,2697.4700616128266
2021-09-26,1.377895980201457,0.0,13.931209254883216,3470.95384604329
2021-09-27,1.3120698176332255,0.0,11.885856924433085,3464.8174055957497
2021-09-28,1.256316457854088,0.6741812412975373,11.223603739862641,1457.3331706612892
2021-09-29,1.2445828100743226,5.77033219568285,10.690496999354506,2074.333322894588
2021-09-30,1.225402888376684,1.7648646950646474,8.80115464141199,2037.9908235428095
2021-10-01,1.203186851507581,0.0,8.328704289837777,2879.621742298396
2021-10-02,1.1791695369222253,1.7057969903280923,8.742253524944708,2123.232192653096
2021-10-03,1.1568836772838336,0.23490041880278772,8.853352663972318,1856.8224522463504
2021-10-04,1.15140125721857,1.5370668818244237,8.61942261182642,891.7423736751658
2021-10-05,1.1412780347087357,1.7821213499898074,8.014837666222796,1688.4494857650668
2021-10-06,1.115998026445484,0.30732734471381346,8.230395747099399,1180.8402725110402
2021-10-07,1.105750205297879,0.0,8.991839362290913,2446.8294813533826
2021-10-08,1.0920768812780215,0.0,10.970575549941984,2452.2320901091666
2021-10-09,1.081452957052853,1.3453606011414458,11.414013068240637,1324.231397927899
2021-10-10,1.0892482750282115,1.4138471146082194,11.016818107335975,387.9021779011914
2021-10-11,1.1046312711698825,0.9518944314643796,13.376501402452782,1305.451270725738
2021-10-12,1.248468030119212,4.41087486041806,12.529647503800765,2363.10104741122
2021-10-13,1.519366131999207,10.47588262953135,7.9373124652279685,383.3632076032356
2021-10-14,1.5921868472118073,0.0,11.848959773285674,2273.829650024502
2021-10-15,1.5977800810186686,0.4578166865040659,14.43168783615382,1476.6187483464746
2021-10-16,1.6247327401372793,9.443820429826317,11.950508968771649,2905.971866845363
2021-10-17,1.7195362345344734,12.797491497119509,8.28652700463669,389.15174678280135
2021-10-18,1.7342019803330395,5.091357170627453,7.3893872549102735,367.1781173213381
2021-10-19,1.624976056680644,0.1089492326020052,6.571792106645945,858.8267136459377
2021-10-20,1.4089923553585482,0.07889690156422415,7.385943855109063,1997.3719831537503
2021-10-21,1.330742848124776,0.0,11.783261624286146,2152.5040283215003
2021-10-22,1.243184188084429,0.0,11.766514591559094,2198.696242243893
2021-10-23,1.184456316122592,0.0,11.141937540208335,2091.9148811080527
2021-10-24,1.764388899197956,21.414425469414873,5.809580494091417,174.85535133669606
2021-10-25,1.8340523183691453,0.0,4.20977193913095,2167.7312150646617
2021-10-26,1.5209927550920777,0.0,5.7241057656630305,1765.343654350783
2021-10-27,1.433427617484325,0.0,6.3869431962597325,1845.425546633675
2021-10-28,1.3477245337549624,0.0,5.731471563042007,1078.208423371649
2021-10-29,1.2547657752463848,0.0,6.472634673506254,1657.206126154142
2021-10-30,1.210373653399933,0.0,7.338003496279622,1479.911861820529
2021-10-31,1.1974303554044965,3.374106542288667,8.844371802761234,1408.1191716194628
2021-11-01,1.2445029593337622,0.5689183724362703,9.122282215173374,402.1104457067478
2021-11-02,1.3432203141422805,4.99929235443533,12.064740560268623,1473.8799918573536
2021-11-03,1.2683842183463097,0.0,13.498070273224467,1429.1952682851063
2021-11-04,1.1900474275281043,0.0,14.928301462469118,1695.4954369302195
2021-11-05,1.1762865594307397,0.0,16.730172851915256,1800.9921484322406
2021-11-06,1.1513663477684606,0.0,8.495128471383158,1369.6645959297923
2021-11-07,1.1344708954065297,0.0,14.884384243063575,662.3507768474777
2021-11-08,1.0922277821467106,0.0,16.377485934732935,1598.0917571247803
2021-11-09,2.0647093525979527,22.703807050458117,7.559648104944468,438.7132926508
2021-11-10,3.245464612838658,3.0275158436258556,1.5538090214927731,353.9747326246105
2021-11-11,2.2932599844390844,0.0,3.132987015789192,1095.102093992018
2021-11-12,1.805468837521308,0.0,6.503082050698694,1129.7493260112926
2021-11-13,1.5229399448149554,0.0,8.01714581981847,1232.5439799110331
2021-11-14,1.3969403036397023,0.0,8.929881681417951,1248.968887184872
2021-11-15,1.3377422029962849,0.0,5.427930931520113,1001.3612875143932
2021-11-16,1.300984763389786,0.0,4.4060039512505105,28.60159246633798
2021-11-17,1.2815140038435056,0.0,3.764049695957607,583.6817088423134
2021-11-18,1.2684668197397515,4.004731505396566,3.6312957489274322,391.1618906254758
2021-11-19,1.4408830842416214,4.329750216490268,1.8497430650100108,165.77472139523917
2021-11-20,1.3653087425953931,0.137317649831359,3.0263045202370518,593.3222796122759
2021-11-21,1.3089215189367405,0.0,7.253201708630478,980.2374375685938
2021-11-22,1.2511032975786842,0.0,9.59878535483513,1236.0584945308551
2021-11-23,2.267250063579072,25.236645515474002,7.657190189814376,616.6047740505725
2021-11-24,3.267580749033177,1.610963314220621,2.409195915376561,58.66802457193811
2021-11-25,2.450105228290432,0.0,4.255038484412781,614.6843973205963
2021-11-26,2.00342877361285,2.6493184808299324,10.225014863257952,1211.0418734225889
2021-11-27,1.7571249294249016,1.090112543092676,11.857141264477168,846.7327991304652
2021-11-28,1.601736938867447,0.9649149240265189,13.263468709873381,1464.4678855853938
2021-11-29,5.128291818256312,28.438703120125606,12.338524339436946,1494.7797318086552
2021-11-30,6.633397168802166,11.474084170317266,2.919449844400089,588.2925368397167
2021-12-01,4.429835608687917,0.0,1.7726850658222786,1207.5592895441546
2021-12-02,3.1569876927928338,0.0,6.0494008521584295,1124.785209042834
2021-12-03,2.6306543781274367,1.1147711944977992,9.189195079041216,1437.636409206084
2021-12-04,2.5041453952836363,1.6261261053208096,7.345301192996558,671.5798309902956
2021-12-05,2.201466491689212,0.0,8.559020197023145,470.15708538209503
2021-12-06,2.1331374788921647,0.1370237485343247,11.005611595699023,1326.476053435258
2021-12-07,3.263060443457212,15.395652525190785,7.114744508427576,864.2875157437096
2021-12-08,3.139279939709509,2.6524542924660515,4.4760486916079785,63.09381911433477
2021-12-09,2.547491541913207,0.2213301276183661,6.939766528831434,1145.968291361271
2021-12-10,2.595304010876926,7.184322426230471,8.250899407535579,959.6807327209305
2021-12-11,2.7606319587405808,0.2059764747470385,10.088529243320885,1000.0
2021-12-12,2.912357113148777,8.558243176759486,8.052921279926238,800.0
2021-12-13,3.3937877186317067,4.286571855263492,4.6424260815016245,147.8768710515739
2021-12-14,13.204022549125291,40.52415527671724,3.64484443209098,269.49663876751623
2021-12-15,40.9592527528127,40.11268110455088,-1.3534814169222131,40.825862763543405
2021-12-16,16.411509529765663,8.322436051775549,-1.5783124400311852,213.8952301504476
2021-12-17,11.783529964527904,14.827878502718473,-1.746065889796,76.51247709986649
2021-12-18,12.481615814691825,18.898459170180182,-1.9278840313710444,312.3714244337919
2021-12-19,15.166815620925991,12.386148602620914,-2.243849089924641,398.49017791038045
2021-12-20,9.583888079211784,5.425139700496719,-1.886409910260538,319.53896336337306
2021-12-21,6.601923392441445,0.6144060935999872,-3.8841947986564964,708.9186279100502
2021-12-22,5.535282704501124,0.05082238563190465,-5.075086622927957,451.9013711933833
2021-12-23,4.763038174961227,0.021913384014587665,-5.6711979132509605,522.3876345275337
2021-12-24,4.101013962121879,0.0,-2.404305818300603,972.2009316564876
2021-12-25,4.33484061677092,0.0,2.1821160928474033,1051.6890017177566
2021-12-26,4.451022337305674,0.0,6.556969857481371,998.7642173861378
2021-12-27,7.414041214491754,0.0,7.166672908673254,1022.2499322520327
2021-12-28,9.720932093492255,0.0,7.334551066931154,950.080380162504
2021-12-29,9.8073020475486,0.19196838436643662,6.871597329130095,956.2976336989948
2021-12-30,11.60754070272142,0.07889690156422415,6.02079524079093,3559.96289117108
2021-12-31,10.25202100969879,0.23669070469267242,2.0315422547721718,567.9694093976306
2022-01-01,10.007995775804009,9.488587660915258,4.759402035885312,346.5542124386936
2022-01-02,14.542937427171138,1.3092695467382973,2.116994867154598,213.39537419069217
2022-01-03,10.883418875123116,0.0,6.093783986526313,881.2711518596897
2022-01-04,8.184680392086676,0.0,6.3322492939772355,724.6435292790702
2022-01-05,7.791615541141385,0.0,9.280364941969227,1423.6130041711526
2022-01-06,7.1865784253049005,0.0,9.96841156014314,1549.0758280051984
2022-01-07,7.14762099671535,0.07889690156422415,6.090330609264499,655.3904002983168
2022-01-08,7.043898536793471,0.0,7.391805969580476,478.6498823080034
2022-01-09,6.237431731677389,0.030707305742655178,7.226794769936588,914.0961068712556
2022-01-10,6.022963136761618,0.058871577165036354,5.574260862254562,533.5214778795387
2022-01-11,7.084755152855935,18.49663965343715,2.0938543670422174,118.53737232259638
2022-01-12,10.18806870782828,29.266249384491758,-4.521831810869515,24.754083404126924
2022-01-13,7.304421640673174,2.8925217881044203,-6.488460159145334,175.35099328496446
2022-01-14,6.856920442438367,0.06617603850323224,-3.7547155765458307,691.5092269637705
2022-01-15,6.424032829139558,1.410580839439791,-3.64325438204071,377.9179850321976
2022-01-16,5.771000785048936,0.059925151095438736,-4.657996364244685,424.6702758942357
2022-01-17,5.316165594737313,5.327705511453508,-1.8962248451739685,1364.7595683945692
2022-01-18,6.235365633294069,9.983398048650958,-5.365865030826496,191.5855361793473
2022-01-19,5.942615844830108,2.773247593515638,-7.856774963361993,82.7249854010857
2022-01-20,5.403970763699423,0.08957888290769153,-3.056196159774256,770.4415897326716
2022-01-21,6.676497437672981,29.6010624807425,-1.2425382066324586,529.6291292939585
2022-01-22,6.907914286442151,10.197413317983244,-6.653750400356547,50.44141807249232
2022-01-23,6.034865804385911,7.043188481731624,-7.217518457343909,45.98921092724492
2022-01-24,5.367693600971039,0.16126107862378145,-8.056241819821347,90.72714224403236
2022-01-25,4.921814627122694,2.8561109771557613,-7.807519069376635,77.32458196014495
2022-01-26,4.719701773153839,0.5007398840007272,-7.133165641201743,114.7626892945286
2022-01-27,4.2743475356229945,0.09613861405095162,-5.818119386509598,190.37232004098183
2022-01-28,4.498921948410345,0.015353652871327589,-3.816395471371732,820.2186166665603
2022-01-29,4.52804865729559,0.00730446133819589,-3.4613770468000213,376.3125836984534
2022-01-30,4.616161245194122,0.0,-1.470276757935746,621.4542461779447
2022-01-31,4.499754074043008,0.0,-2.098920157683749,1114.9605590299489
2022-02-01,4.899825321236531,0.051875959562307034,1.6034955050747302,1524.919225650342
2022-02-02,12.43256925588954,4.446417691110005,4.062141400415134,612.5208303496635
2022-02-03,16.693668378281274,21.796554347787435,-2.3657648255663473,79.26156287112752
2022-02-04,11.082796033304405,0.5024088553707222,-4.055707136632638,833.8286746676013
2022-02-05,8.923538801319836,0.0,-0.35746648505890366,1616.3099947312876
2022-02-06,7.225889703035837,0.0,1.7270577131810785,989.1824304877384
2022-02-07,8.437450346823894,10.969938352761508,5.232633444185881,2130.5000718034566
2022-02-08,30.334885456157476,54.46200988943403,-1.7717991028711029,41.71157846599235
2022-02-09,19.07013817297078,3.853407428344946,-3.1523948657192604,406.7983260228556
2022-02-10,13.332680941647707,0.17036384408731556,-0.9964108690088058,1184.2394407074382
2022-02-11,11.594556710039033,0.0,5.566358398552952,2130.519212513972
2022-02-12,11.143798389663008,0.0,4.511706370277325,2011.986056067677
2022-02-13,10.69084134327508,0.4037667842647781,-0.9543354510130991,172.98438754443129
2022-02-14,10.052815935539384,1.6308141391059532,-1.5528539672323887,170.34699785916465
2022-02-15,10.217157251558508,0.0686588249156795,1.2377023414152086,1844.004784992229
2022-02-16,8.72874557321063,0.0,4.785710521896998,2223.752792771858
2022-02-17,8.403540991007683,0.0,6.042113288793472,2170.6600020383494
2022-02-18,19.824750488761204,18.751442934964405,0.1916884467652503,160.72654884420635
2022-02-19,15.408427048912568,0.0,3.8250974563050053,1211.3390881166786
2022-02-20,13.16400756196525,0.0,7.299469377758958,2270.3339372177315
2022-02-21,14.20560263942428,0.0,7.94263884669994,2630.2668477824477
2022-02-22,18.859446436440923,0.11954145845541089,7.769248872696682,1373.4641439333398
2022-02-23,21.614792872696853,3.9655816379511397,3.3165901647495772,715.200756914018
2022-02-24,34.51557560276115,42.651711319882025,-0.7693163294664807,75.88788193921445
2022-02-25,41.5367061492498,12.004851281568833,-1.351757499918779,66.27448655004213
2022-02-26,22.800827060045552,0.0,0.8357247124859526,3342.6536788912777
2022-02-27,17.376035877356745,2.7940667792747624,2.101244872707243,1819.010605095422
2022-02-28,18.65162492385812,1.837896692784006,-0.8837219330227002,547.4113096494054
2022-03-01,15.165055554553778,0.43005101430721293,-3.008356157165969,918.3439393758334
2022-03-02,13.031959901582145,1.1508633061889315,-3.9654625126516456,263.5152566328545
2022-03-03,11.65014508064086,3.813479343999695,-3.6671937652651407,126.42658212974304
2022-03-04,10.186124317142877,0.0,-0.10305349052982843,2074.8540224262315
2022-03-05,9.571807559854538,0.33327322343854676,0.7377517256619908,1480.5612384530775
2022-03-06,8.938669992964623,0.11217674920938826,1.3325352296006359,993.6606129615792
2022-03-07,9.681181178939498,6.3910105319427934,-1.099213003349019,149.42943843924292
2022-03-08,10.460348773556312,12.220597488964325,-2.6249352229127707,783.185740018146
2022-03-09,9.241001208568225,6.709873577771798,-4.5310738614053365,694.3672683325293
2022-03-10,8.583121145907192,5.778904217859224,-6.119711455772904,470.9717818014208
2022-03-11,7.963372706797097,5.75724713948582,-7.934015346023339,18.5594731563503
2022-03-12,7.385365392784129,2.3158317964906256,-8.215844968705063,793.0433662152982
2022-03-13,6.989135374064694,0.0,-6.815737974630227,1725.3797942356389
2022-03-14,8.10959118749435,0.1307728611265312,-4.806986020361672,1721.5178370719798
2022-03-15,6.982486209202417,0.00730446133819589,-3.747359022330027,1079.5133424936869
2022-03-16,6.575892666388846,0.42069965301603907,-0.08128744445545738,1252.9340186286174
2022-03-17,6.371564677708789,5.967396945964007,-4.200107560375394,1151.987383340644
2022-03-18,6.342217972662316,10.279751517593713,-7.3616255025193995,112.6210739095722
2022-03-19,6.322427904778594,10.78221195001394,-6.334077974407613,66.47819750467598
2022-03-20,6.380365237076081,1.8729178972154945,-5.364381352221854,370.5920910330132
2022-03-21,6.105066487438933,1.0028112067579842,-4.06398228549816,188.75429652155995
2022-03-22,6.088800240636491,0.05082238563190465,-2.6553719730666048,184.58323237723843
2022-03-23,6.429266389563023,4.044908947342574,-2.462015415001747,240.4235426766673
2022-03-24,6.955295444872167,0.5634486470086263,-1.0615008885125006,1643.712225980309
2022-03-25,9.163117097204257,0.419519036361634,1.1242423262353034,2549.0042240672287
2022-03-26,9.367006192447269,0.09350582424061592,1.981287309949022,1524.746988279901
2022-03-27,11.23520311896187,0.0,6.351638523013324,4207.400200860885
2022-03-28,16.408025409062354,0.0,9.803992000816567,4308.1173566281495
2022-03-29,19.8905183527638,0.0,8.377972899735774,2445.1582539966744
2022-03-30,25.254422324983373,0.0,10.327605322373065,4419.210466737695
2022-03-31,27.79165365259572,0.0,13.68872406746507,2951.797808884205
2022-04-01,41.18894012305786,0.0,16.373102186586205,4367.461583204246
2022-04-02,42.1334217969427,0.0,12.912510418870767,5733.823456860953
2022-04-03,33.59432264944819,1.2407349963611822,7.220852394628669,2188.9444810385244
2022-04-04,26.820117786796192,1.2124809694487395,4.540500105474514,1812.8936527666908
2022-04-05,22.815852005333,0.0,4.992346451224206,1639.0811003899391
2022-04-06,21.49503122492557,0.0,8.266081927017769,4579.663367552324
2022-04-07,30.006453040475947,9.193996405542071,11.080568195494825,2219.477610240473
2022-04-08,30.9531466168821,2.3494979324909675,10.130248594837571,8639.500802581624
2022-04-09,27.424929355812555,0.0,14.687806214500453,10561.301485735929
2022-04-10,25.47216928801971,0.1016447712638093,13.964410370737596,10111.257557166173
2022-04-11,24.55383507098395,15.950788019461989,0.3322510037438192,442.22924915313047
2022-04-12,20.19945567918396,0.4662495348242936,1.2762006220096223,5236.086861489658
2022-04-13,16.13114789571844,0.0,3.449102448455724,457.0328707240205
2022-04-14,14.858421473496856,0.0,7.069606154813017,229.8140869947555
2022-04-15,14.306475366103472,0.0,10.676852308653068,5243.740405001714
2022-04-16,15.122607255562338,0.0,13.666766890229578,3700.1646264082606
2022-04-17,15.42157576168621,5.5896905914324835,6.297655097096323,558.3171678944702
2022-04-18,15.836922835127073,8.752194020409043,1.8858379046767157,340.7453730556842
2022-04-19,15.01666816925442,5.539837905444768,0.6972961815485645,419.4239034432898
2022-04-20,13.304535477233928,0.3183999070473556,6.832127922533937,4844.184670470117
2022-04-21,12.25945445786337,0.0,7.793828343797534,3215.328278274255
2022-04-22,12.212847322006583,0.0,15.924431780920724,4025.97854156824
2022-04-23,12.053963233931206,0.0,15.915381610628966,2994.6959624446786
2022-04-24,11.9771485222233,0.0,14.9724692031045,6335.474181682307
2022-04-25,11.219230288676073,0.0,16.135106414611545,5132.455203316375
2022-04-26,10.357783777342789,0.0,14.281186639884265,5496.034476658572
2022-04-27,9.336826278463493,0.0,12.839334957544345,6142.118493373118
2022-04-28,8.853834667166696,0.0,11.455222190456574,5269.131959057048
2022-04-29,8.561993092940703,0.0,8.667808196303014,3162.393493317803
2022-04-30,8.141336895410246,3.4689384349963044,6.6134928011738126,227.3410003606848
2022-05-01,7.92534110665816,0.25213411305406175,6.318872189300754,6648.7774725050585
2022-05-02,7.544325050839233,1.2288881962504696,7.989792888458446,3562.4174469740124
2022-05-03,7.567692064460994,3.2678687932379287,5.648497098020114,734.4439037600966
2022-05-04,7.751132146269334,5.132180261196441,3.987655048793799,1118.3109580271068
2022-05-05,6.873434727431396,0.051875959562307034,6.721343915408046,3337.0159163255867
2022-05-06,6.810509987455457,0.0,6.243908830544962,4401.318894587529
2022-05-07,6.734252461019252,0.0,5.984821222213741,7375.579863806793
2022-05-08,6.637065871274894,0.0,7.4982419903447,9623.321384869954
2022-05-09,6.329525083924724,0.0,6.688168470538938,5516.40076859927
2022-05-10,5.87550925925926,0.0,8.623434426454367,5863.71703822906
2022-05-11,5.597743434593794,0.0,10.933837771146866,5911.676686184445
2022-05-12,5.390606944510981,0.0,14.237710327742267,6817.984398667375
2022-05-13,5.316600347437384,0.0,16.917597374593477,6998.778060465229
2022-05-14,5.087146806691436,0.0,16.186085470804684,4795.985729136062
2022-05-15,4.930136378159784,0.0,15.190429411166793,6289.169893628819
2022-05-16,4.8697453492746,0.0,15.241240334682665,277.55649363252815
2022-05-17,4.819232265739323,0.0,16.312148830916264,7047.239093917312
2022-05-18,5.282277741586362,10.774375905137347,9.666462567720462,6259.265214811152
2022-05-19,4.8943194638152425,0.0,5.554114342498867,2525.8617896398714
2022-05-20,4.470184001071033,0.0,11.352910328339124,6675.127003283971
2022-05-21,4.395010246273599,0.0,16.619575485146722,7367.120799508795
2022-05-22,4.319180769475986,0.0,15.962049002289362,7489.784425671543
2022-05-23,4.2216758897345095,1.2251131710521443,12.687705107668807,4213.038601829692
2022-05-24,4.19277297358481,0.19921259779680578,15.077127229851744,6857.118183769717
2022-05-25,4.132706018919905,0.0,17.03891090526927,6792.305254374486
2022-05-26,4.065720660994397,0.0,19.64567248325833,5770.867303932366
2022-05-27,3.9318532530701575,0.0,18.54858524937337,7090.513187138573
2022-05-28,3.64973368007341,0.0,20.117869957269136,7365.521418934271
2022-05-29,3.328140333157234,0.060669881290374546,22.330127449444433,7373.702979916112
2022-05-30,3.258022780424795,0.0,19.633394739091678,6800.702341945463
2022-05-31,3.2402092962351943,0.0,16.372599551523372,6098.109940599088
2022-06-01,3.196401572271357,0.0,16.42301099822699,5269.84709589423
2022-06-02,3.0890594790700137,0.0,14.9916680576439,5510.070580786323
2022-06-03,2.935827970173365,0.0,15.729949419587854,5956.506182054932
2022-06-04,2.837213710896038,0.0,16.479309030944485,6587.684815275866
2022-06-05,2.7835541646728905,0.0,17.445484652391123,6489.497549684231
2022-06-06,2.693710715358786,0.23374276282226847,15.14178569400501,5555.308814148244
2022-06-07,2.6467452424522278,1.1503058666258248,12.744381049423502,2606.7331108773137
2022-06-08,2.6708433105076232,1.0407500735239168,13.159065350130424,1394.558125382273
2022-06-09,2.684327913542344,0.40013374422888803,17.64651574362763,6369.326144733863
2022-06-10,2.7168841500054595,1.6550529772670055,19.452060478461043,6344.951486243868
2022-06-11,2.817442468824165,9.992185684418825,14.035344707046695,1493.790637402729
2022-06-12,3.1334740229454123,15.398850978164923,13.848862921731362,3488.714212784065
2022-06-13,3.042251970048212,0.24949439904074727,15.680882519024834,5304.256711778208
2022-06-14,2.8543948607774805,0.0,17.548018633210845,7135.9846071388765
2022-06-15,3.0833306061377828,27.67707228759679,15.095806948438675,5480.979907760589
2022-06-16,2.89145798375633,0.0,13.907374579468929,4907.40797491049
2022-06-17,2.676959839605765,0.137317649831359,14.48239307225593,4760.712853030632
2022-06-18,2.4646906304160403,0.0,14.622369141002864,4453.181939028621
2022-06-19,2.2020938658937674,0.0,13.904065383578043,3033.691731352491
2022-06-20,2.0439185878006585,2.128242856507978,14.850741112669485,3037.737313372397
2022-06-21,1.98691735345005,0.6810512875033684,16.942077791279242,4299.056380695572
2022-06-22,1.9629814438492728,0.0,18.897164682324203,5661.612094983974
2022-06-23,1.908894684882184,0.5650969477360761,16.961646491198096,5747.400259804979
2022-06-24,2.100549438506663,6.234605182796004,14.623107962652387,2598.0166345203847
2022-06-25,2.040578947484025,0.3616485648708794,14.623733232843428,7117.820588059827
2022-06-26,1.996574376287913,0.0,14.581225390516138,7070.436216162928
2022-06-27,5.613833501269816,38.60388524163883,14.669692359054078,2293.9708020325893
2022-06-28,5.090385002293647,2.77444950691917,14.655922020081878,3797.751557031039
2022-06-29,4.561161360430609,9.866562339249692,14.395183997879139,3695.772280777047
2022-06-30,3.6558049768721848,0.0,15.526995228777992,3010.225872911579
2022-07-01,2.706051322062298,0.0,17.405803472327953,6806.873044824474
2022-07-02,2.4248208593121063,0.0,17.201719590614132,6848.670831910968
2022-07-03,2.0878251583387897,0.0,15.079798692142463,5892.233833686334
2022-07-04,1.7797135427835369,0.0,15.389235786592433,7082.487340375765
2022-07-05,1.7460605726251135,0.0,16.123601546092903,7088.479526770671
2022-07-06,1.7284306702768204,0.0,17.608712651122122,6771.870133672597
2022-07-07,1.708878278642757,0.0,17.40332080340548,5129.608168422345
2022-07-08,3.619855481444868,2.4308387589535996,16.7573644588147,3405.45233074689
2022-07-09,2.982329788393365,12.326766697023864,15.778757205312406,3075.467989784596
2022-07-10,2.535378167991821,4.08011208303104,13.664478330943686,1829.233875565292
2022-07-11,2.3131975394359507,1.9438456172258776,15.123564988083436,4734.378427920849
2022-07-12,2.132946315847509,0.0,15.412495361748892,4638.907823115133
2022-07-13,2.077555315166534,2.8978991130437826,14.640588059849996,2375.2690119797358
2022-07-14,1.9972247464664603,0.0,15.981369524069958,6534.751473549632
2022-07-15,1.9498681368907456,0.0,16.14191911350368,6752.615430578302
2022-07-16,1.8987928963154257,0.0,16.846761922300082,7163.368834524544
2022-07-17,1.84733069192592,0.0,17.848917527627343,6323.796407098816
2022-07-18,1.7959594794797522,0.0,14.886002726045879,5874.634529291236
2022-07-19,1.753785873195197,0.0,15.060549144166828,5083.286331168636
2022-07-20,1.7176160115029604,0.0,15.474226359525115,6844.971459431092
2022-07-21,1.6844423486550242,0.0,17.524350907137528,6620.325975430304
2022-07-22,1.6680084890429985,0.0,17.569748679062414,6215.26031721482
2022-07-23,1.6474038376579658,0.0,18.962521215202813,6782.725774241628
2022-07-24,1.6368882805928378,0.0,19.246361647084683,6610.18552273126
2022-07-25,1.623597336294569,0.0,18.26326933395908,6268.1561512872695
2022-07-26,1.5978725346171945,0.0,18.682164885528387,6264.96148338847
2022-07-27,1.5741214562620776,0.0,19.233533376791208,6665.567251512022
2022-07-28,1.5447136596992694,0.0,18.788990310761235,6556.498797931444
2022-07-29,1.5250594986183414,0.0,17.902530818034506,6063.427079185655
2022-07-30,1.5030034312023708,0.0,17.84646580005378,6833.485215974037
2022-07-31,1.4899726382448737,0.0,18.00545523857779,3397.0640908387354
2022-08-01,1.4796168000231544,0.2556561468368561,17.480635395527784,6064.19530603202
2022-08-02,1.4670609746365428,0.0,17.246603002043678,4476.876568314545
2022-08-03,1.460334846959861,0.0,17.567686623607806,4121.348014606261
2022-08-04,1.449912859657962,2.3705867250482315,16.969716433178622,3065.8432269887144
2022-08-05,1.434099560775136,0.08620136290242003,18.18823505000959,5972.110928949354
2022-08-06,1.4285460455275016,0.0,18.344548602235385,4757.422361565796
2022-08-07,1.424823475228827,0.0,18.592898788354475,3357.41209047362
2022-08-08,1.4268560783025006,10.512618885403528,19.311808952009976,4800.416529106255
2022-08-09,1.4353645891180633,0.789141602419386,18.217910132422286,3151.485006097059
2022-08-10,1.4264756189971255,3.7730925615092006,18.163751535337454,2653.2929519407458
2022-08-11,1.5202488475896485,11.733776110368607,15.863826440558977,2821.384121879333
2022-08-12,1.581239161432109,0.09495799739654656,18.024756889544925,4305.117461646287
2022-08-13,1.5663115515404125,0.6350046554494408,17.39246908692221,3337.522913195692
2022-08-14,1.5585668863341682,1.4250033269330806,19.108358463612248,4885.20016921707
2022-08-15,1.6886832812303203,4.908064569970568,16.961149161129356,3307.234537656578
2022-08-16,1.5664188402129635,0.043517924293708765,21.04501870819002,5273.986385247114
2022-08-17,1.3953545045868676,0.0,21.3699157013987,5291.1105909964845
2022-08-18,1.3692442018420137,0.0,21.01760260671515,5316.358798534092
2022-08-19,1.3613891666289588,0.5522783109495689,18.629477929051227,3490.7309387013447
2022-08-20,1.3450053750112343,0.0,18.836314926172193,4781.375474117387
2022-08-21,1.3357168089778837,0.0,18.955457164760432,4140.857979653183
2022-08-22,1.2451664928655797,0.48756017380638034,20.242334452498135,3094.2619802559134
2022-08-23,1.1988809859208622,0.015353652871327589,20.986025055124745,4302.539242782924
2022-08-24,1.196448271888582,7.42603349877999,19.161769630549287,3961.875990243612
2022-08-25,1.1834855959627006,0.043517924293708765,18.527724451844175,4198.958217386131
2022-08-26,1.1778410868892892,1.385959852563238,18.290146901837453,2510.041999766478
2022-08-27,1.1755792663716471,0.16593275015164166,19.10277874517586,3602.458815730632
2022-08-28,1.1638322463138422,0.08620136290242003,19.8621653233755,4176.531658007144
2022-08-29,1.188981244592106,1.6321220370681084,19.781396100138984,4102.872011097674
2022-08-30,1.17100760081795,0.0,19.695642450691757,3516.9504434249307
2022-08-31,1.158847890793382,1.7565169680628436,17.876952620637255,1518.0880136633434
2022-09-01,1.154477611700745,0.4592688596599965,18.155829321784964,2793.9350168499423
2022-09-02,1.151234862437006,0.00730446133819589,19.908785235858353,3500.772479481281
2022-09-03,1.190534088642316,6.006823435490699,17.593166921893403,3030.394881675324
2022-09-04,1.3270626361878737,2.2311854019419393,14.968260102785775,912.7249848174744
2022-09-05,1.3392767027107058,7.5522105750961375,11.998901689384097,913.9417078642128
2022-09-06,1.284596533719864,9.729041949668968,12.56871579568362,569.752785710685
2022-09-07,1.227671417885265,0.12241482585793291,12.624118335896732,3593.0942333740227
2022-09-08,1.1811027752103591,0.0,14.349365168231271,3485.6624089961238
2022-09-09,1.1718053119840464,0.0,17.53036532808212,3650.636436858096
2022-09-10,1.1588912987494997,0.0,20.670730314308585,3569.046885624284
2022-09-11,1.1517056237201393,0.0,18.514542512975332,3393.901742062525
2022-09-12,1.1636332845404451,9.40867466516742,12.788280566324467,874.0510947903326
2022-09-13,1.1594559931895148,0.036522306690979445,12.437378568360202,3205.5321786396007
2022-09-14,1.1523545102686767,0.6311752125137932,14.940096671385518,3216.536238799537
2022-09-15,1.1403220384674306,0.0,21.494172818307376,3345.621601029885
2022-09-16,1.1017543212212837,0.0,23.418936358894996,3321.006262359005
2022-09-17,1.0930058885605696,0.0,23.964161936678465,3279.030283438064
2022-09-18,1.0724085135128067,0.0,16.05349313692021,2715.3681269264625
2022-09-19,1.0308993193142972,0.0,11.905863734633007,3009.055517701624
2022-09-20,1.0048171118336973,0.0,11.249304183265625,2021.3535248151047
2022-09-21,0.9715857465008292,13.275988015566163,10.202997929447793,2400.4730013267827
2022-09-22,0.9886409647575668,10.607968181514597,5.950836033064998,408.9875335504091
2022-09-23,0.9903373994711236,5.446062462204603,7.258519663509217,1882.1012232827172
2022-09-24,0.9817613870402264,0.07889690156422415,9.234645998907732,2479.645795609524
2022-09-25,0.9739791282765348,0.0,13.749282483980139,2492.958360008836
2022-09-26,0.9603667321110624,0.0,17.02670798384996,2634.827682184904
2022-09-27,0.9480586183360834,0.0,18.43558952110383,2771.298895554099
2022-09-28,0.929800003708083,1.6671311039910943,16.51035803636778,833.3652066886477
2022-09-29,0.9220148847589162,0.015353652871327589,18.083047398794353,2051.2469875736474
2022-09-30,0.9172777870646254,0.0,19.419781926213588,2503.568780604082
2022-10-01,0.910885488463201,0.0,21.220453107330012,2603.359710178839
2022-10-02,0.94011051831171,1.8200975039896807,13.509088403997536,1126.8606896952645
2022-10-03,0.9455648261788372,1.0383421001630988,11.701133062158283,2226.812881936302
2022-10-04,1.0456702173039911,15.396826180897722,7.932269350237598,427.3908319467668
2022-10-05,1.0583147254864087,0.05082238563190465,8.825383141388501,1359.391341985605
2022-10-06,1.1228681156293734,8.084008678697467,10.244965302265289,1086.7399185953495
2022-10-07,3.2826831740464293,34.02230666888976,9.628537615360313,667.919768011038
2022-10-08,6.675306134551837,41.328613161157826,9.378805615388357,66.11348066383148
2022-10-09,3.100627244047828,0.09131693912520297,9.609481411759086,391.85540346381686
2022-10-10,1.8276327729254067,0.3481433943496701,10.12463019671254,1823.2541130642123
2022-10-11,1.7645854775654226,0.0,10.284670825269771,1504.8075093086456
2022-10-12,1.6266781438891809,0.09434030992561342,9.455987431796279,860.6319547774432
2022-10-13,1.4445425280886457,0.0,9.693295546789885,1289.8819612351183
2022-10-14,1.4071407141290526,2.278191236615638,9.582257349638464,838.7656450141324
2022-10-15,1.611421999598522,18.576185965489977,9.158986861647971,171.1402037193823
2022-10-16,15.662964593996938,59.652388232989296,8.740213780988451,46.96896369345792
2022-10-17,12.541639283587305,6.519460775216599,8.945383216974987,311.306522949257
2022-10-18,6.3963171813697866,1.1341196408062109,9.118697632830482,235.7894330411644
2022-10-19,4.488921571611331,2.3956719099676222,9.058280490701353,395.6659122063949
2022-10-20,3.751162716443484,4.3914450995632,7.100404207380889,946.1448402284832
2022-10-21,3.444962851690366,0.0,4.904232732598152,1290.1742281427248
2022-10-22,2.801632956008332,0.0,9.92067534758947,1671.9625553304556
2022-10-23,2.5047240446489965,0.0,12.36321168952421,1328.6162772056969
2022-10-24,2.422982653414912,0.0,12.076544022774831,1581.0197653669911
2022-10-25,2.418015493480058,0.0,13.455160780447006,1412.8360058107432
2022-10-26,2.3999628580557806,0.0,11.497383760503565,1351.8793611985336
2022-10-27,2.358899828446648,0.0,8.80098638340486,991.716351221938
2022-10-28,2.3146495699880414,0.0,7.244181149376546,1207.369212785253
2022-10-29,2.2490146717381205,0.0,7.012952633445108,1230.6461630410877
2022-10-30,2.210100551984418,0.0,9.735735552717877,1111.9667310935852
2022-10-31,2.1432201725648525,0.0,9.034952719563957,1000.038300353562
2022-11-01,2.1005045295612006,0.0,8.25510335373769,1148.2479374749428
2022-11-02,1.9389458207560952,0.0,12.956817920594705,1142.9657555832275
2022-11-03,1.7308206359871263,0.0,10.141583199331354,941.7863221700848
2022-11-04,1.5724574064830887,0.0,13.383151843643937,992.0229548808096
2022-11-05,1.5010501118753157,0.0,16.02249368155007,1211.8115792081508
2022-11-06,1.424068673452723,0.0,14.573990004754712,688.9066022153397
2022-11-07,1.4285126176577112,2.26015948846458,7.073771209607525,255.4993532648677
2022-11-08,1.4197069074059416,0.0,4.921120028740878,810.7433736485291
2022-11-09,1.4163029771878186,0.47338140938534484,5.120916517442624,532.2830378045261
2022-11-10,1.4135096725676703,0.0,6.230197032435978,797.5899221635005
2022-11-11,1.4092931478254185,0.0,6.622118611333941,849.4717635002205
2022-11-12,1.3971219692739618,0.0,6.7783482942806526,542.3614251863695
2022-11-13,1.3913411368193944,0.0,7.130800194669844,771.9154202676215
2022-11-14,1.3903921426920764,0.0,5.703742156314025,425.9979306129083
2022-11-15,1.382397159370984,0.0,6.3275559975078215,594.7724015960697
2022-11-16,1.3745514129062784,0.0,7.83884747443946,700.5165983876591
2022-11-17,1.3704885400772848,3.8894172703980945,11.143207022846939,437.0482664836431
2022-11-18,1.3611314862807262,0.32342572778007683,12.767099578960828,616.6980202901974
2022-11-19,1.3409172338343711,0.0,14.829794364453868,793.7842828898413
2022-11-20,1.3278150869294922,0.02265811420952348,14.814998288203215,677.4692792374781
2022-11-21,1.3302148347875764,3.5878358417850893,11.801144993748753,893.7721346730244
2022-11-22,1.3103704693671985,1.6827126820475162,8.682019896981279,660.4656995269191
2022-11-23,1.3397347475945247,3.2942976379173547,9.239333327769831,433.833056194132
2022-11-24,1.5926609014849131,13.472448255688086,6.509710236175486,145.1607558486041
2022-11-25,2.137096524635267,8.448903164432846,2.251805599219163,53.60968370395028
2022-11-26,2.1712714892791944,5.666154415331855,1.199126612284126,38.59772814440632
2022-11-27,2.187012719805436,0.0,2.2713829572878064,274.24015185464043
2022-11-28,2.1248512861308093,2.403058872048782,4.869779695035046,382.19290908679193
2022-11-29,2.0305604657660323,0.12241482585793291,6.3405004945184915,269.09570074497736
2022-11-30,1.9081516476736968,0.043517924293708765,6.922469758061679,342.3715216436559
2022-12-01,1.840735844607813,3.3354145257065118,8.040499448026678,512.9221753596396
2022-12-02,1.851933962030322,8.849124674424635,6.817465958861408,121.36630162864
2022-12-03,1.7857974695700185,1.5408050979429053,4.013206459829272,89.81614420569515
2022-12-04,1.6959596636324274,0.0686588249156795,4.029076598148984,342.3780364811345
2022-12-05,1.5859527709075163,0.0,4.426805227576054,386.15861030438106
2022-12-06,1.470138920123678,0.0686588249156795,3.6898972414483557,307.11824038409577
2022-12-07,1.3504989162691896,0.47338140938534484,4.702334538550384,332.7951033308221
2022-12-08,1.1628209183371725,0.31056980375962884,8.732459970038487,657.1470835694938
2022-12-09,1.085118215267468,0.0686588249156795,10.545014237407125,350.4414605141779
2022-12-10,1.2528579543799192,0.9447813148091627,10.89805818017109,359.40339578150105
2022-12-11,1.3403860432648271,3.318653412374872,10.720185557755672,225.90974200979105
2022-12-12,1.2079937537232517,0.4181201869105514,9.251985816070434,719.1669913975031
2022-12-13,4.021994982591257,25.27538410190528,0.981273024565379,8.856224120398972
2022-12-14,3.174770122397855,0.2059764747470385,4.597580393767201,199.90371821337413
2022-12-15,3.012857755256619,6.11654165309432,10.811714493111467,312.78659441752734
2022-12-16,2.7599727217196053,0.015353652871327589,11.939892052030473,606.9952721812543
2022-12-17,2.46877041441035,0.0,12.788012822893045,689.1155870599711
2022-12-18,2.3194444444444446,4.703402726662349,6.068705126358842,267.1360819908762
2022-12-19,8.30841280764759,20.455653411234653,-0.682433579772453,46.50794135986005
2022-12-20,5.26690635163744,0.6968263258053397,-2.2178221521422277,449.1778846251804
2022-12-21,3.5784631663035635,0.0,0.8467010737875018,492.0845769028687
2022-12-22,2.886275786559488,0.2329432743398714,2.17870181854864,587.8195866460273
2022-12-23,2.446157447748664,0.0,3.0894622784525896,24.143267121674064
2022-12-24,2.450260267246196,0.058871577165036354,4.168899145919417,15.714358163701933
2022-12-25,2.491382129124525,1.344257263025384,2.8878571698442466,3.280207027768213
2022-12-26,2.3216302862473075,0.08620136290242003,2.792010939810366,522.0429058926483
2022-12-27,2.1076066737814294,2.524662190573406,6.786854002433234,605.4757801513288
2022-12-28,2.232725253017699,0.7616076708750298,3.595615600403567,44.90322583631739
2022-12-29,2.141376069681973,0.0,6.381503217959951,379.3359175576694
2022-12-30,2.0530683747624714,0.0,6.5159591519374285,505.63735682344
2022-12-31,1.9345120791837729,0.0,5.755233827818583,321.047503167713
2023-01-01,1.8274915827860445,0.0,5.538964887666517,545.1593691376735
2023-01-02,1.6728763421052992,0.0,6.696287269656226,544.7444490106378
2023-01-03,1.5709192804161416,0.0,7.530977472946321,542.8486888169193
2023-01-04,1.5689600528146084,1.1997314175097489,3.766733310849849,279.74450040997453
2023-01-05,1.5628443896554094,0.0,4.601338090964859,447.8885683736015
2023-01-06,1.6178309700404707,1.2609206324250528,3.2309470128836493,71.0234586886629
2023-01-07,1.6287620325657717,0.0,3.030595381636204,537.8760378696584
2023-01-08,1.5903398122063246,0.0,2.477677297116578,535.4545886420009
2023-01-09,1.5807698366941478,0.0,1.8890793534469448,617.6929098345356
2023-01-10,1.482799249255748,0.0,5.912478080745084,485.38866665796303
2023-01-11,1.42948927397399,5.6526807342244965,6.399395705507453,345.83400732287663
2023-01-12,1.420137490583889,0.407739031067097,5.355028400654962,265.5899809962637
2023-01-13,1.409874866476607,0.17021384068942713,3.585387329384217,364.3606195001777
2023-01-14,1.393406749892422,0.0,2.499924507806405,74.49937495239722
2023-01-15,1.3909849781289916,0.0,1.8508357981289036,222.21428331975295
2023-01-16,1.3842663405325588,0.0,5.1177532714006775,540.2569417020302
2023-01-17,1.370490571247727,0.0,8.532104555025079,563.863767865901
2023-01-18,1.346449776199787,0.0,10.204253853181488,890.8462726208866
2023-01-19,1.34019015760567,0.0,10.865956255258551,812.9888739177388
2023-01-20,1.3288802145156169,0.17323721148983756,8.721533571862489,687.2311787268967
2023-01-21,1.3210170141614874,0.0,8.574832846896289,671.3004140527163
2023-01-22,1.318934773973839,0.0,7.549253712471312,802.0164127395242
2023-01-23,1.2030425844540726,0.0,2.140781498395474,103.5544826549502
2023-01-24,1.1884776018550811,0.7940679752736286,-0.15231020364750264,53.40952361380998
2023-01-25,1.2725640611155025,8.385913056212125,-1.1621044326234562,39.68823687036361
2023-01-26,1.2797619683431325,0.33319148618393857,5.50826584617886,383.5079645492864
2023-01-27,1.3869785953440956,1.8015313136938935,4.9529484732610864,228.08803370532283
2023-01-28,1.9482246530792595,11.007208299823025,0.09047886011344941,208.2419636455457
2023-01-29,2.07001182943205,3.1871996191064147,-3.5395555710865354,60.87951245689606
2023-01-30,1.864029318554032,2.9165663491564895,-4.137684011239519,149.10461359452316
2023-01-31,1.8153163677805408,7.771122359065441,-3.4956336593460624,302.6177267625728
2023-02-01,1.836131459257403,18.84658517379441,-3.092349863679661,211.34569319779416
2023-02-02,2.3877884117802552,11.13651609099625,-0.8944135912762364,463.0015383137571
2023-02-03,2.7594933377371564,1.4011615892999663,-3.0395570548421906,162.70912445761738
2023-02-04,2.899823727405906,2.4676921543026893,-2.0558185933956175,293.3252711321388
2023-02-05,3.085085036132029,35.5442782758345,-2.5317748708665238,322.31484424536643
2023-02-06,4.773144199652378,8.756375044921858,-4.000662154697114,74.12539642016043
2023-02-07,3.499394619026972,17.38257740949703,-5.830388794308404,15.258920039391308
2023-02-08,2.853172790798486,27.821867058450543,-4.4864646286686956,14.11558448056867
2023-02-09,2.825941324395138,13.67184280804445,-4.801589579048687,1.4983287368621203
2023-02-10,2.445179866287857,4.555301018134488,-4.82618666119485,18.59266663489136
2023-02-11,2.4801822162649136,0.6151055183255285,-5.510124758347909,159.34148305665684
2023-02-12,2.6413149805822127,1.4562570472342031,-4.5273158349658935,388.11414580465487
2023-02-13,2.444191234509017,0.08620136290242003,-4.599791616087282,408.150670782569
2023-02-14,2.5457501349309144,0.10238950145874512,-2.816992273422994,470.8539978140627
2023-02-15,2.543903202042802,1.6184733459423826,-4.326198424125622,172.89410457411685
2023-02-16,2.416633476336421,0.015353652871327589,-2.63556350132044,636.185825699045
2023-02-17,2.454772128610621,0.0,2.451413790826529,1010.1527989937438
2023-02-18,6.430871922953081,0.0,5.155716393356345,968.8644056140612
2023-02-19,12.19251579711543,0.0,7.885931241546853,1232.8680786175605
2023-02-20,18.060520858135344,9.508604120143229,1.3675871782395823,105.38323513063126
2023-02-21,14.399516495002477,0.0,5.7426724012415855,1253.0202924278915
2023-02-22,15.670407078466914,0.0,6.753045026267483,1385.159031845188
2023-02-23,16.04307612333744,0.0,4.790732968293387,1038.2959909541858
2023-02-24,15.774267199943864,0.0,7.270660275052351,1043.6337742360492
2023-02-25,18.54312595534037,0.0,8.850169353564027,1704.3236867889489
2023-02-26,22.169057518163843,0.0,9.95806141832419,1515.3123870476445
2023-02-27,24.56787735443652,0.3927148925737813,11.360125664167866,1243.943289418721
2023-02-28,23.83849184074118,1.0265911610411904,9.437805763685104,603.1770385038091
2023-03-01,26.35740661810521,0.8324869399359502,3.7617100030729476,140.87223563615592
2023-03-02,19.3619802194349,0.47338140938534484,1.1147081773237248,89.48349752224875
2023-03-03,15.867340972077914,0.0,2.616230356288824,462.4207124666816
2023-03-04,14.4815267334697,0.3392382277847595,5.285316411163878,866.1821129187842
2023-03-05,21.45869983926499,26.519860304264572,3.454015241783862,579.1804902506277
2023-03-06,24.225439257015708,1.4813387939808216,4.33305221935397,2109.3055517577554
2023-03-07,17.26241511306633,0.2807422891713656,6.943284459381175,2077.8345462069938
2023-03-08,15.650150287908414,0.7064075150122991,8.361087722057901,1118.706415145556
2023-03-09,14.288068971318332,0.0,8.782276394564393,2531.237456965488
2023-03-10,12.907364168332457,0.17915776581538306,10.751789783430981,2358.343194367529
2023-03-11,19.370889863899446,23.90842530393519,7.553683805833442,2093.1556084379395
2023-03-12,22.077907792591272,6.72255990155458,7.553683805833442,330.11034769252205
2023-03-13,17.13802934246744,0.4478874535909878,-1.1690704949702837,760.2393702102711
2023-03-14,12.96569568841529,0.0,1.2480052553982843,1224.84254574661
2023-03-15,11.469521866183866,0.6363797255224015,2.8321262513307213,3063.981758768281
2023-03-16,11.323914491311536,6.302709235474548,4.416247247263158,649.1850007431367
2023-03-17,30.053145768895536,40.70977730727699,0.7390245126399873,234.65636677626284
2023-03-18,38.787621150285055,13.702614188709004,0.9502020661760029,182.19925182410228
2023-03-19,38.42420509655435,11.205447612499349,2.1954271937586487,127.41339132823536
2023-03-20,29.66522540173714,0.274635299662718,4.231025121671607,2014.352096377824
2023-03-21,22.09155283881,0.0,8.96855789282048,3810.704441983152
2023-03-22,17.80313939544929,1.7998374321688106,4.3352229546756735,610.3896197480567
2023-03-23,14.490635699404722,3.610353369656903,2.118123169669416,529.8355517861543
2023-03-24,12.878038624464928,0.0,6.170984729442754,3661.36661994157
2023-03-25,11.646140558652448,0.0,9.868831496792186,4344.986491243609
2023-03-26,11.000169598599332,4.533543173888665,6.893528523162239,1671.955775505977
2023-03-27,10.392577302807728,8.560315961472549,11.734201309824853,4839.397204602612
2023-03-28,15.80963765731548,27.389049962055612,0.03864246469301463,560.6144413802657
2023-03-29,15.581384984992614,18.005551950921507,-4.114271100401696,940.3499517462096
2023-03-30,12.661744517784909,0.7142896322706058,-2.179824490203542,2059.9699585944563
2023-03-31,12.179373244983376,0.0,6.066257258193338,2213.542333853734
2023-04-01,15.336634080992482,0.17931218768311633,11.732602669177464,4642.724985696285
2023-04-02,18.10880511483389,10.166340735080281,8.296078312203893,1699.59972685345
2023-04-03,18.23767700256089,0.10960420730687932,12.530034108125347,3795.896427066573
2023-04-04,15.112882086893388,5.60946861476884,8.80337124763797,1379.5741561703708
2023-04-05,14.107752673439668,4.897569827243498,2.1301416407914586,427.0377412066116
2023-04-06,13.153597087599556,4.925140604612188,4.188605433914327,3736.7740055980566
2023-04-07,12.126559072928988,0.0,1.884583979961429,1383.3716605043292
2023-04-08,10.49537095734948,0.0,4.8140075686383295,4131.490400272381
2023-04-09,9.242065180482063,0.46546596208110125,3.7068375861400744,1290.8136241623354
2023-04-10,9.01200904178388,5.5524876233115545,2.542097865648345,504.1443197740867
2023-04-11,8.702721171088575,3.6393342865813496,2.785066364996441,1245.3986147959602
2023-04-12,10.501276714952205,1.125251761475241,3.611493906265834,1301.676103550509
2023-04-13,9.080273038633726,0.0,8.084466109268549,4470.751163432515
2023-04-14,8.592251380966099,0.0,14.306518859828781,5770.702289062546
2023-04-15,8.121248407801167,0.0,15.166439456908236,3206.351588994852
2023-04-16,7.334667775804626,0.4015483915671303,14.162152306592397,3017.9127793161724
2023-04-17,7.154344582073847,0.24112179862834632,11.95589814478034,2843.0905410067367
2023-04-18,7.089927981758295,3.860158175720592,10.000017007091522,1430.7806876068364
2023-04-19,6.443533169750164,0.0,7.572005479137798,2906.6737832617832
2023-04-20,6.2135398676685805,0.678294654558055,7.000841019200205,3469.2106882172448
2023-04-21,5.772849272507196,1.3384132490267857,7.345416450281928,2691.7557580501725
2023-04-22,5.456063931772359,0.0,7.271750075241933,5607.43318523212
2023-04-23,5.330116623783196,0.0,5.218374362621165,1915.249232625381
2023-04-24,4.884219308721923,0.0,8.726545536090926,5805.56790841201
2023-04-25,5.198678473522142,0.7943205212929726,10.828966558347346,4498.560489143678
2023-04-26,6.080652161242544,12.237513007225576,8.47088040585678,2513.02124813251
2023-04-27,27.53496177839057,42.74274515396189,3.536907794087946,269.4818888744973
2023-04-28,20.318289443841447,0.274635299662718,2.7309564882124464,2529.3320128857013
2023-04-29,13.827448904753714,2.3415471946767052,2.9296788392119613,649.8931992427594
2023-04-30,10.967434634007944,0.0,8.31705535676795,6037.345206139745
2023-05-01,9.141964388888889,0.0,9.640295055196514,6643.366596116272
2023-05-02,8.089368027859866,0.0,11.578094547349236,6429.611000940059
2023-05-03,7.718858803165765,1.8177343946886508,16.340583017496897,5956.833850091703
2023-05-04,6.988049925925925,1.2523237304617225,11.683349927327662,3874.0794517625513
2023-05-05,7.530060519101602,4.934933921117083,6.34316547010452,650.5817064368562
2023-05-06,6.729785960376702,0.11774315433007271,5.909350684133506,1425.2407162450406
2023-05-07,5.946400462962963,1.020423923624716,6.831282902417648,2203.465598399886
2023-05-08,5.82809797611516,0.6218544528373289,6.997997190394974,2807.7941865215525
2023-05-09,5.769524565293917,2.7420841723027594,5.360044617495296,1523.2289469879738
2023-05-10,5.699859613286479,2.1977151191714803,4.96524401064881,406.680329974824
2023-05-11,5.35296585895667,0.8867094289523825,5.061813322950021,615.2687790601422
2023-05-12,5.145200134495923,4.436986825411722,5.1665427731045455,335.25385152605287
2023-05-13,5.004141864581854,0.37190922489868017,6.676347348696064,3414.117696138988
2023-05-14,4.884382707606516,0.0,11.393391570250182,5256.628879856494
2023-05-15,4.705560798114567,0.0,17.378673430270332,5221.470809933405
2023-05-16,4.620399143539321,0.0,18.89341603154044,7141.601421617901
2023-05-17,5.067370420601259,23.408067754111354,12.434452893689336,1581.9062355561657
2023-05-18,7.735710634264235,2.310050708718447,9.055754831836921,1523.6135099116054
2023-05-19,5.902245370370371,0.8057490108437845,8.506545982575668,1948.3918032497852
2023-05-20,5.425588285730361,0.05082238563190465,9.931349351326178,2701.7392739949064
2023-05-21,5.028190504681675,0.5399411046756731,11.238333231901589,5732.743819000401
2023-05-22,4.786410728954625,0.8224214500645501,9.373711334733493,3163.8031905234147
2023-05-23,4.998292984425597,2.5168685933534616,9.66434665469191,1964.9390985492676
2023-05-24,4.511497973354973,0.745412608115726,10.524890514017827,2098.548332358506
2023-05-25,4.228468596926843,0.015353652871327589,11.502406700324563,2343.868160854749
2023-05-26,4.174598435603127,0.1297192871961288,13.182626188993972,6250.045925462616
2023-05-27,3.9885129982753815,0.8224214500645501,11.900030716707226,1736.338010596178
2023-05-28,3.9120395295844834,1.2894306575222116,11.631104189987454,1523.1834179003756
2023-05-29,3.789575592940704,2.1367739199633276,11.43313124592717,1197.4111997070695
2023-05-30,3.678521142665401,4.629335949662914,12.513237546569087,3603.260376610678
2023-05-31,3.5608187289056263,0.0,13.34353324284756,4422.69541332593
2023-06-01,3.512021719428434,0.0,14.020562611532174,6532.58361595837
2023-06-02,3.161492478989525,7.256715359279113,14.758053951419557,7240.484546713969
2023-06-03,5.181956147627534,25.330840932233937,12.455488057884603,2549.3652483538635
2023-06-04,7.786857757132559,7.101644096660213,11.121541103226399,960.0022156071932
2023-06-05,6.149940821547218,0.0,11.560272410372736,2507.6486705160405
2023-06-06,4.709915147800037,0.0,12.747494306752351,5261.081366366328
2023-06-07,4.396238425925926,0.0,14.310348298522593,3738.561458871857
2023-06-08,3.9455362410888526,2.4858808022092203,14.147365634034966,3209.903228529368
2023-06-09,3.8259834398395336,0.5216472895856475,12.859535482218641,2863.002580030667
2023-06-10,3.668861117177947,0.043517924293708765,15.852656380918429,7323.658034695195
2023-06-11,3.548397657610439,0.0,15.355616455232687,9359.137722422269
2023-06-12,3.504155036201005,7.9320199455451785,12.883093516153346,2248.352911330643
2023-06-13,3.4229423259454794,3.5805669357892533,12.116703862791312,2511.049474474989
2023-06-14,3.354163672280352,2.0783531716961927,13.74598435490974,2913.06463691722
2023-06-15,3.226990164168096,0.0,16.686523659094412,6794.976791629297
2023-06-16,3.01609740125708,4.3080158373037225,18.130436320350633,7113.70025070698
2023-06-17,4.030691519898426,25.55678583604415,15.195755834482128,5744.414374609271
2023-06-18,5.473985114050748,6.499631614911237,14.319410955920747,2373.8178488980875
2023-06-19,7.004260912371614,7.210450364917043,14.597956584322713,4072.6879299018055
2023-06-20,6.0808914378631895,1.403423559205088,14.73973021442752,3266.226855966431
2023-06-21,5.003506896044012,0.11690866864507521,16.115655236048674,6401.09159907732
2023-06-22,3.868068347713284,0.0,16.900984436023304,7551.396631589056
2023-06-23,3.619918035012532,0.0,18.52802405002231,7695.221715375115
2023-06-24,3.409590006290569,0.0,20.158765921144262,7841.134973503329
2023-06-25,3.277870542493317,0.0,18.45558004871702,7704.20979786956
2023-06-26,3.050899893718145,3.356816580691733,16.51922440818094,7216.677161448533
2023-06-27,2.989600913019784,0.05082238563190465,15.517745063450967,6273.621003594391
2023-06-28,2.888509620432022,0.0,17.387196137545857,8086.386404540459
2023-06-29,2.547056082158253,5.425394109762411,12.685187676312502,984.6384892882252
2023-06-30,2.5327293457000413,0.0,15.399358831469957,8044.803465311311
2023-07-01,2.441788613567179,0.0,17.69018086875547,7811.268932717293
2023-07-02,2.4035834754473098,0.0,21.180138620683465,7641.203365162301
2023-07-03,2.335426589192266,0.0,19.39888627587266,7829.998399721828
2023-07-04,2.3023542738527945,0.0,18.707514845599622,7438.910379801753
2023-07-05,2.2664786529994023,3.1466766520633564,18.67340726919396,4327.592183365343
2023-07-06,2.217293630918437,0.0,18.371160398517386,2842.889604422872
2023-07-07,2.878471714610624,29.004970750740412,20.244017254317402,8103.641104265888
2023-07-08,19.772782343713256,62.85416403235652,14.193367759118022,1270.3183043563015
2023-07-09,30.16314812797528,11.600022888760336,12.743451620779954,436.74158133278144
2023-07-10,14.079447180617398,0.0,17.107571244467927,6706.523932139011
2023-07-11,8.806915923175426,0.0,19.34496181593914,7466.980241905664
2023-07-12,5.807527896575017,0.0,21.573020334190915,7814.256935933064
2023-07-13,4.456532695318104,0.0,22.59973540436499,7873.788975676312
2023-07-14,4.3581744129397135,0.0,22.396484925641055,7922.480164853059
2023-07-15,4.272691202797326,0.0,18.476562987809153,6858.297912016867
2023-07-16,4.1224728467172165,0.0,16.645554900784827,7580.8773008587805
2023-07-17,3.6083462836152704,0.0,16.95668284647462,7498.752281908255
2023-07-18,3.403781749589285,0.0,16.935394841763753,8091.263762936135
2023-07-19,3.1945271521521823,0.0,19.467472091593436,7872.751077772712
2023-07-20,2.9503293648414783,0.0,22.998129133614608,7782.615836998826
2023-07-21,2.8097658918842296,0.0,21.132168246926735,7496.550976400162
2023-07-22,2.7149260712438315,0.0,24.620601013883473,7829.543217818099
2023-07-23,2.6202635517184425,0.11656253767566765,21.62453308308447,6922.442469141997
2023-07-24,2.5163585396240347,0.0,17.973737791817044,6321.555809949975
2023-07-25,2.4222665081544705,0.0,22.584067612537197,7685.374253477
2023-07-26,2.3208262275229976,0.0,28.073400599962447,7652.505451323428
2023-07-27,2.199336973453064,3.205275339124042,16.132349419148095,2223.719031695714
2023-07-28,2.146990563714208,0.0,15.837896635169365,5802.022093555483
2023-07-29,2.034769106523364,0.0,15.891373449120216,7353.758270284124
2023-07-30,1.96184940975486,0.0,16.144326710083902,7190.637820329906
2023-07-31,1.904228489372772,0.0,16.9486591627931,6527.547875979825
2023-08-01,1.87528978431495,0.0,18.229881150276945,7777.640885067532
2023-08-02,1.8494504816554396,0.0,21.566665506143508,7287.504296199964
2023-08-03,1.8169918874427444,0.0,23.89397783538227,7840.489886818003
2023-08-04,1.754095179589809,0.0,23.59648690907649,7739.122775311695
2023-08-05,1.7126049441748965,0.0,25.614271131597043,7162.683949222536
2023-08-06,1.6700336813294976,0.0,23.396565854808316,7177.098941091072
2023-08-07,1.6368420123365253,0.0,20.086016299501594,6816.441052864202
2023-08-08,2.1948811117643063,10.995981045537981,16.666955020313203,2003.389326066645
2023-08-09,3.4555599554457515,14.775117696431385,14.763480906179831,207.9525494495484
2023-08-10,2.325200457099804,2.7896764899793394,16.03318287673511,2203.856260858158
2023-08-11,2.582556888289985,16.816997772505296,14.993181007933298,1019.7679404215132
2023-08-12,2.135185780852669,0.5810551374019524,16.210265754943094,2919.180320340431
2023-08-13,2.077404345816869,1.9004626622902563,18.222793299957978,5498.505663044227
2023-08-14,1.8351415451217137,0.4129443627799416,20.49664924158775,1754.582305421035
2023-08-15,1.7217066229653204,0.0,22.426920548229194,4616.520784716562
2023-08-16,1.6760079558185546,0.0,20.043660873398487,4411.341464580585
2023-08-17,1.631658622014575,0.0,20.110426236135087,5335.789992359289
2023-08-18,1.6028348223248765,0.0,20.222644250038805,4488.5548032806655
2023-08-19,1.5887496538947878,0.0,18.957804546336597,5412.431973280697
2023-08-20,1.5778373704687718,0.0,19.549304806969346,6032.588080969184
2023-08-21,1.5440180184768966,0.0,20.53425406514423,5731.552518635337
2023-08-22,1.5214887826384795,0.0,21.86197779238094,5954.520464149806
2023-08-23,1.49249012712704,0.0,20.339230595574087,5666.887259147187
2023-08-24,1.4514592890167093,0.0,18.551892839843383,5296.051641895528
2023-08-25,1.4305887017609131,0.0,19.423712082572717,4796.159949051843
2023-08-26,1.4105013428774806,0.0,19.373249256271436,5719.82920327158
2023-08-27,1.3841095338938052,0.0,18.54015063627939,5288.246889930728
2023-08-28,1.3658616847185274,0.0,17.283219626608112,3214.429395456248
2023-08-29,1.35997736207396,0.0,21.375809157685758,5491.190476215879
2023-08-30,1.3570924416847912,0.0,22.949868767654976,5300.636317050628
2023-08-31,1.3426446170337956,0.0,21.09926615696323,4536.99378957154
2023-09-01,1.3796935810280069,0.444336766688083,18.206322312040864,4125.8566494385495
2023-09-02,1.4665750447257144,6.942161157851305,17.835381953926465,3805.738176730149
2023-09-03,2.360917061483893,17.214739904817247,15.053679636723388,1598.2451001910297
2023-09-04,1.7674099381879615,0.021913384014587665,16.41289087382282,4915.727465054302
2023-09-05,1.520506407604156,0.3568260712408945,17.617935729338676,4329.638180604317
2023-09-06,1.3918471057008126,0.08620136290242003,17.17400270943163,2393.3912580899414
2023-09-07,1.304053202224872,0.10592586180159475,16.435318581292208,2862.4185249221428
2023-09-08,1.2467453495281309,0.0,14.633665183159053,1628.9267972212645
2023-09-09,1.1993726862014478,0.0,14.368531448041825,4526.137007669685
2023-09-10,1.167088763801979,0.0,13.714706606723272,4795.092155040669
2023-09-11,1.153642923917187,0.0,12.922876149160443,4648.231299098367
2023-09-12,1.1218797483544225,0.0,13.2663034830557,4110.42148259642
2023-09-13,1.1214715997652684,0.0,15.14812656857467,4291.498519893044
2023-09-14,1.0972039293283968,0.0,16.52733290356993,4395.990878793618
2023-09-15,1.1143601785690178,0.0,15.781352899061062,4213.919937828379
2023-09-16,1.1083155864742138,0.0,15.20528132232441,3399.588114481022
2023-09-17,1.0873164039128784,0.0,14.145796081115686,165.85350902240847
2023-09-18,1.0747082454006671,0.0,13.280913593521948,4675.862888268249
2023-09-19,1.049799036922502,0.0,13.477895280960336,3860.332011507044
2023-09-20,1.03691028718996,0.0,13.877271438660129,3929.9936658505694
2023-09-21,1.0316879907034329,0.0,14.877042202697494,3598.749741766765
2023-09-22,1.016173118889595,0.0,19.48309753466448,4030.4890917714856
2023-09-23,0.9999654068859004,0.0,19.994916966276108,3887.970719330694
2023-09-24,0.989598718914594,0.0,17.016701205427566,3669.1257011128473
2023-09-25,0.9638380700144876,0.0,16.236026096825913,3438.5886169532164
2023-09-26,0.9514862786639672,0.0,15.442075781592916,2396.199880597258
2023-09-27,0.9625566218790952,1.0758044459162972,15.418341284838405,1971.800854576972
2023-09-28,0.9619587819917998,1.5138229145020337,15.271246610701544,1661.5615616044306
2023-09-29,1.0340329384400104,4.919610889747668,14.429704904245867,2187.826914345758
2023-09-30,1.3028097435066694,25.25089920432385,13.655533644295499,1747.352310885807
2023-10-01,7.298850319574513,56.268114079953044,12.207366178289531,982.3746945482632
2023-10-02,3.541104469451214,12.590475559077685,10.782200819362174,543.7294913632991
2023-10-03,1.9553748568925184,0.19921259779680578,10.871350816683163,1452.3975281338878
2023-10-04,1.2910053091842275,0.0,11.418723665188121,2770.677093735933
2023-10-05,1.223989592159739,0.0,12.192973885597898,2490.844258941388
2023-10-06,1.1842684164921944,0.0,12.342649753430727,2769.946677436315
2023-10-07,1.154161435676211,0.0,13.212035275988278,2605.077094795114
2023-10-08,1.2490097936911155,6.210229599516513,15.026427331345282,2639.2837148030167
2023-10-09,1.40949919147896,5.190115319980431,7.792647036529226,325.9738184471289
2023-10-10,1.3673623402556,1.9706685830345414,9.43877785196563,1724.3469493451262
2023-10-11,1.3454151424538792,0.32193626739020526,8.86902958707355,1438.3402628577262
2023-10-12,1.309733995428545,0.0,11.801660460848066,6546.749115312793
2023-10-13,1.2910470813696473,0.0,12.41695555676582,2311.538510204694
2023-10-14,1.2121614292896508,0.0,12.274666616239449,1249.8255676146955
2023-10-15,1.188066379396574,0.0,13.916606672325667,2194.8261655025944
2023-10-16,1.2797750818582272,13.7149280113471,8.165632574535252,489.9147163217443
2023-10-17,1.5673311953616138,6.658961634231931,8.44137007212192,1008.3383983597064
2023-10-18,2.1949287097462493,19.614593033321068,8.07731187900554,378.5551444855331
2023-10-19,1.7800159087168568,0.0,10.183745918271434,2372.2156529444464
2023-10-20,1.5933201415314464,0.0,17.119776886671424,2188.1020455265184
2023-10-21,1.3848987747752943,0.0,19.50820421385172,2302.19959464708
2023-10-22,1.2827664360784488,0.0,19.68348632044874,1921.841124987693
2023-10-23,1.200461525574454,0.0,18.250995686714415,1611.3009920584195
2023-10-24,1.1590605152123303,0.0,16.325338525070926,1877.0918317376293
2023-10-25,1.133189613090322,0.0,17.616215965819492,1255.143327103686
2023-10-26,1.1078209528979346,0.23351651179013733,16.9550492167415,1139.970442375981
2023-10-27,1.096911271615447,0.0,17.20910530593553,1942.9389836819669
2023-10-28,1.0836361608010203,0.0,16.992924643449175,1948.2268657760544
2023-10-29,1.0585341709385776,0.0,14.65453133730207,1116.5750171102502
2023-10-30,1.035919714243144,0.0,15.324168722356243,1116.962600190678
2023-10-31,1.0173473406788367,0.0,15.937221862013946,1459.4826882634572
2023-11-01,0.9950048078853508,0.0,14.890044694784649,1442.5477938007746
2023-11-02,1.3987572148949146,10.669964075424097,12.057354786974614,481.3451521907256
2023-11-03,1.306703263592878,0.0,16.615982154201554,1242.827683194238
2023-11-04,1.4206671473543462,7.936719093574308,17.018803747014736,1491.0126868396758
2023-11-05,1.2903503449502676,0.0,14.348125673120563,423.50429170573926
2023-11-06,1.230751778517941,0.0,14.830165997444517,1194.1881386223336
2023-11-07,1.1963571436612916,0.0,14.370138902233496,3360.0787351103127
2023-11-08,1.0784905150206126,2.524541769040321,14.771500763706175,1046.4503717064251
2023-11-09,1.2493797885519504,8.054378784988558,6.16181255576926,194.2281620058406
2023-11-10,1.225196470034254,0.0,11.348394671715747,986.8122847202994
2023-11-11,1.9595900997662743,22.050734218706275,13.303230664008119,752.1635681221378
2023-11-12,2.469670727587856,0.4024123848343627,10.747373873940074,574.3466368544374
2023-11-13,3.251851734028751,20.628458255720023,8.12537146142935,168.89139898357504
2023-11-14,2.5605872031352117,0.0,9.059033815674228,959.5442395553938
2023-11-15,2.4521331969486546,21.771452287007662,11.914592762527885,1082.5882209074907
2023-11-16,4.692477735827851,5.031848308387287,4.878660250821964,441.4081407758197
2023-11-17,2.604569548847392,0.0,7.883898738619063,711.5116087511594
2023-11-18,14.553726671406546,49.3763222266596,3.0798023274938453,122.33444599122627
2023-11-19,10.880380508199238,10.100680827120767,-1.3342864054114445,50.0662692730206
2023-11-20,5.720409265353574,0.0,3.1251079814590326,441.0141997856815
2023-11-21,4.289072916250443,0.0,8.694412468370663,1070.6021777243527
2023-11-22,5.061702423083848,4.920221357800182,11.363804882402514,937.6995979834484
2023-11-23,4.954580181046059,2.735243239020068,8.335575463574347,61.64634885443639
2023-11-24,4.093067651597552,3.264687761241518,10.295183221469904,530.9671218637557
2023-11-25,4.156408141772798,13.204962604693252,8.756880301309174,441.25271343589424
2023-11-26,6.286871659047285,18.782615150300792,-1.2801719832252756,272.3522190494207
2023-11-27,4.777777777777778,1.4507923800233375,-3.1630568544000957,545.061925506968
2023-11-28,4.243834340052093,11.786583012982751,4.177227164299805,593.4832611248381
2023-11-29,21.067058473830777,43.914397544082206,8.315684134383385,65.05016737741526
2023-11-30,22.83074327945073,0.45215360169034097,7.793229789707196,161.22139100093372
2023-12-01,10.439523168309291,0.0,12.465518823548441,734.0608675535458
2023-12-02,7.193950815646361,0.0,14.875359572272579,1297.7545126553305
2023-12-03,5.615200094987229,0.0,12.178842193083348,812.5795723300798
2023-12-04,4.696654747868733,3.6171644008728516,3.6854984318717747,43.25908075246853
2023-12-05,4.179502659538675,0.21621455139558315,3.6352368165794564,180.07906986381602
2023-12-06,3.8007452027816058,1.5270694195125565,5.739798254213921,174.44656019996995
2023-12-07,4.411139056845182,19.070601431605276,6.33740101838138,314.16752762026334
2023-12-08,14.75692204188094,38.77152774821848,2.6245186290078975,72.81848441691822
2023-12-09,61.73533874743918,46.49094018386527,0.5086708603394215,15.987386452569616
2023-12-10,26.38563296718833,0.46570895043633037,3.7585783113142623,634.8747620101458
2023-12-11,14.550174039878666,0.0,4.279359826930044,757.7239340347493
2023-12-12,10.643517867673214,0.0,4.222153386414858,329.17487085106274
2023-12-13,8.461597243181988,0.0,7.325295754533775,1038.898719411649
2023-12-14,7.310581537441057,0.0,12.515147344401337,1365.0009435683432
2023-12-15,6.1868118605926,0.0,7.5259478525777626,900.0024509512331
2023-12-16,12.45619756104867,32.718381739065364,1.3254598146014498,41.9769505570931
2023-12-17,16.05204005737893,4.758248175180459,-1.799176521713372,285.61013441900764
2023-12-18,9.86576030506466,0.0,2.618791558551121,1019.8906365848868
2023-12-19,8.156590720334323,0.0,6.459490393001258,1115.452991950268
2023-12-20,7.332697719640643,0.0,7.853755688030995,1418.4715712540903
2023-12-21,6.635465315511535,1.1844905175468599,6.139601408860718,581.7422530692157
2023-12-22,8.293897370952607,11.263683704842894,7.220713882183421,724.9772565472609
2023-12-23,8.082324907935933,0.6532228387836008,6.318625344766302,928.5023748348096
2023-12-24,7.2481198092408174,0.15575492141092379,4.341740851424062,1027.8883557717147
2023-12-25,6.471897759439623,0.0,10.565203324932398,1575.484365185286
2023-12-26,5.546928350450683,0.0,10.566205140365076,1324.2748453355166
2023-12-27,4.832795537904354,0.0,8.10294690882322,800.3654257067894
2023-12-28,4.7728845417453485,0.0,7.262008246837206,1171.4666346285462
2023-12-29,4.783764901708532,0.0,8.736374090873932,1416.7714127321874
2023-12-30,4.28125,0.0,8.155101941824125,1225.7851890296745
2023-12-31,4.324074074074074,0.0,8.0076274474994,632.4759251114057
