date,qa_flag,notes,precip_cilekli_mm,temp_cilekli_c,snow_cilekli_cm
2006-01-01,0,,0.0,3.8862951388888898,0.0086805555555555
2006-01-02,0,,0.0,5.9878020833333325,0.0
2006-01-03,0,,0.0,7.245097222222223,0.0
2006-01-04,0,,0.8,6.877659722222222,0.0
2006-01-05,0,,4.6,4.829121527777778,0.0
2006-01-06,0,,1.0,5.086548611111112,0.0
2006-01-07,0,,0.0,0.1396076388888889,0.0
2006-01-08,0,,0.0,-0.8279513888888888,0.7024305555555557
2006-01-09,0,,0.0,-1.6557916666666666,0.9725694444444444
2006-01-10,0,,0.0,-1.7433124999999998,0.90625
2006-01-11,0,,0.0,-0.9541631944444444,1.3635416666666669
2006-01-12,0,,0.0,0.3406840277777777,0.7746527777777776
2006-01-13,0,,0.0,-0.8048611111111112,0.5059027777777778
2006-01-14,0,,0.0,-1.2055590277777777,0.9975694444444444
2006-01-15,0,,0.0,-3.037190972222222,1.7416666666666667
2006-01-16,0,,0.0,-2.1635798611111112,0.9388888888888888
2006-01-17,0,,0.0,-1.5313506944444446,1.5375
2006-01-18,0,,11.0,0.4626006944444444,1.563888888888889
2006-01-19,0,,18.4,-1.23390625,12.072916666666666
2006-01-20,0,,0.2,-4.528715277777777,19.91423611111111
2006-01-21,0,,0.0,-2.190670138888889,16.817361111111108
2006-01-22,0,,0.0,-0.2047847222222222,15.675946969696966
2006-01-23,0,,0.0,-4.408184027777778,13.579861111111114
2006-01-24,0,,0.0,-5.259545138888888,13.133680555555552
2006-01-25,0,,3.8,-4.052107638888889,17.401041666666664
2006-01-26,0,,1.2,-5.454812499999999,30.83121212121212
2006-01-27,0,,0.4,-6.650534722222223,37.10186237373738
2006-01-28,0,,0.0,-6.200600694444443,32.10798611111112
2006-01-29,0,,0.0,-6.294954861111111,27.89548611111112
2006-01-30,0,,0.0,-4.666260416666668,26.01006944444445
2006-01-31,0,,0.0,-2.3528333333333338,22.831250000000004
2006-02-01,0,,0.0,-0.7976284722222222,19.695138888888888
2006-02-02,0,,0.0,-0.94403125,19.15069444444444
2006-02-03,0,,0.0,-0.1615833333333331,17.566666666666674
2006-02-04,0,,0.0,-1.5687256944444443,17.19930555555555
2006-02-05,0,,6.2,0.2982326388888888,18.091666666666665
2006-02-06,0,,1.0,-2.9170347222222213,26.130713383838383
2006-02-07,0,,0.4,-3.15271875,24.33055555555556
2006-02-08,0,,0.0,-2.9430625,28.51549873737374
2006-02-09,0,,7.0,-1.8957465277777776,29.41998106060605
2006-02-10,0,,40.0,0.6249097222222221,31.147222222222226
2006-02-11,0,,0.2,-1.274347222222222,25.988541666666663
2006-02-12,0,,0.2,-3.025319444444444,28.204513888888886
2006-02-13,0,,0.2,-4.335680555555556,27.52430555555556
2006-02-14,0,,0.0,-5.905125000000001,31.20694444444444
2006-02-15,0,,1.0,-8.54575,31.734861111111112
2006-02-16,0,,0.2,-5.994890782828285,30.195675505050502
2006-02-17,0,,0.2,-0.6717951388888889,27.810347222222227
2006-02-18,0,,1.0,3.145027777777777,26.313888888888886
2006-02-19,0,,0.2,4.693343750000001,24.794444444444448
2006-02-20,0,,0.0,4.98703125,20.50798611111111
2006-02-21,0,,0.0,5.125444444444445,18.955902777777776
2006-02-22,0,,0.0,5.800159722222221,16.363194444444442
2006-02-23,0,,0.0,6.9698229166666685,14.098611111111111
2006-02-24,0,,0.2,6.674479166666665,12.652935606060604
2006-02-25,2,inflow_m3_statistical_outlier,8.0,5.75848263888889,10.05034722222222
2006-02-26,2,inflow_m3_statistical_outlier,6.0,4.099368055555556,6.447569444444445
2006-02-27,2,inflow_m3_statistical_outlier,0.6,4.347701388888889,1.9052588383838385
2006-02-28,2,inflow_m3_statistical_outlier,2.4,6.915802083333332,0.9631944444444448
2006-03-01,2,inflow_m3_statistical_outlier,2.4,5.61489236111111,0.0
2006-03-02,2,inflow_m3_statistical_outlier,0.6,7.298246527777779,0.0
2006-03-03,2,inflow_m3_statistical_outlier,23.0,1.0740104166666666,0.0
2006-03-04,0,,0.0,4.575621527777778,0.0
2006-03-05,0,,0.0,8.632052083333333,0.0
2006-03-06,0,,0.0,10.683465277777778,0.0
2006-03-07,0,,14.2,5.315534722222224,0.0277777777777777
2006-03-08,0,,0.8,-2.441623106060605,3.626641414141415
2006-03-09,0,,1.8,-5.180246527777778,15.1301452020202
2006-03-10,0,,0.0,0.98546875,8.427840909090907
2006-03-11,2,inflow_m3_statistical_outlier,13.0,6.1425,3.22405303030303
2006-03-12,2,inflow_m3_statistical_outlier,6.2,9.681454861111112,0.6152777777777778
2006-03-13,2,inflow_m3_statistical_outlier,1.8,6.534826388888889,0.0
2006-03-14,2,inflow_m3_statistical_outlier,15.0,2.09934375,0.4881944444444446
2006-03-15,0,,0.0,-0.4881423611111111,1.5350694444444444
2006-03-16,0,,6.0,0.9533715277777776,1.0645833333333332
2006-03-17,0,,0.0,0.8996493055555556,0.0524305555555555
2006-03-18,0,,0.2,0.9520520833333328,0.0
2006-03-19,0,,0.2,0.2000208333333332,0.0
2006-03-20,0,,0.2,5.500069444444445,0.0
2006-03-21,0,,0.0,7.466059027777779,0.0
2006-03-22,0,,0.0,11.952326388888888,0.0
2006-03-23,0,,0.0,12.907520833333336,0.0
2006-03-24,0,,1.2,2.4993819444444445,0.0
2006-03-25,0,,0.0,0.675465277777778,0.0
2006-03-26,0,,0.0,2.4720034722222226,0.0
2006-03-27,0,,0.0,5.730850694444444,0.0
2006-03-28,0,,0.0,8.63788888888889,0.0
2006-03-29,0,,0.0,12.132493055555557,0.0
2006-03-30,0,,0.2,6.154913194444442,0.0
2006-03-31,0,,0.0,8.493260416666667,0.0
2006-04-01,0,,0.0,8.098930555555556,0.0
2006-04-02,0,,0.0,8.022875,0.0
2006-04-03,0,,0.0,9.605378472222222,0.0
2006-04-04,0,,0.0,6.870375,0.0
2006-04-05,0,,0.0,4.632961805555556,0.0
2006-04-06,0,,0.0,12.387791666666663,0.0
2006-04-07,0,,0.0,14.199270833333337,0.0
2006-04-08,0,,0.0,8.679479166666665,0.0
2006-04-09,0,,0.0,4.241454861111111,0.0
2006-04-10,0,,0.0,5.316670138888889,0.0
2006-04-11,0,,0.0,13.73575347222222,0.0
2006-04-12,0,,0.6,14.490798611111112,0.0
2006-04-13,0,,0.0,11.909795138888889,0.0
2006-04-14,0,,2.0,8.408444444444447,0.0
2006-04-15,0,,0.0,9.912586805555554,0.0
2006-04-16,0,,0.0,12.316288194444446,0.0
2006-04-17,0,,0.0,11.791357638888888,0.0
2006-04-18,0,,0.0,13.090763888888889,0.0
2006-04-19,0,,0.0,14.84575347222222,0.0
2006-04-20,0,,0.0,11.083881944444448,0.0
2006-04-21,0,,0.0,8.441861111111109,0.0
2006-04-22,0,,0.0,9.741618055555556,0.0
2006-04-23,0,,0.0,9.186135416666668,0.0
2006-04-24,0,,0.0,7.372288194444445,0.0
2006-04-25,0,,0.0,4.826666666666668,0.0
2006-04-26,0,,0.0,5.225954861111111,0.0
2006-04-27,0,,0.0,9.9071931372549,0.0
2006-04-28,0,,0.0,8.427025,0.0
2006-04-29,0,,2.0,6.0602118055555545,0.0
2006-04-30,0,,0.2,8.61570707070707,0.0
2006-05-01,0,,0.0,8.091035218253966,0.0
2006-05-02,0,,0.0,6.512166666666666,0.0
2006-05-03,0,,0.0,5.536177083333333,0.0
2006-05-04,0,,0.0,5.529135416666666,0.0
2006-05-05,0,,1.0,4.387586805555555,0.0
2006-05-06,0,,0.0,6.573510416666667,0.0
2006-05-07,2,outflow_treatment_m3_statistical_outlier,0.0,5.524756944444444,0.0
2006-05-08,0,,5.2,8.018038194444445,0.0
2006-05-09,0,,0.8,8.157274305555555,0.0
2006-05-10,0,,0.2,13.251666666666663,0.0
2006-05-11,0,,0.0,13.186270833333332,0.0
2006-05-12,0,,19.2,10.936222222222222,0.0
2006-05-13,0,,0.0,8.687048611111111,0.0
2006-05-14,0,,0.0,12.44940972222222,0.0
2006-05-15,0,,0.0,13.356875,0.0
2006-05-16,0,,0.0,9.445854166666663,0.0
2006-05-17,0,,0.0,11.189704861111112,0.0
2006-05-18,0,,0.0,13.298680555555556,0.0
2006-05-19,0,,0.0,14.715486111111112,0.0
2006-05-20,0,,1.8,15.68048611111111,0.0
2006-05-21,0,,0.0,19.71270833333333,0.0
2006-05-22,0,,0.0,19.127881944444443,0.0
2006-05-23,2,outflow_treatment_m3_statistical_outlier,0.0,18.70201388888889,0.0
2006-05-24,0,,0.0,19.9678125,0.0
2006-05-25,0,,0.0,18.51263888888889,0.0
2006-05-26,0,,0.2,15.0759375,0.0
2006-05-27,0,,0.2,14.85715277777778,0.0
2006-05-28,0,,0.0,15.527361111111109,0.0
2006-05-29,0,,0.0,19.2646875,0.0
2006-05-30,0,,0.0,21.28475694444444,0.0
2006-05-31,2,evaporation_m3_statistical_outlier,0.0,21.214166666666667,0.0
2006-06-01,0,,0.0,19.8775,0.0
2006-06-02,2,evaporation_m3_statistical_outlier,0.0,24.636388888888888,0.0
2006-06-03,2,evaporation_m3_statistical_outlier,0.0,22.8690625,0.0
2006-06-04,2,evaporation_m3_statistical_outlier,0.0,19.406111111111112,0.0
2006-06-05,0,,0.0,15.986319444444442,0.0
2006-06-06,0,,0.0,13.971006944444444,0.0
2006-06-07,0,,0.0,12.692465277777776,0.0
2006-06-08,0,,4.0,12.25493402777778,0.0
2006-06-09,0,,1.4,11.696090277777778,0.0
2006-06-10,0,,12.2,11.803645833333334,0.0
2006-06-11,0,,5.2,11.928996527777777,0.0
2006-06-12,0,,0.0,14.756354166666664,0.0
2006-06-13,0,,8.6,11.43638888888889,0.0
2006-06-14,0,,0.4,10.077659722222224,0.0
2006-06-15,0,,4.2,12.095298611111112,0.0
2006-06-16,0,,0.0,13.489618055555551,0.0
2006-06-17,0,,0.0,16.0071875,0.0
2006-06-18,2,evaporation_m3_statistical_outlier,0.0,18.75614583333334,0.0
2006-06-19,2,evaporation_m3_statistical_outlier,0.0,19.6059375,0.0
2006-06-20,0,,0.0,19.45399305555556,0.0
2006-06-21,0,,0.0,17.382951388888888,0.0
2006-06-22,0,,0.0,16.729652777777776,0.0
2006-06-23,0,,0.0,17.15149305555555,0.0
2006-06-24,0,,0.0,18.02875,0.0
2006-06-25,0,,0.0,18.542430555555555,0.0
2006-06-26,0,,0.0,20.644166666666667,0.0
2006-06-27,0,,0.2,20.42802083333333,0.0
2006-06-28,0,,6.0,19.47215277777778,0.0
2006-06-29,0,,0.0,19.83833333333333,0.0
2006-06-30,0,,0.0,20.34618055555556,0.0
2006-07-01,0,,0.0,20.83451388888889,0.0
2006-07-02,0,,0.0,20.951284722222223,0.0
2006-07-03,0,,0.0,13.172604166666666,0.0
2006-07-04,0,,0.0,13.756840277777782,0.0
2006-07-05,2,outflow_treatment_m3_statistical_outlier,0.0,16.55854166666667,0.0
2006-07-06,0,,0.0,16.314479166666665,0.0
2006-07-07,0,,0.0,16.0978125,0.0
2006-07-08,0,,0.0,16.43392361111111,0.0
2006-07-09,0,,0.0,15.672361111111115,0.0
2006-07-10,0,,0.0,16.104131944444447,0.0
2006-07-11,0,,0.0,16.68840277777778,0.0
2006-07-12,0,,0.8,19.367847222222224,0.0
2006-07-13,0,,0.0,18.091354166666665,0.0
2006-07-14,0,,0.0,18.2146875,0.0
2006-07-15,0,,0.0,19.03940972222222,0.0
2006-07-16,0,,0.0,19.265729166666667,0.0
2006-07-17,0,,0.0,16.37302083333333,0.0
2006-07-18,0,,0.0,15.997743055555556,0.0
2006-07-19,2,outflow_treatment_m3_statistical_outlier,0.0,16.256111111111114,0.0
2006-07-20,0,,0.0,20.1953125,0.0
2006-07-21,0,,0.0,18.7684375,0.0
2006-07-22,0,,0.0,17.40298611111111,0.0
2006-07-23,0,,0.0,16.99361111111111,0.0
2006-07-24,0,,0.0,18.77347222222222,0.0
2006-07-25,0,,0.0,19.80802083333333,0.0
2006-07-26,0,,0.0,20.01309027777778,0.0
2006-07-27,0,,0.0,19.82052083333333,0.0
2006-07-28,2,outflow_treatment_m3_statistical_outlier,0.0,21.610069444444445,0.0
2006-07-29,0,,0.0,20.33107638888889,0.0
2006-07-30,0,,0.0,19.697083333333328,0.0
2006-07-31,0,,0.0,18.612534722222225,0.0
2006-08-01,0,,0.0,18.81649305555555,0.0
2006-08-02,0,,0.0,19.20329861111111,0.0
2006-08-03,0,,0.0,20.017013888888886,0.0
2006-08-04,0,,0.0,23.926666666666662,0.0
2006-08-05,2,evaporation_m3_statistical_outlier,0.0,26.36559027777778,0.0
2006-08-06,2,evaporation_m3_statistical_outlier,0.0,25.94923611111111,0.0
2006-08-07,0,,0.0,21.61934027777778,0.0
2006-08-08,0,,0.0,19.779097222222223,0.0
2006-08-09,0,,0.0,20.01354166666666,0.0
2006-08-10,0,,0.0,22.74798611111112,0.0
2006-08-11,0,,0.0,23.16118055555556,0.0
2006-08-12,0,,0.0,20.09927083333333,0.0
2006-08-13,0,,0.0,20.373298611111117,0.0
2006-08-14,0,,0.0,20.748159722222223,0.0
2006-08-15,0,,0.0,21.674097222222223,0.0
2006-08-16,0,,0.0,20.712152777777774,0.0
2006-08-17,0,,0.0,22.860416666666666,0.0
2006-08-18,0,,0.0,22.68163194444445,0.0
2006-08-19,0,,0.0,21.21048611111111,0.0
2006-08-20,0,,0.0,24.9196875,0.0
2006-08-21,0,,0.0,25.6478125,0.0
2006-08-22,0,,0.0,22.002222222222223,0.0
2006-08-23,0,,0.0,18.836458333333333,0.0
2006-08-24,0,,0.0,18.53274305555556,0.0
2006-08-25,0,,0.0,19.979340277777784,0.0
2006-08-26,0,,0.0,21.301631944444445,0.0
2006-08-27,0,,0.0,23.29204861111111,0.0
2006-08-28,0,,0.2,21.368715277777778,0.0
2006-08-29,0,,0.0,19.0934375,0.0
2006-08-30,0,,0.0,23.0815625,0.0
2006-08-31,0,,2.2,12.961875,0.0
2006-09-01,0,,4.0,11.264583333333333,0.0
2006-09-02,0,,1.2,12.369270833333331,0.0
2006-09-03,0,,0.0,14.30003472222222,0.0
2006-09-04,0,,0.0,17.658194444444444,0.0
2006-09-05,0,,0.0,19.87583333333333,0.0
2006-09-06,0,,0.0,15.207291666666665,0.0
2006-09-07,0,,0.0,15.56496527777778,0.0
2006-09-08,0,,0.0,16.44222222222222,0.0
2006-09-09,0,,0.0,17.628680555555555,0.0
2006-09-10,0,,0.0,15.06263888888889,0.0
2006-09-11,0,,0.0,14.916666666666664,0.0
2006-09-12,0,,0.0,13.843888888888891,0.0
2006-09-13,0,,0.0,15.267152777777774,0.0
2006-09-14,0,,0.0,13.632118055555557,0.0
2006-09-15,0,,0.0,14.625763888888889,0.0
2006-09-16,0,,0.0,14.45,0.0
2006-09-17,0,,0.0,18.978020833333336,0.0
2006-09-18,0,,5.2,19.0684375,0.0
2006-09-19,0,,3.6,15.655868055555551,0.0
2006-09-20,0,,7.2,16.62614583333333,0.0
2006-09-21,0,,2.0,13.6453125,0.0
2006-09-22,0,,4.0,12.978090277777774,0.0
2006-09-23,0,,1.2,13.72725694444444,0.0
2006-09-24,0,,16.6,14.529340277777775,0.0
2006-09-25,0,,3.2,12.707430555555556,0.0
2006-09-26,0,,0.0,16.352875,0.0
2006-09-27,0,,0.0,15.580416666666665,0.0
2006-09-28,0,,11.0,16.564166666666665,0.0
2006-09-29,0,,7.8,14.500208333333337,0.0
2006-09-30,0,,0.0,12.740590277777777,0.0
2006-10-01,0,,0.0,12.052479166666666,0.0
2006-10-02,0,,0.2,12.356836805555554,0.0
2006-10-03,0,,0.2,13.994861111111108,0.0
2006-10-04,0,,0.0,16.546770833333326,0.0
2006-10-05,0,,0.0,18.46635416666667,0.0
2006-10-06,0,,0.0,17.121770833333326,0.0
2006-10-07,0,,0.0,15.001319444444446,0.0
2006-10-08,0,,0.0,15.745243055555555,0.0
2006-10-09,0,,0.0,15.460625,0.0
2006-10-10,0,,0.4,14.061909722222218,0.0
2006-10-11,0,,0.0,13.046631944444444,0.0
2006-10-12,0,,0.0,12.489444444444445,0.0
2006-10-13,0,,0.2,11.634479166666669,0.0
2006-10-14,0,,0.4,10.251701388888888,0.0
2006-10-15,0,,0.0,6.871979166666667,0.0
2006-10-16,0,,0.4,8.27248263888889,0.0
2006-10-17,0,,5.4,6.8070555555555545,0.0
2006-10-18,0,,1.6,8.309486111111111,0.0
2006-10-19,0,,0.2,11.990173611111112,0.0
2006-10-20,0,,0.0,10.04993402777778,0.0
2006-10-21,0,,1.0,12.870038194444446,0.0
2006-10-22,0,,15.2,13.922395833333328,0.0
2006-10-23,0,,0.2,12.560243055555556,0.0
2006-10-24,0,,0.0,12.987048611111112,0.0
2006-10-25,0,,0.2,13.81375,0.0
2006-10-26,0,,3.8,10.176684027777776,0.0
2006-10-27,2,outflow_treatment_m3_statistical_outlier,3.8,7.463270833333333,0.0
2006-10-28,0,,0.0,10.012517361111112,0.0
2006-10-29,0,,0.0,8.948388888888887,0.0
2006-10-30,0,,4.2,10.06948611111111,0.0
2006-10-31,0,,5.0,11.610625,0.0
2006-11-01,0,,0.0,9.360697916666668,0.0
2006-11-02,0,,3.2,9.32425,0.0
2006-11-03,0,,4.2,1.122392361111111,0.0
2006-11-04,0,,7.6,-2.6854618055555552,0.0
2006-11-05,0,,0.0,-4.042951388888889,0.0
2006-11-06,0,,1.6,0.4564965277777779,0.0
2006-11-07,0,,0.4,2.772229166666666,0.0
2006-11-08,0,,0.0,5.178040509259261,0.0
2006-11-09,0,,0.0,6.086319444444443,0.0
2006-11-10,0,,0.6,6.836500000000001,0.0
2006-11-11,0,,0.4,1.3614756944444444,0.0
2006-11-12,0,,0.0,4.224357638888889,0.0
2006-11-13,0,,9.4,3.6572569444444447,0.0
2006-11-14,0,,0.0,2.351260416666667,0.0
2006-11-15,0,,0.0,5.118392361111112,0.0
2006-11-16,0,,0.0,6.929361111111111,0.0
2006-11-17,0,,0.0,7.7885972222222195,0.0
2006-11-18,0,,0.0,7.0421875,0.0
2006-11-19,0,,0.0,6.037993055555556,0.0
2006-11-20,0,,0.0,6.313371527777778,0.0
2006-11-21,0,,0.0,5.487281249999999,0.0
2006-11-22,0,,0.0,7.343736111111113,0.0
2006-11-23,0,,0.0,9.09790625,0.0
2006-11-24,0,,0.0,9.329069444444444,0.0
2006-11-25,0,,0.0,8.999350694444443,0.0
2006-11-26,0,,0.0,9.07623611111111,0.0
2006-11-27,0,,0.0,8.480496527777778,0.0
2006-11-28,0,,0.0,4.98846875,0.0
2006-11-29,0,,0.0,5.01348611111111,0.0
2006-11-30,2,reservoir_level_m_statistical_outlier,0.0,3.2904548611111117,0.1854166666666666
2006-12-01,2,reservoir_level_m_statistical_outlier,0.0,2.109434027777778,2.1422916666666665
2006-12-02,2,reservoir_level_m_statistical_outlier,0.0,2.6443541666666674,1.954791666666667
2006-12-03,2,reservoir_level_m_statistical_outlier,0.0,3.798329861111111,2.453075396825397
2006-12-04,2,reservoir_level_m_statistical_outlier,0.0,3.7039583333333344,2.3695138888888896
2006-12-05,2,reservoir_level_m_statistical_outlier,0.0,4.354909722222223,2.6462436868686874
2006-12-06,2,reservoir_level_m_statistical_outlier,0.0,5.255930555555556,2.347881944444445
2006-12-07,2,reservoir_level_m_statistical_outlier,0.0,6.1049756944444455,2.46662968975469
2006-12-08,2,reservoir_level_m_statistical_outlier,0.0,5.7473020833333335,2.4991298400673405
2006-12-09,2,reservoir_level_m_statistical_outlier;outflow_treatment_m3_statistical_outlier,0.0,5.257819444444444,2.4590088383838387
2006-12-10,2,reservoir_level_m_statistical_outlier;outflow_treatment_m3_statistical_outlier,0.0,5.249447916666665,2.1512400793650794
2006-12-11,2,reservoir_level_m_statistical_outlier;outflow_treatment_m3_statistical_outlier,1.2,6.135833333333332,2.364558531746032
2006-12-12,2,reservoir_level_m_statistical_outlier;outflow_treatment_m3_statistical_outlier,0.4,4.932559027777778,2.2267013888888885
2006-12-13,2,reservoir_level_m_statistical_outlier;outflow_treatment_m3_statistical_outlier,0.2,2.869006944444444,1.7749999999999997
2006-12-14,2,reservoir_level_m_statistical_outlier;outflow_treatment_m3_statistical_outlier,0.0,2.0134826388888887,2.0969967532467533
2006-12-15,2,reservoir_level_m_statistical_outlier;outflow_treatment_m3_statistical_outlier,0.0,2.522538194444444,2.2734447150072152
2006-12-16,2,reservoir_level_m_statistical_outlier;outflow_treatment_m3_statistical_outlier,0.0,4.07488888888889,2.201934523809524
2006-12-17,2,reservoir_level_m_statistical_outlier;outflow_treatment_m3_statistical_outlier,0.0,6.2918125,1.8632192460317465
2006-12-18,2,reservoir_level_m_statistical_outlier;outflow_treatment_m3_statistical_outlier,0.0,7.740680555555556,2.646319444444445
2006-12-19,2,reservoir_level_m_statistical_outlier;outflow_treatment_m3_statistical_outlier,1.2,4.932065972222222,2.1125892857142854
2006-12-20,2,reservoir_level_m_statistical_outlier;outflow_treatment_m3_statistical_outlier,6.4,4.969499999999998,1.8253472222222225
2006-12-21,2,reservoir_level_m_statistical_outlier;outflow_treatment_m3_statistical_outlier,0.0,0.8841770833333338,1.6652777777777776
2006-12-22,2,reservoir_level_m_statistical_outlier;outflow_treatment_m3_statistical_outlier,0.2,-0.8108819444444445,2.3479166666666678
2006-12-23,2,reservoir_level_m_statistical_outlier;outflow_treatment_m3_statistical_outlier,0.0,-0.547732638888889,2.2034722222222225
2006-12-24,2,reservoir_level_m_statistical_outlier;outflow_treatment_m3_statistical_outlier,1.2,-1.3017743055555555,2.979513888888889
2006-12-25,2,outflow_treatment_m3_statistical_outlier,5.2,-1.496138888888889,5.964236111111112
2006-12-26,2,outflow_treatment_m3_statistical_outlier,2.4,-5.768697916666667,30.628125
2006-12-27,2,outflow_treatment_m3_statistical_outlier,0.0,-7.7942986111111106,45.08125
2006-12-28,0,,0.2,-5.921590277777777,35.74826388888889
2006-12-29,0,,0.0,-2.719128472222222,31.037847222222208
2006-12-30,0,,0.0,-0.2329652777777776,27.28680555555556
2006-12-31,0,,0.0,0.0,24.770386904761903
2007-01-01,0,,0.0,0.3343333333333334,22.553125
2007-01-02,0,,0.0,5.063333333333334,23.66979166666667
2007-01-03,0,,20.0,3.074291666666667,16.01388888888889
2007-01-04,0,,0.2,-0.4465416666666668,11.624652777777776
2007-01-05,0,,0.2,-0.6824166666666667,11.394791666666666
2007-01-06,0,,0.0,0.024,12.924652777777778
2007-01-07,0,,0.0,-0.1142083333333334,11.94340277777778
2007-01-08,0,,0.0,0.57025,12.918055555555553
2007-01-09,0,,0.0,2.5022083333333334,12.789583333333336
2007-01-10,0,,0.0,2.7612083333333337,12.507638888888886
2007-01-11,0,,0.0,2.519791666666667,11.881944444444445
2007-01-12,0,,0.0,2.538958333333334,10.404513888888888
2007-01-13,0,,0.0,0.866291666666667,7.969791666666666
2007-01-14,0,,0.0,1.9194166666666663,7.82361111111111
2007-01-15,0,,0.0,2.1240416666666664,7.843055555555556
2007-01-16,0,,0.0,0.70275,7.611458333333333
2007-01-17,0,,0.0,1.8594583333333332,7.251736111111111
2007-01-18,0,,0.0,1.0082083333333336,7.674305555555555
2007-01-19,0,,20.2,4.879291666666667,5.958680555555555
2007-01-20,0,,3.4,1.1245416666666666,3.1722222222222216
2007-01-21,0,,0.0,2.914791666666666,2.719444444444445
2007-01-22,0,,0.0,5.424708333333334,3.2062500000000003
2007-01-23,0,,0.0,8.451958333333332,3.4690972222222234
2007-01-24,0,,0.0,8.406958333333334,3.387500000000001
2007-01-25,0,,0.0,8.697166666666666,2.430555555555555
2007-01-26,0,,0.0,8.784416666666667,2.3041666666666667
2007-01-27,2,inflow_m3_statistical_outlier,44.8,4.421958333333333,3.113194444444445
2007-01-28,0,,3.6,-5.87125,13.495138888888883
2007-01-29,0,,9.8,-2.4832499999999995,10.656597222222224
2007-01-30,0,,4.6,-5.033291666666667,28.20138888888889
2007-01-31,0,,1.4,-3.839083333333333,29.815972222222225
2007-02-01,0,,6.4,0.576625,24.790972222222223
2007-02-02,0,,1.6,-2.0696666666666665,30.62604166666667
2007-02-03,0,,0.0,-5.800041666666666,29.471875
2007-02-04,0,,0.2,-4.4895000000000005,25.23993055555555
2007-02-05,0,,0.0,-2.536583333333333,27.362847222222225
2007-02-06,0,,0.0,-2.7377083333333334,25.15034722222222
2007-02-07,0,,0.0,1.2716249999999996,25.24618055555556
2007-02-08,0,,0.0,3.1097916666666667,24.23715277777778
2007-02-09,0,,0.0,4.064916666666666,22.603819444444447
2007-02-10,0,,0.0,5.056083333333334,20.848611111111115
2007-02-11,0,,0.0,4.833041666666666,19.021875
2007-02-12,0,,0.2,5.368125,16.930555555555557
2007-02-13,0,,0.6,7.878541666666667,12.877430555555556
2007-02-14,0,,4.0,4.844125,6.9142361111111095
2007-02-15,0,,0.2,4.116041666666667,3.3538194444444454
2007-02-16,0,,0.0,4.004041666666667,2.980555555555557
2007-02-17,0,,0.0,2.720916666666667,3.094444444444445
2007-02-18,0,,0.0,0.9987916666666664,3.001736111111112
2007-02-19,0,,0.0,4.250166666666668,2.8614583333333337
2007-02-20,0,,0.0,5.979375,2.8663194444444446
2007-02-21,0,,0.0,5.443916666666666,2.943055555555557
2007-02-22,0,,0.0,6.5995833333333325,2.9899305555555555
2007-02-23,0,,0.0,2.019708333333334,3.0270833333333345
2007-02-24,0,,0.2,-2.832958333333333,2.820486111111112
2007-02-25,0,,0.0,-1.3574583333333334,3.0357638888888894
2007-02-26,0,,0.0,-1.0247916666666663,2.9590277777777785
2007-02-27,0,,0.2,5.909458333333333,2.846527777777778
2007-02-28,0,,0.6,3.280583333333333,2.043402777777778
2007-03-01,0,,0.0,4.838333333333334,2.930902777777778
2007-03-02,0,,6.0,8.793250000000002,2.9864583333333345
2007-03-03,0,,17.0,5.066791666666666,2.640625
2007-03-04,0,,19.4,5.122541666666667,2.202083333333334
2007-03-05,0,,4.2,1.2049583333333331,1.5715277777777783
2007-03-06,0,,0.0,2.369208333333333,1.7371527777777778
2007-03-07,0,,0.0,5.899041666666666,2.264236111111112
2007-03-08,0,,0.0,4.677249999999999,1.905902777777778
2007-03-09,0,,0.0,1.0457083333333337,2.167013888888888
2007-03-10,0,,0.0,3.84475,1.5031249999999998
2007-03-11,0,,0.0,1.6905416666666664,1.8423611111111116
2007-03-12,0,,0.8,2.4057500000000007,1.920486111111111
2007-03-13,0,,4.0,-1.1834583333333333,4.590277777777779
2007-03-14,0,,9.2,-0.2840416666666667,26.3875
2007-03-15,0,,0.0,-0.9145416666666664,22.48506944444445
2007-03-16,0,,0.0,0.3017500000000001,17.182291666666664
2007-03-17,0,,0.0,3.731500000000001,12.63576388888889
2007-03-18,0,,0.0,5.967291666666667,7.778125000000001
2007-03-19,0,,0.0,8.83625,1.5447916666666668
2007-03-20,0,,0.0,11.298416666666666,0.5545138888888889
2007-03-21,0,,0.0,14.20875,0.0934027777777777
2007-03-22,0,,0.0,13.50125,0.0086805555555555
2007-03-23,0,,7.2,6.352458333333332,0.0
2007-03-24,0,,0.2,5.852333333333333,0.3607638888888889
2007-03-25,0,,0.0,3.980541666666667,0.7597222222222222
2007-03-26,0,,0.0,2.584916666666667,1.6496527777777776
2007-03-27,0,,0.0,0.41375,2.024930555555556
2007-03-28,0,,0.0,0.8080416666666667,2.426388888888889
2007-03-29,0,,0.0,2.5196666666666663,2.347222222222222
2007-03-30,0,,4.8,9.426833333333333,2.198958333333333
2007-03-31,0,,10.4,6.030375,2.3621527777777778
2007-04-01,0,,0.6,1.8627083333333327,2.502430555555556
2007-04-02,0,,0.0,3.247083333333333,1.9493055555555552
2007-04-03,0,,0.0,3.744708333333333,1.8534722222222224
2007-04-04,0,,0.0,7.929708333333333,2.077777777777777
2007-04-05,0,,4.8,7.381749999999999,1.6569444444444446
2007-04-06,0,,0.6,6.3998333333333335,1.8576388888888888
2007-04-07,0,,0.0,8.403583333333332,2.243055555555556
2007-04-08,0,,0.0,8.633499999999998,2.3663194444444446
2007-04-09,0,,0.0,8.298708333333332,2.315277777777778
2007-04-10,0,,0.0,8.259250000000003,2.226736111111111
2007-04-11,0,,4.8,6.628833333333334,1.975694444444444
2007-04-12,0,,0.0,6.088625,2.657291666666667
2007-04-13,0,,0.0,6.504124999999999,2.2694444444444444
2007-04-14,0,,0.0,5.479041666666666,2.7107638888888896
2007-04-15,0,,0.0,4.529875,2.3826388888888896
2007-04-16,0,,0.0,1.194416666666667,2.1000000000000005
2007-04-17,0,,0.0,3.914625,2.558680555555556
2007-04-18,0,,0.0,1.988708333333333,2.385763888888889
2007-04-19,0,,0.0,3.659375,2.644444444444445
2007-04-20,0,,0.0,6.474499999999999,2.493402777777778
2007-04-21,0,,0.0,11.479625,2.3784722222222223
2007-04-22,0,,0.0,11.249583333333328,2.611458333333333
2007-04-23,0,,0.0,4.997999999999998,3.3305555555555566
2007-04-24,0,,0.0,8.430291666666667,3.4458333333333333
2007-04-25,0,,0.0,7.814458333333333,3.064583333333333
2007-04-26,0,,1.6,6.652750000000001,2.9409722222222223
2007-04-27,0,,0.0,6.451833333333333,2.4520833333333334
2007-04-28,0,,0.0,7.073624999999999,3.0513888888888885
2007-04-29,0,,0.0,7.412,2.195833333333333
2007-04-30,0,,0.0,11.48375,2.2604166666666674
2007-05-01,0,,0.0,13.239208333333336,2.310763888888889
2007-05-02,0,,1.0,8.347708333333332,2.857986111111112
2007-05-03,0,,0.0,9.652625,2.611111111111111
2007-05-04,0,,0.0,11.639791666666666,3.951388888888889
2007-05-05,0,,0.0,18.035833333333336,2.551041666666667
2007-05-06,0,,0.0,22.242083333333337,2.064930555555556
2007-05-07,0,,0.0,22.19708333333333,2.2479166666666663
2007-05-08,0,,0.4,15.93166666666666,0.7428030303030307
2007-05-09,0,,0.0,15.68583333333334,1.1892361111111112
2007-05-10,0,,0.0,13.40504166666667,1.374652777777778
2007-05-11,0,,0.0,12.887625000000002,1.6069444444444445
2007-05-12,0,,0.0,14.337916666666668,1.3722222222222225
2007-05-13,0,,0.0,16.53291666666667,1.5555555555555558
2007-05-14,0,,0.0,17.03625,1.6920138888888892
2007-05-15,0,,0.0,18.28333333333333,1.6840277777777772
2007-05-16,0,,0.0,20.32625,2.1909722222222228
2007-05-17,0,,1.0,19.870833333333334,1.6781249999999996
2007-05-18,0,,9.8,15.361666666666666,2.209722222222222
2007-05-19,0,,0.0,20.055,2.2756944444444445
2007-05-20,0,,21.4,15.795833333333327,1.942361111111112
2007-05-21,0,,2.0,14.328333333333338,3.140625
2007-05-22,0,,0.0,12.874583333333334,3.4295138888888896
2007-05-23,0,,0.0,14.843333333333332,3.5184027777777778
2007-05-24,0,,0.0,15.63375,3.82638888888889
2007-05-25,0,,0.4,17.06375,3.9375
2007-05-26,0,,1.2,16.84375,4.059374999999998
2007-05-27,0,,8.0,17.087916666666672,5.023263888888888
2007-05-28,0,,12.6,19.047083333333337,3.1277777777777778
2007-05-29,0,,2.2,15.81666666666667,2.692361111111112
2007-05-30,0,,0.0,17.70625,2.808680555555556
2007-05-31,0,,0.0,15.192916666666669,1.1579861111111116
2007-06-01,0,,0.0,14.992916666666664,0.5319444444444446
2007-06-02,0,,0.0,15.8925,0.046875
2007-06-03,0,,0.0,17.325416666666666,0.0885416666666666
2007-06-04,0,,0.0,19.580416666666668,0.3065972222222222
2007-06-05,0,,5.4,19.44416666666666,0.4333333333333332
2007-06-06,0,,1.2,15.92875,0.8965277777777777
2007-06-07,0,,6.6,13.074166666666668,0.9475694444444444
2007-06-08,0,,0.4,12.978333333333332,1.3038194444444442
2007-06-09,0,,0.0,14.738333333333337,1.4940972222222226
2007-06-10,0,,3.4,15.40833333333334,1.549305555555556
2007-06-11,0,,0.0,14.388333333333335,1.5128472222222225
2007-06-12,0,,0.0,16.735,1.259375
2007-06-13,0,,0.0,19.215,1.098263888888889
2007-06-14,0,,0.0,20.131666666666668,1.1715277777777775
2007-06-15,0,,0.0,19.54875,1.2413194444444442
2007-06-16,0,,0.0,19.45125,1.1159722222222224
2007-06-17,0,,0.0,18.63,1.2444444444444445
2007-06-18,0,,0.0,18.05208333333333,1.0114583333333331
2007-06-19,0,,0.0,19.09875,0.7614583333333333
2007-06-20,0,,0.0,19.5675,0.7006944444444445
2007-06-21,0,,0.0,17.186666666666667,0.5968749999999999
2007-06-22,0,,0.0,19.825833333333332,0.2920138888888889
2007-06-23,0,,0.0,24.53,0.1715277777777777
2007-06-24,0,,0.0,21.25125,0.5631944444444443
2007-06-25,0,,0.0,22.08375,0.2239583333333333
2007-06-26,0,,0.0,25.370833333333334,0.1888888888888888
2007-06-27,0,,0.0,26.58541666666666,0.0826388888888889
2007-06-28,0,,0.0,24.092916666666664,0.0871527777777777
2007-06-29,0,,0.0,17.7825,0.1569444444444444
2007-06-30,0,,0.0,16.944583333333334,0.2621527777777778
2007-07-01,0,,0.0,16.64875,0.2243055555555556
2007-07-02,0,,0.0,16.650833333333335,0.1618055555555555
2007-07-03,0,,0.0,19.55375,0.3524305555555555
2007-07-04,0,,0.0,21.513333333333332,0.0489583333333333
2007-07-05,0,,0.0,23.16166666666666,0.1704861111111111
2007-07-06,0,,0.0,13.82625,0.1302083333333333
2007-07-07,0,,0.0,17.165833333333335,0.1875
2007-07-08,0,,0.0,19.00125,0.1552083333333333
2007-07-09,0,,0.0,22.48,0.1333333333333333
2007-07-10,0,,0.0,22.71125,0.0336805555555555
2007-07-11,0,,0.0,24.007083333333338,0.0652777777777777
2007-07-12,0,,0.0,20.76458333333333,0.4288194444444445
2007-07-13,0,,6.2,13.650416666666668,0.1583333333333333
2007-07-14,0,,0.0,16.024166666666666,0.7565972222222221
2007-07-15,0,,0.0,16.52875,0.7940972222222222
2007-07-16,0,,0.0,17.159583333333334,0.5541666666666666
2007-07-17,0,,0.0,22.01333333333334,0.5052083333333333
2007-07-18,0,,0.0,24.025416666666672,0.2277777777777778
2007-07-19,0,,0.0,21.92333333333333,0.2756944444444444
2007-07-20,0,,0.0,20.97375,0.3145833333333334
2007-07-21,0,,0.0,20.639166666666664,0.303125
2007-07-22,0,,0.0,22.920416666666668,0.2357638888888888
2007-07-23,0,,0.0,24.35583333333333,0.2277777777777778
2007-07-24,0,,0.0,24.824583333333337,0.3194444444444444
2007-07-25,0,,0.0,27.83791666666667,0.2586805555555556
2007-07-26,0,,0.0,22.76,1.0611111111111111
2007-07-27,0,,0.0,20.76333333333334,1.109375
2007-07-28,0,,0.0,19.3125,1.0010416666666666
2007-07-29,0,,0.0,19.715,0.8451388888888889
2007-07-30,0,,0.0,22.33625,0.3479166666666667
2007-07-31,0,,0.0,21.538333333333338,1.028125
2007-08-01,0,,6.8,20.43666666666667,0.7986111111111113
2007-08-02,0,,0.0,15.6475,0.8003472222222224
2007-08-03,0,,0.0,17.74333333333333,0.4059027777777778
2007-08-04,0,,0.0,19.059583333333336,0.5854166666666667
2007-08-05,0,,0.0,20.36208333333333,0.7965277777777777
2007-08-06,0,,0.0,22.35958333333333,0.5993055555555556
2007-08-07,0,,0.0,18.56916666666667,0.6621527777777778
2007-08-08,0,,0.0,18.914583333333333,0.7576388888888889
2007-08-09,0,,0.0,20.40583333333333,0.804513888888889
2007-08-10,0,,0.0,21.50125,0.1552083333333333
2007-08-11,0,,0.0,24.385833333333338,0.0965277777777778
2007-08-12,0,,0.0,21.7625,0.2357638888888888
2007-08-13,0,,0.0,19.80291666666667,0.4809027777777777
2007-08-14,0,,0.0,19.53708333333333,0.5118055555555554
2007-08-15,0,,0.0,19.596666666666668,0.1520833333333333
2007-08-16,0,,0.0,18.99958333333333,0.2357638888888889
2007-08-17,0,,0.0,19.46375,0.5121527777777778
2007-08-18,0,,0.0,20.438333333333333,0.7222222222222221
2007-08-19,0,,0.0,21.432916666666667,0.6704861111111113
2007-08-20,0,,0.0,21.33333333333333,0.5298611111111111
2007-08-21,0,,0.0,22.703333333333333,0.4472222222222222
2007-08-22,0,,0.0,22.42708333333333,0.2732638888888888
2007-08-23,0,,0.0,23.121666666666677,0.103125
2007-08-24,0,,0.0,22.795,0.2142361111111111
2007-08-25,0,,0.0,21.3225,0.3343750000000001
2007-08-26,0,,0.0,22.50375,0.928125
2007-08-27,0,,7.2,17.51583333333333,0.2847222222222222
2007-08-28,0,,0.0,18.760833333333327,0.3923611111111112
2007-08-29,0,,0.0,19.127916666666668,0.2493055555555555
2007-08-30,0,,0.0,21.39583333333334,0.432986111111111
2007-08-31,0,,0.0,24.31625,1.7951388888888888
2007-09-01,0,,0.0,24.9375,1.562847222222222
2007-09-02,0,,0.0,18.657083333333336,1.413888888888889
2007-09-03,0,,0.0,20.241666666666664,0.6979166666666665
2007-09-04,0,,1.0,19.722916666666663,0.715625
2007-09-05,0,,0.0,20.92125,0.3809027777777777
2007-09-06,0,,0.8,19.54833333333333,0.4611111111111112
2007-09-07,0,,0.2,15.732083333333335,0.7795138888888888
2007-09-08,0,,0.0,12.35541666666667,0.3034722222222222
2007-09-09,0,,0.0,11.623125,0.2493055555555556
2007-09-10,0,,0.0,13.570416666666665,0.1621527777777777
2007-09-11,0,,0.0,16.34666666666667,0.1902777777777777
2007-09-12,0,,0.0,15.097916666666665,0.4281249999999999
2007-09-13,0,,0.0,13.014166666666664,0.4743055555555556
2007-09-14,0,,0.0,12.655,0.3340277777777777
2007-09-15,0,,0.0,14.372916666666663,0.2354166666666666
2007-09-16,0,,0.0,11.632416666666666,0.4368055555555555
2007-09-17,0,,0.0,14.246666666666668,0.1684027777777778
2007-09-18,0,,0.0,16.785833333333333,0.1830853174603174
2007-09-19,0,,0.0,17.756666666666664,0.1055555555555555
2007-09-20,0,,0.0,15.840833333333334,0.4041666666666667
2007-09-21,0,,0.0,14.137916666666664,0.5968749999999999
2007-09-22,0,,0.0,12.775833333333336,0.7579861111111109
2007-09-23,0,,0.4,11.737083333333336,0.7548611111111113
2007-09-24,0,,0.2,11.8925,0.5059027777777778
2007-09-25,0,,0.8,12.551666666666668,0.5024305555555555
2007-09-26,0,,0.2,17.54625,0.1465277777777777
2007-09-27,0,,0.0,19.590416666666663,0.3149305555555556
2007-09-28,0,,0.0,19.53125,0.2375
2007-09-29,0,,0.0,17.125416666666666,0.2131944444444444
2007-09-30,0,,0.0,14.320416666666674,0.2055555555555555
2007-10-01,0,,0.2,13.149166666666666,0.4350694444444444
2007-10-02,0,,0.2,13.820833333333333,0.3677083333333333
2007-10-03,0,,0.0,15.559583333333334,0.3131944444444445
2007-10-04,0,,0.0,16.339166666666667,0.723263888888889
2007-10-05,0,,0.2,13.557916666666666,0.6458333333333334
2007-10-06,0,,0.0,14.51,0.4086805555555555
2007-10-07,0,,0.0,16.16625,0.328125
2007-10-08,0,,0.0,15.884166666666664,0.46875
2007-10-09,0,,0.0,17.445833333333333,0.7628472222222225
2007-10-10,0,,0.0,15.325833333333334,0.839236111111111
2007-10-11,0,,0.0,16.901666666666667,0.684375
2007-10-12,0,,3.6,15.637916666666667,0.5680555555555555
2007-10-13,0,,7.4,12.429583333333332,0.7479166666666666
2007-10-14,0,,5.4,4.513208333333333,1.3847222222222226
2007-10-15,0,,6.8,2.871833333333335,1.4204861111111111
2007-10-16,0,,0.2,6.818500000000003,1.149305555555556
2007-10-17,0,,0.0,11.063291666666666,1.2517361111111114
2007-10-18,0,,0.0,12.99791666666666,1.3020833333333337
2007-10-19,0,,0.0,13.16,1.3076388888888888
2007-10-20,0,,6.0,11.9725,1.5489583333333334
2007-10-21,0,,2.0,11.13,1.5447916666666666
2007-10-22,0,,3.0,13.90875,1.5852904040404046
2007-10-23,0,,0.0,12.804166666666664,1.5385416666666671
2007-10-24,0,,11.2,10.840833333333334,1.511111111111111
2007-10-25,0,,0.2,9.035875,1.4517361111111116
2007-10-26,0,,0.0,8.539666666666667,1.4500000000000002
2007-10-27,0,,0.2,8.162833333333333,1.25
2007-10-28,0,,0.0,10.531125,1.3673611111111117
2007-10-29,0,,0.0,11.27375,1.5864583333333335
2007-10-30,0,,0.2,7.427208333333333,0.5850694444444446
2007-10-31,0,,0.0,11.849166666666662,0.0145833333333333
2007-11-01,0,,0.0,14.712083333333332,0.0
2007-11-02,0,,0.2,8.831125,0.0454861111111111
2007-11-03,0,,0.0,6.883333333333334,0.0163194444444444
2007-11-04,0,,3.8,9.92725,0.0010416666666666
2007-11-05,0,,6.8,6.399749999999998,0.0760416666666666
2007-11-06,0,,0.4,3.579833333333332,0.0572916666666666
2007-11-07,0,,0.0,2.0135416666666663,0.0770833333333333
2007-11-08,0,,5.0,2.848499999999999,0.0524305555555555
2007-11-09,0,,1.2,2.0807916666666664,3.234027777777778
2007-11-10,0,,15.2,4.820291666666665,0.9944444444444444
2007-11-11,0,,8.2,1.630166666666667,1.119444444444445
2007-11-12,0,,22.2,7.736708333333333,1.1125000000000005
2007-11-13,0,,0.4,1.3992916666666664,1.4222222222222225
2007-11-14,0,,1.0,7.077541666666666,1.2611111111111115
2007-11-15,0,,0.0,11.28,1.4336805555555556
2007-11-16,0,,0.0,9.913791666666668,1.3069444444444445
2007-11-17,0,,0.0,11.201666666666668,1.2513888888888889
2007-11-18,0,,1.8,9.532625,1.430902777777778
2007-11-19,0,,2.8,5.104,1.588888888888889
2007-11-20,0,,2.0,4.186458333333333,1.7677083333333332
2007-11-21,0,,0.0,3.1517916666666674,1.7395833333333337
2007-11-22,0,,0.0,3.0,1.3256944444444447
2007-11-23,0,,0.0,5.246083333333334,1.259375
2007-11-24,0,,0.0,5.4595416666666665,1.469791666666667
2007-11-25,0,,0.0,5.740333333333333,1.4607638888888888
2007-11-26,0,,1.6,7.4476666666666675,1.8427083333333332
2007-11-27,0,,0.8,-2.843166666666667,1.9864583333333332
2007-11-28,0,,0.0,-3.8174166666666665,2.553819444444444
2007-11-29,0,,0.0,-0.3132083333333333,2.1645833333333333
2007-11-30,0,,21.2,5.285916666666668,1.9180555555555552
2007-12-01,0,,10.0,-0.4040000000000001,2.1979166666666665
2007-12-02,0,,0.0,0.7609583333333334,2.251736111111112
2007-12-03,0,,0.0,3.370833333333333,1.7604166666666667
2007-12-04,0,,8.6,8.107458333333335,1.8197916666666667
2007-12-05,2,outflow_treatment_m3_statistical_outlier,24.0,4.958708333333332,1.879861111111111
2007-12-06,0,,6.4,2.7890833333333336,1.897569444444444
2007-12-07,0,,0.0,1.829125,1.9170138888888888
2007-12-08,0,,0.2,3.5889583333333337,1.4083333333333334
2007-12-09,0,,6.4,7.302208333333334,1.9892361111111108
2007-12-10,0,,8.2,6.143208333333334,1.7840277777777778
2007-12-11,0,,8.0,6.135499999999998,1.74375
2007-12-12,0,,0.4,5.198499999999999,1.845833333333333
2007-12-13,0,,0.8,-0.1305833333333333,2.012152777777777
2007-12-14,0,,0.2,-1.0405,1.8479166666666669
2007-12-15,0,,0.0,3.021125,1.6708333333333336
2007-12-16,0,,0.0,1.846541666666666,1.6843750000000004
2007-12-17,0,,0.0,-1.0128749999999995,1.6465277777777776
2007-12-18,0,,0.0,-2.766541666666667,2.043055555555556
2007-12-19,0,,0.0,-2.669833333333333,2.691666666666667
2007-12-20,0,,0.0,-2.462666666666667,3.451041666666668
2007-12-21,0,,0.0,-1.8773750000000005,2.809027777777778
2007-12-22,0,,0.0,-1.7350833333333335,2.4520833333333334
2007-12-23,0,,0.0,-0.0976666666666665,2.475347222222222
2007-12-24,0,,0.0,0.531958333333333,2.4413194444444444
2007-12-25,0,,0.0,-0.3839999999999999,2.3805555555555555
2007-12-26,0,,0.0,-0.7961249999999999,2.2201388888888887
2007-12-27,0,,0.0,-0.70425,2.052083333333333
2007-12-28,0,,0.0,-1.0592083333333333,2.480555555555555
2007-12-29,0,,0.0,-2.5069166666666667,1.3923611111111112
2007-12-30,0,,0.0,-1.2817916666666669,2.286111111111112
2007-12-31,0,,0.0,-0.1191249999999997,2.390625
2008-01-01,0,,0.0,0.8171250000000003,2.204166666666667
2008-01-02,0,,1.4,0.3196249999999997,2.2541666666666678
2008-01-03,0,,4.4,-4.027166666666667,6.254166666666667
2008-01-04,0,,3.2,-5.229583333333334,14.945833333333336
2008-01-05,0,,0.2,-4.846625,15.900000000000002
2008-01-06,0,,0.0,-2.8365416666666667,14.423333333333332
2008-01-07,0,,2.2,-1.1723333333333332,14.562916666666666
2008-01-08,0,,0.0,-1.8419583333333331,12.745833333333334
2008-01-09,0,,0.0,-1.1742916666666663,11.701666666666666
2008-01-10,0,,0.0,-3.134833333333333,10.06666666666667
2008-01-11,0,,0.0,-2.5236666666666667,10.545833333333336
2008-01-12,0,,0.0,-2.6566666666666667,10.358333333333336
2008-01-13,0,,0.0,-1.9350416666666663,13.391666666666673
2008-01-14,0,,0.0,-0.425625,13.8125
2008-01-15,0,,3.4,-0.7740000000000001,17.01666666666667
2008-01-16,0,,0.0,0.069125,14.983333333333327
2008-01-17,0,,0.0,1.1295416666666669,12.5875
2008-01-18,0,,0.0,2.5367916666666663,11.6125
2008-01-19,0,,0.0,-0.0874583333333333,11.204166666666673
2008-01-20,0,,0.0,-1.959125,12.004166666666674
2008-01-21,0,,0.0,-0.98,12.195833333333333
2008-01-22,0,,0.0,2.148333333333334,14.124999999999998
2008-01-23,0,,0.0,3.292250000000001,12.733333333333327
2008-01-24,0,,0.6,-2.224,10.525000000000002
2008-01-25,0,,0.0,-3.203958333333333,12.541666666666664
2008-01-26,0,,0.0,-3.164166666666667,11.554166666666667
2008-01-27,0,,19.2,0.413,13.6875
2008-01-28,0,,2.4,-2.1544583333333334,38.31666666666669
2008-01-29,0,,3.2,-4.385125,58.16666666666666
2008-01-30,0,,0.0,-5.791333333333334,68.75416666666666
2008-01-31,0,,0.2,-4.704041666666666,62.22916666666668
2008-02-01,0,,0.0,-1.2907916666666666,56.88333333333334
2008-02-02,0,,0.0,2.043416666666666,54.6
2008-02-03,0,,0.0,2.6719999999999997,53.445833333333326
2008-02-04,0,,0.0,4.233375,50.85
2008-02-05,0,,0.0,3.489708333333334,47.00416666666667
2008-02-06,0,,1.0,2.5247083333333338,44.579166666666666
2008-02-07,0,,0.0,0.2104166666666664,38.55833333333334
2008-02-08,0,,0.0,0.5714999999999999,33.400000000000006
2008-02-09,0,,0.0,0.82125,35.391666666666666
2008-02-10,0,,0.0,0.59375,37.375
2008-02-11,0,,3.6,-1.317125,36.75416666666666
2008-02-12,0,,0.4,-1.992041666666667,36.07083333333333
2008-02-13,0,,1.4,-3.5615,36.07499999999999
2008-02-14,0,,2.6,-3.603583333333333,41.98333333333333
2008-02-15,0,,0.0,-0.937875,40.3875
2008-02-16,0,,0.6,-4.8017916666666665,61.45416666666665
2008-02-17,0,,0.2,-6.795249999999999,69.14166666666665
2008-02-18,0,,2.2,-8.342083333333333,70.80416666666665
2008-02-19,0,,3.2,-3.4020416666666677,68.4625
2008-02-20,0,,0.0,-0.0851666666666669,63.679166666666674
2008-02-21,0,,0.0,3.029458333333333,54.94166666666668
2008-02-22,0,,0.0,3.861666666666666,52.67916666666667
2008-02-23,0,,0.0,4.907416666666667,46.60416666666667
2008-02-24,0,,0.0,0.7453750000000001,49.12083333333332
2008-02-25,0,,0.0,1.8314166666666665,47.94166666666666
2008-02-26,0,,0.0,6.102125,45.74166666666667
2008-02-27,0,,0.0,7.876916666666667,42.41666666666667
2008-02-28,0,,4.2,7.5162916666666675,36.26250000000002
2008-02-29,0,,0.4,4.3079583333333344,32.59166666666668
2008-03-01,0,,5.8,7.955541666666665,30.96250000000001
2008-03-02,2,inflow_m3_statistical_outlier,11.0,3.065875000000001,26.195833333333336
2008-03-03,2,inflow_m3_statistical_outlier,0.2,6.831875,22.5625
2008-03-04,2,inflow_m3_statistical_outlier,0.0,11.449583333333337,16.34583333333334
2008-03-05,2,inflow_m3_statistical_outlier,0.0,8.697833333333334,10.954166666666673
2008-03-06,0,,0.0,8.177374999999998,6.316666666666666
2008-03-07,2,inflow_m3_statistical_outlier,0.0,13.266666666666667,0.7125
2008-03-08,2,inflow_m3_statistical_outlier,0.0,9.974458333333336,0.0
2008-03-09,0,,0.0,7.444666666666669,0.0
2008-03-10,0,,1.8,5.006333333333334,0.0
2008-03-11,0,,0.0,6.454083333333332,0.0
2008-03-12,0,,0.04,7.775,0.0
2008-03-13,0,,11.8,6.138916666666667,0.0
2008-03-14,0,,2.2,0.7730416666666664,0.0
2008-03-15,0,,0.0,8.196208333333331,0.0
2008-03-16,0,,0.0,9.409125,0.0
2008-03-17,0,,0.7999879999999999,10.455500000000002,0.0
2008-03-18,0,,13.8,6.866541666666666,0.0
2008-03-19,0,,10.2,9.538041666666668,0.0
2008-03-20,2,inflow_m3_statistical_outlier,14.8,6.953083333333333,0.0
2008-03-21,2,inflow_m3_statistical_outlier,16.0,6.615166666666667,0.0
2008-03-22,2,inflow_m3_statistical_outlier,0.0,11.23125,0.0
2008-03-23,0,,0.0,13.28875,0.0
2008-03-24,0,,0.6,14.676541666666663,0.0
2008-03-25,0,,10.6,4.355166666666667,0.0
2008-03-26,0,,0.4,1.3838333333333337,0.0
2008-03-27,0,,3.0,7.309041666666666,0.0
2008-03-28,0,,0.2,7.146374999999998,0.0
2008-03-29,0,,0.0,3.338375,0.0
2008-03-30,0,,4.2,1.8717916666666663,0.0
2008-03-31,0,,1.0,1.0858260869565215,0.0
2008-04-01,0,,0.0,2.60125,0.0
2008-04-02,0,,0.0,6.394833333333334,0.0
2008-04-03,0,,4.0,6.207124999999999,0.0
2008-04-04,0,,3.2,6.168583333333333,0.0
2008-04-05,0,,1.6,9.624416666666669,0.0
2008-04-06,0,,11.0,7.1920416666666656,0.0
2008-04-07,0,,10.4,4.49825,0.0
2008-04-08,0,,0.0,10.566999999999998,0.0
2008-04-09,0,,0.0,9.685708333333334,0.0
2008-04-10,0,,0.4,12.619041666666666,0.0
2008-04-11,0,,0.0,13.724583333333335,0.0
2008-04-12,0,,0.0,18.59958333333333,0.0
2008-04-13,0,,0.0,19.21875,0.0
2008-04-14,0,,0.0,18.37416666666667,0.0
2008-04-15,0,,0.0,15.60625,0.0
2008-04-16,0,,0.0,8.453333333333331,0.0
2008-04-17,0,,0.0,10.05725,0.0
2008-04-18,0,,0.0,10.786916666666668,0.0
2008-04-19,0,,0.0,13.86375,0.0
2008-04-20,0,,0.0,17.91291666666667,0.0
2008-04-21,0,,0.0,19.527916666666663,0.0
2008-04-22,0,,0.0,21.69375,0.0
2008-04-23,0,,0.0,14.345833333333337,0.0
2008-04-24,0,,0.0,7.849250000000001,0.0
2008-04-25,0,,1.0,5.371291666666667,0.0
2008-04-26,0,,1.6,7.145083333333333,0.0
2008-04-27,0,,5.2,8.246958333333332,0.0
2008-04-28,0,,0.8,6.164208333333334,0.0
2008-04-29,0,,0.2,6.974499999999998,0.0
2008-04-30,0,,0.2,9.944333333333336,0.0
2008-05-01,0,,0.0,11.658583333333333,0.0
2008-05-02,0,,5.2,13.097916666666665,0.0
2008-05-03,0,,2.0,9.52004166666667,0.0
2008-05-04,0,,13.2,7.914791666666667,0.0
2008-05-05,0,,4.2,7.681499999999999,0.0
2008-05-06,0,,0.4,6.039958333333334,0.0
2008-05-07,0,,0.0,8.988833333333337,0.0
2008-05-08,0,,0.0,5.013791666666667,0.0
2008-05-09,0,,0.0,7.487708333333334,0.0
2008-05-10,0,,0.0,6.131666666666667,0.0
2008-05-11,0,,0.0,7.348333333333333,0.0
2008-05-12,0,,0.0,7.280041666666666,0.0
2008-05-13,0,,0.0,9.680749999999998,0.0
2008-05-14,0,,0.0,12.274166666666668,0.0
2008-05-15,0,,0.0,9.299541666666666,0.0
2008-05-16,0,,0.0,11.683625,0.0
2008-05-17,0,,0.0,14.85625,0.0
2008-05-18,0,,0.0,16.187916666666666,0.0
2008-05-19,0,,0.0,18.397916666666667,0.0
2008-05-20,0,,0.0,20.4075,0.0
2008-05-21,0,,0.2,19.3775,0.0
2008-05-22,0,,0.0,17.492916666666662,0.0
2008-05-23,0,,0.0,15.924166666666665,0.0
2008-05-24,0,,0.0,15.850416666666668,0.0
2008-05-25,0,,0.0,13.927916666666668,0.0
2008-05-26,0,,0.0,13.950416666666667,0.0
2008-05-27,0,,0.0,14.744166666666665,0.0
2008-05-28,0,,0.0,18.96458333333333,0.0
2008-05-29,0,,0.0,10.064625,0.0
2008-05-30,0,,0.0,12.712375000000002,0.0
2008-05-31,0,,0.0,16.15375,0.0
2008-06-01,0,,0.0,15.657916666666663,0.0
2008-06-02,0,,0.0,12.392624999999995,0.0
2008-06-03,0,,0.0,11.585124999999998,0.0
2008-06-04,0,,0.0,17.90125,0.0
2008-06-05,0,,0.0,17.965416666666666,0.0
2008-06-06,0,,0.0,16.275833333333335,0.0
2008-06-07,0,,0.0,13.898333333333335,0.0
2008-06-08,0,,0.0,13.825,0.0
2008-06-09,0,,0.0,15.306666666666668,0.0
2008-06-10,0,,0.0,13.2075,0.0
2008-06-11,0,,0.0,15.10625,0.0
2008-06-12,0,,0.0,17.40041666666667,0.0
2008-06-13,0,,0.0,19.73708333333333,0.0
2008-06-14,0,,0.0,18.78125,0.0
2008-06-15,0,,0.0,15.861666666666665,0.0
2008-06-16,0,,0.0,15.7125,0.0
2008-06-17,0,,0.0,17.5975,0.0
2008-06-18,0,,0.0,20.16458333333333,0.0
2008-06-19,0,,0.0,23.10333333333333,0.0
2008-06-20,0,,0.0,17.65,0.0
2008-06-21,0,,0.0,16.20083333333334,0.0
2008-06-22,0,,0.0,18.9425,0.0
2008-06-23,0,,0.0,18.968333333333334,0.0
2008-06-24,0,,0.0,22.41125,0.0
2008-06-25,0,,0.0,23.227916666666665,0.0
2008-06-26,0,,0.0,20.9125,0.0
2008-06-27,0,,0.0,20.469583333333333,0.0
2008-06-28,0,,0.0,20.5125,0.0
2008-06-29,0,,0.0,18.81333333333333,0.0
2008-06-30,0,,0.0,18.732916666666668,0.0
2008-07-01,0,,0.0,18.22875,0.0
2008-07-02,0,,0.0,19.73208333333333,0.0
2008-07-03,0,,0.0,15.9475,0.0
2008-07-04,0,,0.0,19.035,0.0
2008-07-05,0,,0.0,19.97458333333334,0.0
2008-07-06,0,,0.2,16.139166666666668,0.0
2008-07-07,0,,0.0,17.50166666666667,0.0
2008-07-08,0,,0.0,20.68,0.0
2008-07-09,0,,0.0,20.085833333333337,0.0
2008-07-10,0,,0.0,17.26875,0.0
2008-07-11,0,,0.0,17.34875,0.0
2008-07-12,0,,0.0,16.8275,0.0
2008-07-13,0,,0.0,17.982916666666664,0.0
2008-07-14,0,,0.0,18.6575,0.0
2008-07-15,0,,0.0,23.316666666666677,0.0
2008-07-16,0,,5.6,15.534166666666666,0.0
2008-07-17,0,,0.2,14.540416666666664,0.0
2008-07-18,0,,0.0,18.175416666666667,0.0
2008-07-19,2,outflow_treatment_m3_statistical_outlier,0.0,19.28291666666667,0.0
2008-07-20,0,,0.0,19.79875,0.0
2008-07-21,0,,0.0,22.255,0.0
2008-07-22,0,,0.0,21.078333333333333,0.0
2008-07-23,0,,0.0,23.536666666666665,0.0
2008-07-24,0,,0.0,18.96625,0.0
2008-07-25,0,,0.0,17.03708333333333,0.0
2008-07-26,0,,0.0,18.71916666666667,0.0
2008-07-27,0,,0.0,17.46583333333333,0.0
2008-07-28,0,,0.0,18.3175,0.0
2008-07-29,0,,0.2,17.915833333333335,0.0
2008-07-30,0,,0.0,19.319166666666664,0.0
2008-07-31,0,,0.0,19.1,0.0
2008-08-01,0,,0.0,18.08708333333333,0.0
2008-08-02,0,,0.0,17.922916666666666,0.0
2008-08-03,0,,0.0,17.815833333333334,0.0
2008-08-04,0,,0.0,18.62,0.0
2008-08-05,0,,0.0,19.69375,0.0
2008-08-06,0,,0.0,21.635,0.0
2008-08-07,0,,0.0,17.973333333333333,0.0
2008-08-08,0,,0.0,17.73,0.0
2008-08-09,0,,0.0,18.148333333333333,0.0
2008-08-10,0,,0.0,20.629166666666663,0.0
2008-08-11,0,,0.0,18.405416666666667,0.0
2008-08-12,0,,0.0,19.39208333333333,0.0
2008-08-13,0,,0.0,22.355833333333337,0.0
2008-08-14,0,,0.0,23.16916666666667,0.0
2008-08-15,0,,0.0,20.456666666666667,0.0
2008-08-16,0,,0.0,21.35333333333333,0.0
2008-08-17,0,,0.0,24.044166666666666,0.0
2008-08-18,0,,0.0,24.99875,0.0
2008-08-19,0,,0.0,20.37125,0.0
2008-08-20,0,,0.0,20.2525,0.0
2008-08-21,0,,0.0,21.36666666666667,0.0
2008-08-22,0,,0.0,21.205416666666668,0.0
2008-08-23,0,,0.0,22.43958333333333,0.0
2008-08-24,0,,0.0,23.655833333333334,0.0
2008-08-25,0,,0.0,22.19125,0.0
2008-08-26,0,,0.0,21.24,0.0
2008-08-27,0,,0.0,19.8375,0.0
2008-08-28,0,,0.0,19.88583333333333,0.0
2008-08-29,0,,0.0,19.4175,0.0
2008-08-30,0,,0.0,20.13125,0.0
2008-08-31,0,,0.0,16.042083333333334,0.0
2008-09-01,0,,0.0,15.68083333333334,0.0
2008-09-02,0,,0.0,16.885,0.0
2008-09-03,0,,0.0,15.933333333333332,0.0
2008-09-04,0,,0.0,16.72625,0.0
2008-09-05,0,,0.0,17.61708333333333,0.0
2008-09-06,0,,0.0,18.171666666666667,0.0
2008-09-07,0,,0.0,18.014166666666668,0.0
2008-09-08,0,,0.2,18.052916666666665,0.0
2008-09-09,0,,0.0,17.54958333333333,0.0
2008-09-10,0,,0.0,14.843333333333334,0.0
2008-09-11,0,,0.0,16.19625,0.0
2008-09-12,0,,0.0,18.67625,0.0
2008-09-13,0,,0.0,22.85333333333334,0.0
2008-09-14,0,,0.0,18.30541666666667,0.0
2008-09-15,0,,7.6,20.114166666666662,0.0
2008-09-16,0,,0.2,20.2375,0.0
2008-09-17,0,,29.2,16.7725,0.0
2008-09-18,0,,0.8,10.378833333333333,0.0
2008-09-19,0,,0.0,11.337333333333332,0.0
2008-09-20,0,,6.2,13.401666666666664,0.0
2008-09-21,0,,6.4,10.97625,0.0
2008-09-22,0,,0.6,10.738333333333337,0.0
2008-09-23,0,,1.0,11.44375,0.0
2008-09-24,0,,0.8,10.707708333333333,0.0
2008-09-25,0,,1.0,14.442608695652174,0.0
2008-09-26,0,,6.0,13.1875,0.0
2008-09-27,0,,31.4,10.508333333333333,0.0
2008-09-28,0,,6.2,10.799583333333333,0.0
2008-09-29,0,,2.2,9.077083333333336,0.0
2008-09-30,0,,0.2,8.447875000000002,0.0
2008-10-01,0,,0.0,10.100291666666667,0.0
2008-10-02,0,,0.0,13.900833333333331,0.0
2008-10-03,0,,19.0,15.592916666666662,0.0
2008-10-04,0,,0.2,16.0175,0.0
2008-10-05,0,,2.2,12.345666666666666,0.0
2008-10-06,0,,0.0,10.132458333333332,0.0
2008-10-07,0,,0.0,10.379875,0.0
2008-10-08,0,,0.0,11.67708333333333,0.0
2008-10-09,0,,0.0,10.99991666666667,0.0
2008-10-10,0,,0.0,10.625,0.0
2008-10-11,0,,0.4,10.10425,0.0
2008-10-12,0,,0.6,9.010875,0.0
2008-10-13,0,,0.0,12.163083333333336,0.0
2008-10-14,0,,4.8,16.3675,0.0
2008-10-15,0,,7.8,11.585833333333335,0.0
2008-10-16,0,,0.2,10.652833333333335,0.0
2008-10-17,0,,0.2,12.33875,0.0
2008-10-18,0,,0.0,11.808333333333335,0.0
2008-10-19,0,,0.0,11.947333333333336,0.0
2008-10-20,0,,0.0,11.41375,0.0
2008-10-21,0,,0.2,10.721833333333334,0.0
2008-10-22,0,,0.0,11.17,0.0
2008-10-23,0,,0.0,9.411166666666665,0.0
2008-10-24,0,,0.0,7.719875000000002,0.0
2008-10-25,0,,0.0,9.640875,0.0
2008-10-26,0,,0.6,10.265625,0.0
2008-10-27,0,,8.8,9.563636363636364,0.0
2008-10-28,0,,0.2,7.888333333333333,0.0
2008-10-29,0,,0.0,10.449291666666666,0.0
2008-10-30,0,,0.0,13.487083333333333,0.0
2008-10-31,0,,0.0,13.931666666666665,0.0
2008-11-01,0,,0.0,14.1875,0.0
2008-11-02,0,,0.0,14.965,0.0
2008-11-03,0,,0.0,11.942565217391303,0.0
2008-11-04,0,,0.0,10.404958333333331,0.0
2008-11-05,0,,0.0,12.028208333333334,0.0
2008-11-06,0,,0.0,10.082000000000004,0.0
2008-11-07,0,,0.2,9.783291666666669,0.0
2008-11-08,0,,0.0,10.134083333333333,0.0
2008-11-09,0,,0.0,7.998125,0.0
2008-11-10,0,,0.0,6.21075,0.0
2008-11-11,0,,0.0,7.451125,0.0
2008-11-12,0,,1.4,7.949833333333334,0.0
2008-11-13,0,,0.0,7.184833333333334,0.0
2008-11-14,0,,0.0,6.064583333333335,0.0
2008-11-15,0,,0.0,6.102916666666666,0.0
2008-11-16,0,,0.0,4.920999999999999,0.0
2008-11-17,0,,2.6,6.101208333333332,0.0
2008-11-18,0,,1.6,6.018291666666667,0.0
2008-11-19,0,,4.0,8.290375,0.0
2008-11-20,0,,1.0,5.852041666666666,0.0
2008-11-21,0,,0.0,8.369959999999999,0.0
2008-11-22,0,,21.0,8.257208333333333,0.0
2008-11-23,0,,1.4,2.0424166666666674,1.65
2008-11-24,0,,0.4,4.280208333333333,0.0
2008-11-25,0,,0.0,10.940833333333332,0.0
2008-11-26,0,,4.6,10.044625000000003,0.0
2008-11-27,0,,1.0,2.6719999999999997,0.0
2008-11-28,0,,0.2,1.1732499999999997,0.0
2008-11-29,0,,5.8,4.854916666666667,0.0
2008-11-30,0,,0.2,5.663166666666666,0.0
2008-12-01,0,,0.0,7.496166666666666,0.0
2008-12-02,0,,0.0,8.71154166666667,0.0
2008-12-03,0,,0.0,10.762333333333332,0.0
2008-12-04,0,,0.0,11.332,0.0
2008-12-05,0,,0.0,10.87125,0.0
2008-12-06,0,,0.0,12.651666666666666,0.0
2008-12-07,0,,3.2,8.963999999999999,0.0
2008-12-08,0,,0.0,1.4861249999999997,0.0
2008-12-09,0,,0.4,-0.714375,0.0
2008-12-10,0,,0.0,0.1813333333333333,2.8510833333333334
2008-12-11,0,,0.0,1.816208333333333,3.47625
2008-12-12,0,,1.6,4.198791666666668,2.961666666666668
2008-12-13,0,,1.4,3.9973333333333336,0.421875
2008-12-14,0,,0.0,5.226208333333332,0.0
2008-12-15,0,,0.0,4.455125,0.0
2008-12-16,0,,0.0,2.926291666666667,0.0
2008-12-17,0,,0.0,3.737416666666667,0.0
2008-12-18,0,,0.2,5.467666666666666,0.0
2008-12-19,0,,1.6,7.451833333333333,0.0
2008-12-20,0,,11.2,4.844625000000001,0.0
2008-12-21,0,,3.6,1.9288333333333332,0.0
2008-12-22,0,,0.2,1.6047916666666666,0.0
2008-12-23,0,,0.8,0.2367083333333332,0.0
2008-12-24,0,,7.2,-3.333458333333334,25.48333333333333
2008-12-25,0,,0.2,-6.0129166666666665,27.691666666666663
2008-12-26,0,,1.2,-2.942625,25.307916666666667
2008-12-27,0,,0.6,-3.323666666666668,24.5125
2008-12-28,0,,3.4,-1.829875,22.9375
2008-12-29,0,,1.6,-3.702666666666667,31.6375
2008-12-30,0,,2.6,-3.6596666666666655,34.975
2008-12-31,0,,0.2,-3.2180416666666662,33.6375
2009-01-01,0,,0.2,-0.94325,34.55
2009-01-02,0,,5.4,-3.2180416666666662,33.6375
2009-01-03,0,,4.0,-0.94325,34.55
2009-01-04,0,,15.8,1.9221250000000003,29.04166666666667
2009-01-05,0,,8.6,0.10825,22.1725
2009-01-06,0,,2.2,0.1407916666666666,22.93375
2009-01-07,0,,0.2,-2.1794583333333333,21.741666666666667
2009-01-08,0,,0.0,-1.246125,22.620833333333334
2009-01-09,0,,0.0,-4.2095416666666665,25.004166666666663
2009-01-10,0,,0.0,-1.8591666666666669,25.182083333333328
2009-01-11,0,,0.4,-3.616958333333334,24.92625
2009-01-12,0,,0.0,-1.4016666666666666,24.954166666666666
2009-01-13,0,,0.0,1.75625,25.28995833333333
2009-01-14,0,,3.6,2.26875,23.1
2009-01-15,0,,0.0,4.606583333333333,21.008333333333333
2009-01-16,0,,1.4,3.9552083333333337,19.527083333333337
2009-01-17,0,,0.6,-3.0204583333333326,17.352916666666665
2009-01-18,0,,0.2,-1.6047916666666666,17.125
2009-01-19,0,,0.0,1.433208333333333,17.2375
2009-01-20,0,,0.0,4.15425,15.94
2009-01-21,0,,0.0,6.179624999999998,15.351458333333332
2009-01-22,0,,0.0,8.466375000000001,13.014166666666668
2009-01-23,0,,0.0,8.721583333333335,8.294583333333334
2009-01-24,0,,1.0,5.928125,1.631666666666667
2009-01-25,0,,4.4,6.535708333333333,0.0
2009-01-26,0,,5.2,5.550208333333333,0.0
2009-01-27,0,,0.2,8.021458333333332,0.0
2009-01-28,0,,0.6,6.669250000000001,0.0
2009-01-29,0,,11.6,2.298333333333333,0.0
2009-01-30,0,,0.2,0.715875,0.0
2009-01-31,0,,0.2,-0.4597499999999999,0.0
2009-02-01,0,,0.0,0.8347500000000001,0.0
2009-02-02,0,,0.2,2.698208333333333,0.0
2009-02-03,0,,0.0,5.885791666666666,0.0
2009-02-04,0,,0.0,8.80875,0.0
2009-02-05,0,,0.0,7.881041666666667,0.0
2009-02-06,0,,0.0,7.115625,0.0
2009-02-07,0,,6.6,8.025708333333332,0.0
2009-02-08,0,,23.8,6.99275,0.0
2009-02-09,0,,10.6,4.1948333333333325,0.0
2009-02-10,0,,0.0,0.7301249999999996,0.0
2009-02-11,0,,1.6,5.959166666666667,0.0
2009-02-12,0,,19.6,4.364416666666666,0.0
2009-02-13,2,inflow_m3_statistical_outlier,12.8,3.155208333333334,0.0
2009-02-14,0,,4.6,2.776625000000001,0.0
2009-02-15,0,,0.4,-0.751,0.0
2009-02-16,0,,0.0,-2.1359583333333334,5.0
2009-02-17,0,,0.0,-1.2679166666666666,2.052083333333333
2009-02-18,0,,2.0,2.431666666666666,0.488125
2009-02-19,0,,8.6,3.074833333333333,0.0
2009-02-20,0,,1.0,0.5644166666666662,0.0
2009-02-21,0,,2.4,-1.9295833333333328,1.9375
2009-02-22,0,,1.2,-2.129791666666667,3.2083333333333357
2009-02-23,0,,0.4,-0.8772083333333333,0.53
2009-02-24,0,,0.0,-0.5944166666666667,0.0
2009-02-25,0,,0.0,0.1755416666666666,0.9166666666666669
2009-02-26,0,,0.0,-0.8794090909090909,0.0
2009-02-27,0,,0.2,-1.5169166666666667,0.8063333333333332
2009-02-28,0,,0.0,-1.6830416666666668,1.0783750000000003
2009-03-01,0,,0.4,0.4663749999999999,1.1260000000000003
2009-03-02,0,,4.0,2.0105416666666662,0.9808875
2009-03-03,0,,0.8,2.6789166666666677,0.0
2009-03-04,0,,0.2,4.977541666666665,0.0
2009-03-05,2,inflow_m3_statistical_outlier,0.0,9.742166666666668,0.0
2009-03-06,2,inflow_m3_statistical_outlier,0.4,11.90625,0.0
2009-03-07,2,inflow_m3_statistical_outlier,10.4,5.254333333333334,0.0
2009-03-08,2,inflow_m3_statistical_outlier,0.0,6.694291666666666,0.0
2009-03-09,0,,0.0,5.756541666666667,0.0
2009-03-10,0,,6.2,3.159166666666667,0.0
2009-03-11,0,,0.0,1.2750416666666664,0.0
2009-03-12,0,,2.2,4.259208333333334,0.0
2009-03-13,0,,0.6,-0.0412083333333333,0.0
2009-03-14,0,,7.0,0.1446249999999999,0.6691666666666666
2009-03-15,0,,3.0,-0.2083333333333333,0.4583333333333333
2009-03-16,0,,5.4,-0.534125,1.984916666666667
2009-03-17,0,,1.2,1.1734166666666668,0.0
2009-03-18,0,,7.0,0.9012916666666664,0.2872916666666667
2009-03-19,0,,2.4,-2.025958333333333,1.742083333333334
2009-03-20,0,,0.2,0.2478333333333335,0.21
2009-03-21,0,,5.6,5.30675,0.0
2009-03-22,0,,6.2,3.091375,0.0
2009-03-23,0,,0.6,1.011375,0.0
2009-03-24,0,,0.0,4.328708333333333,0.0
2009-03-25,0,,1.0,8.021166666666666,0.0
2009-03-26,0,,3.6,2.7572083333333333,0.0
2009-03-27,0,,0.0,-2.392583333333333,0.0
2009-03-28,0,,0.0,1.209086956521738,0.0
2009-03-29,0,,0.2,8.193833333333334,0.0
2009-03-30,0,,0.0,10.751166666666668,0.0
2009-03-31,0,,0.2,13.3325,0.0
2009-04-01,0,,0.0,12.461916666666664,0.0
2009-04-02,0,,1.2,7.299708333333332,0.0
2009-04-03,0,,0.0,6.348166666666668,0.0
2009-04-04,0,,0.2,9.232916666666668,0.0
2009-04-05,0,,0.0,12.9575,0.0
2009-04-06,0,,11.2,8.238791666666666,0.0
2009-04-07,0,,4.0,6.560375000000001,0.0
2009-04-08,0,,0.0,7.265739130434784,0.0
2009-04-09,0,,0.0,9.368041666666665,0.0
2009-04-10,0,,0.0,9.594,0.0
2009-04-11,0,,0.0,7.894625000000001,0.0
2009-04-12,0,,0.0,8.461916666666667,0.0
2009-04-13,0,,0.0,15.057083333333336,0.0
2009-04-14,0,,0.2,10.78133333333333,0.0
2009-04-15,0,,0.0,4.6687916666666665,0.0
2009-04-16,0,,4.0,7.24683333333333,0.0
2009-04-17,0,,0.0,5.521375000000002,0.0
2009-04-18,0,,0.0,10.713458333333334,0.0
2009-04-19,0,,0.0,13.47375,0.0
2009-04-20,0,,0.0,13.837083333333332,0.0
2009-04-21,0,,0.0,14.13125,0.0
2009-04-22,0,,12.8,8.113625,0.0
2009-04-23,0,,0.0,1.9237083333333336,0.0
2009-04-24,2,outflow_treatment_m3_statistical_outlier,0.0,9.353520380434784,0.0
2009-04-25,0,,0.0,5.629,0.0
2009-04-26,0,,0.0,4.543458333333333,0.0
2009-04-27,0,,3.6,2.7342083333333336,0.0
2009-04-28,0,,0.0,6.993666666666666,0.0
2009-04-29,0,,2.4,9.240041666666665,0.0
2009-04-30,0,,0.2,9.2915,0.0
2009-05-01,0,,9.6,10.521875,0.0
2009-05-02,0,,7.8,6.595583333333335,0.0
2009-05-03,0,,0.0,9.162304347826089,0.0
2009-05-04,0,,0.0,8.343333333333334,0.0
2009-05-05,0,,0.0,6.61095652173913,0.0
2009-05-06,0,,0.0,9.18891666666667,0.0
2009-05-07,0,,2.2,11.616041666666666,0.0
2009-05-08,0,,0.0,8.942583333333333,0.0
2009-05-09,0,,0.0,10.945333333333332,0.0
2009-05-10,0,,0.0,12.535875,0.0
2009-05-11,0,,0.0,12.446666666666664,0.0
2009-05-12,0,,0.0,14.704583333333334,0.0
2009-05-13,0,,0.0,16.26875,0.0
2009-05-14,0,,0.0,15.735416666666666,0.0
2009-05-15,0,,0.0,19.45083333333333,0.0
2009-05-16,0,,0.0,20.890416666666667,0.0
2009-05-17,0,,0.0,20.310833333333328,0.0
2009-05-18,0,,10.6,18.4625,0.0
2009-05-19,0,,0.0,14.705,0.0
2009-05-20,0,,0.0,11.34958333333333,0.0
2009-05-21,0,,0.4,11.457916666666668,0.0
2009-05-22,0,,0.0,12.82125,0.0
2009-05-23,0,,2.6,16.202083333333334,0.0
2009-05-24,0,,0.4,12.518391304347825,0.0
2009-05-25,0,,0.0,14.248565217391306,0.0
2009-05-26,0,,0.0,10.898541666666668,0.0
2009-05-27,0,,0.0,11.256478260869567,0.0
2009-05-28,0,,0.0,12.707874999999996,0.0
2009-05-29,0,,0.0,14.83625,0.0
2009-05-30,0,,0.0,18.346666666666675,0.0
2009-05-31,0,,0.0,15.369166666666665,0.0
2009-06-01,0,,0.0,19.466666666666665,0.0
2009-06-02,0,,2.0,19.393913043478257,0.0
2009-06-03,0,,0.0,19.98625,0.0
2009-06-04,0,,4.8,14.365,0.0
2009-06-05,0,,0.2,14.492916666666671,0.0
2009-06-06,0,,0.0,17.454583333333332,0.0
2009-06-07,0,,0.0,19.48375,0.0
2009-06-08,0,,0.0,20.92083333333333,0.0
2009-06-09,0,,0.0,18.32333333333333,0.0
2009-06-10,0,,0.0,18.15041666666666,0.0
2009-06-11,0,,0.0,18.4125,0.0
2009-06-12,0,,0.0,18.61208333333333,0.0
2009-06-13,0,,0.0,13.819166666666668,0.0
2009-06-14,0,,0.0,13.551,0.0
2009-06-15,0,,0.0,15.63695652173913,0.0
2009-06-16,0,,0.0,16.13208333333333,0.0
2009-06-17,0,,0.0,19.239166666666662,0.0
2009-06-18,0,,0.0,14.68625,0.0
2009-06-19,0,,0.0,16.80625,0.0
2009-06-20,0,,0.0,19.6925,0.0
2009-06-21,0,,0.4,18.746666666666663,0.0
2009-06-22,0,,0.0,22.640416666666667,0.0
2009-06-23,0,,0.0,22.198333333333327,0.0
2009-06-24,0,,0.0,21.9825,0.0
2009-06-25,0,,6.6,18.550416666666663,0.0
2009-06-26,0,,0.0,16.83791666666666,0.0
2009-06-27,0,,0.0,18.64958333333333,0.0
2009-06-28,0,,0.0,16.98208333333333,0.0
2009-06-29,0,,9.8,17.68666666666667,0.0
2009-06-30,0,,0.2,18.67,0.0
2009-07-01,0,,0.0,19.9625,0.0
2009-07-02,0,,0.0,19.615,0.0
2009-07-03,0,,0.0,18.8325,0.0
2009-07-04,0,,0.0,18.63,0.0
2009-07-05,0,,0.4,17.161666666666665,0.0
2009-07-06,0,,0.0,19.43125,0.0
2009-07-07,0,,0.0,20.113333333333333,0.0
2009-07-08,0,,0.0,21.352083333333336,0.0
2009-07-09,0,,0.0,22.441666666666677,0.0
2009-07-10,0,,0.0,21.37375,0.0
2009-07-11,0,,1.2,20.75958333333333,0.0
2009-07-12,0,,0.0,19.269130434782607,0.0
2009-07-13,0,,2.8,16.25125,0.0
2009-07-14,0,,0.8,15.4375,0.0
2009-07-15,0,,12.2,18.08375,0.0
2009-07-16,0,,0.6,19.4132,0.0
2009-07-17,0,,0.0,20.495416666666667,0.0
2009-07-18,0,,0.0,20.13875,0.0
2009-07-19,0,,0.0,22.45916666666666,0.0
2009-07-20,0,,0.0,18.17,0.0
2009-07-21,0,,0.0,17.24416666666667,0.0
2009-07-22,0,,0.0,18.0,0.0
2009-07-23,0,,0.0,19.07,0.0
2009-07-24,0,,0.0,20.36583333333333,0.0
2009-07-25,0,,0.0,23.51833333333333,0.0
2009-07-26,0,,0.0,21.88375,0.0
2009-07-27,0,,0.0,17.030833333333337,0.0
2009-07-28,0,,0.0,16.937916666666666,0.0
2009-07-29,0,,0.0,17.07625,0.0
2009-07-30,0,,0.0,17.292083333333327,0.0
2009-07-31,0,,0.0,17.660416666666666,0.0
2009-08-01,0,,0.0,17.808333333333334,0.0
2009-08-02,0,,0.0,19.224782608695648,0.0
2009-08-03,0,,0.0,20.50375,0.0
2009-08-04,0,,0.0,22.03875,0.0
2009-08-05,0,,0.0,22.1025,0.0
2009-08-06,0,,3.0,19.56375,0.0
2009-08-07,0,,0.2,19.05625,0.0
2009-08-08,0,,1.2,17.240416666666665,0.0
2009-08-09,0,,0.0,17.131666666666668,0.0
2009-08-10,0,,0.0,15.812916666666672,0.0
2009-08-11,0,,0.0,15.117916666666666,0.0
2009-08-12,0,,0.0,15.542916666666663,0.0
2009-08-13,0,,0.0,16.105,0.0
2009-08-14,0,,0.0,18.417916666666667,0.0
2009-08-15,0,,0.0,18.835833333333333,0.0
2009-08-16,2,outflow_treatment_m3_statistical_outlier,0.0,18.31875,0.0
2009-08-17,0,,0.0,18.20958333333333,0.0
2009-08-18,0,,0.0,17.10625,0.0
2009-08-19,0,,0.0,19.92791666666666,0.0
2009-08-20,0,,0.0,19.51708333333333,0.0
2009-08-21,0,,0.0,15.732916666666666,0.0
2009-08-22,0,,0.0,15.94791666666667,0.0
2009-08-23,0,,0.0,15.936666666666667,0.0
2009-08-24,0,,0.0,17.41875,0.0
2009-08-25,0,,0.0,15.630416666666664,0.0
2009-08-26,0,,0.0,16.91,0.0
2009-08-27,0,,0.0,17.310416666666665,0.0
2009-08-28,0,,0.0,19.18625,0.0
2009-08-29,0,,0.0,19.84541666666667,0.0
2009-08-30,0,,0.0,18.41291666666667,0.0
2009-08-31,0,,0.0,17.350416666666664,0.0
2009-09-01,0,,3.4,15.5775,0.0
2009-09-02,0,,0.2,14.431666666666665,0.0
2009-09-03,0,,0.0,16.586799999999997,0.0
2009-09-04,0,,0.0,19.021666666666672,0.0
2009-09-05,0,,0.0,21.72208333333333,0.0
2009-09-06,0,,0.0,18.45565217391304,0.0
2009-09-07,0,,0.0,17.319166666666664,0.0
2009-09-08,0,,2.8,16.280416666666664,0.0
2009-09-09,0,,0.4,15.790416666666667,0.0
2009-09-10,0,,0.2,16.13875,0.0
2009-09-11,0,,2.2,17.37291666666667,0.0
2009-09-12,0,,6.2,16.77875,0.0
2009-09-13,0,,5.0,12.995416666666667,0.0
2009-09-14,0,,0.2,15.146666666666665,0.0
2009-09-15,0,,0.0,14.16125,0.0
2009-09-16,0,,0.0,13.92333333333333,0.0
2009-09-17,0,,0.0,15.56875,0.0
2009-09-18,0,,0.0,16.545416666666664,0.0
2009-09-19,0,,3.4,14.477083333333333,0.0
2009-09-20,0,,1.4,10.82125,0.0
2009-09-21,0,,0.8,10.824583333333337,0.0
2009-09-22,0,,0.8,11.742916666666671,0.0
2009-09-23,0,,0.0,11.509125,0.0
2009-09-24,0,,0.0,14.677916666666668,0.0
2009-09-25,0,,0.0,15.23125,0.0
2009-09-26,0,,0.0,14.230416666666663,0.0
2009-09-27,0,,0.0,10.642083333333334,0.0
2009-09-28,0,,0.0,10.949166666666668,0.0
2009-09-29,0,,0.0,13.228833333333334,0.0
2009-09-30,0,,0.0,13.625416666666666,0.0
2009-10-01,0,,0.0,15.062083333333334,0.0
2009-10-02,0,,0.0,16.91875,0.0
2009-10-03,0,,0.0,17.4725,0.0
2009-10-04,0,,2.4,15.582916666666668,0.0
2009-10-05,0,,2.6,14.464166666666667,0.0
2009-10-06,0,,0.0,12.774166666666664,0.0
2009-10-07,0,,0.0,12.795125,0.0
2009-10-08,0,,0.0,13.578260869565216,0.0
2009-10-09,0,,0.0,14.516666666666666,0.0
2009-10-10,0,,0.0,15.117083333333332,0.0
2009-10-11,0,,0.0,16.8275,0.0
2009-10-12,0,,0.0,16.547916666666666,0.0
2009-10-13,0,,4.0,15.96375,0.0
2009-10-14,0,,0.0,8.282416666666665,0.0
2009-10-15,0,,0.2,11.504416666666664,0.0
2009-10-16,0,,0.0,17.21291666666666,0.0
2009-10-17,0,,4.6,16.209166666666665,0.0
2009-10-18,0,,0.2,15.530833333333334,0.0
2009-10-19,0,,5.2,16.31083333333333,0.0
2009-10-20,0,,0.8,15.515416666666663,0.0
2009-10-21,0,,0.0,10.45125,0.0
2009-10-22,0,,0.0,11.207458333333337,0.0
2009-10-23,0,,0.2,14.8525,0.0
2009-10-24,0,,0.0,16.186666666666664,0.0
2009-10-25,0,,0.0,15.93166666666667,0.0
2009-10-26,0,,0.0,13.865833333333336,0.0
2009-10-27,0,,0.0,13.273333333333335,0.0
2009-10-28,0,,7.2,9.75,0.0
2009-10-29,0,,0.0,9.091125,0.0
2009-10-30,0,,2.6,7.9926666666666675,0.0
2009-10-31,2,precip_kartepe_mm_out_of_range;inflow_m3_statistical_outlier;precip_kartepe_mm_imputed_linear,19.8,7.28625,0.0
2009-11-01,2,inflow_m3_out_of_range;inflow_m3_statistical_outlier,21.8,3.498458333333333,0.0
2009-11-02,2,inflow_m3_statistical_outlier,7.6,0.5771666666666668,0.0
2009-11-03,0,,18.6,5.15725,0.0
2009-11-04,0,,6.2,7.525739130434784,0.0
2009-11-05,0,,0.2,8.921458333333332,0.0
2009-11-06,0,,0.0,10.600499999999998,0.0
2009-11-07,0,,0.0,13.544583333333334,0.0
2009-11-08,0,,0.0,14.145,0.0
2009-11-09,0,,0.0,12.327083333333333,0.0
2009-11-10,0,,0.0,13.422916666666666,0.0
2009-11-11,0,,10.8,7.683291666666668,0.0
2009-11-12,0,,3.4,7.2795,0.9041666666666668
2009-11-13,0,,0.0,4.40075,0.5
2009-11-14,0,,0.0,3.792333333333335,0.4
2009-11-15,0,,3.8,6.285458333333334,0.3
2009-11-16,0,,4.0,4.266333333333331,0.2
2009-11-17,0,,0.6,3.92925,0.0
2009-11-18,0,,0.0,4.256208333333334,0.0
2009-11-19,0,,0.0,6.587458333333334,0.0
2009-11-20,0,,0.0,7.202083333333334,0.0
2009-11-21,0,,0.0,7.060416666666666,0.0
2009-11-22,0,,0.0,7.743,0.0
2009-11-23,0,,0.0,9.187291666666663,0.0
2009-11-24,0,,0.0,8.157166666666669,0.0
2009-11-25,0,,0.0,5.215208333333334,0.0
2009-11-26,0,,0.0,6.376416666666668,0.0
2009-11-27,0,,0.0,7.279875,0.0
2009-11-28,0,,0.0,7.122666666666667,0.0
2009-11-29,0,,4.0,5.381333333333334,0.0
2009-11-30,0,,0.0,6.180958333333333,0.0
2009-12-01,0,,0.0,6.017125000000001,0.0
2009-12-02,0,,0.0,6.1,0.0
2009-12-03,0,,0.2,6.2791250000000005,0.0
2009-12-04,0,,0.0,5.438500000000001,0.0
2009-12-05,0,,4.0,8.136666666666667,0.0
2009-12-06,0,,4.4,6.082000000000001,0.0
2009-12-07,0,,0.2,3.031708333333334,0.0
2009-12-08,0,,0.0,2.2280416666666665,0.0
2009-12-09,0,,0.0,4.4591666666666665,0.0
2009-12-10,0,,3.6,5.778916666666667,0.0
2009-12-11,0,,9.0,4.785708333333333,0.0
2009-12-12,0,,12.6,4.26,0.0
2009-12-13,2,inflow_m3_statistical_outlier,2.4,-1.2025,0.7166666666666668
2009-12-14,0,,0.0,-0.4315833333333332,0.5780000000000001
2009-12-15,0,,2.0,2.838541666666666,0.0813333333333333
2009-12-16,0,,5.4,6.094791666666666,0.0
2009-12-17,0,,0.4,3.086875,0.0
2009-12-18,0,,25.2,4.007083333333333,0.0
2009-12-19,0,,0.6,4.053583333333333,0.0
2009-12-20,0,,25.2,7.899124999999999,0.3007916666666667
2009-12-21,0,,0.0,-2.489541666666667,0.8062083333333334
2009-12-22,0,,0.2,1.3732500000000003,0.675791666666667
2009-12-23,0,,0.0,5.509708333333333,0.0
2009-12-24,0,,0.0,7.309625,0.0
2009-12-25,0,,3.8,9.123541666666666,0.0
2009-12-26,0,,0.0,9.716208333333334,0.0
2009-12-27,0,,2.2,11.06541666666667,0.0
2009-12-28,0,,9.2,6.477791666666668,0.0
2009-12-29,0,,0.2,0.7565,0.0
2009-12-30,0,,0.0,2.9578333333333338,0.0
2009-12-31,0,,0.0,6.488208333333334,0.0
2010-01-01,0,,0.0,13.1475,0.0
2010-01-02,0,,34.2,5.151624999999999,0.0
2010-01-03,0,,9.0,0.697,0.5533333333333333
2010-01-04,0,,0.0,-5.209874999999999,1.9429166666666675
2010-01-05,0,,0.0,-0.5415833333333334,0.3858333333333333
2010-01-06,0,,0.0,5.2435,0.0
2010-01-07,0,,0.0,7.766791666666667,0.0
2010-01-08,0,,0.0,9.701541666666667,0.0
2010-01-09,0,,0.0,9.699791666666664,0.0
2010-01-10,0,,5.4,8.415416666666664,0.0
2010-01-11,0,,1.6,3.861416666666668,0.0
2010-01-12,0,,1.2,3.028458333333333,0.0
2010-01-13,0,,4.2,3.727041666666667,0.0
2010-01-14,0,,0.6,1.939958333333333,0.0
2010-01-15,0,,0.0,0.4086666666666665,0.0
2010-01-16,0,,0.2,0.707,0.0
2010-01-17,0,,0.4,3.629583333333333,0.0
2010-01-18,0,,0.4,5.834875,0.0
2010-01-19,0,,2.0,-1.0913333333333333,0.6679583333333333
2010-01-20,0,,0.2,-1.9163333333333328,0.7231666666666667
2010-01-21,0,,0.0,-2.4565833333333336,0.0
2010-01-22,0,,12.0,-0.1123333333333333,6.594583333333334
2010-01-23,0,,0.4,-4.924791666666667,14.154166666666674
2010-01-24,0,,2.2,-5.521916666666667,29.245833333333334
2010-01-25,0,,1.0,-8.928791666666669,51.69041666666665
2010-01-26,0,,0.4,-8.005666666666666,42.27083333333334
2010-01-27,0,,5.6,-3.919375,41.66125
2010-01-28,0,,0.8,-0.00375,37.46125
2010-01-29,0,,17.2,2.838333333333333,26.31666666666667
2010-01-30,2,inflow_m3_statistical_outlier,0.0,5.8116666666666665,21.19875
2010-01-31,2,inflow_m3_statistical_outlier,3.4,5.087250000000001,16.916666666666664
2010-02-01,2,inflow_m3_statistical_outlier,14.8,5.260833333333332,12.01375
2010-02-02,2,inflow_m3_statistical_outlier,9.2,-1.903375,11.9
2010-02-03,0,,3.0,-6.311041666666668,11.82
2010-02-04,0,,2.2,-3.996375,11.8
2010-02-05,0,,0.0,-5.2595833333333335,11.65
2010-02-06,0,,0.2,-0.1197916666666667,11.5
2010-02-07,0,,0.4,3.4434166666666672,11.42
2010-02-08,0,,5.8,2.6574166666666663,11.34
2010-02-09,0,,0.2,-0.8560416666666667,11.2
2010-02-10,0,,3.6,6.5404583333333335,11.14
2010-02-11,2,inflow_m3_statistical_outlier,2.8,6.623833333333335,11.0
2010-02-12,2,inflow_m3_statistical_outlier,0.2,7.999708333333333,10.931666666666672
2010-02-13,2,inflow_m3_statistical_outlier,3.6,5.712916666666666,5.436666666666668
2010-02-14,0,,0.0,9.075,2.215
2010-02-15,2,inflow_m3_statistical_outlier,0.0,6.676125000000002,0.0
2010-02-16,0,,0.0,4.2171666666666665,0.0
2010-02-17,0,,1.0,8.459333333333333,0.0
2010-02-18,0,,5.6,10.162458333333332,0.0
2010-02-19,0,,0.0,9.58025,0.0
2010-02-20,0,,5.4,13.869583333333331,0.0
2010-02-21,0,,14.0,4.955,0.0
2010-02-22,0,,0.0,2.7527826086956515,0.0
2010-02-23,0,,7.8,5.8544166666666655,0.0
2010-02-24,0,,13.0,6.376125000000001,0.0
2010-02-25,0,,4.4,7.308791666666667,0.0
2010-02-26,0,,0.4,5.0325,0.0
2010-02-27,0,,3.8,5.250166666666667,0.0
2010-02-28,0,,0.0,3.678666666666668,0.0
2010-03-01,0,,0.0,8.21658333333333,0.0
2010-03-02,0,,18.6,7.528083333333335,0.0
2010-03-03,0,,0.0,2.580291666666666,0.0
2010-03-04,0,,8.0,6.027208333333333,0.0
2010-03-05,2,inflow_m3_statistical_outlier,13.2,6.292083333333333,0.0
2010-03-06,2,inflow_m3_statistical_outlier,8.6,0.4491666666666669,0.0
2010-03-07,0,,6.4,0.6637083333333333,0.0
2010-03-08,0,,0.0,8.137956521739131,0.0
2010-03-09,0,,1.6,3.966375000000001,0.0
2010-03-10,0,,0.0,4.449916666666668,0.0
2010-03-11,0,,0.0,8.966333333333333,0.0
2010-03-12,0,,0.0,6.962458333333333,0.0
2010-03-13,0,,0.0,5.654083333333333,0.0
2010-03-14,0,,1.2,0.8998333333333334,0.0
2010-03-15,0,,0.0,0.8736086956521739,0.0
2010-03-16,0,,2.2,-0.4375416666666665,0.0
2010-03-17,0,,0.0,-0.8638333333333331,0.0
2010-03-18,0,,0.0,-0.5709130434782609,0.0
2010-03-19,0,,0.0,2.064708333333334,0.0
2010-03-20,0,,0.0,6.302666666666666,0.0
2010-03-21,0,,0.0,9.374499999999998,0.0
2010-03-22,0,,0.0,10.722083333333332,0.0
2010-03-23,0,,0.0,12.799583333333333,0.0
2010-03-24,0,,0.0,8.681750000000001,0.0
2010-03-25,0,,0.0,5.476800000000001,0.0
2010-03-26,0,,0.0,2.980500000000001,0.0
2010-03-27,0,,0.0,7.136043478260871,0.0
2010-03-28,0,,10.8,9.15,0.0
2010-03-29,0,,7.4,3.373541666666666,0.1079583333333333
2010-03-30,0,,0.2,6.717708333333333,0.1079583333333333
2010-03-31,0,,0.0,9.798958333333331,0.0
2010-04-01,0,,0.8,11.561875,0.0
2010-04-02,0,,6.8,9.491749999999998,0.0
2010-04-03,0,,4.0,7.153333333333333,0.0
2010-04-04,0,,0.0,9.289500000000002,0.0
2010-04-05,0,,0.0,12.94375,0.0
2010-04-06,0,,30.6,8.331083333333334,0.0
2010-04-07,2,inflow_m3_statistical_outlier,9.6,3.9159583333333328,0.0
2010-04-08,0,,0.2,3.971125,0.0
2010-04-09,0,,0.0,2.392041666666666,0.0
2010-04-10,0,,0.0,4.057083333333334,0.0
2010-04-11,0,,0.0,4.5760000000000005,0.0
2010-04-12,0,,0.0,3.969708333333333,0.0
2010-04-13,0,,0.0,6.8167500000000025,0.0
2010-04-14,0,,0.0,9.070291666666666,0.0
2010-04-15,0,,0.0,13.007916666666665,0.0
2010-04-16,0,,0.0,15.0725,0.0
2010-04-17,0,,0.6,13.871666666666664,0.0
2010-04-18,0,,0.2,11.12,0.0
2010-04-19,0,,0.8,15.80375,0.0
2010-04-20,0,,1.8,10.97804166666667,0.0
2010-04-21,0,,4.8,5.5332083333333335,0.0
2010-04-22,0,,0.0,8.836458333333335,0.0
2010-04-23,0,,0.0,13.007916666666668,0.0
2010-04-24,0,,0.0,15.413333333333332,0.0
2010-04-25,0,,0.0,14.080583333333337,0.0
2010-04-26,0,,0.0,10.847708333333337,0.0
2010-04-27,0,,0.0,5.682833333333334,0.0
2010-04-28,0,,0.0,5.360416666666667,0.0
2010-04-29,0,,0.0,6.254666666666665,0.0
2010-04-30,0,,0.0,8.4205,0.0
2010-05-01,0,,0.0,9.686541666666669,0.0
2010-05-02,0,,0.0,10.679,0.0
2010-05-03,0,,0.0,12.372625,0.0
2010-05-04,0,,0.0,12.5325,0.0
2010-05-05,0,,0.0,12.546708333333331,0.0
2010-05-06,0,,0.0,15.31125,0.0
2010-05-07,0,,0.0,17.42625,0.0
2010-05-08,0,,0.0,14.71625,0.0
2010-05-09,0,,0.0,13.830875,0.0
2010-05-10,0,,0.0,11.91,0.0
2010-05-11,0,,0.0,14.707916666666668,0.0
2010-05-12,0,,0.0,16.8025,0.0
2010-05-13,0,,0.0,21.186666666666664,0.0
2010-05-14,0,,0.0,18.743333333333336,0.0
2010-05-15,0,,0.8,18.16208333333333,0.0
2010-05-16,0,,0.0,16.695,0.0
2010-05-17,0,,0.0,13.580083333333334,0.0
2010-05-18,0,,1.2,9.695458333333333,0.0
2010-05-19,0,,0.6,9.981625,0.0
2010-05-20,0,,4.8,9.170875,0.0
2010-05-21,0,,6.2,11.491666666666667,0.0
2010-05-22,0,,14.2,10.469583333333333,0.0
2010-05-23,0,,0.2,9.771083333333332,0.0
2010-05-24,0,,0.4,12.240833333333336,0.0
2010-05-25,0,,0.0,14.459166666666668,0.0
2010-05-26,0,,0.0,17.006666666666664,0.0
2010-05-27,0,,0.0,17.82,0.0
2010-05-28,2,outflow_treatment_m3_statistical_outlier,0.0,18.649166666666662,0.0
2010-05-29,2,outflow_treatment_m3_statistical_outlier,0.0,18.087083333333336,0.0
2010-05-30,0,,0.0,18.25333333333333,0.0
2010-05-31,0,,0.0,20.06083333333333,0.0
2010-06-01,0,,3.2,19.855833333333333,0.0
2010-06-02,0,,0.2,13.610416666666667,0.0
2010-06-03,0,,0.0,16.298333333333336,0.0
2010-06-04,0,,0.0,16.690833333333334,0.0
2010-06-05,0,,0.8,16.9325,0.0
2010-06-06,0,,4.2,13.85,0.0
2010-06-07,0,,26.0,12.8225,0.0
2010-06-08,0,,0.4,14.323333333333332,0.0
2010-06-09,0,,1.8,17.061666666666664,0.0
2010-06-10,0,,0.6,15.54,0.0
2010-06-11,0,,0.0,17.13125,0.0
2010-06-12,0,,0.0,18.7775,0.0
2010-06-13,0,,0.0,20.54375,0.0
2010-06-14,0,,0.0,20.61375,0.0
2010-06-15,0,,0.0,21.33166666666667,0.0
2010-06-16,0,,0.0,21.41875,0.0
2010-06-17,0,,0.0,19.845,0.0
2010-06-18,0,,0.0,16.84583333333334,0.0
2010-06-19,0,,0.0,19.065416666666664,0.0
2010-06-20,0,,2.6,19.442083333333333,0.0
2010-06-21,0,,0.0,21.3475,0.0
2010-06-22,0,,11.0,15.29875,0.0
2010-06-23,0,,4.8,14.099166666666669,0.0
2010-06-24,0,,1.8,12.264166666666666,0.0
2010-06-25,0,,0.0,12.6825,0.0
2010-06-26,0,,0.0,14.49625,0.0
2010-06-27,0,,0.2,16.072916666666668,0.0
2010-06-28,2,outflow_treatment_m3_statistical_outlier,0.2,15.67625,0.0
2010-06-29,0,,9.0,16.149583333333336,0.0
2010-06-30,0,,1.8,16.555833333333336,0.0
2010-07-01,0,,0.0,18.08458333333333,0.0
2010-07-02,0,,0.0,19.297083333333337,0.0
2010-07-03,0,,0.0,18.855416666666667,0.0
2010-07-04,0,,0.0,19.225,0.0
2010-07-05,0,,0.0,17.7675,0.0
2010-07-06,2,outflow_treatment_m3_statistical_outlier,0.0,17.72,0.0
2010-07-07,2,outflow_treatment_m3_statistical_outlier,0.0,18.446666666666665,0.0
2010-07-08,0,,0.0,17.762916666666666,0.0
2010-07-09,0,,0.0,16.847916666666666,0.0
2010-07-10,0,,0.0,17.31083333333333,0.0
2010-07-11,0,,0.0,17.67875,0.0
2010-07-12,0,,0.0,19.36458333333333,0.0
2010-07-13,0,,0.0,19.49958333333333,0.0
2010-07-14,0,,0.0,20.595,0.0
2010-07-15,0,,0.0,19.835,0.0
2010-07-16,0,,0.0,20.22083333333333,0.0
2010-07-17,0,,0.0,20.685,0.0
2010-07-18,0,,0.0,21.96875,0.0
2010-07-19,0,,0.0,21.66875,0.0
2010-07-20,0,,0.0,18.9475,0.0
2010-07-21,0,,0.0,19.510416666666668,0.0
2010-07-22,0,,0.2,21.374583333333334,0.0
2010-07-23,0,,0.0,21.57875,0.0
2010-07-24,0,,0.0,19.37708333333333,0.0
2010-07-25,0,,0.0,21.99541666666667,0.0
2010-07-26,0,,3.0,22.566666666666663,0.0
2010-07-27,0,,0.0,20.909166666666664,0.0
2010-07-28,0,,0.0,18.859583333333337,0.0
2010-07-29,0,,0.0,18.77375,0.0
2010-07-30,0,,0.0,21.665416666666665,0.0
2010-07-31,0,,0.0,25.715,0.0
2010-08-01,0,,0.0,23.00916666666667,0.0
2010-08-02,0,,0.0,21.037916666666664,0.0
2010-08-03,0,,0.0,21.656666666666663,0.0
2010-08-04,0,,0.0,23.5625,0.0
2010-08-05,0,,1.2,22.255,0.0
2010-08-06,0,,0.2,25.15458333333333,0.0
2010-08-07,0,,0.0,23.43125,0.0
2010-08-08,0,,0.0,22.95,0.0
2010-08-09,0,,0.0,22.47958333333333,0.0
2010-08-10,0,,0.0,23.3875,0.0
2010-08-11,0,,0.0,23.76875,0.0
2010-08-12,0,,0.0,23.73125,0.0
2010-08-13,0,,0.0,24.011666666666667,0.0
2010-08-14,0,,0.0,23.099166666666672,0.0
2010-08-15,0,,0.0,22.4625,0.0
2010-08-16,0,,0.0,23.827916666666667,0.0
2010-08-17,0,,0.0,24.016666666666666,0.0
2010-08-18,0,,0.0,21.675416666666678,0.0
2010-08-19,0,,0.0,21.10875,0.0
2010-08-20,0,,0.0,21.51,0.0
2010-08-21,0,,0.0,18.631666666666668,0.0
2010-08-22,0,,0.0,18.950833333333332,0.0
2010-08-23,0,,0.0,17.2975,0.0
2010-08-24,0,,0.0,18.667916666666667,0.0
2010-08-25,0,,0.0,18.796666666666667,0.0
2010-08-26,0,,0.0,21.059166666666663,0.0
2010-08-27,0,,0.0,20.50583333333333,0.0
2010-08-28,0,,0.0,24.50041666666667,0.0
2010-08-29,0,,0.0,22.96166666666667,0.0
2010-08-30,0,,0.0,20.587916666666672,0.0
2010-08-31,0,,0.0,23.03375,0.0
2010-09-01,0,,6.8,11.344958333333333,0.0
2010-09-02,0,,0.0,12.426666666666668,0.0
2010-09-03,0,,0.0,15.872083333333338,0.0
2010-09-04,0,,0.0,18.525416666666665,0.0
2010-09-05,0,,0.0,17.903333333333336,0.0
2010-09-06,0,,0.0,16.769166666666663,0.0
2010-09-07,0,,0.0,14.399166666666668,0.0
2010-09-08,0,,0.0,17.136666666666667,0.0
2010-09-09,0,,0.0,19.0125,0.0
2010-09-10,0,,0.0,16.435416666666665,0.0
2010-09-11,0,,0.0,15.67125,0.0
2010-09-12,0,,1.2,15.835,0.0
2010-09-13,0,,0.4,12.825,0.0
2010-09-14,0,,0.2,14.036666666666662,0.0
2010-09-15,0,,0.0,14.859583333333338,0.0
2010-09-16,0,,0.0,17.100833333333334,0.0
2010-09-17,0,,0.0,15.51,0.0
2010-09-18,0,,0.0,18.07333333333333,0.0
2010-09-19,0,,0.0,20.85125,0.0
2010-09-20,0,,0.0,19.14208333333333,0.0
2010-09-21,0,,0.0,14.316521739130437,0.0
2010-09-22,0,,0.0,13.94,0.0
2010-09-23,0,,0.0,15.171666666666669,0.0
2010-09-24,0,,0.0,18.0925,0.0
2010-09-25,0,,0.0,17.625,0.0
2010-09-26,0,,0.0,19.84916666666667,0.0
2010-09-27,0,,0.0,19.47833333333333,0.0
2010-09-28,0,,0.0,16.769583333333333,0.0
2010-09-29,0,,10.2,18.82958333333333,0.0
2010-09-30,0,,0.2,12.3625,0.0
2010-10-01,0,,0.2,10.625916666666669,0.0
2010-10-02,0,,0.0,9.655833333333332,0.0
2010-10-03,0,,0.6,7.715791666666665,0.0
2010-10-04,0,,0.2,7.737458333333333,0.0
2010-10-05,0,,0.0,8.347708333333335,0.0
2010-10-06,0,,0.8,9.394583333333332,0.0
2010-10-07,0,,1.6,7.335375000000003,0.0
2010-10-08,0,,16.0,5.672208333333335,0.0
2010-10-09,0,,5.8,3.0836666666666663,0.0
2010-10-10,0,,0.0,5.242125,0.0
2010-10-11,0,,0.2,8.838125,0.0
2010-10-12,0,,19.8,10.600875,0.0
2010-10-13,0,,66.8,12.77375,0.0
2010-10-14,0,,17.4,13.493333333333332,0.0
2010-10-15,0,,8.0,11.855833333333337,0.0
2010-10-16,0,,3.4,12.497083333333334,0.0
2010-10-17,0,,2.8,12.882083333333332,0.0
2010-10-18,0,,8.0,14.472916666666668,0.0
2010-10-19,0,,2.8,15.005833333333332,0.0
2010-10-20,0,,6.0,12.51875,0.0
2010-10-21,0,,4.0,12.45275,0.0
2010-10-22,0,,0.0,8.043874999999998,0.0
2010-10-23,0,,0.0,9.030916666666668,0.0
2010-10-24,0,,0.0,9.489833333333335,0.0
2010-10-25,0,,0.0,11.602,0.0
2010-10-26,0,,10.6,12.758333333333333,0.0
2010-10-27,0,,27.8,11.975416666666666,0.0
2010-10-28,2,inflow_m3_out_of_range;inflow_m3_statistical_outlier,31.4,7.821291666666668,0.0
2010-10-29,2,inflow_m3_out_of_range;inflow_m3_statistical_outlier,1.8,3.468125,0.0
2010-10-30,0,,0.0,4.073916666666666,0.0
2010-10-31,0,,0.0,8.205333333333334,0.0
2010-11-01,0,,0.0,8.082458333333335,0.0
2010-11-02,0,,0.0,11.256583333333335,0.0
2010-11-03,0,,0.0,11.04,0.0
2010-11-04,2,outflow_treatment_m3_statistical_outlier,0.0,12.06,0.0
2010-11-05,0,,0.0,12.9,0.0
2010-11-06,0,,0.0,11.735625,0.0
2010-11-07,0,,0.0,11.092708333333334,0.0
2010-11-08,0,,0.0,13.7825,0.0
2010-11-09,0,,0.0,15.569583333333336,0.0
2010-11-10,0,,0.0,14.185,0.0
2010-11-11,0,,0.0,13.49125,0.0
2010-11-12,0,,0.0,13.214583333333332,0.0
2010-11-13,0,,0.0,13.5875,0.0
2010-11-14,0,,0.0,14.81833333333333,0.0
2010-11-15,0,,0.0,16.198333333333338,0.0
2010-11-16,0,,0.0,14.573333333333336,0.0
2010-11-17,0,,0.0,13.51125,0.0
2010-11-18,0,,0.0,11.461625000000003,0.0
2010-11-19,0,,0.0,10.898083333333334,0.0
2010-11-20,0,,0.0,8.70525,0.0
2010-11-21,0,,0.0,6.697708333333334,0.0
2010-11-22,0,,0.0,8.139375,0.0
2010-11-23,0,,9.8,11.110458333333334,0.0
2010-11-24,0,,3.4,9.091083333333334,0.0
2010-11-25,0,,9.2,7.49152,0.0
2010-11-26,0,,0.2,11.925,0.0
2010-11-27,0,,0.0,12.746666666666668,0.0
2010-11-28,0,,0.0,13.96,0.0
2010-11-29,0,,0.0,14.96875,0.0
2010-11-30,0,,0.0,12.248333333333331,0.0
2010-12-01,0,,0.0,13.607083333333335,0.0
2010-12-02,0,,0.2,15.302916666666665,0.0
2010-12-03,0,,0.0,14.211666666666668,0.0
2010-12-04,0,,0.0,13.776666666666667,0.0
2010-12-05,0,,3.2,2.657833333333333,0.0
2010-12-06,0,,0.0,3.368291666666668,0.0
2010-12-07,0,,0.0,5.713999999999998,0.0
2010-12-08,0,,0.0,7.624583333333334,0.0
2010-12-09,0,,5.8,9.3705,0.0
2010-12-10,0,,12.2,-0.979125,10.0
2010-12-11,0,,4.2,-2.687333333333333,20.0
2010-12-12,0,,1.4,-5.338,40.0
2010-12-13,0,,12.6,-1.5895833333333331,46.25416666666667
2010-12-14,0,,0.2,-1.134375,58.81666666666666
2010-12-15,0,,0.0,1.138875,53.08875
2010-12-16,0,,7.2,4.378541666666667,43.1375
2010-12-17,0,,0.6,0.3402083333333334,32.479166666666664
2010-12-18,0,,0.0,2.742291666666667,30.28958333333333
2010-12-19,0,,8.0,3.129958333333333,26.19583333333333
2010-12-20,0,,0.0,6.210250000000001,21.16875
2010-12-21,2,inflow_m3_statistical_outlier,0.0,7.269291666666668,16.858333333333334
2010-12-22,0,,0.0,7.185874999999999,13.0
2010-12-23,0,,0.0,6.168708333333334,11.195833333333336
2010-12-24,0,,0.0,6.421291666666665,8.0
2010-12-25,0,,0.6,8.434833333333335,7.0
2010-12-26,0,,5.2,8.284666666666668,4.4275
2010-12-27,0,,1.4,7.088583333333332,0.5208333333333335
2010-12-28,0,,1.0,2.816166666666667,0.0
2010-12-29,0,,0.0,0.4514166666666665,0.0
2010-12-30,0,,0.0,-0.6556666666666667,0.0
2010-12-31,0,,0.0,-2.966458333333333,0.0
2011-01-01,0,,0.0,-1.2444583333333334,0.0
2011-01-02,0,,0.0,0.6244166666666667,0.0
2011-01-03,0,,1.2,2.795541666666667,0.0
2011-01-04,0,,0.4,0.156625,0.9044583333333334
2011-01-05,0,,0.0,-0.9831666666666666,0.2416666666666666
2011-01-06,0,,0.4,-1.2066666666666668,0.9729583333333336
2011-01-07,0,,0.0,-1.667625,0.0
2011-01-08,0,,0.0,-0.4035833333333333,0.0
2011-01-09,0,,0.8,1.3882499999999995,0.0
2011-01-10,0,,0.0,3.038625,0.0
2011-01-11,0,,0.0,2.2263333333333333,0.0
2011-01-12,0,,0.0,3.564708333333334,0.0
2011-01-13,0,,0.0,2.7460416666666667,0.0
2011-01-14,0,,0.0,1.7327083333333329,0.0
2011-01-15,0,,0.0,2.567791666666667,0.0
2011-01-16,0,,2.0,3.760458333333332,0.0
2011-01-17,0,,0.0,1.706583333333333,0.0
2011-01-18,0,,0.0,0.4141666666666665,0.0
2011-01-19,0,,0.0,-0.4615416666666667,0.0
2011-01-20,0,,0.0,2.6060416666666666,0.0
2011-01-21,0,,0.0,4.3415833333333325,0.0
2011-01-22,0,,0.6,5.828874999999999,0.0
2011-01-23,0,,7.4,5.421875,0.8499583333333333
2011-01-24,0,,10.4,2.119625,0.0
2011-01-25,0,,0.2,-0.3209166666666667,0.0
2011-01-26,0,,0.2,-1.7797083333333337,0.0
2011-01-27,0,,0.0,-2.4555416666666665,0.639375
2011-01-28,0,,0.0,0.4491666666666665,0.3658333333333333
2011-01-29,0,,4.6,-1.4736666666666665,4.665
2011-01-30,0,,1.8,-2.627083333333333,18.6
2011-01-31,0,,0.8,-3.5314583333333336,16.550416666666663
2011-02-01,0,,0.0,-4.429416666666667,15.015666666666664
2011-02-02,0,,0.0,-3.092625,11.25125
2011-02-03,0,,0.0,-0.6779166666666666,9.125833333333334
2011-02-04,0,,0.0,-1.6675416666666667,8.821637500000003
2011-02-05,0,,0.0,0.8784999999999997,8.695416666666668
2011-02-06,0,,0.0,4.141541666666667,6.729583333333335
2011-02-07,0,,0.0,4.370041666666666,5.312916666666665
2011-02-08,0,,0.0,4.814416666666667,2.799583333333333
2011-02-09,0,,0.0,1.2389583333333334,0.725
2011-02-10,0,,0.0,-1.66225,0.0
2011-02-11,0,,0.0,-0.1405416666666663,0.0
2011-02-12,0,,1.4,4.850541666666666,0.0
2011-02-13,0,,0.0,0.45675,0.0
2011-02-14,0,,0.2,1.8399583333333331,0.0
2011-02-15,0,,0.0,-2.2151666666666663,0.3909166666666667
2011-02-16,0,,0.0,-2.8174166666666665,0.5333333333333334
2011-02-17,0,,0.0,3.5721666666666674,0.1208333333333332
2011-02-18,0,,0.8,8.802458333333332,0.0
2011-02-19,0,,1.0,5.100916666666666,0.0
2011-02-20,0,,0.0,-0.1872083333333332,0.0
2011-02-21,0,,0.0,-0.1220416666666666,0.0
2011-02-22,0,,5.4,4.216708333333333,0.0
2011-02-23,0,,2.0,5.323958333333335,0.0
2011-02-24,0,,2.4,3.90075,0.0
2011-02-25,0,,3.4,2.21125,0.0
2011-02-26,0,,0.0,-1.5095416666666666,0.6375
2011-02-27,0,,0.0,-0.6966666666666667,0.6065416666666668
2011-02-28,0,,0.0,-0.5603750000000001,0.0959583333333333
2011-03-01,0,,0.0,-1.4105,0.0
2011-03-02,0,,0.0,-0.6294583333333333,0.0
2011-03-03,0,,0.0,0.7426666666666663,0.0
2011-03-04,0,,0.0,-1.979875,2.5933333333333337
2011-03-05,0,,3.0,3.1633750000000003,1.03875
2011-03-06,0,,6.6,1.208041666666667,0.1267916666666666
2011-03-07,0,,0.2,-2.52625,2.166666666666667
2011-03-08,0,,2.4,-3.9337916666666666,20.191666666666663
2011-03-09,0,,4.0,-3.8737916666666656,54.429166666666674
2011-03-10,0,,0.8,-4.991333333333333,71.34083333333335
2011-03-11,0,,0.2,-4.332666666666667,62.90625
2011-03-12,0,,0.0,0.4203749999999999,52.30416666666665
2011-03-13,0,,0.0,3.9464583333333336,42.11958333333335
2011-03-14,0,,0.0,6.710249999999999,24.066666666666663
2011-03-15,0,,0.0,8.946125,18.535416666666663
2011-03-16,2,inflow_m3_statistical_outlier,0.0,9.780916666666664,13.679166666666667
2011-03-17,2,inflow_m3_statistical_outlier,2.4,9.850958333333333,8.102916666666667
2011-03-18,2,inflow_m3_statistical_outlier,8.8,6.413708333333333,2.800833333333334
2011-03-19,2,inflow_m3_statistical_outlier,3.2,6.01175,0.0
2011-03-20,2,inflow_m3_statistical_outlier,0.0,3.89425,0.0
2011-03-21,2,inflow_m3_statistical_outlier,0.0,0.9249583333333334,0.0
2011-03-22,0,,0.0,-0.4488749999999999,0.0
2011-03-23,0,,0.0,-1.0525833333333334,0.0
2011-03-24,0,,0.0,1.855208333333333,0.0
2011-03-25,0,,0.0,6.649874999999999,0.0
2011-03-26,0,,0.0,10.386166666666668,0.0
2011-03-27,0,,1.0,9.393020833333331,0.0
2011-03-28,0,,1.0,7.615583333333333,0.0
2011-03-29,0,,3.2,10.301291666666666,0.0
2011-03-30,0,,3.0,9.294375,0.0
2011-03-31,0,,0.0,9.641750000000002,0.0
2011-04-01,0,,6.800000000000001,6.984666666666667,0.0
2011-04-02,0,,6.000000000000001,5.166875,0.0
2011-04-03,0,,2.0000000000000004,4.1157916666666665,0.0
2011-04-04,0,,0.2,3.346416666666668,0.0
2011-04-05,0,,0.0,4.185083333333333,0.0
2011-04-06,0,,0.0,3.07925,0.0
2011-04-07,0,,0.0,5.790749999999999,0.0
2011-04-08,0,,1.2000000000000002,7.594541666666665,0.0
2011-04-09,0,,2.6,7.759458333333331,0.0
2011-04-10,0,,0.8,2.1604583333333336,0.0
2011-04-11,0,,0.8,0.4171304347826086,0.0
2011-04-12,0,,0.0,3.2392500000000006,0.0
2011-04-13,0,,0.4,9.276625,0.0
2011-04-14,0,,4.000000000000001,3.7575416666666666,0.0
2011-04-15,0,,0.0,5.536666666666666,0.0
2011-04-16,0,,0.2,5.126416666666667,0.0
2011-04-17,0,,2.8,4.655291666666668,0.0
2011-04-18,0,,4.2,6.988458333333334,0.0
2011-04-19,0,,0.4,4.2255416666666665,0.0
2011-04-20,0,,2.2,3.383333333333333,0.0
2011-04-21,0,,0.0,2.7995,0.0
2011-04-22,0,,0.0,3.590958333333333,0.0
2011-04-23,0,,0.0,2.461666666666668,0.0
2011-04-24,0,,0.0,4.252666666666666,0.0
2011-04-25,0,,0.0,4.733833333333336,0.0
2011-04-26,0,,0.0,11.511791666666667,0.0
2011-04-27,0,,4.4,11.119458333333332,0.0
2011-04-28,0,,2.6000000000000005,9.597875000000002,0.0
2011-04-29,0,,0.0,7.474416666666667,0.0
2011-04-30,0,,0.0,9.079041666666663,0.0
2011-05-01,0,,0.8,12.252083333333331,0.0
2011-05-02,0,,6.0,14.025416666666665,0.0
2011-05-03,0,,0.4,14.261666666666663,0.0
2011-05-04,0,,2.2,11.254375,0.0
2011-05-05,0,,0.0,7.64575,0.0
2011-05-06,0,,0.0,3.293708333333333,0.0
2011-05-07,0,,0.2,6.994166666666668,0.0
2011-05-08,0,,0.0,8.402625,0.0
2011-05-09,0,,0.0,5.474666666666668,0.0
2011-05-10,0,,0.0,6.70675,0.0
2011-05-11,0,,1.8000000000000005,7.517458333333333,0.0
2011-05-12,0,,0.2,6.871625000000001,0.0
2011-05-13,0,,0.8,7.732166666666665,0.0
2011-05-14,0,,0.2,11.254541666666666,0.0
2011-05-15,0,,0.0,13.170666666666667,0.0
2011-05-16,0,,0.0,16.35375,0.0
2011-05-17,0,,0.0,17.772499999999997,0.0
2011-05-18,0,,1.6,14.950833333333334,0.0
2011-05-19,0,,17.2,11.375416666666666,0.0
2011-05-20,0,,0.4,11.287083333333332,0.0
2011-05-21,0,,0.0,12.78,0.0
2011-05-22,0,,0.0,13.490000000000002,0.0
2011-05-23,0,,0.0,15.569166666666668,0.0
2011-05-24,0,,0.0,17.022499999999997,0.0
2011-05-25,0,,0.0,17.27,0.0
2011-05-26,0,,0.0,17.137916666666666,0.0
2011-05-27,0,,2.6,14.733333333333334,0.0
2011-05-28,0,,4.6000000000000005,13.779583333333337,0.0
2011-05-29,0,,0.2,12.244166666666665,0.0
2011-05-30,0,,0.2,13.9225,0.0
2011-05-31,0,,15.8,14.744583333333331,0.0
2011-06-01,0,,1.4,14.565833333333332,0.0
2011-06-02,0,,0.2,15.173749999999998,0.0
2011-06-03,0,,0.0,15.643333333333333,0.0
2011-06-04,0,,0.0,15.249166666666667,0.0
2011-06-05,0,,0.0,17.240416666666665,0.0
2011-06-06,0,,0.0,16.034999999999997,0.0
2011-06-07,0,,0.0,16.651666666666667,0.0
2011-06-08,0,,0.0,19.55708333333333,0.0
2011-06-09,0,,0.0,22.49,0.0
2011-06-10,0,,11.4,14.961666666666668,0.0
2011-06-11,0,,0.8,14.344166666666666,0.0
2011-06-12,0,,17.8,13.930416666666666,0.0
2011-06-13,0,,0.8,13.780416666666667,0.0
2011-06-14,0,,1.6,14.156666666666666,0.0
2011-06-15,0,,4.6,15.761666666666663,0.0
2011-06-16,0,,4.4,14.348333333333334,0.0
2011-06-17,0,,0.2,15.954999999999998,0.0
2011-06-18,0,,0.0,15.725416666666668,0.0
2011-06-19,0,,0.0,17.668333333333333,0.0
2011-06-20,0,,0.0,18.95125,0.0
2011-06-21,2,outflow_treatment_m3_statistical_outlier,0.0,16.245416666666667,0.0
2011-06-22,0,,0.0,16.18125,0.0
2011-06-23,0,,0.0,17.652916666666673,0.0
2011-06-24,2,outflow_treatment_m3_statistical_outlier,0.0,18.7025,0.0
2011-06-25,0,,2.2,17.89833333333333,0.0
2011-06-26,0,,0.6000000000000001,10.283833333333334,0.0
2011-06-27,0,,2.6,9.760166666666665,0.0
2011-06-28,0,,0.2,12.8775,0.0
2011-06-29,0,,0.0,13.72541666666667,0.0
2011-06-30,0,,0.0,16.264583333333334,0.0
2011-07-01,0,,34.4,18.285416666666663,0.0
2011-07-02,0,,1.0,15.3825,0.0
2011-07-03,0,,0.0,18.975416666666664,0.0
2011-07-04,0,,0.0,15.29916666666667,0.0
2011-07-05,0,,0.0,16.89666666666667,0.0
2011-07-06,0,,0.0,18.91458333333333,0.0
2011-07-07,0,,0.0,17.455416666666668,0.0
2011-07-08,0,,0.0,18.707916666666662,0.0
2011-07-09,0,,0.0,18.81375,0.0
2011-07-10,0,,0.0,22.10083333333333,0.0
2011-07-11,0,,0.0,19.5025,0.0
2011-07-12,0,,0.0,20.581250000000004,0.0
2011-07-13,0,,0.0,18.51083333333333,0.0
2011-07-14,0,,0.0,19.209583333333335,0.0
2011-07-15,0,,0.2,18.731666666666666,0.0
2011-07-16,0,,0.0,19.47,0.0
2011-07-17,0,,0.0,21.09,0.0
2011-07-18,0,,0.0,20.77875,0.0
2011-07-19,0,,0.0,20.476666666666667,0.0
2011-07-20,0,,0.0,22.65666666666668,0.0
2011-07-21,0,,0.0,22.05208333333333,0.0
2011-07-22,0,,0.0,19.085,0.0
2011-07-23,0,,0.0,19.86291666666666,0.0
2011-07-24,0,,0.0,22.562916666666663,0.0
2011-07-25,0,,0.0,22.600000000000005,0.0
2011-07-26,0,,0.0,22.72458333333333,0.0
2011-07-27,0,,0.0,21.796666666666667,0.0
2011-07-28,0,,0.0,21.30791666666667,0.0
2011-07-29,0,,0.0,23.18458333333333,0.0
2011-07-30,0,,0.0,21.271666666666665,0.0
2011-07-31,0,,0.0,19.97958333333333,0.0
2011-08-01,0,,0.0,19.540000000000006,0.0
2011-08-02,0,,0.0,18.60708333333333,0.0
2011-08-03,0,,0.0,20.736822916666664,0.0
2011-08-04,0,,0.0,17.96166666666667,0.0
2011-08-05,0,,0.4,18.67458333333333,0.0
2011-08-06,0,,0.0,17.074583333333337,0.0
2011-08-07,0,,0.0,17.282083333333333,0.0
2011-08-08,0,,0.0,17.74083333333333,0.0
2011-08-09,0,,0.0,18.72791666666667,0.0
2011-08-10,0,,0.0,19.27208333333333,0.0
2011-08-11,0,,14.6,14.9175,0.0
2011-08-12,0,,26.0,14.908333333333337,0.0
2011-08-13,0,,0.2,15.708333333333334,0.0
2011-08-14,0,,0.0,18.15458333333333,0.0
2011-08-15,0,,0.0,18.821666666666665,0.0
2011-08-16,0,,0.0,19.17333333333333,0.0
2011-08-17,0,,0.0,19.947916666666664,0.0
2011-08-18,0,,0.0,16.60041666666667,0.0
2011-08-19,0,,0.0,14.894166666666669,0.0
2011-08-20,0,,0.0,15.422916666666673,0.0
2011-08-21,0,,0.0,18.002083333333335,0.0
2011-08-22,0,,0.0,16.379999999999995,0.0
2011-08-23,0,,0.0,16.392500000000002,0.0
2011-08-24,0,,0.0,19.297916666666666,0.0
2011-08-25,0,,0.0,16.890416666666663,0.0
2011-08-26,0,,0.0,17.47458333333333,0.0
2011-08-27,0,,0.0,17.00708333333333,0.0
2011-08-28,0,,0.0,17.869999999999997,0.0
2011-08-29,0,,0.0,17.971249999999998,0.0
2011-08-30,0,,0.0,15.5025,0.0
2011-08-31,0,,0.0,17.75916666666667,0.0
2011-09-01,0,,0.0,19.160833333333333,0.0
2011-09-02,0,,0.0,18.5,0.0
2011-09-03,0,,0.0,17.921249999999997,0.0
2011-09-04,0,,0.0,16.94625,0.0
2011-09-05,0,,0.0,15.914583333333333,0.0
2011-09-06,0,,0.0,15.801666666666668,0.0
2011-09-07,0,,0.0,14.69166666666667,0.0
2011-09-08,0,,0.0,16.618333333333332,0.0
2011-09-09,0,,0.0,18.895,0.0
2011-09-10,0,,0.0,15.588333333333331,0.0
2011-09-11,2,outflow_treatment_m3_statistical_outlier,0.0,14.974166666666664,0.0
2011-09-12,0,,0.0,18.258750000000003,0.0
2011-09-13,0,,0.0,19.365416666666665,0.0
2011-09-14,0,,0.0,18.738333333333333,0.0
2011-09-15,0,,0.0,18.565,0.0
2011-09-16,0,,0.0,21.685,0.0
2011-09-17,0,,0.0,21.74333333333334,0.0
2011-09-18,0,,0.0,17.694999999999997,0.0
2011-09-19,0,,0.0,16.748333333333335,0.0
2011-09-20,0,,0.0,16.505,0.0
2011-09-21,0,,2.0,19.47125,0.0
2011-09-22,0,,13.0,17.57375,0.0
2011-09-23,0,,13.8,13.002500000000005,0.0
2011-09-24,0,,0.2,14.227083333333333,0.0
2011-09-25,0,,0.0,14.18625,0.0
2011-09-26,0,,0.0,12.449583333333337,0.0
2011-09-27,0,,0.0,12.624583333333334,0.0
2011-09-28,0,,0.0,13.179583333333335,0.0
2011-09-29,0,,2.6,14.07625,0.0
2011-09-30,0,,7.600000000000001,9.922333333333333,0.0
2011-10-01,0,,0.0,9.059416666666666,0.0
2011-10-02,0,,0.0,12.987083333333336,0.0
2011-10-03,0,,0.0,9.819958333333334,0.0
2011-10-04,0,,0.0,11.023416666666668,0.0
2011-10-05,0,,0.0,12.702916666666669,0.0
2011-10-06,0,,0.0,14.25625,0.0
2011-10-07,0,,0.0,14.0675,0.0
2011-10-08,0,,6.8,16.049166666666668,0.0
2011-10-09,0,,17.399999999999995,14.297916666666664,0.0
2011-10-10,0,,6.8,14.02083333333333,0.0
2011-10-11,0,,2.4,11.144166666666663,0.0
2011-10-12,0,,0.4,9.049416666666668,0.0
2011-10-13,0,,0.2,10.475666666666667,0.0
2011-10-14,0,,2.8000000000000003,7.438291666666665,0.0
2011-10-15,0,,2.6,5.726249999999999,0.0
2011-10-16,0,,2.0,4.495625000000001,0.0
2011-10-17,0,,0.2,2.4560833333333334,0.0
2011-10-18,0,,0.2,-0.0874999999999999,0.0
2011-10-19,0,,0.0,3.6038333333333328,0.0
2011-10-20,0,,0.0,7.276833333333333,0.0
2011-10-21,0,,0.0,9.02175,0.0
2011-10-22,0,,0.0,8.629166666666666,0.0
2011-10-23,0,,0.0,7.770333333333334,0.0
2011-10-24,0,,0.2,8.752666666666668,0.0
2011-10-25,0,,0.8,7.971499999999999,0.0
2011-10-26,0,,0.4,4.886291666666665,0.0
2011-10-27,0,,0.0,4.023999999999998,0.0
2011-10-28,0,,0.0,5.909708333333335,0.0
2011-10-29,0,,0.0,5.401083333333332,0.0
2011-10-30,0,,0.0,4.195666666666668,0.0
2011-10-31,0,,0.0,4.099791666666667,0.0
2011-11-01,0,,0.0,5.357500000000001,0.0
2011-11-02,0,,0.8,4.473125,0.0
2011-11-03,0,,0.4,3.7639166666666655,0.0
2011-11-04,0,,0.0,4.222583333333333,0.0
2011-11-05,0,,0.0,5.239916666666668,0.0
2011-11-06,0,,0.0,6.762416666666668,0.0
2011-11-07,0,,0.0,3.145541666666668,0.0
2011-11-08,0,,0.0,5.27475,0.0
2011-11-09,0,,0.0,7.150666666666667,0.0
2011-11-10,0,,0.0,5.278625,0.0
2011-11-11,0,,0.4,0.95325,0.0
2011-11-12,0,,0.0,0.3234999999999999,0.0
2011-11-13,0,,0.0,0.6955,0.0
2011-11-14,0,,0.0,1.7022083333333329,0.0
2011-11-15,0,,0.2,2.4679166666666665,0.0
2011-11-16,0,,1.2,1.6147499999999997,0.0
2011-11-17,0,,0.0,0.2578750000000003,0.0
2011-11-18,0,,0.0,-0.3397499999999999,0.0
2011-11-19,0,,0.0,1.6605416666666664,0.0
2011-11-20,0,,0.0,1.0546666666666666,0.0
2011-11-21,0,,0.0,1.333875,0.0
2011-11-22,0,,0.0,1.9424583333333332,0.0
2011-11-23,0,,0.0,3.5893333333333337,0.0
2011-11-24,0,,0.0,1.7329583333333332,0.0
2011-11-25,0,,0.0,-0.9317083333333336,0.0
2011-11-26,0,,0.0,-0.0249583333333334,0.0
2011-11-27,0,,0.0,-0.7102916666666669,0.0
2011-11-28,0,,0.0,1.3132083333333329,0.0
2011-11-29,0,,0.0,2.225583333333333,0.0
2011-11-30,0,,0.0,2.183458333333334,0.0
2011-12-01,0,,0.0,2.063291666666667,0.0
2011-12-02,0,,0.0,1.1706666666666667,0.0
2011-12-03,0,,0.0,4.171958333333333,0.0
2011-12-04,0,,0.0,4.671916666666665,0.0
2011-12-05,0,,0.0,6.589500000000002,0.0
2011-12-06,0,,0.6,8.959708333333332,0.0
2011-12-07,0,,28.0,5.881958333333334,0.0
2011-12-08,0,,3.2,1.4248333333333336,1.1874999999999998
2011-12-09,0,,0.6,-1.538625,1.041666666666667
2011-12-10,0,,0.0,0.2381249999999999,0.0
2011-12-11,0,,0.0,2.162291666666667,0.0
2011-12-12,0,,0.0,5.124916666666666,0.0
2011-12-13,0,,0.0,5.827750000000001,0.0
2011-12-14,0,,0.0,6.190666666666668,0.0
2011-12-15,0,,0.0,6.265666666666668,0.0
2011-12-16,0,,3.0000000000000004,4.477416666666666,0.0
2011-12-17,0,,10.8,7.686749999999997,0.0
2011-12-18,0,,14.4,6.105250000000002,0.0
2011-12-19,0,,0.0,8.588583333333332,0.0
2011-12-20,0,,3.0,6.518833333333333,0.0
2011-12-21,0,,0.0,3.5473750000000006,0.0
2011-12-22,0,,13.800000000000002,5.258125,0.0
2011-12-23,0,,7.2,1.6354583333333337,1.9041666666666668
2011-12-24,0,,1.0,-2.9125416666666664,10.633333333333338
2011-12-25,0,,0.0,-3.0805833333333337,7.195833333333333
2011-12-26,0,,0.0,-2.502125,4.475000000000001
2011-12-27,0,,0.0,-2.0635833333333333,3.5733333333333346
2011-12-28,0,,0.0,-3.491333333333334,4.018333333333334
2011-12-29,0,,0.0,-3.6970416666666672,5.0576375
2011-12-30,0,,0.0,-0.1478333333333333,6.433333333333334
2011-12-31,0,,9.4,2.6136250000000003,4.252500000000001
2012-01-01,0,,5.000000000000001,0.05475,0.4666666666666668
2012-01-02,0,,0.2,-1.2162916666666663,0.0
2012-01-03,0,,0.0,1.2767916666666668,0.0
2012-01-04,0,,0.0,2.484833333333333,0.0
2012-01-05,0,,0.0,0.7880833333333334,0.0
2012-01-06,0,,17.599999999999998,6.5142500000000005,0.0
2012-01-07,2,inflow_m3_statistical_outlier,35.80000000000002,4.393958333333333,0.0
2012-01-08,2,inflow_m3_statistical_outlier,2.4000000000000004,0.1383333333333333,0.0
2012-01-09,0,,4.4,-0.918,0.0
2012-01-10,0,,0.8,-1.3808750000000003,0.1383333333333333
2012-01-11,0,,0.2,-0.0386666666666667,0.5333333333333332
2012-01-12,0,,0.2,-2.476458333333333,1.6716666666666669
2012-01-13,0,,0.0,-2.5585416666666667,1.8833333333333335
2012-01-14,0,,5.2,-3.838750000000001,11.258333333333333
2012-01-15,0,,0.2,-5.793875000000001,10.262500000000005
2012-01-16,0,,0.8,-6.760208333333334,10.383333333333336
2012-01-17,0,,1.8,-7.874708333333334,12.862499999999995
2012-01-18,0,,2.2,-7.292916666666667,12.841666666666663
2012-01-19,0,,0.2,-7.760124999999999,11.995833333333335
2012-01-20,0,,0.0,-4.516791666666667,11.0985
2012-01-21,0,,5.0,-0.0778333333333333,8.491666666666669
2012-01-22,0,,0.0,-1.4714583333333335,6.717083333333335
2012-01-23,0,,0.0,1.036125,5.870833333333334
2012-01-24,0,,5.6000000000000005,1.0666666666666669,7.958333333333332
2012-01-25,0,,6.6,2.660458333333333,5.454166666666668
2012-01-26,0,,10.2,0.6168749999999995,3.0500000000000016
2012-01-27,0,,3.2,-4.897749999999999,12.568333333333332
2012-01-28,0,,0.6000000000000001,-3.073166666666667,12.350833333333332
2012-01-29,0,,0.2,-4.146416666666667,11.533333333333337
2012-01-30,0,,0.2,-8.150791666666665,25.60833333333333
2012-01-31,0,,1.8,-8.009166666666667,49.429166666666674
2012-02-01,0,,0.2,-8.554666666666666,49.13749999999999
2012-02-02,0,,0.0,-6.332208333333333,41.962500000000006
2012-02-03,0,,0.0,0.8066666666666668,33.258333333333326
2012-02-04,0,,0.0,2.1966666666666663,25.95
2012-02-05,0,,0.0,2.8632499999999994,22.09166666666667
2012-02-06,0,,0.0,4.307583333333334,19.566666666666663
2012-02-07,0,,6.000000000000001,0.4751666666666665,18.1625
2012-02-08,0,,0.8,-3.8806666666666665,19.958333333333336
2012-02-09,0,,0.8,-4.363315789473685,28.891666666666666
2012-02-10,0,,0.2,-6.271333333333335,32.74583333333334
2012-02-11,0,,0.0,-2.379791666666667,29.554166666666664
2012-02-12,0,,0.0,-0.4169583333333335,27.0625
2012-02-13,0,,5.2,2.2289583333333334,24.93750000000001
2012-02-14,0,,13.6,1.0146666666666668,24.57083333333333
2012-02-15,0,,0.6,-2.7473750000000003,26.90833333333332
2012-02-16,0,,5.0,-2.083333333333333,29.09583333333333
2012-02-17,0,,1.0,-6.2294583333333335,88.39166666666668
2012-02-18,0,,0.4,-7.9605,85.35
2012-02-19,0,,0.0,-5.872083333333333,73.94583333333333
2012-02-20,0,,0.0,-3.494958333333333,67.03750000000001
2012-02-21,0,,0.0,-0.301625,61.30416666666666
2012-02-22,0,,0.0,1.2672916666666667,56.3
2012-02-23,0,,0.0,0.7430416666666667,50.96666666666666
2012-02-24,0,,0.0,1.9088333333333327,47.32916666666665
2012-02-25,0,,1.2,2.530791666666667,42.712500000000006
2012-02-26,0,,7.4,4.000583333333334,36.22083333333333
2012-02-27,0,,4.000000000000001,-2.1950833333333337,37.2
2012-02-28,0,,3.0,-6.444583333333331,83.44583333333334
2012-02-29,1,snow_kartepe_cm_out_of_range;snow_kartepe_cm_imputed_linear,0.0,-6.097208333333334,89.8875
2012-03-01,0,,0.0,-4.491291666666666,104.48333333333336
2012-03-02,0,,2.4,-1.6790833333333337,95.8625
2012-03-03,0,,9.4,-2.998083333333333,93.40416666666668
2012-03-04,0,,0.0,-2.5038333333333336,86.6125
2012-03-05,0,,0.0,0.4784166666666665,80.75833333333334
2012-03-06,0,,0.0,-1.1022083333333337,74.78333333333335
2012-03-07,0,,0.0,0.0207499999999999,70.20708333333334
2012-03-08,0,,0.8,3.130375000000001,66.11666666666665
2012-03-09,0,,0.0,-0.5812499999999999,59.18333333333333
2012-03-10,0,,0.0,-1.1874583333333333,56.51666666666665
2012-03-11,0,,6.4,1.675416666666667,55.27500000000002
2012-03-12,0,,2.4000000000000004,-1.1351250000000002,57.95
2012-03-13,0,,0.4,-0.2214166666666666,56.895833333333314
2012-03-14,0,,0.6000000000000001,-0.4222083333333333,56.07083333333334
2012-03-15,0,,5.8,-2.317208333333333,57.9125
2012-03-16,0,,0.0,-4.403416666666667,63.500000000000014
2012-03-17,0,,0.2,2.123999999999999,56.64583333333334
2012-03-18,0,,0.0,5.804541666666669,52.575
2012-03-19,0,,0.0,7.802333333333332,48.462500000000006
2012-03-20,0,,0.0,8.472208333333333,42.25416666666666
2012-03-21,0,,0.0,7.101749999999999,36.266666666666666
2012-03-22,0,,0.0,5.608791666666666,31.13333333333333
2012-03-23,2,inflow_m3_statistical_outlier,0.0,6.860041666666664,26.849999999999994
2012-03-24,2,inflow_m3_statistical_outlier,0.0,9.479347826086954,21.878260869565217
2012-03-25,2,inflow_m3_statistical_outlier,0.0,8.445458333333333,15.233333333333334
2012-03-26,2,inflow_m3_statistical_outlier,0.0,4.532500000000001,7.608333333333333
2012-03-27,0,,0.0,0.4325833333333332,4.508333333333334
2012-03-28,0,,2.2,1.3099583333333331,3.1666666666666683
2012-03-29,0,,0.2,5.072125000000001,0.0
2012-03-30,2,inflow_m3_statistical_outlier,25.6,5.168833333333335,0.0
2012-03-31,2,inflow_m3_statistical_outlier,0.0,5.168416666666666,0.0
2012-04-01,2,inflow_m3_statistical_outlier,2.4000000000000004,5.692833333333333,0.0
2012-04-02,0,,0.2,1.717666666666666,0.0
2012-04-03,0,,0.0,9.080083333333333,0.0
2012-04-04,2,inflow_m3_statistical_outlier,0.0,13.612083333333333,0.0
2012-04-05,2,inflow_m3_statistical_outlier,0.0,13.416666666666664,0.0
2012-04-06,2,inflow_m3_statistical_outlier,0.0,14.617083333333332,0.0
2012-04-07,2,inflow_m3_statistical_outlier,0.0,12.545416666666668,0.0
2012-04-08,2,inflow_m3_statistical_outlier,0.2,13.507125,0.0
2012-04-09,2,inflow_m3_statistical_outlier,4.4,4.764374999999999,0.0
2012-04-10,2,inflow_m3_statistical_outlier,1.2,2.3514166666666667,0.0
2012-04-11,0,,0.2,2.4484583333333334,0.0
2012-04-12,0,,0.0,9.064875,0.0
2012-04-13,0,,1.2000000000000002,13.52625,0.0
2012-04-14,2,inflow_m3_statistical_outlier,33.0,10.628999999999998,0.0
2012-04-15,2,inflow_m3_statistical_outlier,1.6,9.234125,0.0
2012-04-16,2,inflow_m3_statistical_outlier,0.2,11.1445,0.0
2012-04-17,0,,0.0,16.397916666666667,0.0
2012-04-18,2,inflow_m3_statistical_outlier,16.0,12.263875,0.0
2012-04-19,2,inflow_m3_statistical_outlier,3.2,8.456333333333335,0.0
2012-04-20,0,,0.0,12.837916666666665,0.0
2012-04-21,0,,5.6000000000000005,9.215666666666666,0.0
2012-04-22,0,,0.0,10.300458333333331,0.0
2012-04-23,0,,0.0,12.100791666666668,0.0
2012-04-24,0,,0.0,14.263750000000002,0.0
2012-04-25,0,,0.0,17.27708333333333,0.0
2012-04-26,0,,0.0,12.863208333333333,0.0
2012-04-27,0,,0.6,12.798333333333332,0.0
2012-04-28,0,,0.2,16.942083333333333,0.0
2012-04-29,0,,0.0,16.716666666666665,0.0
2012-04-30,0,,0.0,17.09083333333334,0.0
2012-05-01,0,,0.0,15.669999999999996,0.0
2012-05-02,0,,0.0,16.208333333333336,0.0
2012-05-03,0,,0.0,13.552916666666668,0.0
2012-05-04,0,,0.0,15.377500000000005,0.0
2012-05-05,0,,0.0,15.162916666666666,0.0
2012-05-06,0,,0.4,14.142916666666665,0.0
2012-05-07,0,,0.0,15.531666666666665,0.0
2012-05-08,0,,0.0,15.956250000000002,0.0
2012-05-09,0,,0.0,13.567916666666669,0.0
2012-05-10,0,,0.6000000000000001,12.248749999999996,0.0
2012-05-11,0,,0.2,13.384583333333332,0.0
2012-05-12,0,,0.6000000000000001,14.790416666666667,0.0
2012-05-13,0,,0.0,12.50875,0.0
2012-05-14,0,,0.0,11.487958333333331,0.0
2012-05-15,0,,14.599999999999998,13.658750000000005,0.0
2012-05-16,0,,0.2,13.187375000000005,0.0
2012-05-17,0,,0.4,14.026666666666667,0.0
2012-05-18,0,,1.6,13.133083333333332,0.0
2012-05-19,0,,6.200000000000001,11.140833333333331,0.0
2012-05-20,0,,16.2,9.958708333333332,0.0
2012-05-21,0,,0.4,12.218333333333335,0.0
2012-05-22,0,,2.2,17.31791666666667,0.0
2012-05-23,0,,0.8,11.417500000000002,0.0
2012-05-24,0,,3.4000000000000004,11.69058333333333,0.0
2012-05-25,0,,6.6,12.185833333333337,0.0
2012-05-26,0,,0.6000000000000001,10.336666666666666,0.0
2012-05-27,0,,3.2,14.147083333333336,0.0
2012-05-28,0,,9.8,11.987166666666669,0.0
2012-05-29,0,,6.199999999999999,12.857083333333334,0.0
2012-05-30,0,,0.2,12.392499999999997,0.0
2012-05-31,0,,0.0,12.559624999999995,0.0
2012-06-01,0,,0.0,13.83041666666667,0.0
2012-06-02,0,,0.0,16.897083333333335,0.0
2012-06-03,0,,0.0,18.7375,0.0
2012-06-04,0,,0.0,18.48041666666666,0.0
2012-06-05,0,,0.0,19.74083333333333,0.0
2012-06-06,0,,22.2,13.87583333333333,0.0
2012-06-07,0,,0.2,12.08458333333333,0.0
2012-06-08,0,,0.0,14.876666666666669,0.0
2012-06-09,0,,0.0,17.913750000000004,0.0
2012-06-10,0,,0.0,20.80708333333333,0.0
2012-06-11,0,,0.0,21.350000000000005,0.0
2012-06-12,0,,0.0,22.592916666666657,0.0
2012-06-13,0,,0.0,23.91375,0.0
2012-06-14,0,,0.0,21.059166666666663,0.0
2012-06-15,0,,0.0,19.94875,0.0
2012-06-16,0,,0.0,19.06083333333334,0.0
2012-06-17,0,,0.0,17.715833333333332,0.0
2012-06-18,0,,0.0,19.390416666666667,0.0
2012-06-19,0,,0.0,21.452916666666667,0.0
2012-06-20,0,,0.0,19.043750000000003,0.0
2012-06-21,0,,0.0,21.007916666666667,0.0
2012-06-22,0,,0.0,21.68458333333333,0.0
2012-06-23,0,,0.0,20.34875,0.0
2012-06-24,0,,0.0,21.73166666666666,0.0
2012-06-25,0,,0.0,20.5775,0.0
2012-06-26,0,,0.0,21.18458333333333,0.0
2012-06-27,0,,7.199999999999999,15.019583333333337,0.0
2012-06-28,0,,0.0,15.049583333333336,0.0
2012-06-29,0,,0.0,16.585000000000004,0.0
2012-06-30,0,,0.0,16.690416666666668,0.0
2012-07-01,0,,0.0,16.9829166666667,0.0
2012-07-02,0,,0.0,16.7233333333333,0.0
2012-07-03,0,,0.0,17.1391666666667,0.0
2012-07-04,0,,0.0,20.0441666666667,0.0
2012-07-05,0,,0.0,20.76125,0.0
2012-07-06,0,,0.0,18.423333333333336,0.0
2012-07-07,0,,0.0,21.3125,0.0
2012-07-08,0,,1.0,18.453333333333337,0.0
2012-07-09,0,,0.2,19.256956521739127,0.0
2012-07-10,0,,0.0,20.907083333333336,0.0
2012-07-11,0,,0.0,20.506666666666664,0.0
2012-07-12,0,,0.0,21.82083333333333,0.0
2012-07-13,0,,0.0,21.9929166666667,0.0
2012-07-14,0,,0.0,21.4279166666667,0.0
2012-07-15,0,,0.0,22.9245833333333,0.0
2012-07-16,0,,0.0,24.9395833333333,0.0
2012-07-17,0,,0.0,20.555,0.0
2012-07-18,0,,0.0,18.88541666666666,0.0
2012-07-19,0,,0.0,19.010833333333338,0.0
2012-07-20,0,,0.0,21.25708333333333,0.0
2012-07-21,0,,0.0,20.042916666666663,0.0
2012-07-22,0,,0.0,20.827083333333334,0.0
2012-07-23,0,,0.0,20.59916666666667,0.0
2012-07-24,0,,0.0,21.646249999999995,0.0
2012-07-25,0,,0.0,24.162083333333328,0.0
2012-07-26,0,,0.0,23.54375,0.0
2012-07-27,0,,0.0,22.14208333333333,0.0
2012-07-28,0,,0.0,21.5425,0.0
2012-07-29,0,,0.0,20.78291666666666,0.0
2012-07-30,0,,0.0,21.2270833333333,0.0
2012-07-31,0,,0.0,20.324583333333337,0.0
2012-08-01,0,,0.6,16.50958333333333,0.0
2012-08-02,0,,0.2,20.06625,0.0
2012-08-03,0,,0.0,19.9566666666667,0.0
2012-08-04,0,,0.0,19.7733333333333,0.0
2012-08-05,0,,0.0,20.8866666666667,0.0
2012-08-06,0,,0.0,22.1583333333333,0.0
2012-08-07,0,,0.0,22.2741666666667,0.0
2012-08-08,0,,0.0,22.1445833333333,0.0
2012-08-09,0,,0.0,20.9920833333333,0.0
2012-08-10,0,,0.0,21.882500000000004,0.0
2012-08-11,0,,10.8,20.057916666666667,0.0
2012-08-12,0,,2.2,18.307916666666667,0.0
2012-08-13,0,,0.0,16.355833333333337,0.0
2012-08-14,0,,0.0,18.3675,0.0
2012-08-15,0,,0.0,18.761666666666677,0.0
2012-08-16,0,,0.0,18.71375,0.0
2012-08-17,0,,0.0,18.777916666666663,0.0
2012-08-18,0,,0.0,17.499166666666664,0.0
2012-08-19,0,,0.0,16.74916666666667,0.0
2012-08-20,0,,0.0,16.90666666666667,0.0
2012-08-21,0,,0.0,21.85125,0.0
2012-08-22,0,,0.0,21.499583333333334,0.0
2012-08-23,0,,0.0,23.05916666666667,0.0
2012-08-24,0,,0.0,22.33708333333334,0.0
2012-08-25,0,,0.0,22.457083333333333,0.0
2012-08-26,0,,0.0,23.56375,0.0
2012-08-27,0,,0.2,22.10541666666666,0.0
2012-08-28,0,,9.8,13.526666666666666,0.0
2012-08-29,0,,0.0,12.837083333333332,0.0
2012-08-30,0,,0.0,14.703333333333331,0.0
2012-08-31,0,,0.0,15.607500000000002,0.0
2012-09-01,0,,0.0,16.510833333333327,0.0
2012-09-02,0,,0.0,16.341304347826085,0.0
2012-09-03,0,,0.0,16.793333333333333,0.0
2012-09-04,0,,0.0,17.999999999999996,0.0
2012-09-05,0,,0.0,19.069130434782604,0.0
2012-09-06,0,,0.0,20.308695652173917,0.0
2012-09-07,0,,0.0,17.4545833333333,0.0
2012-09-08,0,,0.0,13.9154166666667,0.0
2012-09-09,0,,0.0,15.9933333333333,0.0
2012-09-10,0,,0.0,15.0120833333333,0.0
2012-09-11,0,,0.0,14.3329166666667,0.0
2012-09-12,0,,0.0,16.6425,0.0
2012-09-13,0,,0.0,15.9175,0.0
2012-09-14,0,,0.0,19.644583333333333,0.0
2012-09-15,0,,0.0,23.285833333333333,0.0
2012-09-16,0,,0.0,21.243333333333336,0.0
2012-09-17,0,,0.0,18.915000000000003,0.0
2012-09-18,0,,0.0,17.10708333333334,0.0
2012-09-19,2,outflow_treatment_m3_statistical_outlier,0.4,15.80125,0.0
2012-09-20,0,,0.0,16.13458333333333,0.0
2012-09-21,0,,0.0,11.729458333333334,0.0
2012-09-22,0,,0.0,10.582,0.0
2012-09-23,0,,0.0,14.362916666666669,0.0
2012-09-24,0,,0.0,17.455,0.0
2012-09-25,0,,0.0,18.899999999999995,0.0
2012-09-26,0,,0.0,20.583913043478265,0.0
2012-09-27,0,,0.0,20.84583333333333,0.0
2012-09-28,0,,0.0,19.949166666666677,0.0
2012-09-29,0,,0.0,17.59875,0.0
2012-09-30,0,,0.0,20.22958333333333,0.0
2012-10-01,0,,0.0,21.49041666666666,0.0
2012-10-02,0,,0.0,19.48916666666667,0.0
2012-10-03,0,,0.0,18.122916666666665,0.0
2012-10-04,0,,0.0,15.87083333333333,0.0
2012-10-05,0,,0.0,15.049166666666672,0.0
2012-10-06,0,,0.0,15.051249999999998,0.0
2012-10-07,0,,0.0,16.28958333333333,0.0
2012-10-08,0,,5.2,12.718333333333334,0.0
2012-10-09,0,,0.0,10.226208333333334,0.0
2012-10-10,0,,0.0,11.58875,0.0
2012-10-11,0,,0.0,10.47316666666667,0.0
2012-10-12,0,,0.0,12.97916666666667,0.0
2012-10-13,0,,0.0,15.293333333333337,0.0
2012-10-14,0,,0.0,16.59333333333333,0.0
2012-10-15,0,,0.0,17.835833333333337,0.0
2012-10-16,0,,0.0,18.852916666666665,0.0
2012-10-17,0,,0.0,17.77541666666667,0.0
2012-10-18,0,,0.0,13.86625,0.0
2012-10-19,0,,0.0,11.389583333333333,0.0
2012-10-20,0,,0.0,10.095625000000002,0.0
2012-10-21,0,,0.4,12.718000000000002,0.0
2012-10-22,2,outflow_treatment_m3_statistical_outlier,0.0,13.959583333333333,0.0
2012-10-23,0,,0.0,13.07333333333333,0.0
2012-10-24,0,,7.6,11.294166666666664,0.0
2012-10-25,0,,0.0,9.439,0.0
2012-10-26,0,,0.0,10.086391304347828,0.0
2012-10-27,2,outflow_treatment_m3_statistical_outlier,0.2,13.94041666666667,0.0
2012-10-28,0,,0.0,16.995416666666667,0.0
2012-10-29,0,,9.4,15.528333333333334,0.0
2012-10-30,0,,0.4,10.246375,0.0
2012-10-31,0,,0.0,10.361958333333336,0.0
2012-11-01,0,,0.0,14.487500000000002,0.0
2012-11-02,0,,13.4,14.639565217391304,0.0
2012-11-03,0,,0.0,11.807916666666666,0.0
2012-11-04,0,,0.2,12.83375,0.0
2012-11-05,0,,0.0,12.672916666666666,0.0
2012-11-06,0,,1.6,13.82583333333333,0.0
2012-11-07,0,,17.599999999999998,9.376,0.0
2012-11-08,0,,2.2,7.718458333333333,0.0
2012-11-09,0,,6.29,7.75345833333333,0.0
2012-11-10,0,,2.6,6.52245833333333,0.0
2012-11-11,0,,0.74,6.814875,0.0
2012-11-12,0,,0.07,6.65741666666667,0.0
2012-11-13,0,,0.12,8.84704166666667,0.0
2012-11-14,0,,0.15,7.421125,0.0
2012-11-15,0,,0.03,6.746625,0.0
2012-11-16,0,,0.0,7.245833333333334,0.0
2012-11-17,0,,0.2,5.737083333333335,0.0
2012-11-18,0,,0.0,5.718916666666668,0.0
2012-11-19,0,,0.0,6.136499999999999,0.0
2012-11-20,0,,0.0,5.122124999999999,0.0
2012-11-21,0,,0.0,5.532166666666668,0.0
2012-11-22,0,,2.8000000000000003,6.880083333333334,0.0
2012-11-23,0,,0.0,5.145041666666667,0.0
2012-11-24,0,,0.6000000000000001,5.396541666666667,0.0
2012-11-25,0,,0.0,3.0247916666666668,0.0
2012-11-26,0,,0.0,4.189708333333334,0.0
2012-11-27,0,,0.0,5.514833333333335,0.0
2012-11-28,0,,0.0,7.446291666666668,0.0
2012-11-29,0,,0.2,11.335416666666667,0.0
2012-11-30,0,,4.800000000000001,10.605833333333331,0.0
2012-12-01,0,,11.2,10.896083333333335,0.0
2012-12-02,0,,12.0,12.244749999999998,0.0
2012-12-03,0,,9.599999999999998,6.595541666666667,0.0
2012-12-04,0,,8.399999999999999,-0.6887083333333331,0.6749999999999999
2012-12-05,0,,2.6000000000000005,2.844,0.1475
2012-12-06,0,,6.4,3.7278260869565214,0.4141666666666667
2012-12-07,0,,7.2,-0.3046249999999999,0.4308333333333335
2012-12-08,0,,0.2,1.3558749999999995,0.0
2012-12-09,0,,1.8,6.850791666666665,0.0
2012-12-10,0,,16.999999999999996,2.7316956521739133,0.0
2012-12-11,0,,3.8,3.704125000000001,0.0
2012-12-12,0,,0.4,1.1540416666666664,0.0
2012-12-13,0,,0.0,-1.8979583333333327,0.0
2012-12-14,0,,0.0,-2.328375,0.0
2012-12-15,0,,0.0,-0.55375,0.0
2012-12-16,0,,6.999999999999999,0.8120434782608694,0.0
2012-12-17,0,,8.4,2.977217391304348,0.0
2012-12-18,0,,6.6000000000000005,4.618291666666667,0.0
2012-12-19,0,,4.800000000000001,3.067458333333333,0.2583333333333333
2012-12-20,0,,8.4,-3.4519999999999995,6.554166666666665
2012-12-21,0,,0.2,-3.008291666666667,6.220833333333334
2012-12-22,0,,0.2,-1.4968750000000002,2.341666666666668
2012-12-23,0,,0.0,0.3168333333333333,0.6591666666666669
2012-12-24,0,,0.2,-0.4475416666666667,0.0
2012-12-25,0,,0.0,3.2029999999999994,0.0
2012-12-26,0,,0.0,7.115374999999999,0.0
2012-12-27,0,,0.0,6.494374999999999,0.0
2012-12-28,0,,0.0,6.361250000000001,0.0
2012-12-29,0,,0.0,4.901875,0.0
2012-12-30,0,,0.0,3.305541666666666,0.0
2012-12-31,0,,0.0,3.5599166666666666,0.0
2013-01-01,0,,0.0,2.6283749999999992,0.0
2013-01-02,0,,0.0,2.0347916666666666,0.0
2013-01-03,0,,0.0,2.029041666666666,0.0
2013-01-04,0,,3.4,1.8779583333333327,0.0
2013-01-05,0,,0.2,-0.8537083333333334,0.0
2013-01-06,0,,2.6,-2.1326666666666667,2.470833333333333
2013-01-07,0,,3.6,-4.7770416666666655,21.691666666666663
2013-01-08,0,,0.0,-6.83804347826087,54.92916666666666
2013-01-09,0,,0.0,-7.766791666666665,67.15
2013-01-10,0,,0.2,-5.554500000000001,52.38749999999999
2013-01-11,0,,14.4,0.4738333333333333,44.150000000000006
2013-01-12,0,,16.999999999999996,1.9857083333333336,27.537500000000005
2013-01-13,0,,0.0,-1.2514583333333331,20.37916666666667
2013-01-14,0,,0.2,0.7283478260869566,18.5
2013-01-15,0,,0.0,1.9187499999999995,17.033333333333335
2013-01-16,0,,4.4,3.706875,15.765
2013-01-17,0,,1.4,5.149208333333333,11.979166666666664
2013-01-18,0,,2.4000000000000004,6.868875,6.495833333333333
2013-01-19,0,,0.6000000000000001,2.451291666666667,0.8916666666666668
2013-01-20,0,,0.0,6.301541666666665,0.0
2013-01-21,0,,0.2,9.542083333333332,0.0
2013-01-22,0,,0.0,7.117521739130436,0.0
2013-01-23,0,,5.4,4.059913043478262,0.0
2013-01-24,0,,4.0,6.652750000000001,0.0
2013-01-25,0,,0.0,5.198625,0.0
2013-01-26,0,,1.7999999999999998,5.1635833333333325,0.0
2013-01-27,0,,2.4,0.1054583333333333,0.0
2013-01-28,0,,0.6000000000000001,-0.4740833333333333,0.0
2013-01-29,0,,0.0,-1.5570000000000002,0.0
2013-01-30,0,,0.0,-1.6617826086956524,0.0
2013-01-31,0,,5.6000000000000005,0.0203478260869565,1.1666666666666667
2013-02-01,0,,0.0,0.7560833333333336,0.425
2013-02-02,0,,0.0,5.518375,0.0
2013-02-03,0,,0.0,10.71075,0.0
2013-02-04,0,,0.0,8.786291666666665,0.0
2013-02-05,0,,0.0,6.931041666666669,0.0
2013-02-06,0,,0.0,8.659,0.0
2013-02-07,0,,0.0,10.296666666666663,0.0
2013-02-08,0,,12.799999999999995,4.857,0.0
2013-02-09,0,,3.8,5.438583333333334,0.0
2013-02-10,0,,6.200000000000002,4.40475,0.0
2013-02-11,0,,6.4,2.283666666666666,0.0
2013-02-12,0,,0.0,2.0767391304347824,0.0
2013-02-13,0,,0.0,5.882375000000001,0.0
2013-02-14,0,,5.2,6.143583333333335,0.0
2013-02-15,0,,4.4,0.5018333333333332,0.0
2013-02-16,0,,0.2,-1.804125,0.0
2013-02-17,0,,0.0,-1.2820416666666663,0.0
2013-02-18,0,,0.0,-2.7730833333333336,0.0
2013-02-19,0,,4.2,2.862375,0.0
2013-02-20,0,,0.2,-0.5562916666666667,0.0
2013-02-21,0,,1.8,2.264041666666667,0.0
2013-02-22,0,,0.8,4.428291666666667,0.0
2013-02-23,0,,0.2,5.886374999999998,0.0
2013-02-24,0,,0.0,7.310708333333333,0.0
2013-02-25,0,,0.0,8.967250000000002,0.0
2013-02-26,0,,4.2,7.682600000000001,0.0
2013-02-27,0,,1.2,2.9084166666666658,0.0
2013-02-28,0,,0.2,-0.7983333333333333,0.0
2013-03-01,0,,0.0,0.7224999999999997,0.0
2013-03-02,0,,0.0,4.156249999999999,0.0
2013-03-03,0,,0.0,1.061125,0.0
2013-03-04,0,,0.0,0.8606666666666664,0.0
2013-03-05,0,,0.0,-3.2018333333333326,0.0
2013-03-06,0,,0.0,3.701608695652174,0.0
2013-03-07,0,,0.0,6.990708333333334,0.0
2013-03-08,0,,0.4,8.420166666666669,0.0
2013-03-09,0,,0.2,8.471041666666668,0.0
2013-03-10,0,,0.0,8.837208333333335,0.0
2013-03-11,0,,2.6,10.818333333333335,0.0
2013-03-12,0,,6.999999999999999,7.256583333333334,0.0
2013-03-13,0,,0.2,8.649500000000002,0.0
2013-03-14,0,,0.0,14.081874999999998,0.0
2013-03-15,0,,21.800000000000004,5.130374999999998,0.0
2013-03-16,0,,2.0,0.0198749999999999,0.0
2013-03-17,0,,0.2,-2.721125,0.0
2013-03-18,0,,0.0,3.0148749999999995,0.0
2013-03-19,0,,0.0,9.037916666666666,0.0
2013-03-20,0,,0.0,8.468208333333331,0.0
2013-03-21,0,,0.0,12.645416666666664,0.0
2013-03-22,0,,11.4,2.5732916666666665,0.0
2013-03-23,0,,0.2,-0.8718333333333333,0.0
2013-03-24,0,,0.2,4.990875000000002,0.0
2013-03-25,0,,0.6,11.054782608695652,0.0
2013-03-26,0,,4.8,8.579916666666666,0.0
2013-03-27,0,,9.8,7.567416666666666,0.0
2013-03-28,0,,0.4,3.0283333333333338,0.0
2013-03-29,0,,0.2,9.114125,0.0
2013-03-30,0,,0.0,13.764166666666666,0.0
2013-03-31,0,,0.0,16.083636363636362,0.0
2013-04-01,0,,8.2,9.730541666666666,0.0
2013-04-02,0,,0.0,11.960833333333332,0.0
2013-04-03,0,,5.6,12.260833333333336,0.0
2013-04-04,0,,1.0,7.8963333333333345,0.0
2013-04-05,0,,0.0,12.405333333333331,0.0
2013-04-06,0,,0.0,15.972083333333336,0.0
2013-04-07,0,,0.4,12.918833333333334,0.0
2013-04-08,0,,2.8000000000000003,4.512375,0.0
2013-04-09,0,,0.0,4.198708333333333,0.0
2013-04-10,0,,0.0,6.747166666666668,0.0
2013-04-11,0,,0.0,7.376791666666666,0.0
2013-04-12,0,,0.0,9.419708333333332,0.0
2013-04-13,0,,0.0,13.061250000000005,0.0
2013-04-14,0,,8.6,8.294208333333334,0.0
2013-04-15,0,,0.6000000000000001,4.828916666666667,0.0
2013-04-16,0,,0.2,3.9794166666666673,0.0
2013-04-17,0,,1.2,2.5525217391304342,0.0
2013-04-18,0,,0.0,1.908375,0.0
2013-04-19,0,,0.0,4.309833333333333,0.0
2013-04-20,0,,0.2,4.358249999999999,0.0
2013-04-21,0,,3.6,3.6525,0.0
2013-04-22,0,,0.0,5.27725,0.0
2013-04-23,0,,0.0,8.867166666666664,0.0
2013-04-24,0,,0.0,11.70773913043478,0.0
2013-04-25,0,,0.0,13.819347826086952,0.0
2013-04-26,0,,0.0,14.180416666666666,0.0
2013-04-27,0,,0.0,17.476249999999997,0.0
2013-04-28,0,,0.0,17.728333333333335,0.0
2013-04-29,0,,0.0,17.234999999999992,0.0
2013-04-30,0,,0.0,14.197777777777777,0.0
2013-05-01,0,,0.0,17.555833333333332,0.0
2013-05-02,0,,0.0,16.619583333333335,0.0
2013-05-03,0,,0.0,17.30291666666667,0.0
2013-05-04,0,,0.0,17.120000000000005,0.0
2013-05-05,0,,0.0,15.607916666666666,0.0
2013-05-06,0,,0.0,13.97,0.0
2013-05-07,0,,0.0,17.73,0.0
2013-05-08,0,,0.0,16.72,0.0
2013-05-09,0,,0.0,14.04,0.0
2013-05-10,0,,1.0,13.465833333333334,0.0
2013-05-11,0,,0.0,12.386666666666663,0.0
2013-05-12,0,,0.8,14.080869565217393,0.0
2013-05-13,0,,30.0,12.041666666666666,0.0
2013-05-14,0,,16.0,11.676666666666668,0.0
2013-05-15,0,,14.2,10.734304347826088,0.0
2013-05-16,0,,0.4,15.140833333333331,0.0
2013-05-17,0,,0.0,16.843333333333334,0.0
2013-05-18,0,,0.0,17.559583333333332,0.0
2013-05-19,0,,0.0,16.79291666666667,0.0
2013-05-20,0,,0.0,16.096249999999998,0.0
2013-05-21,0,,0.0,17.356666666666666,0.0
2013-05-22,0,,0.0,19.90958333333333,0.0
2013-05-23,0,,0.0,21.742083333333337,0.0
2013-05-24,0,,0.0,16.485000000000003,0.0
2013-05-25,0,,0.0,16.184999999999995,0.0
2013-05-26,0,,0.0,17.543333333333333,0.0
2013-05-27,0,,0.0,13.133625,0.0
2013-05-28,0,,0.0,14.892499999999998,0.0
2013-05-29,0,,0.0,18.83565217391304,0.0
2013-05-30,0,,0.0,18.747916666666665,0.0
2013-05-31,0,,0.0,18.652083333333334,0.0
2013-06-01,0,,0.0,15.486249999999998,0.0
2013-06-02,0,,5.4,14.77375,0.0
2013-06-03,0,,0.2,12.863333333333332,0.0
2013-06-04,0,,0.0,14.990833333333333,0.0
2013-06-05,0,,7.000000000000001,13.057083333333336,0.0
2013-06-06,0,,1.2,13.354166666666666,0.0
2013-06-07,0,,11.2,12.553333333333336,0.0
2013-06-08,0,,0.2,15.05,0.0
2013-06-09,0,,0.0,13.75666666666667,0.0
2013-06-10,0,,0.0,15.845416666666663,0.0
2013-06-11,0,,0.0,18.48375,0.0
2013-06-12,0,,0.2,15.282083333333334,0.0
2013-06-13,0,,2.6,15.512916666666667,0.0
2013-06-14,0,,0.6000000000000001,15.021666666666665,0.0
2013-06-15,0,,16.2,15.118750000000004,0.0
2013-06-16,0,,3.0,18.05375,0.0
2013-06-17,0,,0.0,17.0,0.0
2013-06-18,0,,0.0,15.758333333333333,0.0
2013-06-19,0,,0.0,18.365,0.0
2013-06-20,0,,0.0,16.953750000000003,0.0
2013-06-21,0,,0.0,16.234583333333333,0.0
2013-06-22,0,,0.0,18.022916666666667,0.0
2013-06-23,0,,0.0,23.21666666666667,0.0
2013-06-24,0,,0.0,22.52333333333333,0.0
2013-06-25,0,,0.0,21.613333333333333,0.0
2013-06-26,0,,0.0,19.205,0.0
2013-06-27,0,,0.0,19.86083333333333,0.0
2013-06-28,0,,0.0,19.76375,0.0
2013-06-29,0,,0.0,19.630416666666665,0.0
2013-06-30,0,,0.6000000000000001,18.256666666666668,0.0
2013-07-01,0,,3.0,13.825652173913038,0.0
2013-07-02,0,,0.0,13.546521739130435,0.0
2013-07-03,0,,0.0,13.891999999999998,0.0
2013-07-04,0,,0.0,15.824999999999998,0.0
2013-07-05,0,,0.0,17.64166666666667,0.0
2013-07-06,0,,1.2000000000000002,19.636666666666667,0.0
2013-07-07,0,,0.6000000000000001,18.472916666666663,0.0
2013-07-08,0,,0.0,21.77521739130435,0.0
2013-07-09,0,,0.0,22.030833333333334,0.0
2013-07-10,0,,0.0,20.010416666666668,0.0
2013-07-11,0,,0.0,18.78217391304348,0.0
2013-07-12,0,,0.0,18.941666666666663,0.0
2013-07-13,0,,0.0,18.430416666666662,0.0
2013-07-14,0,,0.0,17.808333333333334,0.0
2013-07-15,0,,0.0,18.661666666666665,0.0
2013-07-16,0,,0.6,18.06458333333333,0.0
2013-07-17,0,,0.8,17.74125,0.0
2013-07-18,0,,0.4,16.959999999999997,0.0
2013-07-19,0,,0.0,17.406250000000004,0.0
2013-07-20,0,,0.0,18.040000000000003,0.0
2013-07-21,0,,0.0,18.74083333333333,0.0
2013-07-22,0,,0.0,15.472083333333332,0.0
2013-07-23,0,,0.0,17.6975,0.0
2013-07-24,0,,0.0,19.76,0.0
2013-07-25,0,,0.0,19.67083333333333,0.0
2013-07-26,0,,0.0,19.00208333333333,0.0
2013-07-27,0,,0.0,16.89958333333333,0.0
2013-07-28,0,,0.0,16.612083333333334,0.0
2013-07-29,0,,0.4,19.74416666666667,0.0
2013-07-30,0,,0.0,21.76458333333333,0.0
2013-07-31,0,,0.6000000000000001,20.398750000000003,0.0
2013-08-01,0,,0.6,17.459166666666665,0.0
2013-08-02,0,,0.0,18.23333333333333,0.0
2013-08-03,0,,0.0,19.160000000000004,0.0
2013-08-04,0,,0.0,18.933750000000003,0.0
2013-08-05,0,,0.0,18.79958333333333,0.0
2013-08-06,0,,0.0,18.74,0.0
2013-08-07,0,,0.0,18.797083333333333,0.0
2013-08-08,0,,0.0,19.765000000000004,0.0
2013-08-09,0,,0.0,20.434166666666663,0.0
2013-08-10,0,,0.0,20.342916666666664,0.0
2013-08-11,0,,0.0,18.669166666666666,0.0
2013-08-12,0,,0.0,18.82708333333333,0.0
2013-08-13,0,,0.0,20.75958333333333,0.0
2013-08-14,0,,0.0,21.75833333333333,0.0
2013-08-15,0,,0.0,21.949583333333333,0.0
2013-08-16,0,,0.0,22.131666666666664,0.0
2013-08-17,0,,0.0,20.11916666666667,0.0
2013-08-18,0,,0.0,18.92375,0.0
2013-08-19,0,,0.0,21.91125,0.0
2013-08-20,0,,0.0,19.87260869565217,0.0
2013-08-21,0,,0.0,19.547083333333333,0.0
2013-08-22,0,,0.0,19.075833333333332,0.0
2013-08-23,0,,0.0,17.826249999999998,0.0
2013-08-24,0,,0.0,18.5375,0.0
2013-08-25,0,,0.0,20.25208333333333,0.0
2013-08-26,0,,0.0,19.971666666666664,0.0
2013-08-27,0,,0.0,20.64833333333333,0.0
2013-08-28,0,,0.0,22.1175,0.0
2013-08-29,0,,0.0,21.29833333333333,0.0
2013-08-30,0,,0.0,17.772916666666664,0.0
2013-08-31,0,,0.0,14.610833333333336,0.0
2013-09-01,0,,0.0,15.052916666666668,0.0
2013-09-02,0,,0.0,16.01434782608696,0.0
2013-09-03,0,,10.0,17.77875,0.0
2013-09-04,0,,1.2000000000000002,11.217125,0.0
2013-09-05,0,,0.2,11.414458333333334,0.0
2013-09-06,0,,0.0,14.5225,0.0
2013-09-07,0,,0.0,14.847083333333336,0.0
2013-09-08,0,,0.4,13.213750000000005,0.0
2013-09-09,0,,0.0,12.183333333333335,0.0
2013-09-10,0,,0.2,14.951250000000002,0.0
2013-09-11,0,,0.0,18.25958333333333,0.0
2013-09-12,0,,0.0,20.33833333333333,0.0
2013-09-13,0,,0.0,20.9725,0.0
2013-09-14,0,,0.0,13.129625,0.0
2013-09-15,0,,0.0,13.654583333333331,0.0
2013-09-16,0,,0.0,17.191666666666666,0.0
2013-09-17,0,,0.0,15.515416666666663,0.0
2013-09-18,0,,0.8,15.277916666666664,0.0
2013-09-19,0,,0.2,16.454166666666666,0.0
2013-09-20,0,,0.0,12.3775,0.0
2013-09-21,0,,0.0,10.759291666666668,0.0
2013-09-22,0,,0.0,10.56282608695652,0.0
2013-09-23,0,,0.0,10.899208333333332,0.0
2013-09-24,0,,0.0,11.588695652173914,0.0
2013-09-25,0,,0.0,14.459130434782608,0.0
2013-09-26,0,,0.0,17.901666666666667,0.0
2013-09-27,0,,1.4,15.644583333333337,0.0
2013-09-28,0,,0.2,13.878333333333336,0.0
2013-09-29,0,,0.0,15.312916666666666,0.0
2013-09-30,0,,0.0,18.715,0.0
2013-10-01,2,outflow_treatment_m3_statistical_outlier,10.8,13.350833333333332,0.0
2013-10-02,0,,3.000000000000001,7.295666666666668,0.0
2013-10-03,0,,5.6000000000000005,3.074956521739131,0.0
2013-10-04,0,,0.2,2.037125,0.0
2013-10-05,0,,5.800000000000001,2.2958333333333334,0.0
2013-10-06,0,,0.0,2.6986666666666674,0.0
2013-10-07,0,,0.0,5.438791666666667,0.0
2013-10-08,0,,0.0,9.438347826086956,0.0
2013-10-09,0,,0.0,12.897916666666664,0.0
2013-10-10,0,,0.0,14.437916666666665,0.0
2013-10-11,0,,0.0,15.41958333333333,0.0
2013-10-12,0,,0.0,13.746666666666668,0.0
2013-10-13,0,,0.0,10.605083333333337,0.0
2013-10-14,0,,0.0,10.43275,0.0
2013-10-15,0,,0.0,13.390833333333331,0.0
2013-10-16,0,,14.8,14.986250000000004,0.0
2013-10-17,0,,32.8,10.884583333333332,0.0
2013-10-18,2,inflow_m3_statistical_outlier,80.19999999999997,8.375458333333333,0.0
2013-10-19,0,,2.4,5.724875,0.0
2013-10-20,0,,0.0,6.425782608695653,0.0
2013-10-21,0,,0.0,8.917125,0.0
2013-10-22,0,,0.0,11.410541666666663,0.0
2013-10-23,0,,0.0,10.090833333333334,0.0
2013-10-24,0,,0.0,8.8265,0.0
2013-10-25,0,,0.0,9.310708333333334,0.0
2013-10-26,0,,0.0,8.089333333333334,0.0
2013-10-27,2,outflow_treatment_m3_statistical_outlier,0.0,11.157041666666665,0.0
2013-10-28,0,,0.0,12.104874999999998,0.0
2013-10-29,0,,0.0,13.134583333333332,0.0
2013-10-30,0,,0.0,12.700708333333331,0.0
2013-10-31,0,,0.0,9.330166666666663,0.0
2013-11-01,0,,0.0,11.908333333333331,0.0
2013-11-02,0,,0.0,11.92125,0.0
2013-11-03,0,,0.0,11.6595,0.0
2013-11-04,0,,0.0,12.349130434782609,0.0
2013-11-05,0,,0.0,12.037916666666666,0.0
2013-11-06,0,,0.0,13.162173913043478,0.0
2013-11-07,0,,7.6,3.883541666666666,0.0
2013-11-08,0,,3.8,5.673541666666667,0.0
2013-11-09,0,,1.9,4.7785416666666665,0.0
2013-11-10,0,,0.05,5.226041666666667,0.0
2013-11-11,0,,0.04,4.890416666666667,0.0
2013-11-12,0,,0.0,6.176979166666667,0.0
2013-11-13,0,,0.09,5.104843750000001,0.0
2013-11-14,0,,0.04,6.284192708333334,0.0
2013-11-15,0,,0.0,7.463541666666667,0.0
2013-11-16,0,,0.4,4.5343125,0.0
2013-11-17,0,,0.0,4.2900833333333335,0.0
2013-11-18,0,,0.0,4.696625,0.0
2013-11-19,0,,0.0,7.869,0.0
2013-11-20,0,,0.2,9.612249999999998,0.0
2013-11-21,0,,4.8,9.834333333333332,0.0
2013-11-22,0,,3.8,8.704333333333333,0.0
2013-11-23,0,,0.0,9.916666666666668,0.0
2013-11-24,0,,0.4,11.060833333333331,0.0
2013-11-25,0,,17.6,8.316041666666667,0.0
2013-11-26,0,,5.4,6.761625000000001,0.0
2013-11-27,0,,0.0,7.39875,0.0
2013-11-28,0,,0.6000000000000001,2.8266249999999995,0.0
2013-11-29,0,,0.2,0.4838750000000001,0.0
2013-11-30,0,,0.0,2.9776666666666665,0.0
2013-12-01,0,,0.0,6.994375000000001,0.0
2013-12-02,0,,2.8000000000000003,4.404458333333333,0.0
2013-12-03,0,,0.0,-2.3663333333333334,0.8166666666666671
2013-12-04,0,,0.0,-2.222541666666667,0.0
2013-12-05,0,,0.0,-0.1077083333333332,0.0
2013-12-06,0,,0.0,2.253625,0.0
2013-12-07,0,,1.7999999999999998,-3.1629166666666664,6.462499999999999
2013-12-08,0,,3.4000000000000004,-4.3439565217391305,7.833333333333337
2013-12-09,0,,7.0,-1.6349583333333333,6.270833333333335
2013-12-10,0,,9.8,-3.905583333333334,34.01666666666667
2013-12-11,0,,0.0,-5.890260869565218,61.56250000000001
2013-12-12,0,,0.2,-5.73395652173913,53.600000000000016
2013-12-13,0,,0.2,-5.124708333333334,47.95
2013-12-14,0,,0.0,-3.314458333333333,42.79166666666666
2013-12-15,0,,0.0,-0.9142083333333332,37.9
2013-12-16,0,,0.0,0.0805416666666666,34.43333333333333
2013-12-17,0,,0.0,-0.5723478260869566,31.52916666666667
2013-12-18,0,,0.0,-1.339166666666667,29.366666666666667
2013-12-19,0,,0.0,-2.2787916666666668,27.47916666666667
2013-12-20,0,,0.0,-0.9588333333333336,26.27500000000001
2013-12-21,0,,0.0,-0.9187500000000004,25.129166666666663
2013-12-22,0,,0.0,-2.452291666666667,24.120833333333334
2013-12-23,0,,0.0,-1.5242916666666668,23.28333333333333
2013-12-24,0,,0.0,2.255000000000001,23.245833333333323
2013-12-25,0,,0.0,1.845875,22.35416666666667
2013-12-26,0,,0.0,2.6099166666666678,21.552499999999995
2013-12-27,0,,0.0,4.491333333333333,21.15833333333334
2013-12-28,0,,0.0,6.730625,19.820833333333336
2013-12-29,0,,0.0,4.934458333333333,16.10833333333333
2013-12-30,0,,0.0,1.9125,12.183333333333335
2013-12-31,0,,0.0,0.6449583333333336,9.325
2014-01-01,0,,0.0,0.5132916666666667,7.091666666666669
2014-01-02,0,,0.0,2.0119583333333333,6.408333333333331
2014-01-03,0,,0.0,3.5853749999999995,4.6625000000000005
2014-01-04,0,,0.0,2.8948749999999994,2.5958333333333345
2014-01-05,0,,0.0,3.532333333333334,1.316666666666667
2014-01-06,0,,0.0,1.8274166666666671,0.0
2014-01-07,0,,0.0,0.8272500000000002,0.0
2014-01-08,0,,0.0,2.2267916666666667,0.0
2014-01-09,0,,0.0,0.7368333333333333,0.0
2014-01-10,0,,0.0,0.8235833333333332,0.0
2014-01-11,0,,0.0,1.2472500000000004,0.0
2014-01-12,0,,0.2,2.5053749999999995,0.0
2014-01-13,0,,0.2,3.0740000000000003,0.0
2014-01-14,0,,0.0,3.7152916666666673,0.0
2014-01-15,0,,0.0,6.3224583333333335,0.0
2014-01-16,0,,0.6000000000000001,7.419041666666668,0.0
2014-01-17,0,,0.0,5.866708333333332,0.0
2014-01-18,0,,0.0,7.934041666666666,0.0
2014-01-19,0,,0.0,7.012958333333333,0.0
2014-01-20,0,,0.0,3.3946458333333336,0.0
2014-01-21,0,,1.42,1.6719270833333335,0.0
2014-01-22,0,,0.95,0.6746302083333333,0.0
2014-01-23,0,,1.18,-0.0146848958333334,0.0
2014-01-24,0,,0.06,-0.3593424479166668,0.0
2014-01-25,0,,1.09,-0.8004420572916668,0.0
2014-01-26,0,,0.12,-1.7785960286458335,0.0
2014-01-27,0,,0.05,-1.2895190429687502,0.0
2014-01-28,0,,1.23,-1.534057535807292,0.0
2014-01-29,0,,0.97,-1.9201954345703127,0.0
2014-01-30,0,,0.2,-2.3063333333333333,0.0
2014-01-31,0,,0.0,-2.7567500000000003,0.0
2014-02-01,0,,0.0,-1.2415416666666668,0.0
2014-02-02,0,,0.0,-0.0507916666666665,0.0
2014-02-03,0,,0.0,-0.3226666666666667,0.0
2014-02-04,0,,0.0,-0.7040000000000002,0.0
2014-02-05,0,,0.0,1.3462916666666669,0.0
2014-02-06,0,,0.0,2.4597916666666664,0.0
2014-02-07,0,,0.4,3.988958333333334,0.0
2014-02-08,0,,0.0,6.561624999999999,0.0
2014-02-09,0,,2.2,7.558416666666666,0.0
2014-02-10,0,,0.2,6.269375000000001,0.0
2014-02-11,0,,0.0,9.404791666666666,0.0
2014-02-12,0,,0.0,12.0605,0.0
2014-02-13,0,,0.0,9.1649375,0.0
2014-02-14,0,,2.4000000000000004,6.511839999999999,0.0
2014-02-15,0,,0.2,3.0265416666666662,0.0
2014-02-16,0,,0.0,3.6381666666666654,0.0
2014-02-17,0,,0.2,9.133791666666667,0.0
2014-02-18,0,,0.0,9.312166666666664,0.0
2014-02-19,0,,0.0,10.0925,0.0
2014-02-20,0,,0.0,11.092916666666666,0.0
2014-02-21,0,,0.0,10.355541666666664,0.0
2014-02-22,0,,0.0,5.352083333333334,0.0
2014-02-23,0,,4.0,5.50225,0.0
2014-02-24,0,,3.2,2.8666250000000004,0.0
2014-02-25,0,,1.6,0.7510416666666667,0.0
2014-02-26,0,,0.2,-0.40625,0.0
2014-02-27,0,,0.0,0.2456666666666666,0.0
2014-02-28,0,,0.0,3.039875,0.0
2014-03-01,0,,1.4,6.370374999999999,0.0
2014-03-02,0,,0.0,7.573708333333333,0.0
2014-03-03,0,,1.7999999999999998,9.671083333333335,0.0
2014-03-04,0,,0.0,6.206166666666668,0.0
2014-03-05,0,,3.0,7.584541666666666,0.0
2014-03-06,0,,0.0,6.479333333333336,0.0
2014-03-07,0,,7.800000000000001,5.662375000000001,0.0
2014-03-08,0,,0.2,2.4340833333333336,0.0
2014-03-09,0,,4.2,1.846166666666667,0.0
2014-03-10,0,,7.0,2.129,0.0
2014-03-11,0,,4.800000000000001,0.0660416666666666,0.0
2014-03-12,0,,0.2,1.4368333333333334,0.0
2014-03-13,0,,0.8,-0.9888749999999998,0.0
2014-03-14,0,,0.0,2.47175,0.0
2014-03-15,0,,0.4,7.2885,0.0
2014-03-16,0,,8.399999999999999,5.891541666666668,0.0
2014-03-17,0,,0.0,5.863708333333332,0.0
2014-03-18,0,,0.0,7.779041666666664,0.0
2014-03-19,0,,0.0,11.389333333333331,0.0
2014-03-20,0,,0.4,3.710083333333333,0.0
2014-03-21,0,,0.0,8.524833333333333,0.0
2014-03-22,0,,0.0,10.329624999999998,0.0
2014-03-23,0,,0.0,10.479416666666664,0.0
2014-03-24,0,,0.0,12.03995652173913,0.0
2014-03-25,0,,3.0,6.852916666666666,0.0
2014-03-26,0,,0.2,7.242458333333332,0.0
2014-03-27,0,,0.2,10.018458333333331,0.0
2014-03-28,0,,1.7999999999999998,7.468458333333335,0.0
2014-03-29,0,,4.0,0.4806666666666664,0.0
2014-03-30,0,,0.0,-0.0426956521739131,0.0
2014-03-31,0,,0.0,7.038391304347824,0.0
2014-04-01,0,,0.0,9.361708333333334,0.0
2014-04-02,0,,0.0,8.868777777777776,0.0
2014-04-03,0,,0.0,7.972000000000003,0.0
2014-04-04,0,,0.0,12.144541666666669,0.0
2014-04-05,0,,0.0,14.345833333333331,0.0
2014-04-06,0,,0.8,11.920583333333337,0.0
2014-04-07,0,,0.0,6.19008695652174,0.0
2014-04-08,0,,0.0,4.868708333333333,0.0
2014-04-09,0,,0.0,8.08304347826087,0.0
2014-04-10,0,,5.8,10.961958333333332,0.0
2014-04-11,0,,2.4,4.925375000000001,0.0
2014-04-12,0,,0.2,4.1613750000000005,0.0
2014-04-13,0,,0.0,6.979541666666665,0.0
2014-04-14,0,,0.0,7.1072500000000005,0.0
2014-04-15,0,,0.0,10.615541666666669,0.0
2014-04-16,0,,0.0,12.412958333333334,0.0
2014-04-17,0,,0.0,13.239166666666668,0.0
2014-04-18,0,,0.0,8.418583333333332,0.0
2014-04-19,0,,0.2,7.75475,0.0
2014-04-20,0,,0.0,9.904458333333332,0.0
2014-04-21,0,,0.0,10.57025,0.0
2014-04-22,0,,0.0,15.810416666666669,0.0
2014-04-23,0,,0.0,16.288333333333334,0.0
2014-04-24,0,,0.0,14.557083333333331,0.0
2014-04-25,0,,0.0,13.722083333333336,0.0
2014-04-26,0,,0.0,10.107208333333334,0.0
2014-04-27,0,,0.0,11.35125,0.0
2014-04-28,0,,0.0,9.553791666666664,0.0
2014-04-29,0,,0.0,9.794375,0.0
2014-04-30,0,,0.0,8.528,0.0
2014-05-01,0,,0.0,10.012916666666667,0.0
2014-05-02,0,,0.0,9.67920833333333,0.0
2014-05-03,0,,0.0,13.023333333333332,0.0
2014-05-04,0,,0.0,13.483333333333327,0.0
2014-05-05,0,,0.0,11.110208333333334,0.0
2014-05-06,0,,4.4,7.168166666666668,0.0
2014-05-07,0,,0.0,7.865416666666667,0.0
2014-05-08,0,,6.8,10.36575,0.0
2014-05-09,0,,13.999999999999998,9.025416666666668,0.0
2014-05-10,0,,2.2,9.847499999999998,0.0
2014-05-11,0,,0.8,9.784708333333334,0.0
2014-05-12,0,,0.0,14.793333333333337,0.0
2014-05-13,0,,0.0,14.565833333333336,0.0
2014-05-14,0,,0.0,19.44375,0.0
2014-05-15,0,,0.0,14.816250000000002,0.0
2014-05-16,0,,0.2,13.454999999999998,0.0
2014-05-17,0,,0.0,11.678416666666667,0.0
2014-05-18,0,,6.4,10.434958333333334,0.0
2014-05-19,0,,0.0,12.336166666666664,0.0
2014-05-20,0,,0.0,12.716333333333331,0.0
2014-05-21,0,,0.0,12.972916666666665,0.0
2014-05-22,0,,0.0,12.224166666666669,0.0
2014-05-23,0,,0.0,12.667125,0.0
2014-05-24,0,,0.0,13.102083333333336,0.0
2014-05-25,0,,0.0,14.657916666666663,0.0
2014-05-26,0,,0.0,16.014999999999997,0.0
2014-05-27,0,,0.0,16.914999999999996,0.0
2014-05-28,0,,0.0,18.0375,0.0
2014-05-29,0,,2.4,18.42833333333333,0.0
2014-05-30,0,,7.600000000000001,11.971875,0.0
2014-05-31,0,,1.6,11.514375,0.0
2014-06-01,0,,0.0,10.795000000000002,0.0
2014-06-02,0,,9.4,11.578333333333331,0.0
2014-06-03,0,,2.2,13.31875,0.0
2014-06-04,0,,2.0,15.23375,0.0
2014-06-05,0,,12.8,13.557916666666667,0.0
2014-06-06,0,,17.799999999999997,14.43916666666667,0.0
2014-06-07,0,,0.2,15.431666666666668,0.0
2014-06-08,0,,0.0,14.818695652173911,0.0
2014-06-09,0,,0.0,17.20625,0.0
2014-06-10,0,,0.0,17.600833333333334,0.0
2014-06-11,0,,2.6,15.985833333333332,0.0
2014-06-12,0,,0.0,13.999166666666666,0.0
2014-06-13,0,,0.0,15.975600000000004,0.0
2014-06-14,0,,0.0,19.06083333333333,0.0
2014-06-15,0,,0.0,18.48958333333333,0.0
2014-06-16,0,,3.0,16.33416666666667,0.0
2014-06-17,0,,0.0,18.953333333333333,0.0
2014-06-18,0,,0.0,20.137916666666666,0.0
2014-06-19,0,,4.4,18.315,0.0
2014-06-20,0,,4.8,12.74454166666667,0.0
2014-06-21,0,,1.2000000000000002,14.374166666666667,0.0
2014-06-22,0,,0.0,13.245416666666667,0.0
2014-06-23,0,,0.0,14.504166666666668,0.0
2014-06-24,0,,0.0,17.069166666666668,0.0
2014-06-25,0,,0.0,20.02583333333333,0.0
2014-06-26,0,,0.0,21.99291666666667,0.0
2014-06-27,0,,0.0,20.87,0.0
2014-06-28,0,,0.0,15.991666666666667,0.0
2014-06-29,0,,0.0,15.257083333333336,0.0
2014-06-30,0,,0.0,18.843030303030307,0.0
2014-07-01,0,,0.0,18.551666666666662,0.0
2014-07-02,0,,0.0,17.15583333333333,0.0
2014-07-03,0,,0.0,16.542916666666667,0.0
2014-07-04,0,,1.6,15.017083333333334,0.0
2014-07-05,0,,0.0,15.863333333333337,0.0
2014-07-06,0,,0.0,18.34083333333333,0.0
2014-07-07,0,,0.0,18.215,0.0
2014-07-08,0,,0.0,18.378333333333337,0.0
2014-07-09,0,,0.0,21.015416666666663,0.0
2014-07-10,0,,0.0,21.45583333333333,0.0
2014-07-11,0,,0.0,23.529166666666665,0.0
2014-07-12,0,,14.8,20.51625,0.0
2014-07-13,0,,0.2,17.59625,0.0
2014-07-14,0,,0.0,18.72125,0.0
2014-07-15,0,,9.6,19.43125,0.0
2014-07-16,0,,1.0,18.050434782608693,0.0
2014-07-17,0,,0.0,17.624583333333337,0.0
2014-07-18,0,,0.0,18.11125,0.0
2014-07-19,0,,1.0,17.574583333333333,0.0
2014-07-20,0,,2.2,17.06625,0.0
2014-07-21,0,,0.0,17.756249999999998,0.0
2014-07-22,0,,0.0,21.03217391304348,0.0
2014-07-23,0,,0.0,22.320416666666663,0.0
2014-07-24,0,,2.0,18.685,0.0
2014-07-25,0,,0.4,18.915000000000003,0.0
2014-07-26,0,,0.0,19.039583333333333,0.0
2014-07-27,0,,0.0,19.572916666666664,0.0
2014-07-28,0,,0.0,21.12,0.0
2014-07-29,0,,0.0,21.04583333333333,0.0
2014-07-30,0,,0.0,19.01875,0.0
2014-07-31,0,,0.0,20.76791666666667,0.0
2014-08-01,0,,0.0,22.354583333333338,0.0
2014-08-02,0,,6.0,18.91833333333333,0.0
2014-08-03,0,,0.4,18.38666666666667,0.0
2014-08-04,0,,0.2,19.61791666666667,0.0
2014-08-05,0,,0.2,20.81083333333333,0.0
2014-08-06,0,,0.0,22.69217391304348,0.0
2014-08-07,0,,2.4,18.690869565217387,0.0
2014-08-08,0,,0.0,18.06458333333333,0.0
2014-08-09,0,,0.0,17.34,0.0
2014-08-10,0,,0.0,20.938695652173912,0.0
2014-08-11,0,,0.0,20.937826086956523,0.0
2014-08-12,0,,0.0,20.936521739130438,0.0
2014-08-13,0,,0.0,21.47083333333333,0.0
2014-08-14,0,,0.0,23.115,0.0
2014-08-15,0,,0.0,21.914583333333336,0.0
2014-08-16,0,,0.0,22.404166666666654,0.0
2014-08-17,0,,0.0,20.902916666666663,0.0
2014-08-18,0,,3.4,16.046666666666667,0.0
2014-08-19,0,,0.2,16.550833333333333,0.0
2014-08-20,0,,1.4,18.276249999999997,0.0
2014-08-21,0,,0.0,19.118333333333336,0.0
2014-08-22,0,,0.0,20.836250000000003,0.0
2014-08-23,0,,0.0,20.611666666666668,0.0
2014-08-24,0,,0.0,22.03090909090909,0.0
2014-08-25,0,,0.0,20.33125,0.0
2014-08-26,0,,0.0,19.04875,0.0
2014-08-27,0,,0.0,19.89791666666667,0.0
2014-08-28,0,,0.0,20.26875,0.0
2014-08-29,0,,0.0,16.839166666666667,0.0
2014-08-30,0,,0.0,18.114583333333336,0.0
2014-08-31,0,,1.8,18.410833333333333,0.0
2014-09-01,0,,0.0,17.600833333333338,0.0
2014-09-02,0,,0.0,19.560416666666665,0.0
2014-09-03,0,,9.0,19.783999999999995,0.0
2014-09-04,0,,0.0,19.604166666666668,0.0
2014-09-05,0,,0.0,18.8425,0.0
2014-09-06,0,,0.0,16.262083333333333,0.0
2014-09-07,0,,0.0,17.422608695652176,0.0
2014-09-08,0,,0.6083333333333333,15.378333333333336,0.0
2014-09-09,0,,0.0,17.83208333333333,0.0
2014-09-10,0,,0.0,15.820434782608697,0.0
2014-09-11,0,,0.0,16.729130434782604,0.0
2014-09-12,0,,0.0,17.199166666666663,0.0
2014-09-13,0,,0.0,16.71333333333333,0.0
2014-09-14,0,,0.0,17.502857142857145,0.0
2014-09-15,0,,0.8,15.637368421052631,0.0
2014-09-16,0,,0.2,16.30375,0.0
2014-09-17,0,,24.000000000000004,14.502173913043476,0.0
2014-09-18,0,,5.000000000000001,12.7575,0.0
2014-09-19,0,,0.4,12.075,0.0
2014-09-20,0,,0.0,11.81541666666667,0.0
2014-09-21,0,,0.0,14.323043478260868,0.0
2014-09-22,0,,0.0,16.502608695652174,0.0
2014-09-23,0,,7.200000000000001,12.840695652173917,0.0
2014-09-24,0,,0.0,9.272333333333334,0.0
2014-09-25,0,,0.0,10.242708333333336,0.0
2014-09-26,0,,3.6,12.780833333333335,0.0
2014-09-27,0,,32.8,11.445833333333333,0.0
2014-09-28,2,inflow_m3_out_of_range;inflow_m3_statistical_outlier,22.39999999999999,10.502083333333331,0.0
2014-09-29,0,,1.4,9.55875,0.0
2014-09-30,0,,0.0,9.990125,0.0
2014-10-01,0,,0.0,11.33275,0.0
2014-10-02,0,,0.0,13.0075,0.0
2014-10-03,0,,0.0,11.241666666666664,0.0
2014-10-04,0,,0.0,10.914166666666668,0.0
2014-10-05,0,,0.0,11.986250000000004,0.0
2014-10-06,0,,0.0,11.2125,0.0
2014-10-07,0,,0.0,14.379166666666665,0.0
2014-10-08,0,,0.0,14.2025,0.0
2014-10-09,0,,0.0,12.829166666666666,0.0
2014-10-10,0,,0.2,12.737916666666669,0.0
2014-10-11,0,,0.2,12.824166666666668,0.0
2014-10-12,0,,0.2,10.864791666666669,0.0
2014-10-13,0,,0.0,11.150913043478264,0.0
2014-10-14,0,,0.2,10.937625000000002,0.0
2014-10-15,0,,1.4,11.970434782608695,0.0
2014-10-16,0,,0.4,15.161666666666669,0.0
2014-10-17,0,,0.0,14.684999999999995,0.0
2014-10-18,0,,21.8,10.14425,0.0
2014-10-19,0,,0.0,4.725666666666667,0.0
2014-10-20,0,,0.0,6.055125000000001,0.0
2014-10-21,0,,0.0,10.629916666666666,0.0
2014-10-22,0,,0.0,13.906666666666666,0.0
2014-10-23,0,,6.2,15.250000000000002,0.0
2014-10-24,0,,10.8,13.2675,0.0
2014-10-25,0,,4.4,10.11675,0.0
2014-10-26,0,,1.0,10.973750000000004,0.0
2014-10-27,0,,0.8,8.525416666666667,0.0
2014-10-28,0,,0.0,8.08675,0.0
2014-10-29,0,,20.200000000000003,10.597083333333334,0.0
2014-10-30,0,,11.6,7.887916666666666,0.0
2014-10-31,2,inflow_m3_statistical_outlier,5.000000000000001,6.47125,0.0
2014-11-01,2,inflow_m3_statistical_outlier,0.4,4.155458333333334,0.0
2014-11-02,0,,0.0,4.001833333333333,0.0
2014-11-03,0,,0.0,2.486333333333333,0.0
2014-11-04,0,,0.0,6.171708333333335,0.0
2014-11-05,0,,0.0,7.828875000000003,0.0
2014-11-06,0,,0.0,9.39975,0.0
2014-11-07,0,,0.0,11.141125,0.0
2014-11-08,0,,0.0,12.296666666666669,0.0
2014-11-09,0,,0.0,10.995416666666666,0.0
2014-11-10,0,,0.0,10.347458333333334,0.0
2014-11-11,0,,0.0,10.428333333333336,0.0
2014-11-12,0,,0.0,11.242083333333332,0.0
2014-11-13,0,,0.0,10.95125,0.0
2014-11-14,0,,0.4,10.781291666666668,0.0
2014-11-15,0,,0.0,9.850583333333336,0.0
2014-11-16,0,,0.2,7.121375000000001,0.0
2014-11-17,0,,0.8,9.795166666666669,0.0
2014-11-18,0,,0.0,10.245708333333338,0.0
2014-11-19,0,,10.4,11.90958333333333,0.0
2014-11-20,0,,4.8,5.806916666666667,0.0
2014-11-21,0,,4.800000000000001,3.3177500000000006,0.0
2014-11-22,0,,4.6000000000000005,2.457208333333334,0.0
2014-11-23,0,,0.6000000000000001,1.7962083333333332,0.0
2014-11-24,0,,0.4,2.3400416666666666,0.0
2014-11-25,0,,12.0,2.121583333333333,0.0
2014-11-26,2,inflow_m3_statistical_outlier,1.4,0.4415,0.0
2014-11-27,2,inflow_m3_statistical_outlier,0.0,1.1044166666666666,0.0
2014-11-28,0,,0.0,3.0582916666666677,0.0
2014-11-29,0,,2.2,6.822541666666669,0.0
2014-11-30,2,inflow_m3_statistical_outlier,14.399999999999997,4.41025,0.0
2014-12-01,0,,0.4,3.840458333333333,0.0
2014-12-02,0,,3.000000000000001,8.854624999999997,0.0
2014-12-03,0,,3.4,10.185416666666669,0.0
2014-12-04,0,,5.000000000000001,9.16375,0.0
2014-12-05,0,,0.4,9.067625000000003,0.0
2014-12-06,0,,0.6000000000000001,9.4915,0.0
2014-12-07,0,,2.8000000000000007,8.345125000000001,0.0
2014-12-08,0,,2.2,8.6315,0.0
2014-12-09,0,,1.6,8.009125,0.0
2014-12-10,0,,2.8000000000000003,5.401416666666669,0.0
2014-12-11,0,,3.6,7.861916666666667,0.0
2014-12-12,0,,9.2,6.1846250000000005,0.0
2014-12-13,0,,0.0,3.716708333333333,0.0
2014-12-14,0,,0.0,4.040458333333333,0.0
2014-12-15,0,,0.0,2.5998750000000004,0.0
2014-12-16,0,,0.0,2.7896250000000005,0.0
2014-12-17,0,,1.0,4.615791666666667,0.0
2014-12-18,0,,3.6,5.848375000000001,0.0
2014-12-19,0,,0.0,3.388833333333333,0.0
2014-12-20,0,,0.0,3.951374999999999,0.0
2014-12-21,0,,16.8,2.2329166666666675,0.6475000000000001
2014-12-22,0,,1.4,-1.6175,1.6166666666666674
2014-12-23,0,,0.0,2.075958333333333,0.0
2014-12-24,0,,0.0,5.108916666666667,0.0
2014-12-25,0,,0.0,5.693208333333334,0.0
2014-12-26,0,,3.4000000000000004,6.383041666666666,0.0
2014-12-27,0,,4.8,1.8731666666666664,0.0
2014-12-28,0,,0.0,3.74325,0.0
2014-12-29,0,,9.6,1.856458333333334,0.3208333333333333
2014-12-30,0,,1.4,-2.5122916666666666,11.345833333333331
2014-12-31,0,,5.000000000000001,-1.0735833333333331,18.33333333333333
2015-01-01,0,,0.0,-1.5277083333333332,13.699999999999998
2015-01-02,0,,0.0,-2.471625,11.175
2015-01-03,0,,0.0,-1.3449166666666663,9.104166666666668
2015-01-04,0,,13.000000000000002,-0.6870416666666666,12.074999999999998
2015-01-05,0,,6.000000000000001,-2.9535416666666667,22.1625
2015-01-06,0,,0.0,-4.167083333333333,71.14583333333333
2015-01-07,0,,0.0,-9.294458333333331,116.45833333333336
2015-01-08,0,,0.0,-8.769875,115.49166666666666
2015-01-09,0,,0.0,-7.598916666666667,105.51666666666664
2015-01-10,0,,0.0,-3.7602083333333343,104.04583333333332
2015-01-11,0,,3.4000000000000004,2.5116250000000004,95.70833333333331
2015-01-12,2,inflow_m3_statistical_outlier,9.6,-0.7548333333333334,83.7
2015-01-13,0,,0.0,0.539875,74.95833333333333
2015-01-14,0,,0.2,2.289291666666667,69.51249999999999
2015-01-15,0,,0.0,0.6469999999999998,66.01666666666667
2015-01-16,0,,0.0,-1.2545,63.62916666666669
2015-01-17,0,,0.0,0.4765833333333333,61.54583333333333
2015-01-18,0,,0.0,0.1529583333333333,60.21583333333332
2015-01-19,0,,0.0,2.265857142857143,58.82416666666669
2015-01-20,0,,0.0,4.34625,57.34583333333333
2015-01-21,0,,0.0,4.039416666666665,54.75833333333334
2015-01-22,0,,0.0,5.192666666666667,51.8875
2015-01-23,2,inflow_m3_statistical_outlier,0.0,5.750916666666665,49.02499999999999
2015-01-24,2,inflow_m3_statistical_outlier,0.0,3.917958333333333,46.29999999999999
2015-01-25,0,,0.0,4.1390416666666665,43.891666666666666
2015-01-26,0,,0.0,4.2975,41.79583333333333
2015-01-27,0,,4.0,4.540375,38.7125
2015-01-28,2,inflow_m3_statistical_outlier,1.6,1.337875,36.15
2015-01-29,0,,1.2,3.580250000000001,33.47916666666668
2015-01-30,0,,0.0,6.936500000000001,29.004166666666663
2015-01-31,2,inflow_m3_statistical_outlier,0.0,9.453625,18.441666666666663
2015-02-01,2,inflow_m3_statistical_outlier,0.0,12.309166666666664,2.4916666666666667
2015-02-02,2,inflow_m3_statistical_outlier,13.0,4.474695652173914,0.0
2015-02-03,2,inflow_m3_statistical_outlier,5.6000000000000005,1.9613750000000003,0.0
2015-02-04,2,inflow_m3_statistical_outlier,2.4,5.044875,0.0
2015-02-05,0,,0.0,7.381541666666667,0.0
2015-02-06,0,,0.0,8.713875,0.0
2015-02-07,0,,0.0,1.2258333333333338,0.0
2015-02-08,0,,3.0,1.6845,0.0
2015-02-09,0,,0.2,-1.9724166666666665,0.0816666666666666
2015-02-10,0,,0.0,-3.6319166666666662,25.53333333333333
2015-02-11,0,,2.2,-2.670333333333333,34.82916666666667
2015-02-12,0,,1.8,-1.05975,31.241666666666667
2015-02-13,0,,0.2,-0.2830416666666667,26.5875
2015-02-14,0,,0.0,0.757375,21.612499999999997
2015-02-15,0,,0.0,1.7156666666666671,17.383333333333333
2015-02-16,0,,0.0,-1.4107083333333332,15.55
2015-02-17,0,,1.7999999999999998,-6.035125,23.37083333333334
2015-02-18,0,,2.4,-5.963999999999999,42.829166666666666
2015-02-19,0,,0.0,-4.130333333333333,62.08333333333332
2015-02-20,0,,0.2,-2.669666666666666,56.63749999999999
2015-02-21,0,,0.0,-2.108708333333333,49.93333333333334
2015-02-22,0,,0.0,1.9716666666666665,46.11666666666667
2015-02-23,0,,8.399999999999999,2.9722499999999994,41.27500000000001
2015-02-24,2,inflow_m3_statistical_outlier,0.0,5.219041666666666,33.43333333333333
2015-02-25,2,inflow_m3_statistical_outlier,0.0,5.199125000000001,25.691666666666663
2015-02-26,2,inflow_m3_statistical_outlier,0.2,6.206458333333335,20.708333333333336
2015-02-27,2,inflow_m3_statistical_outlier,0.6000000000000001,7.370833333333334,15.391666666666667
2015-02-28,2,inflow_m3_statistical_outlier,0.0,4.784791666666667,10.562500000000002
2015-03-01,2,inflow_m3_statistical_outlier,0.0,2.611375,7.629166666666666
2015-03-02,0,,0.0,4.075541666666667,3.508333333333334
2015-03-03,2,inflow_m3_statistical_outlier,3.6,3.514875,0.525
2015-03-04,0,,0.2,-0.0424583333333333,0.0
2015-03-05,0,,0.0,5.567333333333333,0.0
2015-03-06,0,,0.0,7.713458333333334,0.0
2015-03-07,0,,0.0,3.461583333333333,0.0
2015-03-08,0,,0.0,1.830875,0.0
2015-03-09,0,,0.0,3.794708333333333,0.0
2015-03-10,0,,0.0,3.08175,0.0
2015-03-11,0,,0.0,2.082208333333333,0.0
2015-03-12,0,,0.0,1.7176666666666662,0.0
2015-03-13,0,,0.0,3.73616666666667,0.0
2015-03-14,0,,1.2,5.74804166666667,0.0
2015-03-15,0,,0.2,2.93645833333333,0.0
2015-03-16,0,,0.2,0.7654166666666667,0.0
2015-03-17,0,,0.0,-1.596666666666667,0.0
2015-03-18,0,,0.2,-2.9380416666666664,0.0
2015-03-19,0,,0.0,-1.811375,0.0
2015-03-20,0,,7.0,-0.871958333333333,1.06666666666667
2015-03-21,0,,10.6,-0.154,8.325
2015-03-22,0,,0.0,4.454125,3.25833333333333
2015-03-23,0,,1.4,3.547541666666666,0.3166666666666666
2015-03-24,0,,0.0,2.7567500000000003,0.0
2015-03-25,0,,0.0,9.397291666666666,0.0
2015-03-26,0,,5.0,11.665250000000002,0.0
2015-03-27,2,inflow_m3_statistical_outlier,2.4000000000000004,11.18570833333333,0.0
2015-03-28,2,inflow_m3_statistical_outlier,8.6,8.359304347826084,0.0
2015-03-29,2,inflow_m3_statistical_outlier,4.800000000000001,8.039625000000003,0.0
2015-03-30,2,inflow_m3_statistical_outlier,0.0,8.069565217391306,0.0
2015-03-31,0,,1.0,6.70891666666667,0.0
2015-04-01,0,,4.0,9.795624999999998,0.0
2015-04-02,0,,0.4,0.924375,0.0
2015-04-03,0,,1.8000000000000005,2.0139583333333326,0.0
2015-04-04,0,,0.2,1.634875,0.0
2015-04-05,0,,0.0,4.891500000000001,0.0
2015-04-06,0,,23.8,9.028375,0.0
2015-04-07,2,inflow_m3_statistical_outlier,0.2,1.7225,0.0
2015-04-08,0,,0.4,0.5732500000000001,0.0
2015-04-09,2,inflow_m3_statistical_outlier,7.8,-0.494041666666667,12.8125
2015-04-10,2,inflow_m3_statistical_outlier,0.6000000000000001,-0.1912083333333335,26.75
2015-04-11,0,,0.0,3.8701666666666674,15.4875
2015-04-12,0,,0.0,6.131458333333332,8.212499999999999
2015-04-13,2,inflow_m3_statistical_outlier,0.0,9.394000000000004,1.1625
2015-04-14,2,inflow_m3_statistical_outlier,0.6,8.440541666666666,0.0
2015-04-15,2,inflow_m3_statistical_outlier,0.0,6.59125,0.0
2015-04-16,2,inflow_m3_statistical_outlier,0.0,11.241000000000003,0.0
2015-04-17,2,inflow_m3_statistical_outlier,0.0,13.787083333333332,0.0
2015-04-18,2,inflow_m3_statistical_outlier,0.0,13.865250000000003,0.0
2015-04-19,0,,0.0,4.151708333333334,0.0
2015-04-20,0,,0.0,4.618041666666668,0.0
2015-04-21,0,,6.800000000000001,0.7154583333333333,0.0
2015-04-22,0,,2.8000000000000003,0.8341250000000001,0.0
2015-04-23,0,,0.2,0.4727499999999998,0.0
2015-04-24,0,,0.0,7.074541666666666,0.0
2015-04-25,0,,0.0,10.759708333333334,0.0
2015-04-26,0,,0.0,8.6605,0.0
2015-04-27,0,,0.2,12.685000000000004,0.0
2015-04-28,0,,0.0,16.349999999999994,0.0
2015-04-29,0,,0.2,13.537083333333335,0.0
2015-04-30,0,,0.0,9.71475,0.0
2015-05-01,0,,0.2,10.110625,0.0
2015-05-02,0,,0.2,14.34666666666667,0.0
2015-05-03,0,,3.6,9.474541666666664,0.0
2015-05-04,0,,0.0,11.8365,0.0
2015-05-05,0,,0.0,15.047499999999994,0.0
2015-05-06,0,,0.0,15.8045833333333,0.0
2015-05-07,0,,11.2,16.792916666666667,0.0
2015-05-08,0,,6.000000000000001,9.963708333333336,0.0
2015-05-09,0,,0.0,11.410083333333333,0.0
2015-05-10,0,,0.0,9.926478260869567,0.0
2015-05-11,0,,0.0,12.1924,0.0
2015-05-12,0,,0.0,12.4468333333333,0.0
2015-05-13,0,,0.0,11.415083333333335,0.0
2015-05-14,0,,0.0,13.78208333333333,0.0
2015-05-15,0,,0.0,17.29,0.0
2015-05-16,0,,0.0,18.803333333333335,0.0
2015-05-17,0,,0.0,17.74416666666667,0.0
2015-05-18,0,,0.0,19.211666666666662,0.0
2015-05-19,0,,0.0,21.01625,0.0
2015-05-20,0,,0.0,17.6429166666667,0.0
2015-05-21,0,,0.0,13.776249999999996,0.0
2015-05-22,0,,0.0,14.030833333333332,0.0
2015-05-23,0,,0.0,18.284583333333337,0.0
2015-05-24,0,,0.6,18.33625,0.0
2015-05-25,0,,0.2,16.8629166666667,0.0
2015-05-26,0,,0.0,16.9470833333333,0.0
2015-05-27,0,,24.2,12.8525,0.0
2015-05-28,0,,1.8,11.0291666666667,0.0
2015-05-29,0,,0.0,10.2670833333333,0.0
2015-05-30,0,,0.0,10.33975,0.0
2015-05-31,0,,0.0,12.148875,0.0
2015-06-01,0,,0.0,14.0175,0.0
2015-06-02,0,,2.8,15.8866666666667,0.0
2015-06-03,0,,12.999999999999998,13.91875,0.0
2015-06-04,0,,0.2,14.716250000000002,0.0
2015-06-05,0,,29.799999999999997,13.92666666666667,0.0
2015-06-06,0,,10.4,15.235833333333332,0.0
2015-06-07,0,,5.4,14.979166666666666,0.0
2015-06-08,0,,1.7999999999999998,15.32291666666667,0.0
2015-06-09,0,,1.2,14.89375,0.0
2015-06-10,0,,1.4,14.382083333333334,0.0
2015-06-11,0,,0.0,15.24375,0.0
2015-06-12,0,,0.0,15.4625,0.0
2015-06-13,0,,0.0,16.335,0.0
2015-06-14,0,,0.0,16.82625,0.0
2015-06-15,0,,0.0,19.3475,0.0
2015-06-16,0,,2.4,18.68375,0.0
2015-06-17,0,,0.0,16.1608333333333,0.0
2015-06-18,0,,37.6,15.86875,0.0
2015-06-19,0,,6.8,14.556666666666665,0.0
2015-06-20,0,,0.0,13.115291666666664,0.0
2015-06-21,0,,0.2,16.345000000000002,0.0
2015-06-22,0,,0.0,15.504166666666668,0.0
2015-06-23,0,,0.8,14.160833333333334,0.0
2015-06-24,0,,0.8,14.9141666666667,0.0
2015-06-25,0,,0.0,16.2625,0.0
2015-06-26,0,,0.0,15.027499999999998,0.0
2015-06-27,0,,18.4,15.013333333333328,0.0
2015-06-28,0,,0.4,13.655416666666666,0.0
2015-06-29,0,,0.0,15.3583333333333,0.0
2015-06-30,0,,0.0,15.065833333333332,0.0
2015-07-01,0,,0.0,16.64625,0.0
2015-07-02,0,,0.0,15.7325,0.0
2015-07-03,0,,0.0,14.78375,0.0
2015-07-04,0,,0.0,15.793333333333337,0.0
2015-07-05,0,,0.0,15.5075,0.0
2015-07-06,0,,0.0,16.1520833333333,0.0
2015-07-07,0,,0.0,18.857916666666664,0.0
2015-07-08,0,,0.0,20.51,0.0
2015-07-09,0,,0.0,21.32375,0.0
2015-07-10,0,,0.0,19.61791666666667,0.0
2015-07-11,0,,0.4,16.825,0.0
2015-07-12,0,,0.0,15.522916666666667,0.0
2015-07-13,0,,0.0,15.93416666666667,0.0
2015-07-14,0,,0.0,17.3925,0.0
2015-07-15,0,,0.0,16.379166666666666,0.0
2015-07-16,0,,0.0,19.008750000000003,0.0
2015-07-17,0,,0.0,17.134583333333335,0.0
2015-07-18,0,,0.0,19.954583333333336,0.0
2015-07-19,0,,0.0,18.848333333333333,0.0
2015-07-20,0,,0.0,18.53458333333333,0.0
2015-07-21,0,,0.0,19.244583333333328,0.0
2015-07-22,0,,0.0,19.595,0.0
2015-07-23,0,,0.0,20.5191666666667,0.0
2015-07-24,0,,0.0,21.26125,0.0
2015-07-25,0,,0.0,19.13875,0.0
2015-07-26,0,,0.0,21.6054166666667,0.0
2015-07-27,0,,0.0,22.06375,0.0
2015-07-28,0,,0.0,24.5308333333333,0.0
2015-07-29,0,,0.0,26.0120833333333,0.0
2015-07-30,0,,0.0,26.415,0.0
2015-07-31,0,,0.0,21.3195833333333,0.0
2015-08-01,0,,0.0,21.2641666666667,0.0
2015-08-02,0,,0.0,21.08625,0.0
2015-08-03,0,,0.0,20.0116666666667,0.0
2015-08-04,0,,0.0,21.33124999999999,0.0
2015-08-05,0,,0.0,20.799166666666668,0.0
2015-08-06,0,,0.0,21.680000000000003,0.0
2015-08-07,0,,0.0,21.046666666666667,0.0
2015-08-08,0,,0.0,20.0575,0.0
2015-08-09,0,,0.0,20.789583333333333,0.0
2015-08-10,0,,0.0,20.355,0.0
2015-08-11,0,,0.8,19.6095833333333,0.0
2015-08-12,0,,0.0,20.93125,0.0
2015-08-13,0,,0.0,20.7325,0.0
2015-08-14,0,,0.0,21.70833333333333,0.0
2015-08-15,0,,0.8,20.094166666666663,0.0
2015-08-16,0,,2.8,20.491666666666667,0.0
2015-08-17,0,,0.0,22.3283333333333,0.0
2015-08-18,0,,0.0,20.870416666666664,0.0
2015-08-19,0,,0.0,19.8675,0.0
2015-08-20,0,,0.0,21.2929166666667,0.0
2015-08-21,0,,0.0,20.7145833333333,0.0
2015-08-22,0,,0.0,18.8345833333333,0.0
2015-08-23,0,,0.0,16.7308333333333,0.0
2015-08-24,0,,0.0,17.1970833333333,0.0
2015-08-25,0,,0.0,16.8320833333333,0.0
2015-08-26,0,,0.0,16.4670833333333,0.0
2015-08-27,0,,0.0,16.6858333333333,0.0
2015-08-28,0,,0.0,17.41583333333333,0.0
2015-08-29,0,,0.0,18.557083333333328,0.0
2015-08-30,0,,0.0,19.224166666666665,0.0
2015-08-31,0,,0.0,19.289583333333333,0.0
2015-09-01,0,,0.0,22.83666666666667,0.0
2015-09-02,0,,0.0,23.482916666666668,0.0
2015-09-03,0,,0.0,22.985833333333336,0.0
2015-09-04,0,,0.0,20.637916666666666,0.0
2015-09-05,0,,0.0,21.484166666666667,0.0
2015-09-06,0,,0.0,24.38083333333333,0.0
2015-09-07,0,,1.2000000000000002,19.01954545454545,0.0
2015-09-08,0,,0.2,15.848333333333333,0.0
2015-09-09,0,,0.0,16.593750000000004,0.0
2015-09-10,0,,0.0,21.093750000000004,0.0
2015-09-11,0,,0.0,22.09125,0.0
2015-09-12,0,,23.6,17.839166666666667,0.0
2015-09-13,0,,2.2,16.873749999999998,0.0
2015-09-14,0,,0.2,17.60291666666667,0.0
2015-09-15,0,,0.8,16.5025,0.0
2015-09-16,0,,0.0,16.969999999999995,0.0
2015-09-17,0,,0.2,16.57208333333333,0.0
2015-09-18,0,,0.0,16.775,0.0
2015-09-19,0,,0.0,16.697500000000005,0.0
2015-09-20,0,,0.0,17.570833333333333,0.0
2015-09-21,0,,0.0,17.082500000000003,0.0
2015-09-22,0,,0.6,17.849166666666665,0.0
2015-09-23,0,,4.6,17.239166666666666,0.0
2015-09-24,0,,0.2,17.67666666666667,0.0
2015-09-25,0,,0.0,17.96,0.0
2015-09-26,0,,0.0,19.736250000000005,0.0
2015-09-27,0,,0.0,18.191250000000004,0.0
2015-09-28,0,,24.2,16.882083333333334,0.0
2015-09-29,2,precip_kartepe_mm_out_of_range;inflow_m3_statistical_outlier;precip_kartepe_mm_imputed_linear,83.60000000000001,15.183749999999998,0.0
2015-09-30,2,inflow_m3_out_of_range;precip_kartepe_mm_out_of_range;inflow_m3_statistical_outlier;precip_kartepe_mm_imputed_linear,26.2,12.436666666666667,0.0
2015-10-01,2,inflow_m3_statistical_outlier,0.0,12.232916666666668,0.0
2015-10-02,0,,0.0,11.954583333333332,0.0
2015-10-03,0,,0.2,12.99375,0.0
2015-10-04,0,,0.2,13.915416666666664,0.0
2015-10-05,0,,0.0,13.730833333333337,0.0
2015-10-06,0,,4.2,12.551304347826088,0.0
2015-10-07,0,,8.6,10.461666666666664,0.0
2015-10-08,0,,0.0,12.378333333333332,0.0
2015-10-09,0,,0.2,10.3635,0.0
2015-10-10,0,,0.0,13.86833333333333,0.0
2015-10-11,0,,17.0,14.349583333333335,0.0
2015-10-12,0,,3.0,15.8125,0.0
2015-10-13,0,,0.4,10.4279166666667,0.0
2015-10-14,0,,0.6,9.75691666666667,0.0
2015-10-15,0,,0.0,11.119583333333331,0.0
2015-10-16,0,,0.2,12.608333333333336,0.0
2015-10-17,0,,0.0,14.547083333333331,0.0
2015-10-18,0,,0.0,11.611041666666669,0.0
2015-10-19,0,,0.0,11.566249999999998,0.0
2015-10-20,0,,0.0,14.9858333333333,0.0
2015-10-21,0,,3.8,13.8833333333333,0.0
2015-10-22,0,,22.8,13.2470833333333,0.0
2015-10-23,0,,13.6,13.005833333333332,0.0
2015-10-24,0,,2.0,7.8155,0.0
2015-10-25,0,,0.0,7.11708333333333,0.0
2015-10-26,0,,0.0,7.71258333333334,0.0
2015-10-27,0,,0.8,7.64745833333333,0.0
2015-10-28,0,,0.0,6.830333333333333,0.0
2015-10-29,0,,0.0,7.024333333333334,0.0
2015-10-30,0,,0.2,8.719500000000002,0.0
2015-10-31,0,,0.2,6.9135833333333325,0.0
2015-11-01,0,,0.0,5.482333333333332,0.0
2015-11-02,0,,0.0,5.67083333333333,0.0
2015-11-03,0,,0.0,7.102125,0.0
2015-11-04,0,,0.0,9.9665,0.0
2015-11-05,0,,0.0,9.49175,0.0
2015-11-06,0,,0.0,8.20204166666667,0.0
2015-11-07,0,,0.0,8.48458333333333,0.0
2015-11-08,0,,0.0,6.54920833333334,0.0
2015-11-09,0,,0.0,7.648708333333332,0.0
2015-11-10,0,,0.0,9.227166666666664,0.0
2015-11-11,0,,0.0,10.1575416666667,0.0
2015-11-12,0,,0.0,10.2593333333333,0.0
2015-11-13,0,,0.0,9.682875,0.0
2015-11-14,0,,0.0,10.30375,0.0
2015-11-15,0,,0.0,5.9430000000000005,0.0
2015-11-16,0,,0.0,8.48491666666667,0.0
2015-11-17,0,,0.0,5.47725,0.0
2015-11-18,0,,0.0,7.03579166666666,0.0
2015-11-19,0,,0.0,7.70975,0.0
2015-11-20,0,,0.0,10.064,0.0
2015-11-21,0,,0.0,12.63875,0.0
2015-11-22,0,,0.0,12.8608333333333,0.0
2015-11-23,0,,0.0,11.7375,0.0
2015-11-24,0,,0.0,10.643625,0.0
2015-11-25,0,,2.8,9.933,0.0
2015-11-26,0,,9.4,9.660833333333333,0.0
2015-11-27,0,,0.0,10.8704166666667,0.0
2015-11-28,0,,9.8,7.2715,0.0
2015-11-29,0,,2.4,4.906625,0.0
2015-11-30,0,,0.0,1.19691666666667,0.0
2015-12-01,0,,6.6,5.26504166666667,0.0
2015-12-02,0,,1.4,-0.1750833333333331,0.0
2015-12-03,0,,0.6000000000000001,0.0111249999999998,0.1033333333333333
2015-12-04,0,,0.0,0.5662916666666667,0.1291666666666666
2015-12-05,0,,0.0,0.3177500000000001,0.1504166666666666
2015-12-06,0,,0.0,2.5396666666666667,0.0708333333333333
2015-12-07,0,,0.0,5.668166666666667,0.013625
2015-12-08,0,,0.0,4.96920833333333,0.0
2015-12-09,0,,0.0,3.88366666666667,0.0
2015-12-10,0,,0.0,3.9446666666666665,0.0
2015-12-11,0,,0.0,2.44041666666667,0.0
2015-12-12,0,,0.0,1.918625,0.0
2015-12-13,0,,0.0,1.04125,0.0
2015-12-14,0,,0.0,1.848666666666667,0.0
2015-12-15,0,,0.0,1.50133333333333,0.0
2015-12-16,0,,0.0,1.4360416666666664,0.0
2015-12-17,0,,0.2,0.926125,0.0
2015-12-18,0,,0.0,1.443500000000001,0.0
2015-12-19,0,,0.0,2.236166666666667,0.0
2015-12-20,0,,0.0,1.0484166666666663,0.0
2015-12-21,0,,0.0,0.121416666666667,0.0
2015-12-22,0,,0.0,0.9856250000000002,0.0
2015-12-23,0,,0.0,2.44166666666667,0.0
2015-12-24,0,,0.0,3.56466666666667,0.0
2015-12-25,0,,0.0,3.40166666666667,0.0
2015-12-26,0,,0.0,2.38508333333333,0.0
2015-12-27,0,,0.0,4.93225,0.0
2015-12-28,0,,0.0,4.922166666666667,0.0
2015-12-29,0,,1.8,2.206,0.379166666666667
2015-12-30,0,,4.2,-5.558625,10.3208333333333
2015-12-31,0,,0.2,-6.822375,20.7291666666667
2016-01-01,0,,0.0,-9.012625,31.1166666666667
2016-01-02,0,,0.2,-7.0135,21.1958333333333
2016-01-03,0,,8.2,-1.49229166666667,18.5916666666667
2016-01-04,0,,19.0,1.916791666666667,10.470833333333337
2016-01-05,2,inflow_m3_statistical_outlier,25.8,3.884458333333333,2.6083333333333343
2016-01-06,2,inflow_m3_statistical_outlier,0.0,8.56770833333334,0.113333333333333
2016-01-07,2,inflow_m3_statistical_outlier,5.6,4.95629166666667,0.0
2016-01-08,0,temp_kartepe_c_sudden_jump,0.2,-0.407166666666666,0.0
2016-01-09,0,temp_kartepe_c_sudden_jump,0.0,1.96954166666667,0.0
2016-01-10,0,,11.6,5.304,0.0
2016-01-11,0,precip_kazandere_mm_imputed_linear,0.0,8.14845833333333,0.0
2016-01-12,0,,22.4,9.55325,0.0
2016-01-13,2,temp_kartepe_c_out_of_range;inflow_m3_statistical_outlier;temp_kartepe_c_imputed_linear,7.6,2.3664166666666677,0.0
2016-01-14,0,,0.6000000000000001,0.6523749999999998,0.0
2016-01-15,0,,0.0,1.850875,0.0
2016-01-16,0,,0.0,8.19408333333333,0.0
2016-01-17,0,,12.2,4.21452173913043,0.080833333333333
2016-01-18,0,,1.0,-4.541625,5.025
2016-01-19,0,,1.0,-7.90979166666667,15.0625
2016-01-20,0,,1.6,-2.59,12.58
2016-01-21,0,,0.0,-0.699916666666667,8.80833333333334
2016-01-22,0,,1.2,-4.34425,15.7125
2016-01-23,0,,0.6000000000000001,-6.561333333333333,29.26666666666666
2016-01-24,0,,2.0,-6.523499999999999,39.75833333333333
2016-01-25,0,,0.2,-6.78291666666667,42.6791666666667
2016-01-26,0,,0.6,-6.53933333333334,39.9458333333333
2016-01-27,0,,0.4,-3.12854166666667,34.3291666666667
2016-01-28,0,,0.0,0.263,27.3375
2016-01-29,0,,0.6,2.90245833333333,22.3083333333333
2016-01-30,0,,0.4,1.83795833333333,15.5375
2016-01-31,0,,1.6,3.03841666666667,11.675
2016-02-01,0,,3.4,4.10633333333333,9.016666666666667
2016-02-02,0,,0.0,4.796166666666667,5.137500000000003
2016-02-03,0,,0.2,7.81945833333333,2.6375
2016-02-04,0,,0.0,7.86154166666666,0.748333333333334
2016-02-05,2,inflow_m3_statistical_outlier,10.4,1.61725,6.49166666666667
2016-02-06,0,,7.4,-2.55375,36.9208333333333
2016-02-07,0,,0.2,-3.45170833333333,35.2125
2016-02-08,0,,0.0,0.824833333333333,31.95
2016-02-09,0,,0.0,2.483708333333333,28.987499999999997
2016-02-10,0,,3.6,6.21183333333333,24.15
2016-02-11,2,inflow_m3_statistical_outlier,14.0,5.55058333333333,15.7583333333333
2016-02-12,2,inflow_m3_statistical_outlier,12.799999999999995,7.33625,8.9
2016-02-13,2,inflow_m3_statistical_outlier,6.4,9.26925,1.4375000000000004
2016-02-14,2,inflow_m3_statistical_outlier,0.0,10.85375,0.0
2016-02-15,2,inflow_m3_statistical_outlier,0.0,12.5066666666667,0.0
2016-02-16,0,,0.0,13.7379166666667,0.0
2016-02-17,0,,0.0,13.2529166666667,0.0
2016-02-18,0,,0.0,14.71625,0.0
2016-02-19,0,,0.0,6.17491666666666,0.0
2016-02-20,0,,0.0,2.44704166666667,0.0
2016-02-21,0,,0.2,0.233791666666667,0.0
2016-02-22,0,,0.0,4.43295833333333,0.0
2016-02-23,0,,0.0,9.047916666666667,0.0
2016-02-24,0,,17.4,7.45104166666667,0.0
2016-02-25,0,,1.2,5.39808333333333,0.0
2016-02-26,0,,1.8,9.979,0.0
2016-02-27,0,,6.800000000000001,6.7761666666666684,0.0
2016-02-28,0,,0.0,10.536958333333333,0.0
2016-02-29,0,,0.0,15.3379166666667,0.0
2016-03-01,0,,0.0,13.8875,0.0
2016-03-02,0,,9.4,9.995625,0.0
2016-03-03,0,,4.4,5.48808333333333,0.0
2016-03-04,0,,3.4,6.2205,0.0
2016-03-05,0,,2.2,2.79804166666667,0.0
2016-03-06,0,,0.0,7.6675,0.0
2016-03-07,0,,0.0,10.3875833333333,0.0
2016-03-08,0,,0.0,12.5029166666667,0.0
2016-03-09,0,,0.0,13.3658333333333,0.0
2016-03-10,0,,2.0,7.59920833333333,0.0
2016-03-11,0,,0.0,7.29054166666667,0.0
2016-03-12,0,,0.0,8.846375,0.0
2016-03-13,0,,1.2,9.57379166666666,0.0
2016-03-14,0,,3.2,1.21266666666667,0.0
2016-03-15,0,,0.0,0.471625,0.0
2016-03-16,0,,0.0,0.155,0.0
2016-03-17,0,,0.0,-1.5684583333333333,0.0
2016-03-18,0,,2.4,5.119375,0.0
2016-03-19,0,,3.8,3.93404166666667,0.0
2016-03-20,0,,0.0,1.4765,0.0
2016-03-21,0,,0.0,7.58375,0.0
2016-03-22,0,,0.0,11.7975,0.0
2016-03-23,0,,0.0,14.4283333333333,0.0
2016-03-24,0,,22.8,8.939958333333335,0.0
2016-03-25,0,,10.4,3.09945833333333,0.0
2016-03-26,0,,0.0,-1.32329166666667,0.0
2016-03-27,0,,0.4,0.423458333333333,0.0
2016-03-28,0,,0.0,0.193208333333333,0.0
2016-03-29,0,,0.0,5.604625000000001,0.0
2016-03-30,0,,0.0,8.474624999999998,0.0
2016-03-31,0,,0.0,11.5899166666667,0.0
2016-04-01,0,,0.0,13.674583333333333,0.0
2016-04-02,0,,0.0,8.494708333333334,0.0
2016-04-03,0,,0.0,7.827458333333332,0.0
2016-04-04,0,,0.0,10.0700833333333,0.0
2016-04-05,0,,0.0,13.751666666666669,0.0
2016-04-06,0,,0.0,14.9279166666667,0.0
2016-04-07,0,,0.0,17.335833333333333,0.0
2016-04-08,0,,0.0,17.092916666666664,0.0
2016-04-09,0,,6.6,15.1625,0.0
2016-04-10,0,,9.8,10.460874999999998,0.0
2016-04-11,0,,22.2,9.1955,0.0
2016-04-12,0,,0.0,9.8281875,0.0
2016-04-13,0,,0.0,10.925875,0.0
2016-04-14,0,,0.0,15.1341666666667,0.0
2016-04-15,0,,0.0,11.4415833333333,0.0
2016-04-16,0,,0.0,13.8116666666667,0.0
2016-04-17,0,,0.0,16.0029166666667,0.0
2016-04-18,0,,0.0,14.9072916666667,0.0
2016-04-19,0,,0.0,15.4551041666667,0.0
2016-04-20,0,,0.0,8.3114375,0.0
2016-04-21,0,,0.0,2.4008749999999983,0.0
2016-04-22,0,,0.0,11.0580416666667,0.0
2016-04-23,0,,0.0,12.344375,0.0
2016-04-24,0,,0.0,10.256229166666664,0.0
2016-04-25,0,,6.0,9.79275,0.0
2016-04-26,0,,2.6,7.134875,0.0
2016-04-27,0,,0.0,7.63941666666667,0.0
2016-04-28,0,,0.0,9.103291666666667,0.0
2016-04-29,0,,0.0,10.6568333333333,0.0
2016-04-30,0,,0.0,8.586625,0.0
2016-05-01,0,,0.0,10.6333333333333,0.0
2016-05-02,0,,0.0,14.959166666666665,0.0
2016-05-03,0,,10.0,10.3284166666667,0.0
2016-05-04,0,,1.0,8.708666666666668,0.0
2016-05-05,0,,0.6,7.82416666666667,0.0
2016-05-06,0,,2.2,7.95683333333333,0.0
2016-05-07,0,,0.0,9.84616666666667,0.0
2016-05-08,0,,15.0,11.7550416666667,0.0
2016-05-09,0,,0.0,12.04604166666667,0.0
2016-05-10,0,,0.0,9.57541666666667,0.0
2016-05-11,0,,0.0,11.44875,0.0
2016-05-12,0,,1.2,15.7541666666667,0.0
2016-05-13,0,,1.0,18.10125,0.0
2016-05-14,0,,0.0,17.2741666666667,0.0
2016-05-15,0,,1.2,15.91875,0.0
2016-05-16,0,,0.0,15.6686956521739,0.0
2016-05-17,0,,0.0,10.3922083333333,0.0
2016-05-18,0,,0.0,7.866958333333333,0.0
2016-05-19,0,,0.0,10.070291666666668,0.0
2016-05-20,0,,0.0,13.745000000000005,0.0
2016-05-21,0,,10.999999999999998,14.79208333333333,0.0
2016-05-22,0,,5.4,10.355416666666668,0.0
2016-05-23,0,,0.2,9.850333333333332,0.0
2016-05-24,0,,0.0,14.204583333333332,0.0
2016-05-25,0,,2.6000000000000005,13.335,0.0
2016-05-26,0,,3.4,10.2246666666667,0.0
2016-05-27,0,,13.8,10.1983333333333,0.0
2016-05-28,0,,0.0,11.345625,0.0
2016-05-29,0,,0.0,14.3904166666667,0.0
2016-05-30,0,,0.0,19.348333333333333,0.0
2016-05-31,0,,0.0,20.08375000000001,0.0
2016-06-01,0,,0.0,18.3125,0.0
2016-06-02,0,,0.0,20.28583333333334,0.0
2016-06-03,0,,3.0,15.855833333333337,0.0
2016-06-04,0,,0.2,14.815416666666662,0.0
2016-06-05,0,,0.0,14.287083333333335,0.0
2016-06-06,0,,0.0,16.1604166666667,0.0
2016-06-07,0,,2.8000000000000003,12.26416666666667,0.0
2016-06-08,0,,0.0,10.531833333333337,0.0
2016-06-09,0,,0.0,10.643625,0.0
2016-06-10,0,,0.0,13.5545833333333,0.0
2016-06-11,0,,0.0,15.33125,0.0
2016-06-12,0,,0.0,19.0325,0.0
2016-06-13,0,,0.8,20.03625,0.0
2016-06-14,0,,22.0,14.650833333333336,0.0
2016-06-15,0,,0.0,17.3691666666667,0.0
2016-06-16,0,,0.0,18.9733333333333,0.0
2016-06-17,0,,0.0,19.82125,0.0
2016-06-18,0,,0.0,22.225,0.0
2016-06-19,0,,0.0,23.78333333333333,0.0
2016-06-20,0,,0.0,25.13958333333333,0.0
2016-06-21,0,,0.0,24.921666666666667,0.0
2016-06-22,0,,0.0,21.3679166666667,0.0
2016-06-23,0,,0.0,22.64916666666667,0.0
2016-06-24,0,,0.0,23.0066666666667,0.0
2016-06-25,0,,0.0,22.2195833333333,0.0
2016-06-26,0,,3.6,23.09125,0.0
2016-06-27,0,,0.0,19.59125,0.0
2016-06-28,0,,0.0,18.3825,0.0
2016-06-29,0,,0.0,17.266666666666662,0.0
2016-06-30,0,,7.6,17.1641666666667,0.0
2016-07-01,0,,0.0,18.8991666666667,0.0
2016-07-02,0,,0.0,19.625,0.0
2016-07-03,0,,0.0,19.8179166666667,0.0
2016-07-04,0,,0.0,20.08125,0.0
2016-07-05,0,,0.0,17.4929166666667,0.0
2016-07-06,0,,0.0,17.36875,0.0
2016-07-07,0,,0.0,17.9329166666667,0.0
2016-07-08,0,,0.2,16.2133333333333,0.0
2016-07-09,0,,0.0,15.615,0.0
2016-07-10,0,,0.0,16.99875,0.0
2016-07-11,0,,0.0,16.957619047619048,0.0
2016-07-12,0,,0.0,20.0333333333333,0.0
2016-07-13,0,,0.0,21.5008333333333,0.0
2016-07-14,0,,0.0,19.9141666666667,0.0
2016-07-15,0,,0.0,21.6258333333333,0.0
2016-07-16,0,,0.0,25.9566666666667,0.0
2016-07-17,0,,0.0,23.3029166666667,0.0
2016-07-18,0,,0.0,17.0695833333333,0.0
2016-07-19,0,,0.0,15.6629166666667,0.0
2016-07-20,0,,0.0,17.1754166666667,0.0
2016-07-21,0,,0.0,15.5325,0.0
2016-07-22,0,,0.0,17.6083333333333,0.0
2016-07-23,0,,0.0,19.2108333333333,0.0
2016-07-24,0,,0.0,19.7433333333333,0.0
2016-07-25,0,,0.0,19.3458333333333,0.0
2016-07-26,0,,0.0,19.72125,0.0
2016-07-27,0,,0.0,19.7666666666667,0.0
2016-07-28,0,,0.0,19.9220833333333,0.0
2016-07-29,0,,0.0,21.072916666666668,0.0
2016-07-30,0,,0.0,20.90125,0.0
2016-07-31,0,,0.0,21.2725,0.0
2016-08-01,0,,0.0,24.0758333333333,0.0
2016-08-02,0,,0.0,22.0195833333333,0.0
2016-08-03,0,,1.6,20.2170833333333,0.0
2016-08-04,0,,0.0,20.582500000000003,0.0
2016-08-05,0,,0.0,21.549166666666665,0.0
2016-08-06,0,,0.0,20.097916666666663,0.0
2016-08-07,0,,0.0,21.555000000000003,0.0
2016-08-08,0,,0.0,22.15125,0.0
2016-08-09,0,,0.0,22.6416666666667,0.0
2016-08-10,0,,0.0,21.5016666666667,0.0
2016-08-11,0,,0.0,22.9858333333333,0.0
2016-08-12,0,,0.0,20.845,0.0
2016-08-13,1,precip_kartepe_mm_out_of_range;precip_kartepe_mm_imputed_linear,0.0,15.66875,0.0
2016-08-14,0,,0.0,15.448333333333332,0.0
2016-08-15,0,,0.0,16.70166666666667,0.0
2016-08-16,0,,0.0,17.0009090909091,0.0
2016-08-17,0,,0.0,18.0904166666667,0.0
2016-08-18,0,,0.0,20.3716666666667,0.0
2016-08-19,0,,0.0,21.619583333333328,0.0
2016-08-20,0,,2.0,20.745000000000005,0.0
2016-08-21,0,,2.0,19.3275,0.0
2016-08-22,0,,0.0,21.151666666666667,0.0
2016-08-23,0,,0.0,20.067916666666665,0.0
2016-08-24,0,,0.0,20.71,0.0
2016-08-25,0,,1.4,18.74416666666667,0.0
2016-08-26,0,,0.2,16.49,0.0
2016-08-27,0,,0.0,17.8845833333333,0.0
2016-08-28,0,,2.8,17.45375,0.0
2016-08-29,0,,0.2,17.800416666666667,0.0
2016-08-30,0,,0.0,17.730416666666663,0.0
2016-08-31,0,,0.4,18.140833333333333,0.0
2016-09-01,0,,0.0,16.2558333333333,0.0
2016-09-02,0,,0.0,16.747916666666665,0.0
2016-09-03,0,,0.0,16.000416666666666,0.0
2016-09-04,0,,0.0,16.485000000000003,0.0
2016-09-05,0,,0.0,18.8816666666667,0.0
2016-09-06,0,,0.0,20.975,0.0
2016-09-07,0,,0.0,19.6675,0.0
2016-09-08,0,,0.0,19.8158333333333,0.0
2016-09-09,0,,0.0,18.84708333333333,0.0
2016-09-10,0,,0.0,18.495416666666664,0.0
2016-09-11,0,,0.0,18.28291666666667,0.0
2016-09-12,0,,3.0000000000000004,17.439166666666665,0.0
2016-09-13,0,,0.2,15.10708333333333,0.0
2016-09-14,0,,0.0,15.6325,0.0
2016-09-15,0,,0.0,16.152083333333334,0.0
2016-09-16,0,,0.0,14.155416666666667,0.0
2016-09-17,0,,0.0,17.15375,0.0
2016-09-18,0,,0.0,20.54125,0.0
2016-09-19,0,,0.0,22.22541666666667,0.0
2016-09-20,0,,14.399999999999997,14.643750000000002,0.0
2016-09-21,0,,3.0000000000000004,11.216458333333334,0.0
2016-09-22,0,,3.3999999999999995,10.842791666666669,0.0
2016-09-23,0,,3.4,8.376125,0.0
2016-09-24,0,,0.0,9.50654166666667,0.0
2016-09-25,0,,0.0,10.3660416666667,0.0
2016-09-26,0,,0.0,10.623625,0.0
2016-09-27,0,,0.2,11.2625,0.0
2016-09-28,0,,0.2,10.35,0.0
2016-09-29,0,,0.0,11.765708333333327,0.0
2016-09-30,0,,0.0,13.896395833333331,0.0
2016-10-01,0,,0.0,14.961739583333332,0.0
2016-10-02,0,,0.0,15.494411458333332,0.0
2016-10-03,0,,0.0,16.027083333333334,0.0
2016-10-04,0,,0.0,15.087916666666665,0.0
2016-10-05,0,temp_aytepe_c_imputed_linear,0.0,11.5875,0.0
2016-10-06,0,,0.0,11.5574166666667,0.0
2016-10-07,0,,0.0,14.1291666666667,0.0
2016-10-08,0,,2.6,12.13375,0.0
2016-10-09,0,,0.0,10.7067083333333,0.0
2016-10-10,0,,0.0,12.301666666666668,0.0
2016-10-11,0,,1.6,14.5575,0.0
2016-10-12,0,,8.8,18.42875,0.0
2016-10-13,0,,0.0,10.4574583333333,0.0
2016-10-14,0,,0.2,9.190625,0.0
2016-10-15,0,,0.0,8.244625,0.0
2016-10-16,0,,0.0,11.9770833333333,0.0
2016-10-17,0,,0.0,7.118541666666665,0.0
2016-10-18,0,,0.0,4.3961250000000005,0.0
2016-10-19,0,,0.0,6.451083333333334,0.0
2016-10-20,0,,0.0,8.72054166666667,0.0
2016-10-21,0,,0.0,10.559625,0.0
2016-10-22,0,,0.0,12.646250000000004,0.0
2016-10-23,0,,0.2,12.165833333333332,0.0
2016-10-24,0,,0.4,10.215,0.0
2016-10-25,0,,0.6,8.26345833333333,0.0
2016-10-26,0,,0.8,7.88,0.0
2016-10-27,0,,0.0,7.50341666666666,0.0
2016-10-28,0,,1.0,7.671041666666666,0.0
2016-10-29,0,,0.0,7.140916666666667,0.0
2016-10-30,0,,0.0,5.438083333333335,0.0
2016-10-31,0,,0.4,1.84483333333333,0.0
2016-11-01,0,,8.0,0.249727272727273,0.195833333333333
2016-11-02,0,,0.0,2.65558333333333,0.0583333333333333
2016-11-03,0,,0.0,8.198833333333335,0.0
2016-11-04,0,,2.2,7.771833333333333,0.0
2016-11-05,0,,4.800000000000001,8.613291666666665,0.0
2016-11-06,0,,0.0,10.664708333333335,0.0
2016-11-07,0,,0.0,13.0029166666667,0.0
2016-11-08,0,,0.0,15.91,0.0
2016-11-09,0,,4.4,15.6154166666667,0.0
2016-11-10,0,,0.0,10.3808333333333,0.0
2016-11-11,0,,0.6,8.71475,0.0
2016-11-12,0,,2.4,11.1130416666667,0.0
2016-11-13,0,,2.8,7.10375,0.0
2016-11-14,0,,0.0,2.963958333333333,0.0
2016-11-15,0,,0.6,0.729291666666667,0.0
2016-11-16,0,,0.0,-1.07425,0.0
2016-11-17,0,,0.0,1.38745833333333,0.0
2016-11-18,0,,0.0,4.259291666666667,0.0
2016-11-19,0,,0.0,7.430458333333333,0.0
2016-11-20,0,,0.0,7.43325,0.0
2016-11-21,0,snow_cilekli_cm_imputed_linear,0.0,5.68854166666667,0.0
2016-11-22,0,,0.0,4.89025,0.0
2016-11-23,0,,0.0,4.87475,0.0
2016-11-24,0,,0.0,4.77133333333333,0.0
2016-11-25,0,,0.0,4.789250000000002,0.0
2016-11-26,0,,0.0,5.833958333333334,0.0
2016-11-27,0,,0.2,9.572166666666666,0.0
2016-11-28,0,,28.2,7.28291666666667,0.0
2016-11-29,0,,2.0,2.73216666666667,0.012583333333333
2016-11-30,0,,1.8,-1.256125,0.548333333333333
2016-12-01,0,,0.0,-2.36216666666667,0.705833333333333
2016-12-02,0,,2.6,0.648875,0.391666666666667
2016-12-03,0,,0.0,-0.505708333333333,0.275
2016-12-04,0,,0.0,-0.863666666666667,0.533333333333333
2016-12-05,0,,0.0,-1.3345,0.46
2016-12-06,0,,0.0,0.348208333333333,0.115
2016-12-07,0,,0.6,-1.01245833333333,1.0525
2016-12-08,0,,0.0,-2.50604166666667,1.455
2016-12-09,0,,0.0,1.40266666666667,0.845833333333334
2016-12-10,0,,0.0,3.06583333333333,0.09
2016-12-11,0,,0.0,5.29375,0.0
2016-12-12,0,,4.8,4.395875,0.385
2016-12-13,0,,9.4,-3.04425,21.3458333333333
2016-12-14,0,,0.4,-6.45891666666667,28.8375
2016-12-15,0,,2.8,-4.33475,26.2333333333333
2016-12-16,0,,2.2,-3.10783333333333,34.2833333333333
2016-12-17,0,,0.2,-5.24645833333333,31.85
2016-12-18,0,,0.0,-5.32291666666667,27.0083333333333
2016-12-19,0,,0.0,-5.36154166666667,24.1083333333333
2016-12-20,0,,6.000000000000001,-3.4365416666666664,24.78333333333333
2016-12-21,0,,0.4,-1.82041666666667,33.5375
2016-12-22,0,,0.2,-0.231208333333333,23.9708333333333
2016-12-23,0,,3.4,0.394833333333333,22.3958333333333
2016-12-24,0,,0.0,0.65675,17.7375
2016-12-25,0,,3.0,-0.703625,16.2875
2016-12-26,0,,0.2,-1.05170833333333,18.7875
2016-12-27,0,,1.0,-0.848083333333333,15.9125
2016-12-28,0,,4.0,-1.20920833333333,21.55
2016-12-29,0,,5.6,-2.17716666666667,84.8583333333333
2016-12-30,0,,0.0,-3.239,110.216
2016-12-31,0,,0.0,-4.409125,101.34583333333332
2017-01-01,0,,3.8,-4.963583333333334,96.1125
2017-01-02,0,,0.8,-6.55541666666667,90.975
2017-01-03,0,,0.0,-4.42404166666667,87.0708333333334
2017-01-04,0,,1.4,-0.844041666666667,83.6708333333333
2017-01-05,0,,3.2,3.89658333333333,76.7541666666667
2017-01-06,0,,2.6,2.40454166666667,65.0166666666667
2017-01-07,0,,0.6,-8.41133333333333,78.8083333333333
2017-01-08,0,,0.0,-7.62229166666667,78.5916666666667
2017-01-09,0,,0.0,-7.59583333333333,74.5125
2017-01-10,0,,0.6,-1.040625,72.2791666666667
2017-01-11,0,,0.0,2.90175,69.55833333
2017-01-12,0,,3.2,-1.8459166666666669,68.25833333333334
2017-01-13,0,,0.0,-1.2115,66.0958333333333
2017-01-14,0,,0.0,2.342875,64.6666666666667
2017-01-15,0,,10.2,1.62758333333333,61.6958333333333
2017-01-16,0,,6.4,2.4863043478260867,58.61250000000001
2017-01-17,0,,3.6,3.871,55.8708333333333
2017-01-18,0,,0.0,2.47978260869565,52.6416666666667
2017-01-19,0,,0.6,1.75220833333333,50.4458333333333
2017-01-20,0,,0.0,-1.58954166666667,50.3766666666667
2017-01-21,0,,0.2,-4.5925,48.7833333333333
2017-01-22,0,,0.0,-2.13673913043478,48.06
2017-01-23,0,,0.0,-1.5758695652173915,47.333333333333336
2017-01-24,0,,0.0,0.023791666666667,47.12125
2017-01-25,0,,0.2,-1.812,47.05
2017-01-26,0,,1.7999999999999998,-5.30495652173913,64.44166666666666
2017-01-27,0,,1.2,-6.808041666666668,78.32499999999999
2017-01-28,0,,0.4,-4.265291666666665,77.09583333333333
2017-01-29,0,,0.2,-3.8287083333333327,71.63749999999999
2017-01-30,0,,0.0,-5.40891666666667,68.9416666666667
2017-01-31,0,,0.0,-6.965916666666666,66.82500000000002
2017-02-01,0,,0.0,-3.505791666666666,65.28333333333335
2017-02-02,0,,0.0,-0.588666666666667,63.6125
2017-02-03,0,,0.0,2.76295833333333,61.6166666666667
2017-02-04,0,,1.6,5.34954166666667,55.7125
2017-02-05,0,,16.8,4.40554166666667,48.7416666666667
2017-02-06,2,inflow_m3_statistical_outlier,0.0,6.726124999999999,43.83333333333334
2017-02-07,2,inflow_m3_statistical_outlier,0.0,6.501208333333331,41.98416666666667
2017-02-08,0,,0.2,4.74891666666667,39.8291666666667
2017-02-09,0,,0.0,1.3087083333333331,37.204166666666666
2017-02-10,0,,0.0,-1.33179166666667,35.0791666666667
2017-02-11,0,,0.0,-3.02183333333333,34.1925
2017-02-12,0,,0.0,-3.40595833333333,33.3841666666667
2017-02-13,0,,1.2,-3.74983333333333,32.9716666666667
2017-02-14,0,,0.0,-6.1799583333333326,38.6125
2017-02-15,0,,0.8,-3.440041666666667,40.150000000000006
2017-02-16,0,,0.4,-4.78629166666667,39.8266666666667
2017-02-17,0,,0.0,-0.462708333333333,37.9
2017-02-18,0,,0.0,3.073125,36.1875
2017-02-19,0,,0.0,5.44941666666667,33.0
2017-02-20,0,,3.0,2.197958333333333,30.38333333333332
2017-02-21,0,,0.2,3.888875,27.4291666666667
2017-02-22,0,,0.0,3.33933333333333,24.0125
2017-02-23,0,,0.8,7.258625,20.3291666666667
2017-02-24,0,,0.0,8.39441666666667,15.75
2017-02-25,0,,0.4,7.871,9.40416666666667
2017-02-26,0,,0.0,5.61166666666667,3.12083333333333
2017-02-27,0,,0.0,7.992624999999999,0.6833333333333336
2017-02-28,0,,0.0,9.48075,0.0
2017-03-01,0,,0.0,10.1475,0.0
2017-03-02,0,,1.2,6.420916666666667,0.0
2017-03-03,0,,0.0,4.326125,0.0
2017-03-04,0,,0.2,6.086791666666668,0.0
2017-03-05,0,,0.0,7.765333333333332,0.0
2017-03-06,0,,0.0,9.330333333333332,0.0
2017-03-07,0,,0.0,10.20825,0.0
2017-03-08,0,,0.0,10.8677083333333,0.0
2017-03-09,0,,1.7999999999999998,10.46275,0.0
2017-03-10,0,,0.4,9.10533333333333,0.0
2017-03-11,0,,5.4,6.292875,0.0
2017-03-12,0,,3.0,3.59566666666667,0.0
2017-03-13,0,,1.8,2.114875,0.0
2017-03-14,0,,12.2,0.2262499999999999,1.8791666666666664
2017-03-15,0,,0.2,0.9148750000000002,0.8291666666666669
2017-03-16,0,,0.2,1.24916666666667,0.366666666666667
2017-03-17,0,,10.6,-1.0582083333333334,3.395833333333334
2017-03-18,0,,0.0,1.708875,1.025
2017-03-19,0,,3.0,4.774541666666667,0.0
2017-03-20,0,,0.6000000000000001,6.554458333333333,0.0
2017-03-21,0,,0.0,8.19241666666667,0.0
2017-03-22,0,,0.0,7.819208333333333,0.0
2017-03-23,0,,0.0,7.79616666666667,0.0
2017-03-24,0,,0.0,10.0571666666667,0.0
2017-03-25,0,,0.0,10.1085833333333,0.0
2017-03-26,0,,1.2,9.02354166666667,0.0
2017-03-27,0,,0.0,1.05070833333333,0.0
2017-03-28,0,,0.0,5.458833333333334,0.0
2017-03-29,0,,0.0,10.63375,0.0
2017-03-30,0,,0.0,11.5645,0.0
2017-03-31,0,,0.0,4.33775,0.0
2017-04-01,0,,0.0,3.67895833333333,0.0
2017-04-02,0,,0.0,8.99354166666667,0.0
2017-04-03,0,,0.0,12.38375,0.0
2017-04-04,0,,0.0,14.22,0.0
2017-04-05,0,,0.0,9.85608333333334,0.0
2017-04-06,0,,10.6,8.51333333333333,0.0
2017-04-07,0,,5.4,5.636333333333334,0.0
2017-04-08,0,,0.4,3.2506250000000008,0.0
2017-04-09,0,,0.4,2.482166666666666,0.0
2017-04-10,0,,0.0,3.4015,0.0
2017-04-11,0,,0.0,9.319791666666664,0.0
2017-04-12,0,,0.0,9.66095833333334,0.0
2017-04-13,0,,0.0,9.53020833333333,0.0
2017-04-14,0,,0.0,10.471458333333334,0.0
2017-04-15,0,,0.0,11.690416666666666,0.0
2017-04-16,0,,1.6,11.570666666666666,0.0
2017-04-17,0,,4.0,11.418458333333335,0.0
2017-04-18,0,,3.2,2.99983333333333,0.0
2017-04-19,0,,0.0,9.79220833333333,0.0
2017-04-20,0,,1.4,9.708,0.2625
2017-04-21,0,,0.0,2.5936666666666666,0.0125
2017-04-22,0,,9.8,2.414333333333334,1.8166666666666669
2017-04-23,0,,2.6,3.3500416666666664,1.3125000000000002
2017-04-24,0,,0.6,2.59195833333333,0.0
2017-04-25,0,,0.0,8.58616666666667,0.0
2017-04-26,0,,0.0,12.234083333333336,0.0
2017-04-27,0,,0.0,14.43,0.0
2017-04-28,0,,0.0,15.4841666666667,0.0
2017-04-29,0,,0.0,16.79625,0.0
2017-04-30,0,,0.0,16.79125,0.0
2017-05-01,0,,0.2,13.025,0.0
2017-05-02,0,,0.0,14.5733333333333,0.0
2017-05-03,0,,0.0,13.948750000000002,0.0
2017-05-04,0,,0.0,15.7491666666667,0.0
2017-05-05,0,,0.0,15.6475,0.0
2017-05-06,0,,6.0,10.32225,0.0
2017-05-07,0,,1.2,12.2079166666667,0.0
2017-05-08,0,,1.0,14.243333333333334,0.0
2017-05-09,0,,6.4,16.01125,0.0
2017-05-10,0,,1.4,9.092458333333331,0.0
2017-05-11,0,,0.0,11.34366666666667,0.0
2017-05-12,0,,0.0,16.2070833333333,0.0
2017-05-13,0,,0.0,17.0,0.0
2017-05-14,0,,0.0,16.60354166666665,0.0
2017-05-15,0,,0.0,9.540041666666664,0.0
2017-05-16,0,temp_kazandere_c_imputed_linear,0.0,13.05375,0.0
2017-05-17,0,,0.0,12.4045833333333,0.0
2017-05-18,0,,0.0,11.487916666666663,0.0
2017-05-19,0,,0.0,8.137166666666666,0.0
2017-05-20,0,,0.0,10.284250000000002,0.0
2017-05-21,0,,5.4,7.282749999999999,0.0
2017-05-22,0,,2.6,10.987958333333331,0.0
2017-05-23,0,,0.4,9.058166666666668,0.0
2017-05-24,0,,0.0,11.7353333333333,0.0
2017-05-25,0,,0.0,14.775833333333331,0.0
2017-05-26,0,,0.0,13.3641666666667,0.0
2017-05-27,0,,1.0,12.0308333333333,0.0
2017-05-28,0,,0.0,12.42,0.0
2017-05-29,0,,3.6,12.74375,0.0
2017-05-30,0,,3.0000000000000004,11.107500000000002,0.0
2017-05-31,0,,1.2000000000000002,15.47541666666667,0.0
2017-06-01,0,,0.0,16.8283333333333,0.0
2017-06-02,0,,0.0,17.782083333333336,0.0
2017-06-03,0,,0.4,18.8675,0.0
2017-06-04,0,,1.0,17.797083333333337,0.0
2017-06-05,0,,0.0,16.333749999999995,0.0
2017-06-06,0,,0.0,15.9825,0.0
2017-06-07,0,,0.0,19.15,0.0
2017-06-08,0,,8.399999999999999,18.62250000000001,0.0
2017-06-09,0,,8.6,13.1079166666667,0.0
2017-06-10,0,,1.4,13.1441666666667,0.0
2017-06-11,0,,0.4,13.96,0.0
2017-06-12,0,,0.0,14.911250000000004,0.0
2017-06-13,0,,0.0,15.98375,0.0
2017-06-14,0,,0.0,17.3975,0.0
2017-06-15,0,,0.0,15.7216666666667,0.0
2017-06-16,0,,0.0,15.1995833333333,0.0
2017-06-17,0,,0.0,16.9145833333333,0.0
2017-06-18,0,,7.0,12.8729166666667,0.0
2017-06-19,0,,0.2,12.89375,0.0
2017-06-20,0,,1.8,13.74125,0.0
2017-06-21,0,,0.2,16.8920833333333,0.0
2017-06-22,0,,0.0,17.787083333333335,0.0
2017-06-23,0,,0.0,19.60375,0.0
2017-06-24,0,,0.0,19.755,0.0
2017-06-25,0,,0.0,19.0695833333333,0.0
2017-06-26,0,,0.0,20.5966666666667,0.0
2017-06-27,0,,0.0,19.59625,0.0
2017-06-28,0,,0.0,21.4566666666667,0.0
2017-06-29,0,,0.0,23.5591666666667,0.0
2017-06-30,0,,0.0,24.4529166666667,0.0
2017-07-01,0,,0.0,24.86,0.0
2017-07-02,0,,0.0,24.285,0.0
2017-07-03,0,,0.0,25.5416666666667,0.0
2017-07-04,0,,0.6000000000000001,16.13083333333333,0.0
2017-07-05,0,,0.0,15.73,0.0
2017-07-06,0,,0.0,15.0429166666667,0.0
2017-07-07,0,,0.0,16.7541666666667,0.0
2017-07-08,0,,0.0,16.9520833333333,0.0
2017-07-09,0,,0.0,20.2354166666667,0.0
2017-07-10,0,,0.0,18.68125,0.0
2017-07-11,0,,0.0,18.37125,0.0
2017-07-12,0,,0.0,20.157916666666665,0.0
2017-07-13,0,,0.0,21.90125,0.0
2017-07-14,0,,0.0,19.85375,0.0
2017-07-15,0,,0.0,17.28,0.0
2017-07-16,0,,0.0,19.1358333333333,0.0
2017-07-17,0,,0.4,18.817083333333336,0.0
2017-07-18,0,,0.0,17.71,0.0
2017-07-19,0,,0.2,17.53291666666667,0.0
2017-07-20,0,,0.0,17.3254166666667,0.0
2017-07-21,0,,0.0,18.1075,0.0
2017-07-22,0,,0.0,18.5558333333333,0.0
2017-07-23,0,,0.0,20.4429166666667,0.0
2017-07-24,0,,0.0,21.2716666666667,0.0
2017-07-25,0,,0.0,24.4829166666667,0.0
2017-07-26,0,,0.0,24.4704166666667,0.0
2017-07-27,0,,6.4,21.5620833333333,0.0
2017-07-28,0,,0.4,16.21166666666667,0.0
2017-07-29,0,,0.0,18.317916666666665,0.0
2017-07-30,0,,0.0,20.04208333333333,0.0
2017-07-31,0,,0.0,18.41125,0.0
2017-08-01,0,,0.0,18.691666666666663,0.0
2017-08-02,0,,0.0,19.44083333333333,0.0
2017-08-03,0,,0.0,22.254166666666663,0.0
2017-08-04,0,,1.0,21.581666666666667,0.0
2017-08-05,0,,0.0,22.80791666666666,0.0
2017-08-06,0,,0.0,22.032083333333333,0.0
2017-08-07,0,,0.0,22.22375,0.0
2017-08-08,0,,0.0,22.73833333333333,0.0
2017-08-09,0,,0.0,22.15458333333333,0.0
2017-08-10,0,,0.0,20.677499999999995,0.0
2017-08-11,0,,0.0,21.922916666666666,0.0
2017-08-12,0,,0.0,20.16708333333333,0.0
2017-08-13,0,,0.0,21.574166666666667,0.0
2017-08-14,0,,0.0,18.055,0.0
2017-08-15,0,,1.4,17.200833333333332,0.0
2017-08-16,0,,3.8,18.4975,0.0
2017-08-17,0,,0.2,18.37375,0.0
2017-08-18,0,,0.0,19.0404166666667,0.0
2017-08-19,0,,0.0,18.9608333333333,0.0
2017-08-20,0,,3.6,19.8145833333333,0.0
2017-08-21,0,,2.2,18.54041666666667,0.0
2017-08-22,0,,8.2,15.7695833333333,0.0
2017-08-23,0,,0.0,15.225416666666671,0.0
2017-08-24,0,,0.0,16.0266666666667,0.0
2017-08-25,0,,0.0,17.217916666666664,0.0
2017-08-26,0,,0.0,16.997083333333332,0.0
2017-08-27,0,,0.0,17.86791666666667,0.0
2017-08-28,0,,0.0,19.190416666666668,0.0
2017-08-29,0,,0.0,17.902083333333337,0.0
2017-08-30,0,,0.0,13.607499999999996,0.0
2017-08-31,0,,0.0,13.066083333333331,0.0
2017-09-01,0,,0.0,15.016666666666673,0.0
2017-09-02,0,,0.0,20.27764705882353,0.0
2017-09-03,0,,0.0,21.0,0.0
2017-09-04,0,,0.0,20.0,0.0
2017-09-05,0,,0.0,15.0,0.0
2017-09-06,0,,0.0,14.0,0.0
2017-09-07,0,,0.0,16.0,0.0
2017-09-08,0,,0.0,20.0,0.0
2017-09-09,0,,0.0,22.0,0.0
2017-09-10,0,,0.0,23.0,0.0
2017-09-11,0,,0.0,24.0,0.0
2017-09-12,0,,0.0,21.0,0.0
2017-09-13,0,,0.0,20.0,0.0
2017-09-14,0,,0.0,18.0,0.0
2017-09-15,0,,0.0,19.0,0.0
2017-09-16,0,,0.0,21.0,0.0
2017-09-17,0,,0.0,22.0,0.0
2017-09-18,0,,0.0,19.766666666666666,0.0
2017-09-19,0,,0.0,22.09125,0.0
2017-09-20,0,,0.0,24.37541666666667,0.0
2017-09-21,0,,1.0,19.050833333333333,0.0
2017-09-22,0,,2.2,13.537083333333335,0.0
2017-09-23,0,,0.0,10.745000000000005,0.0
2017-09-24,0,,0.0,13.263750000000002,0.0
2017-09-25,0,,0.2,17.2558333333333,0.0
2017-09-26,0,,0.0,14.9129166666667,0.0
2017-09-27,0,,0.2,15.26875,0.0
2017-09-28,0,,0.0,11.3283333333333,0.0
2017-09-29,0,,0.4,10.3983333333333,0.0
2017-09-30,0,,1.4,12.50625,0.0
2017-10-01,0,,2.6,10.147875,0.0
2017-10-02,0,,0.0,9.359666666666666,0.0
2017-10-03,0,,0.0,7.632583333333335,0.0
2017-10-04,0,,0.0,9.80891666666667,0.0
2017-10-05,0,,0.0,10.400666666666668,0.0
2017-10-06,0,,0.0,14.2458333333333,0.0
2017-10-07,0,,0.2,16.7345833333333,0.0
2017-10-08,0,,5.4,8.05595833333333,0.0
2017-10-09,0,,0.0,7.505874999999999,0.0
2017-10-10,0,,0.0,8.04629166666667,0.0
2017-10-11,0,,0.0,8.298541666666667,0.0
2017-10-12,0,,0.0,9.07308333333333,0.0
2017-10-13,0,,0.0,11.212583333333331,0.0
2017-10-14,0,,5.800000000000001,7.765125,0.0
2017-10-15,0,,0.0,9.6735,0.0
2017-10-16,0,,0.2,10.634625,0.0
2017-10-17,0,,0.2,12.310958333333332,0.0
2017-10-18,0,,0.0,14.3141666666667,0.0
2017-10-19,0,,0.0,14.2395833333333,0.0
2017-10-20,0,,0.0,12.9584210526316,0.0
2017-10-21,0,,0.0,12.734125,0.0
2017-10-22,0,,0.0,12.069625,0.0
2017-10-23,0,,0.0,14.382500000000002,0.0
2017-10-24,0,,5.0,11.68125,0.0
2017-10-25,0,,12.0,10.6908333333333,0.0
2017-10-26,0,,0.4,8.01120833333333,0.0
2017-10-27,0,,0.2,9.27104166666666,0.0
2017-10-28,0,,7.0,9.98041666666667,0.0
2017-10-29,0,,6.4,6.75954166666667,0.0
2017-10-30,0,,1.8,4.56525,0.0
2017-10-31,0,,0.0,1.520375,0.0
2017-11-01,0,,0.0,1.463625,0.0
2017-11-02,0,,0.0,3.67733333333333,0.0
2017-11-03,0,,1.2,6.78791666666667,0.0
2017-11-04,0,,0.2,6.90929166666667,0.0
2017-11-05,0,,2.2,7.64408333333333,0.0
2017-11-06,0,,0.0,5.42266666666667,0.0
2017-11-07,0,,0.0,7.095749999999998,0.0
2017-11-08,0,,0.0,9.07775,0.0
2017-11-09,0,,0.0,8.82283333333334,0.0
2017-11-10,0,,0.0,6.15554166666666,0.0
2017-11-11,0,,0.0,7.45183333333333,0.0
2017-11-12,0,,0.2,10.2105416666667,0.0
2017-11-13,0,,0.0,11.582083333333337,0.0
2017-11-14,0,,0.0,11.342416666666669,0.0
2017-11-15,0,,0.0,10.1957083333333,0.0
2017-11-16,0,,0.0,8.58208333333334,0.0
2017-11-17,0,,0.0,9.97783333333333,0.0
2017-11-18,0,,0.0,9.87741666666666,0.0
2017-11-19,0,,2.6,9.39341666666667,0.0
2017-11-20,0,,16.4,4.113541666666667,0.245
2017-11-21,0,,2.4,-0.962916666666667,2.745833333
2017-11-22,0,,9.0,0.545583333333333,1.2375
2017-11-23,0,,2.8,3.92595833333333,0.0
2017-11-24,0,,0.0,4.2672083333333335,0.0
2017-11-25,0,,0.0,5.0237083333333326,0.0
2017-11-26,0,,0.0,6.697875000000001,0.0
2017-11-27,0,,6.200000000000001,9.357,0.0
2017-11-28,0,,11.8,5.13633333333333,0.0
2017-11-29,0,,0.0,2.729,0.0
2017-11-30,0,,0.0,7.1655,0.0
2017-12-01,0,,0.0,10.011416666666667,0.0
2017-12-02,0,,0.0,10.695,0.0
2017-12-03,0,,0.0,12.01375,0.0
2017-12-04,0,,17.2,7.517541666666667,0.0
2017-12-05,0,,4.6,-0.807041666666667,1.504166667
2017-12-06,0,,2.4000000000000004,-1.50275,6.179166666666665
2017-12-07,0,,0.0,-0.3333749999999999,0.5083333333333333
2017-12-08,0,,0.0,2.4189166666666666,0.0
2017-12-09,0,,0.0,6.009541666666667,0.0
2017-12-10,0,,4.6000000000000005,3.2772499999999987,0.0
2017-12-11,0,,0.0,6.05758333333333,0.0
2017-12-12,0,,0.0,7.07158333333334,0.0
2017-12-13,0,,0.0,6.884333333333335,0.0
2017-12-14,0,,0.0,6.058791666666667,0.0
2017-12-15,0,,0.0,7.58858333333334,0.0
2017-12-16,0,,2.2,10.118125,0.0
2017-12-17,0,,5.0,9.53075,0.0
2017-12-18,0,,5.2,4.019625,0.0
2017-12-19,0,,0.0,2.60720833333333,0.0
2017-12-20,0,,0.0,-0.1170416666666666,0.0
2017-12-21,0,,0.8,0.746541666666667,0.0
2017-12-22,0,,8.4,0.7922500000000001,0.0
2017-12-23,0,,8.6,-1.5985416666666663,5.770833333333334
2017-12-24,0,,0.0,-2.5230833333333336,5.0
2017-12-25,0,,0.0,0.382666666666667,4.5625
2017-12-26,0,,0.0,2.070333333333334,3.2291666666666683
2017-12-27,0,,0.0,3.0390416666666664,2.266666666666668
2017-12-28,0,,0.0,5.517708333333334,1.3583333333333336
2017-12-29,0,,2.8,6.551458333333334,0.1066666666666666
2017-12-30,0,,7.4,5.299833333333334,0.0
2017-12-31,0,,0.0,0.9082083333333336,0.0
2018-01-01,0,,0.0,1.5184166666666667,0.0
2018-01-02,0,,1.4,5.486625,0.0
2018-01-03,0,,4.8,3.6908333333333343,0.0
2018-01-04,0,,0.2,3.98395833333333,0.0
2018-01-05,0,,0.0,2.158125,0.0
2018-01-06,0,,0.0,2.938166666666667,0.0
2018-01-07,0,,0.0,4.886625,0.0
2018-01-08,0,,0.0,4.680916666666667,0.0
2018-01-09,0,,0.0,2.8097083333333344,0.0
2018-01-10,0,,0.0,2.628166666666667,0.0
2018-01-11,0,,0.8,5.181166666666667,0.0
2018-01-12,0,,7.6,4.636458333333332,0.0
2018-01-13,0,,0.0,2.237416666666667,0.1504166666666666
2018-01-14,0,,0.0,-1.751083333333333,0.2708333333333333
2018-01-15,0,,0.0,-1.78695833333333,0.1925
2018-01-16,0,,3.0,0.5817500000000001,0.6791666666666668
2018-01-17,0,,15.2,4.7843333333333335,0.2166666666666666
2018-01-18,0,,11.000000000000002,-1.87675,7.108333333333334
2018-01-19,0,,0.0,-1.6995833333333337,6.254166666666667
2018-01-20,0,,0.4,3.1592083333333325,3.6208333333333353
2018-01-21,0,,3.4,5.322208333333334,0.5
2018-01-22,0,,7.0,2.66641666666667,0.1225
2018-01-23,0,,5.4,-2.30383333333333,4.416666667
2018-01-24,0,,1.2,-3.989875,14.91666667
2018-01-25,0,,0.2,-4.26995833333333,24.1375
2018-01-26,0,,0.2,-4.85995833333333,20.7833333333333
2018-01-27,0,,0.0,-3.127625,17.975
2018-01-28,0,,0.0,-1.240125,15.1416666666667
2018-01-29,0,,0.0,0.2080833333333334,13.4125
2018-01-30,0,,0.0,3.642291666666667,10.491666666666664
2018-01-31,0,,0.0,3.03879166666667,8.208333333
2018-02-01,0,,0.0,5.950916666666667,6.158333333333334
2018-02-02,0,,0.0,6.71204166666667,3.87083333333333
2018-02-03,0,,0.0,8.72575,0.533333333333333
2018-02-04,0,,11.2,6.24241666666667,0.0
2018-02-05,0,,0.0,1.170916666666667,0.0
2018-02-06,0,,0.0,2.780625,0.0
2018-02-07,0,,0.4,9.00725,0.0
2018-02-08,0,,1.0,7.799124999999999,0.0
2018-02-09,0,,0.0,5.519375,0.0
2018-02-10,0,,5.800000000000001,7.1156666666666695,0.0
2018-02-11,0,,3.4000000000000004,6.046041666666667,0.0
2018-02-12,0,,0.0,0.8722083333333331,0.0
2018-02-13,0,,0.0,1.0875416666666666,0.0
2018-02-14,0,,0.0,3.899333333333333,0.0
2018-02-15,0,,0.0,4.865916666666666,0.0
2018-02-16,0,,0.0,2.88970833333333,0.0
2018-02-17,0,,0.0,1.170625,0.0
2018-02-18,0,,0.0,3.116125,0.0
2018-02-19,0,,1.2,2.3015,0.0
2018-02-20,0,,0.0,3.5475833333333333,0.0
2018-02-21,0,,0.0,7.198999999999999,0.0
2018-02-22,0,,0.0,7.65820833333333,0.0
2018-02-23,0,,0.0,2.1478750000000004,0.0
2018-02-24,0,,6.000000000000001,2.4742083333333325,0.12
2018-02-25,0,,0.0,-0.1439166666666666,0.1725
2018-02-26,0,,9.0,4.138,0.0
2018-02-27,0,,1.0,3.176666666666666,0.0
2018-02-28,0,,15.6,-1.02845833333333,0.0
2018-03-01,0,,0.0,-3.818875,1.0675
2018-03-02,0,,2.0,6.810708333333333,0.4529166666666666
2018-03-03,0,,11.599999999999998,7.999374999999997,0.2683333333333334
2018-03-04,0,,9.2,5.619624999999999,0.0
2018-03-05,0,,11.6,8.636875,0.0
2018-03-06,0,,5.0,9.03495833333333,0.0
2018-03-07,0,,0.0,12.7195833333333,0.0
2018-03-08,0,,6.2,7.08375,0.0
2018-03-09,0,,0.0,4.954916666666665,0.0
2018-03-10,0,,0.0,6.089124999999998,0.0
2018-03-11,0,,0.0,8.414166666666668,0.0
2018-03-12,0,,0.2,11.610541666666665,0.0
2018-03-13,0,,5.6,8.08795833333333,0.0
2018-03-14,0,,1.0,7.010166666666668,0.0
2018-03-15,0,,0.8,4.636458333333333,0.0
2018-03-16,0,,0.0,7.95075,0.0
2018-03-17,0,,0.0,14.1039166666667,0.0
2018-03-18,0,,0.6,12.9491666666667,0.0
2018-03-19,0,,0.0,11.2585,0.0
2018-03-20,0,,0.6000000000000001,8.842458333333335,0.0
2018-03-21,0,,0.0,10.3305416666667,0.0
2018-03-22,0,,0.0,8.315208333333333,0.0
2018-03-23,0,,1.0,8.82891666666667,0.0
2018-03-24,0,,4.4,5.130125,0.0
2018-03-25,0,,2.4,6.32895833333333,0.0
2018-03-26,0,,0.2,10.621291666666668,0.0
2018-03-27,0,,1.4,9.269625,0.0
2018-03-28,0,,2.8000000000000003,7.3243333333333345,0.0
2018-03-29,0,,3.6,2.68858333333333,0.0
2018-03-30,0,,0.2,5.638458333333333,0.0
2018-03-31,0,,0.0,12.05958333333333,0.0
2018-04-01,0,,5.8,13.141916666666669,0.0
2018-04-02,0,,2.0,5.318583333333333,0.0
2018-04-03,0,,0.0,5.8017916666666665,0.0
2018-04-04,0,,0.0,11.247625,0.0
2018-04-05,0,,0.0,15.324166666666663,0.0
2018-04-06,0,,0.0,16.6446666666667,0.0
2018-04-07,0,,0.0,10.9259166666667,0.0
2018-04-08,0,,0.2,8.82429166666667,0.0
2018-04-09,0,,0.0,11.8566666666667,0.0
2018-04-10,0,,0.0,14.3529166666667,0.0
2018-04-11,0,,0.0,15.5420833333333,0.0
2018-04-12,0,,0.0,14.287916666666668,0.0
2018-04-13,0,,0.0,14.2495833333333,0.0
2018-04-14,0,,0.0,15.5316666666667,0.0
2018-04-15,0,,0.0,12.6936666666667,0.0
2018-04-16,0,,0.0,15.1808333333333,0.0
2018-04-17,0,,0.0,14.89375,0.0
2018-04-18,0,,0.0,11.44020833333333,0.0
2018-04-19,0,,0.0,10.176416666666666,0.0
2018-04-20,0,,2.0,5.50495833333333,0.0
2018-04-21,0,,0.0,6.31666666666667,0.0
2018-04-22,0,,0.0,11.51675,0.0
2018-04-23,0,,0.0,15.2870833333333,0.0
2018-04-24,0,,0.0,15.849166666666664,0.0
2018-04-25,0,,0.0,16.32625,0.0
2018-04-26,0,,0.0,16.74166666666667,0.0
2018-04-27,0,,0.0,16.1141666666667,0.0
2018-04-28,0,,0.0,15.7020833333333,0.0
2018-04-29,0,,0.0,17.5783333333333,0.0
2018-04-30,0,,0.0,16.801666666666666,0.0
2018-05-01,0,,0.0,16.064166666666665,0.0
2018-05-02,0,,0.0,17.13041666666667,0.0
2018-05-03,0,,0.0,17.890416666666663,0.0
2018-05-04,0,,0.0,18.83541666666667,0.0
2018-05-05,0,,0.2,17.29041666666667,0.0
2018-05-06,0,,13.199999999999996,12.479583333333332,0.0
2018-05-07,0,,18.2,11.4625,0.0
2018-05-08,0,,5.800000000000001,12.1825,0.0
2018-05-09,0,,6.400000000000001,12.109166666666669,0.0
2018-05-10,0,,7.4,12.2645833333333,0.0
2018-05-11,0,,3.0,11.425000000000002,0.0
2018-05-12,0,,0.0,7.077500000000001,0.0
2018-05-13,0,,0.0,9.284375000000002,0.0
2018-05-14,0,,0.0,13.225416666666666,0.0
2018-05-15,0,,0.0,16.819166666666664,0.0
2018-05-16,0,,0.0,19.58708333333333,0.0
2018-05-17,0,,0.0,19.48333333333333,0.0
2018-05-18,0,,0.0,18.09958333333334,0.0
2018-05-19,0,,3.0,17.539166666666663,0.0
2018-05-20,0,,0.0,14.548750000000004,0.0
2018-05-21,0,,0.0,14.530416666666673,0.0
2018-05-22,0,,0.0,15.8783333333333,0.0
2018-05-23,0,,0.0,15.2733333333333,0.0
2018-05-24,0,,16.4,16.61,0.0
2018-05-25,0,,0.2,15.9875,0.0
2018-05-26,0,,12.8,15.91125,0.0
2018-05-27,0,,0.0,15.19958333333333,0.0
2018-05-28,0,,0.6,13.89541666666667,0.0
2018-05-29,0,,0.2,14.2625,0.0
2018-05-30,0,,0.0,14.00625,0.0
2018-05-31,0,,0.0,13.754999999999995,0.0
2018-06-01,0,,0.0,16.8058333333333,0.0
2018-06-02,0,,0.0,13.297375,0.0
2018-06-03,0,,0.0,13.9295833333333,0.0
2018-06-04,0,,0.0,17.5916666666667,0.0
2018-06-05,0,,0.0,17.64291666666667,0.0
2018-06-06,0,,4.6,18.6779166666667,0.0
2018-06-07,0,,0.2,18.7870833333333,0.0
2018-06-08,0,,0.0,18.1308333333333,0.0
2018-06-09,0,,0.0,21.43,0.0
2018-06-10,0,,0.0,19.2220833333333,0.0
2018-06-11,0,,0.0,17.1704166666667,0.0
2018-06-12,0,,0.0,16.14,0.0
2018-06-13,0,,0.0,18.750000000000004,0.0
2018-06-14,0,,0.0,21.32875,0.0
2018-06-15,0,,0.0,19.92625,0.0
2018-06-16,0,,0.6,17.5358333333333,0.0
2018-06-17,0,,1.8,15.69625,0.0
2018-06-18,0,,0.0,16.8383333333333,0.0
2018-06-19,0,,3.6,17.0658333333333,0.0
2018-06-20,0,,0.0,18.1870833333333,0.0
2018-06-21,0,,0.6,17.2429166666667,0.0
2018-06-22,0,,4.0,17.1841666666667,0.0
2018-06-23,0,,3.4,16.2679166666667,0.0
2018-06-24,0,,0.0,15.6658333333333,0.0
2018-06-25,0,,0.0,15.7825,0.0
2018-06-26,0,,11.2,18.21166666666667,0.0
2018-06-27,0,,0.2,19.0858333333333,0.0
2018-06-28,0,,0.4,18.3925,0.0
2018-06-29,0,,0.0,18.3945833333333,0.0
2018-06-30,0,,0.0,18.6991666666667,0.0
2018-07-01,0,,0.2,17.6220833333333,0.0
2018-07-02,0,,0.0,19.0070833333333,0.0
2018-07-03,0,,0.0,20.88041666666666,0.0
2018-07-04,0,,0.0,19.99,0.0
2018-07-05,0,,0.0,19.385416666666668,0.0
2018-07-06,0,,0.0,18.7845833333333,0.0
2018-07-07,0,,0.0,19.0466666666667,0.0
2018-07-08,0,,0.0,18.7433333333333,0.0
2018-07-09,0,,0.0,19.294166666666666,0.0
2018-07-10,0,,0.0,20.379583333333333,0.0
2018-07-11,0,,0.0,20.5808333333333,0.0
2018-07-12,0,,0.0,19.057083333333328,0.0
2018-07-13,0,,0.0,19.4791666666667,0.0
2018-07-14,0,,0.0,18.6366666666667,0.0
2018-07-15,0,,0.0,17.5991666666667,0.0
2018-07-16,0,,0.0,18.08708333333333,0.0
2018-07-17,0,,1.8,21.317499999999995,0.0
2018-07-18,0,,0.0,17.794583333333332,0.0
2018-07-19,0,,0.2,17.96625,0.0
2018-07-20,0,,1.8,17.764166666666664,0.0
2018-07-21,0,,0.0,19.781250000000007,0.0
2018-07-22,0,,0.0,20.29333333333334,0.0
2018-07-23,0,,0.2,22.1416666666667,0.0
2018-07-24,0,,0.8,17.955000000000002,0.0
2018-07-25,0,,2.6,18.2375,0.0
2018-07-26,0,,0.8,19.395,0.0
2018-07-27,0,,3.6,18.937916666666677,0.0
2018-07-28,0,,0.0,19.24041666666667,0.0
2018-07-29,0,,0.0,20.27833333333333,0.0
2018-07-30,0,,0.0,21.38208333333333,0.0
2018-07-31,0,,0.0,20.4845833333333,0.0
2018-08-01,0,,0.0,20.75,0.0
2018-08-02,0,,0.0,21.3779166666667,0.0
2018-08-03,0,,0.0,21.0195833333333,0.0
2018-08-04,0,,0.0,21.02625,0.0
2018-08-05,0,,0.0,20.7154166666667,0.0
2018-08-06,0,,0.0,20.4745833333333,0.0
2018-08-07,0,,0.0,20.1370833333333,0.0
2018-08-08,0,,0.0,20.9183333333333,0.0
2018-08-09,0,,0.0,20.2533333333333,0.0
2018-08-10,0,,0.0,19.45041666666667,0.0
2018-08-11,0,,0.0,17.355416666666667,0.0
2018-08-12,0,,0.0,16.675833333333333,0.0
2018-08-13,0,,0.0,17.3525,0.0
2018-08-14,0,,0.0,19.61708333333333,0.0
2018-08-15,0,,0.0,20.38958333333333,0.0
2018-08-16,0,,0.0,20.55208333333333,0.0
2018-08-17,0,,0.0,21.1708333333333,0.0
2018-08-18,0,,0.0,22.05,0.0
2018-08-19,0,,0.0,20.8570833333333,0.0
2018-08-20,0,,0.0,18.8008333333333,0.0
2018-08-21,0,,0.0,19.315,0.0
2018-08-22,0,,0.0,20.38375,0.0
2018-08-23,0,,0.0,20.1395833333333,0.0
2018-08-24,0,,0.0,21.7754166666667,0.0
2018-08-25,0,,0.0,20.3225,0.0
2018-08-26,0,,0.0,20.085652173913,0.0
2018-08-27,0,,0.0,20.6391666666667,0.0
2018-08-28,0,,1.2,20.769583333333333,0.0
2018-08-29,0,,0.0,19.2125,0.0
2018-08-30,0,,0.0,19.6791666666667,0.0
2018-08-31,0,,0.0,21.6841666666667,0.0
2018-09-01,0,,0.0,22.7125,0.0
2018-09-02,0,,0.0,21.18875,0.0
2018-09-03,0,,0.0,20.17625,0.0
2018-09-04,0,,0.0,19.3770833333333,0.0
2018-09-05,0,,0.8,19.354166666666664,0.0
2018-09-06,0,,3.6,14.8908333333333,0.0
2018-09-07,0,,0.0,16.6233333333333,0.0
2018-09-08,0,,0.0,16.3454166666667,0.0
2018-09-09,0,,0.0,15.7283333333333,0.0
2018-09-10,0,,1.2,13.175,0.0
2018-09-11,0,,0.2,13.6554166666667,0.0
2018-09-12,0,,0.0,16.81125,0.0
2018-09-13,0,,2.6,16.475833333333338,0.0
2018-09-14,0,,0.4,15.10625,0.0
2018-09-15,0,,0.2,15.682916666666664,0.0
2018-09-16,0,,0.0,17.145416666666666,0.0
2018-09-17,0,,0.0,15.6545833333333,0.0
2018-09-18,0,,0.0,15.52625,0.0
2018-09-19,0,,0.0,15.373333333333337,0.0
2018-09-20,0,,0.0,15.62583333333333,0.0
2018-09-21,0,,0.0,15.6408333333333,0.0
2018-09-22,0,,0.0,16.8358333333333,0.0
2018-09-23,0,,0.0,17.4529166666667,0.0
2018-09-24,0,,0.0,21.3425,0.0
2018-09-25,0,,0.0,10.165541666666668,0.0
2018-09-26,0,,0.0,9.24375,0.0
2018-09-27,0,,0.0,12.06625,0.0
2018-09-28,0,,0.0,15.2154166666667,0.0
2018-09-29,0,,0.0,17.2320833333333,0.0
2018-09-30,0,,1.6,15.7766666666667,0.0
2018-10-01,0,,4.4,15.1458333333333,0.0
2018-10-02,0,,0.0,14.2083333333333,0.0
2018-10-03,0,,0.0,15.8683333333333,0.0
2018-10-04,0,,0.2,11.1389166666667,0.0
2018-10-05,0,,0.0,10.638875,0.0
2018-10-06,0,,0.0,12.270833333333329,0.0
2018-10-07,0,,0.0,13.054125000000004,0.0
2018-10-08,0,,0.0,13.11625,0.0
2018-10-09,0,,0.0,12.321583333333333,0.0
2018-10-10,0,,0.0,11.661833333333332,0.0
2018-10-11,0,,0.0,11.5783333333333,0.0
2018-10-12,0,,0.0,15.1066666666667,0.0
2018-10-13,0,,1.0,14.2225,0.0
2018-10-14,0,,0.2,14.9345833333333,0.0
2018-10-15,0,,0.0,14.0845833333333,0.0
2018-10-16,0,,0.0,13.3595833333333,0.0
2018-10-17,0,,2.2,15.1195833333333,0.0
2018-10-18,0,,2.2,14.515833333333337,0.0
2018-10-19,0,,0.0,14.8491666666667,0.0
2018-10-20,0,,0.0,12.73,0.0
2018-10-21,0,,0.0,10.2075,0.0
2018-10-22,0,,0.0,11.840833333333334,0.0
2018-10-23,0,,0.0,12.6991666666667,0.0
2018-10-24,0,,5.4,11.5806666666667,0.0
2018-10-25,0,,3.8,1.88554166666667,0.0
2018-10-26,0,,0.6,5.53425,0.0
2018-10-27,0,,0.0,9.293583333333332,0.0
2018-10-28,0,,0.0,11.950249999999995,0.0
2018-10-29,0,,0.0,13.7575,0.0
2018-10-30,0,,0.0,14.99375,0.0
2018-10-31,0,temp_aytepe_c_sudden_jump,0.0,15.569999999999997,0.0
2018-11-01,0,,0.0,14.95375,0.0
2018-11-02,0,,0.0,12.130541666666666,0.0
2018-11-03,0,,0.0,10.200083333333334,0.0
2018-11-04,0,,0.0,11.318208333333333,0.0
2018-11-05,0,,0.0,10.188375,0.0
2018-11-06,0,,0.0,9.946541666666668,0.0
2018-11-07,0,,0.0,9.0835,0.0
2018-11-08,0,,0.0,8.832749999999999,0.0
2018-11-09,0,,0.0,9.180208333333333,0.0
2018-11-10,0,,0.0,8.863166666666666,0.0
2018-11-11,0,,0.0,8.681708333333333,0.0
2018-11-12,0,,0.0,7.78170833333333,0.0
2018-11-13,0,,0.0,6.432333333333333,0.0
2018-11-14,0,,0.2,4.038666666666666,0.0
2018-11-15,0,,3.6,2.252125,0.0
2018-11-16,0,,0.6000000000000001,2.9618333333333333,0.0
2018-11-17,0,,0.0,4.9057916666666666,0.0
2018-11-18,0,,4.6000000000000005,7.547416666666664,0.0
2018-11-19,0,,0.2,11.8458333333333,0.0
2018-11-20,0,,0.0,11.1804166666667,0.0
2018-11-21,0,,0.4,9.97933333333333,0.0
2018-11-22,0,,4.8,6.55141666666667,0.0
2018-11-23,0,,0.2,3.8505,0.0
2018-11-24,0,,0.0,3.43904166666667,0.0
2018-11-25,0,,0.0,5.13941666666667,0.0
2018-11-26,0,,8.4,8.15166666666667,0.0
2018-11-27,0,,1.0,12.1329166666667,0.0
2018-11-28,0,,3.6000000000000005,7.327958333333334,0.0
2018-11-29,2,inflow_m3_statistical_outlier,0.4,4.003375,0.0
2018-11-30,2,inflow_m3_statistical_outlier,0.6000000000000001,1.0502916666666666,0.0
2018-12-01,0,,0.0,1.847958333333333,0.0
2018-12-02,0,,0.0,5.059208333333333,0.0
2018-12-03,0,,0.0,7.208125,0.0
2018-12-04,0,,0.2,7.611625000000001,0.0
2018-12-05,0,,2.0,5.562083333333334,0.0
2018-12-06,2,inflow_m3_statistical_outlier,10.4,0.5355833333333333,0.0
2018-12-07,0,,0.0,-3.143166666666666,0.0
2018-12-08,0,,0.2,1.022583333333333,0.0
2018-12-09,0,,3.2,4.141875000000001,0.0
2018-12-10,0,,11.4,5.20629166666667,0.0
2018-12-11,0,,0.8,0.513916666666667,0.0
2018-12-12,0,,0.8,-1.36704166666667,0.0
2018-12-13,0,,1.2000000000000002,-0.3268750000000001,0.1908333333333333
2018-12-14,0,,2.0,2.69916666666667,0.0
2018-12-15,0,,0.0,6.59625,0.0
2018-12-16,0,,1.6,6.819375,0.0
2018-12-17,0,,0.6,6.316125,0.0
2018-12-18,0,,11.0,6.23658333333333,0.0
2018-12-19,2,inflow_m3_statistical_outlier,3.4,-0.710666666666667,0.0
2018-12-20,0,,0.0,-0.8188750000000001,0.0
2018-12-21,0,,0.0,2.74754166666667,0.0
2018-12-22,0,,0.0,2.67404166666667,0.0
2018-12-23,0,,0.8,3.19979166666667,0.0
2018-12-24,0,,5.200000000000001,4.880833333333334,0.0
2018-12-25,0,,6.4,-1.71354166666667,5.258333333
2018-12-26,0,,0.2,-4.85070833333333,10.19166667
2018-12-27,0,,3.4,-2.49925,9.483333333
2018-12-28,0,,0.0,-1.8255416666666668,8.358333333333333
2018-12-29,0,,3.000000000000001,-2.4741249999999995,10.520833333333334
2018-12-30,0,,0.0,-1.2367916666666667,7.675000000000002
2018-12-31,0,,0.0,-1.26879166666667,6.69166666666667
2019-01-01,0,,0.0,-0.409291666666667,7.43916666666667
2019-01-02,0,,1.6,0.422833333333333,4.3125
2019-01-03,0,,5.8,1.0310833333333331,5.000000000000001
2019-01-04,0,,2.2,-1.551166666666667,8.183333333333334
2019-01-05,0,,4.8,-1.206041666666667,10.35
2019-01-06,0,,0.4,-3.1299166666666665,14.22083333333333
2019-01-07,0,,0.0,-4.530833333333334,18.10833333333333
2019-01-08,0,,1.2,-6.15279166666667,29.79583333
2019-01-09,0,,0.0,-4.25245833333334,25.44583333
2019-01-10,0,,0.0,4.65316666666667,18.15
2019-01-11,0,,12.999999999999996,3.0193333333333325,7.329166666666666
2019-01-12,0,,2.2,0.8690416666666666,2.125
2019-01-13,0,,0.2,-0.7305833333333335,1.9000000000000008
2019-01-14,0,,0.0,1.7844374999999997,1.2312500000000004
2019-01-15,0,,3.4,-2.02804166666667,13.98333333
2019-01-16,0,,0.2,-3.069875,18.7
2019-01-17,0,,0.0,-0.44875,28.504166666666663
2019-01-18,0,,0.0,1.44370833333333,24.6166666666667
2019-01-19,0,,0.0,2.56766666666667,20.3708333333333
2019-01-20,0,,0.0,3.00354166666667,17.975
2019-01-21,0,,0.2,2.385875,16.591666666666665
2019-01-22,0,,0.0,2.20279166666667,13.67083333
2019-01-23,0,,0.8,6.72420833333333,11.15416667
2019-01-24,0,,0.0,5.572083333333334,7.429166666666664
2019-01-25,0,,0.0,6.935208333333333,4.541666666666668
2019-01-26,0,,2.0,6.034,0.7333333333333333
2019-01-27,0,,1.6,3.232291666666665,0.0
2019-01-28,0,,0.0,4.651166666666667,0.0
2019-01-29,0,,0.0,6.659041666666666,0.0
2019-01-30,0,,0.0,7.1025,0.0
2019-01-31,0,,4.6,5.74770833333333,0.0
2019-02-01,0,,2.2,2.39491666666667,0.0
2019-02-02,0,,0.0,5.31695833333333,0.0
2019-02-03,0,,0.0,7.41195833333333,0.0
2019-02-04,0,,0.0,9.78575,0.0
2019-02-05,0,,0.0,11.3217083333333,0.0
2019-02-06,0,,2.6,5.22966666666667,0.0
2019-02-07,0,,5.4,0.491583333333333,0.0
2019-02-08,0,,0.0,1.49270833333333,0.0
2019-02-09,0,,0.0,0.783375,0.0
2019-02-10,0,,0.0,0.615,0.0
2019-02-11,0,,0.0,6.051375,0.0
2019-02-12,0,,2.2,6.97916666666667,0.0
2019-02-13,0,,0.6,1.28354166666667,0.0
2019-02-14,0,,0.8,-0.835416666666667,0.0
2019-02-15,0,,0.2,-0.078458333333333,0.0
2019-02-16,0,,0.0,-0.815875,0.0
2019-02-17,0,,0.0,1.078,0.0
2019-02-18,0,,0.0,3.964708333333333,0.0
2019-02-19,0,,0.0,5.482666666666667,0.0
2019-02-20,0,,0.0,6.955125,0.0
2019-02-21,0,,0.0,3.634874999999999,0.0
2019-02-22,0,,0.0,3.5335,0.0
2019-02-23,0,,0.0,-1.4427083333333333,0.0
2019-02-24,0,,0.0,-1.357875,0.0
2019-02-25,0,,0.0,1.684875,0.0
2019-02-26,0,,1.4,0.963708333333333,0.0
2019-02-27,0,,8.4,-1.83833333333333,14.2875
2019-02-28,0,,0.6000000000000001,-2.0225833333333334,17.97083333333333
2019-03-01,0,,0.0,4.25566666666667,8.42916666666667
2019-03-02,0,,0.0,3.63195833333333,2.02083333333333
2019-03-03,0,,0.0,-1.01929166666667,0.0
2019-03-04,0,,0.0,2.04795833333333,0.0
2019-03-05,0,,0.0,8.04041666666667,0.0
2019-03-06,0,,3.2,5.68045833333333,0.0
2019-03-07,0,,0.0,6.251,0.0
2019-03-08,0,,0.0,9.498499999999998,0.0
2019-03-09,0,,0.0,10.705166666666663,0.0
2019-03-10,0,,0.0,9.544916666666666,0.0
2019-03-11,0,,0.0,11.4625416666667,0.0
2019-03-12,0,,12.6,7.004166666666667,0.0
2019-03-13,0,,0.2,1.92745833333333,0.0
2019-03-14,0,,0.4,3.33083333333333,0.0
2019-03-15,0,,0.4,1.430416666666667,0.0
2019-03-16,0,,0.2,5.71825,0.0
2019-03-17,0,,0.0,7.3840416666666675,0.0
2019-03-18,0,,0.0,11.8112083333333,0.0
2019-03-19,0,,0.0,11.6019583333333,0.0
2019-03-20,0,,0.0,6.388875,0.0
2019-03-21,0,,0.0,3.41,0.0
2019-03-22,0,,0.0,3.5018333333333325,0.0
2019-03-23,0,,0.0,2.944541666666668,0.0
2019-03-24,0,,0.0,0.3427916666666662,0.0
2019-03-25,0,,0.0,5.205875,0.0
2019-03-26,0,,0.0,7.440916666666666,0.0
2019-03-27,0,,0.0,3.87525,0.0
2019-03-28,0,,0.0,1.949916666666666,0.0
2019-03-29,0,,0.0,0.603375,0.0
2019-03-30,0,,0.0,1.49529166666667,0.0
2019-03-31,0,,0.0,2.67933333333333,0.0
2019-04-01,0,,0.0,3.85670833333333,0.0
2019-04-02,0,,0.0,4.88945833333333,0.0
2019-04-03,0,,0.0,3.43108333333333,0.0
2019-04-04,0,,0.0,4.51020833333333,0.0
2019-04-05,0,,0.0,9.7585,0.0
2019-04-06,0,,0.0,12.07675,0.0
2019-04-07,0,,1.4,11.8070833333333,0.0
2019-04-08,0,,4.8,11.29375,0.0
2019-04-09,0,,1.0,8.1545,0.0
2019-04-10,0,,0.0,7.60558333333334,0.0
2019-04-11,0,,0.0,7.893875,0.0
2019-04-12,0,,0.0,9.291875000000005,0.0
2019-04-13,0,,0.0,10.8125,0.0
2019-04-14,0,,0.0,8.829333333333333,0.0
2019-04-15,0,,0.0,5.09829166666667,0.0
2019-04-16,0,,0.0,1.80133333333333,0.0
2019-04-17,0,,0.0,4.45991666666667,0.0
2019-04-18,0,,1.0,4.33133333333333,0.0
2019-04-19,0,,0.8,1.8139166666666668,0.0
2019-04-20,0,,5.0,0.8435416666666667,0.0
2019-04-21,0,,0.4,2.188375,0.0
2019-04-22,0,,0.0,4.1777500000000005,0.0
2019-04-23,0,,0.0,9.580958333333331,0.0
2019-04-24,0,,0.0,12.05625,0.0
2019-04-25,0,,0.0,14.0229166666667,0.0
2019-04-26,0,,0.0,12.890625000000002,0.0
2019-04-27,0,,0.0,14.296666666666669,0.0
2019-04-28,0,,3.8,14.501666666666663,0.0
2019-04-29,0,,0.0,15.974583333333332,0.0
2019-04-30,0,,0.0,15.99125,0.0
2019-05-01,0,,0.2,13.9208333333333,0.0
2019-05-02,0,,0.0,9.148375,0.0
2019-05-03,0,,0.0,10.3020416666667,0.0
2019-05-04,0,,0.2,14.3033333333333,0.0
2019-05-05,0,,0.2,13.8991666666667,0.0
2019-05-06,0,,0.0,15.244166666666668,0.0
2019-05-07,0,,2.6,8.822875,0.0
2019-05-08,0,,0.4,6.46666666666667,0.0
2019-05-09,0,,0.0,8.99341666666667,0.0
2019-05-10,0,,1.7999999999999998,10.053375,0.0
2019-05-11,0,,0.0,9.397,0.0
2019-05-12,0,,0.0,12.552083333333334,0.0
2019-05-13,0,,0.0,15.9508333333333,0.0
2019-05-14,0,,0.0,20.1504166666667,0.0
2019-05-15,0,,0.0,20.035,0.0
2019-05-16,0,,0.0,17.9829166666667,0.0
2019-05-17,0,,9.6,15.34875,0.0
2019-05-18,0,,0.4,12.7504166666667,0.0
2019-05-19,0,,0.0,17.2925,0.0
2019-05-20,0,,0.0,19.5833333333333,0.0
2019-05-21,0,,0.0,19.44625,0.0
2019-05-22,0,,0.2,16.9575,0.0
2019-05-23,0,,2.8,14.81125,0.0
2019-05-24,0,,2.0,13.75875,0.0
2019-05-25,0,,0.0,13.285,0.0
2019-05-26,0,,0.0,15.4929166666667,0.0
2019-05-27,0,,0.0,19.1229166666667,0.0
2019-05-28,0,,0.0,23.0075,0.0
2019-05-29,0,,0.2,20.6145833333333,0.0
2019-05-30,0,,0.0,18.5995833333333,0.0
2019-05-31,0,,0.0,18.6866666666667,0.0
2019-06-01,0,,0.0,17.9483333333333,0.0
2019-06-02,0,,2.6,17.7675,0.0
2019-06-03,2,evaporation_m3_statistical_outlier,0.2,17.8341666666667,0.0
2019-06-04,0,,0.0,16.53875,0.0
2019-06-05,0,,0.0,17.2383333333333,0.0
2019-06-06,2,evaporation_m3_statistical_outlier,0.0,18.0195833333333,0.0
2019-06-07,2,evaporation_m3_statistical_outlier,0.0,17.6891666666667,0.0
2019-06-08,2,evaporation_m3_statistical_outlier,0.0,18.16375,0.0
2019-06-09,2,evaporation_m3_statistical_outlier,0.0,18.2208333333333,0.0
2019-06-10,0,,4.8,17.3079166666667,0.0
2019-06-11,0,,0.0,17.1233333333333,0.0
2019-06-12,0,,5.6,15.5545833333333,0.0
2019-06-13,0,,0.0,18.7966666666667,0.0
2019-06-14,0,,0.6,17.7716666666667,0.0
2019-06-15,0,,0.8,17.7483333333333,0.0
2019-06-16,0,,0.2,18.0320833333333,0.0
2019-06-17,0,,0.0,19.62333333333333,0.0
2019-06-18,0,,0.0,18.1675,0.0
2019-06-19,0,,0.2,17.9354166666667,0.0
2019-06-20,0,,1.0,16.9091666666667,0.0
2019-06-21,0,,0.4,17.693749999999998,0.0
2019-06-22,0,,0.0,20.055000000000003,0.0
2019-06-23,0,,0.0,19.636666666666667,0.0
2019-06-24,0,,0.0,21.54125,0.0
2019-06-25,0,,0.0,20.5654166666667,0.0
2019-06-26,0,,0.0,21.1316666666667,0.0
2019-06-27,0,,0.0,18.73,0.0
2019-06-28,0,,0.4,20.22,0.0
2019-06-29,0,,0.0,15.023333333333332,0.0
2019-06-30,0,,0.0,14.383749999999996,0.0
2019-07-01,0,,0.0,17.3204166666667,0.0
2019-07-02,0,,0.0,19.6375,0.0
2019-07-03,0,,0.0,23.56333333333333,0.0
2019-07-04,0,,0.0,20.4475,0.0
2019-07-05,0,,0.0,18.086666666666662,0.0
2019-07-06,0,,0.0,17.918333333333333,0.0
2019-07-07,2,evaporation_m3_statistical_outlier,0.0,19.33458333333333,0.0
2019-07-08,2,evaporation_m3_statistical_outlier,0.0,21.2979166666667,0.0
2019-07-09,2,evaporation_m3_statistical_outlier,0.0,20.97541666666667,0.0
2019-07-10,0,,0.0,18.7529166666667,0.0
2019-07-11,0,,4.0,13.9979166666667,0.0
2019-07-12,0,,0.0,14.037916666666668,0.0
2019-07-13,0,,0.0,15.325416666666664,0.0
2019-07-14,0,,1.6,15.433333333333328,0.0
2019-07-15,0,,0.0,13.872916666666663,0.0
2019-07-16,0,,0.0,17.58541666666667,0.0
2019-07-17,0,,10.2,16.40875,0.0
2019-07-18,0,,0.0,16.13041666666667,0.0
2019-07-19,0,,0.0,18.52958333333333,0.0
2019-07-20,0,,0.0,19.304166666666664,0.0
2019-07-21,0,,0.0,18.46916666666667,0.0
2019-07-22,0,,0.0,20.13208333333333,0.0
2019-07-23,0,,0.0,19.375416666666663,0.0
2019-07-24,0,,0.6000000000000001,16.270833333333336,0.0
2019-07-25,0,,0.0,13.7991666666667,0.0
2019-07-26,0,,0.0,18.7866666666667,0.0
2019-07-27,0,,0.0,19.6158333333333,0.0
2019-07-28,0,,0.0,19.71625,0.0
2019-07-29,0,,0.0,22.1920833333333,0.0
2019-07-30,0,,0.0,19.845,0.0
2019-07-31,0,,0.0,20.142916666666668,0.0
2019-08-01,0,,0.0,20.7733333333333,0.0
2019-08-02,0,,0.0,19.1516666666667,0.0
2019-08-03,0,,0.0,22.7520833333333,0.0
2019-08-04,0,,0.0,15.99375,0.0
2019-08-05,0,,0.0,15.630416666666669,0.0
2019-08-06,0,,0.0,16.77208333333333,0.0
2019-08-07,0,,0.0,18.285,0.0
2019-08-08,0,,0.0,19.9908333333333,0.0
2019-08-09,0,,0.0,19.5491666666667,0.0
2019-08-10,0,,0.0,20.8066666666667,0.0
2019-08-11,0,,0.0,20.2083333333333,0.0
2019-08-12,0,,0.0,20.5570833333333,0.0
2019-08-13,0,,0.0,21.0725,0.0
2019-08-14,0,,0.0,22.5470833333333,0.0
2019-08-15,0,,0.0,20.33,0.0
2019-08-16,0,,0.2,17.8941666666667,0.0
2019-08-17,0,,3.0,15.8483333333333,0.0
2019-08-18,0,,0.2,14.5008333333333,0.0
2019-08-19,0,,0.0,16.249166666666664,0.0
2019-08-20,0,,5.4,17.346666666666664,0.0
2019-08-21,0,,9.2,17.467500000000005,0.0
2019-08-22,0,,3.2,18.87708333333333,0.0
2019-08-23,0,,0.0,19.2883333333333,0.0
2019-08-24,0,,0.0,22.0479166666667,0.0
2019-08-25,0,,0.0,22.5854166666667,0.0
2019-08-26,0,,0.0,22.8925,0.0
2019-08-27,0,,0.0,21.35375,0.0
2019-08-28,0,,0.0,19.1525,0.0
2019-08-29,0,,0.0,17.68875,0.0
2019-08-30,0,,0.0,16.9904166666667,0.0
2019-08-31,0,,0.0,16.7225,0.0
2019-09-01,0,,0.0,18.2320833333333,0.0
2019-09-02,0,,0.0,18.867500000000003,0.0
2019-09-03,0,,0.0,18.3533333333333,0.0
2019-09-04,0,,0.0,18.4791666666667,0.0
2019-09-05,0,,0.0,18.1958333333333,0.0
2019-09-06,0,,0.0,15.3954166666667,0.0
2019-09-07,0,,0.0,16.0091666666667,0.0
2019-09-08,0,,0.0,16.5529166666667,0.0
2019-09-09,0,,0.0,15.7191666666667,0.0
2019-09-10,0,,0.0,17.6533333333333,0.0
2019-09-11,0,,0.0,17.8720833333333,0.0
2019-09-12,0,,0.0,18.55470588235294,0.0
2019-09-13,0,,0.0,17.017083333333336,0.0
2019-09-14,0,,0.0,16.85333333333333,0.0
2019-09-15,0,,0.0,16.579375,0.0
2019-09-16,0,,0.0,13.9891666666667,0.0
2019-09-17,0,,0.0,16.01375,0.0
2019-09-18,0,,0.0,19.88958333333333,0.0
2019-09-19,0,,0.0,16.35125,0.0
2019-09-20,0,,2.2,12.067083333333333,0.0
2019-09-21,1,temp_cilekli_c_out_of_range;temp_cilekli_c_imputed_climatology,0.2,16.230157261276492,0.0
2019-09-22,1,temp_cilekli_c_out_of_range;temp_cilekli_c_imputed_climatology,0.0,16.230157261276492,0.0
2019-09-23,1,temp_cilekli_c_out_of_range;temp_cilekli_c_imputed_climatology,0.0,16.230157261276492,0.0
2019-09-24,1,temp_cilekli_c_out_of_range;temp_cilekli_c_imputed_climatology,1.8,16.230157261276492,0.0
2019-09-25,1,temp_cilekli_c_out_of_range;temp_cilekli_c_imputed_climatology,0.0,16.230157261276492,0.0
2019-09-26,1,temp_cilekli_c_out_of_range;temp_cilekli_c_imputed_climatology,0.0,16.230157261276492,0.0
2019-09-27,1,temp_cilekli_c_out_of_range;temp_cilekli_c_imputed_climatology,0.0,16.230157261276492,0.0
2019-09-28,1,temp_cilekli_c_out_of_range;temp_cilekli_c_imputed_climatology,0.0,16.230157261276492,0.0
2019-09-29,1,temp_cilekli_c_out_of_range;temp_cilekli_c_imputed_climatology,0.0,16.230157261276492,0.0
2019-09-30,1,temp_cilekli_c_out_of_range;temp_cilekli_c_imputed_climatology,0.0,16.230157261276492,0.0
2019-10-01,1,temp_cilekli_c_out_of_range;temp_cilekli_c_imputed_climatology,0.0,11.61209155587166,0.0
2019-10-02,1,temp_cilekli_c_out_of_range;temp_cilekli_c_imputed_climatology,0.0,11.61209155587166,0.0
2019-10-03,1,temp_cilekli_c_out_of_range;temp_cilekli_c_imputed_climatology,0.0,11.61209155587166,0.0
2019-10-04,1,temp_cilekli_c_out_of_range;temp_cilekli_c_imputed_climatology,1.4,11.61209155587166,0.0
2019-10-05,1,temp_cilekli_c_out_of_range;temp_cilekli_c_imputed_climatology,21.2,11.61209155587166,0.0
2019-10-06,1,temp_cilekli_c_out_of_range;temp_cilekli_c_imputed_climatology,0.2,11.61209155587166,0.0
2019-10-07,1,temp_cilekli_c_out_of_range;temp_cilekli_c_imputed_climatology,6.8,11.61209155587166,0.0
2019-10-08,1,temp_cilekli_c_out_of_range;temp_cilekli_c_imputed_climatology,7.800000000000001,11.61209155587166,0.0
2019-10-09,1,temp_cilekli_c_out_of_range;temp_cilekli_c_imputed_climatology,0.2,11.61209155587166,0.0
2019-10-10,1,temp_cilekli_c_out_of_range;temp_cilekli_c_imputed_climatology,0.0,11.61209155587166,0.0
2019-10-11,1,temp_cilekli_c_out_of_range;temp_cilekli_c_imputed_climatology,0.0,11.61209155587166,0.0
2019-10-12,0,,0.0,-0.3252916666666667,0.0
2019-10-13,0,,0.0,-0.3062499999999999,0.0
2019-10-14,0,,0.0,0.0,0.0
2019-10-15,0,,0.0,-0.2894583333333334,0.0
2019-10-16,0,,0.0,14.3384782608696,0.0
2019-10-17,0,,0.0,15.8729166666667,0.0
2019-10-18,0,,0.0,13.5208333333333,0.0
2019-10-19,0,,0.0,13.5966666666667,0.0
2019-10-20,0,,0.0,13.2879166666667,0.0
2019-10-21,0,,0.0,13.7420833333333,0.0
2019-10-22,0,,0.0,13.643478260869566,0.0
2019-10-23,0,,0.0,11.7914583333333,0.0
2019-10-24,0,,0.0,11.120875,0.0
2019-10-25,0,,0.0,11.888333333333334,0.0
2019-10-26,0,,0.0,11.98375,0.0
2019-10-27,0,,0.0,10.929666666666664,0.0
2019-10-28,0,,0.0,11.4875416666667,0.0
2019-10-29,0,,0.0,10.5374583333333,0.0
2019-10-30,0,,0.0,10.716125,0.0
2019-10-31,0,,3.8000000000000007,10.92875,0.0
2019-11-01,0,,0.2,6.43325,0.0
2019-11-02,0,,0.2,6.433125,0.0
2019-11-03,0,,0.0,9.84679166666667,0.0
2019-11-04,0,,0.0,14.52875,0.0
2019-11-05,0,,0.0,13.7995833333333,0.0
2019-11-06,0,,0.0,14.4845833333333,0.0
2019-11-07,0,,0.0,14.309583333333336,0.0
2019-11-08,0,,0.0,13.74375,0.0
2019-11-09,0,,0.0,13.80625,0.0
2019-11-10,0,,0.0,14.7341666666667,0.0
2019-11-11,0,,0.0,14.9816666666667,0.0
2019-11-12,0,,0.0,15.404583333333331,0.0
2019-11-13,0,,0.0,16.368333333333332,0.0
2019-11-14,0,,0.8,12.236208333333332,0.0
2019-11-15,0,,0.0,11.712208333333333,0.0
2019-11-16,0,,0.0,13.120833333333335,0.0
2019-11-17,0,,0.0,12.652083333333332,0.0
2019-11-18,0,,0.0,11.913625,0.0
2019-11-19,0,,0.0,11.29254166666667,0.0
2019-11-20,0,,0.0,9.30504166666667,0.0
2019-11-21,0,,0.0,9.66329166666666,0.0
2019-11-22,0,,0.0,8.169583333333332,0.0
2019-11-23,0,,0.2,9.177291666666664,0.0
2019-11-24,0,,0.0,8.58120833333333,0.0
2019-11-25,0,,4.4,10.435125,0.0
2019-11-26,0,,2.2,8.37091666666667,0.0
2019-11-27,0,,0.8,7.65558333333333,0.0
2019-11-28,0,,1.0,9.058041666666668,0.0
2019-11-29,0,,17.0,8.677333333333332,0.0
2019-11-30,0,,10.0,9.15658333333333,0.0
2019-12-01,0,,3.6,2.637,0.0
2019-12-02,0,,0.0,2.47520833333333,0.0
2019-12-03,0,,0.0,4.7605,0.0
2019-12-04,0,,1.6,1.99758333333333,0.0
2019-12-05,0,,0.2,0.9110833333333328,0.0
2019-12-06,0,,0.0,0.4857916666666663,0.0
2019-12-07,0,,0.0,0.7847916666666667,0.0
2019-12-08,0,,0.0,1.5913333333333333,0.0
2019-12-09,0,,0.0,3.603291666666667,0.0
2019-12-10,0,,0.0,3.238833333333333,0.0
2019-12-11,0,,0.0,5.758291666666665,0.0
2019-12-12,0,,1.8,6.712625,0.0
2019-12-13,0,,0.4,7.536875000000001,0.0
2019-12-14,0,,0.0,8.654291666666667,0.0
2019-12-15,0,,0.2,5.690916666666666,0.0
2019-12-16,0,,0.0,5.84495833333333,0.0
2019-12-17,0,,0.0,7.32883333333333,0.0
2019-12-18,0,,0.0,9.80604166666667,0.0
2019-12-19,0,,0.0,9.022791666666668,0.0
2019-12-20,0,,0.0,7.290541666666666,0.0
2019-12-21,0,,0.0,8.432916666666666,0.0
2019-12-22,0,,0.2,11.5375,0.0
2019-12-23,0,,4.4,7.72604166666667,0.0
2019-12-24,0,,8.6,4.870499999999999,0.0
2019-12-25,0,,1.8,3.834,0.0
2019-12-26,0,,7.6,2.33379166666667,0.0
2019-12-27,0,,2.0,0.5036666666666666,0.0
2019-12-28,0,,0.0,0.2563333333333334,0.0
2019-12-29,0,,0.0,0.522291666666667,0.0
2019-12-30,0,,3.6000000000000014,3.231666666666667,0.0
2019-12-31,2,inflow_m3_statistical_outlier,0.0,2.0459166666666664,0.0
2020-01-01,0,,3.4,-0.184333333333333,3.05
2020-01-02,0,,0.0,-0.126,2.858333333333334
2020-01-03,0,,0.0,-0.3546666666666667,1.0458333333333332
2020-01-04,0,,0.0,-0.5920416666666667,0.0
2020-01-05,0,,0.0,1.553625,0.0
2020-01-06,0,,1.4,1.6290000000000002,0.0
2020-01-07,2,inflow_m3_statistical_outlier,7.0,1.30308333333333,1.154166667
2020-01-08,2,inflow_m3_statistical_outlier,1.6,-1.05679166666667,7.1
2020-01-09,0,,0.2,-1.825083333333333,5.133333333333334
2020-01-10,0,,0.0,-0.7715000000000001,4.170833333333334
2020-01-11,0,,0.0,2.303666666666667,4.262500000000002
2020-01-12,0,,0.0,2.03904166666667,2.970833333
2020-01-13,0,,0.0,1.91483333333333,0.645833333
2020-01-14,0,,0.0,1.79025,0.0
2020-01-15,0,,0.0,1.4617916666666668,0.0
2020-01-16,0,,0.0,2.605,0.0
2020-01-17,0,,0.4,1.9816666666666671,0.0
2020-01-18,0,,0.4,0.9602916666666664,0.0
2020-01-19,0,,4.2,-0.007916666666667,1.170833333
2020-01-20,0,,4.6,-0.948541666666666,8.716666667
2020-01-21,0,,0.0,-2.6748333333333325,8.424999999999999
2020-01-22,0,,0.0,-0.836333333333333,6.2375
2020-01-23,0,,2.4,-1.07758333333333,15.92916667
2020-01-24,0,,0.0,-2.118208333333333,15.3625
2020-01-25,0,,0.0,0.9990833333333332,13.158333333333337
2020-01-26,0,,0.0,2.73470833333333,11.1125
2020-01-27,0,,2.8,4.95183333333333,8.133333333
2020-01-28,0,,0.8,3.867333333333333,4.062500000000002
2020-01-29,0,,6.199999999999999,4.441791666666667,1.1083333333333334
2020-01-30,0,,1.8,1.173375,0.0
2020-01-31,0,,2.0,1.1693333333333331,0.6208333333333336
2020-02-01,0,,0.0,4.753708333333332,0.0
2020-02-02,0,,0.0,6.960999999999999,0.0
2020-02-03,0,,3.4,8.64725,0.0
2020-02-04,0,,0.2,7.451625,0.0
2020-02-05,2,inflow_m3_statistical_outlier,8.6,8.313666666666668,0.0
2020-02-06,2,inflow_m3_statistical_outlier,0.8,-0.18175,0.0
2020-02-07,0,,3.4000000000000004,-3.142583333333333,7.429166666666666
2020-02-08,0,,0.0,-6.353583333333334,30.32083333333333
2020-02-09,0,,0.2,-6.086458333333333,24.566666666666677
2020-02-10,0,,0.0,-2.32716666666667,17.6
2020-02-11,0,,5.799999999999999,1.5753333333333333,14.491666666666667
2020-02-12,0,,2.6,1.3259166666666669,11.033333333333337
2020-02-13,0,,0.0,1.356,8.849999999999998
2020-02-14,0,,4.6000000000000005,3.886375,7.283333333333332
2020-02-15,0,,0.2,3.2620000000000005,3.404166666666668
2020-02-16,0,,0.2,1.3369583333333337,0.5958333333333333
2020-02-17,0,,0.0,3.14245833333333,0.0
2020-02-18,0,,0.0,4.674875,0.0
2020-02-19,0,,0.0,5.76033333333333,0.0
2020-02-20,0,,1.8,4.29895833333333,0.0
2020-02-21,0,,0.2,1.2697916666666669,0.0
2020-02-22,0,,0.0,0.2554166666666665,0.0
2020-02-23,0,,0.0,1.763,0.0
2020-02-24,0,,0.4,4.643916666666667,0.0
2020-02-25,0,,0.0,6.0,0.0
2020-02-26,0,,0.0,12.2099583333333,0.0
2020-02-27,0,,14.2,8.29858333333333,0.0
2020-02-28,0,,0.0,5.743291666666665,0.0
2020-02-29,0,,1.2,2.058041666666666,0.0
2020-03-01,0,,0.0,3.6788749999999992,0.0
2020-03-02,0,,0.0,8.653708333333332,0.0
2020-03-03,0,,0.0,12.759708333333334,0.0
2020-03-04,0,,0.0,13.923750000000004,0.0
2020-03-05,0,,4.4,9.1165,0.0
2020-03-06,0,,0.2,5.623833333333334,0.0
2020-03-07,0,,0.0,11.519541666666663,0.0
2020-03-08,0,,0.0,13.592083333333337,0.0
2020-03-09,0,,1.8,14.8588333333333,0.0
2020-03-10,0,,8.799999999999999,6.846583333333334,0.0
2020-03-11,0,,0.0,8.10816666666667,0.0
2020-03-12,0,,0.0,8.731708333333332,0.0
2020-03-13,0,,0.0,9.605,0.0
2020-03-14,0,,0.0,8.96341666666667,0.0
2020-03-15,0,,0.0,2.29491666666667,0.0
2020-03-16,0,,0.2,-0.8954999999999999,0.0
2020-03-17,0,,0.0,-1.7131666666666667,0.0
2020-03-18,0,,2.6,-0.209375,1.6249999999999998
2020-03-19,0,,3.6,-0.2,6.404166667
2020-03-20,0,,0.0,0.3262916666666666,3.225000000000001
2020-03-21,0,,0.0,5.734583333333333,0.0
2020-03-22,0,,0.0,7.825375000000001,0.0
2020-03-23,0,,1.2000000000000002,4.8974166666666665,0.0
2020-03-24,0,,0.0,2.995000000000001,0.0
2020-03-25,0,,0.0,2.8768750000000005,0.0
2020-03-26,0,,0.0,5.210875000000001,0.0
2020-03-27,0,,0.0,4.738625,0.0
2020-03-28,0,,7.600000000000002,4.166333333333333,0.0
2020-03-29,0,,14.2,3.886708333333333,0.0
2020-03-30,0,,1.0,7.208624999999999,0.0
2020-03-31,0,,0.0,4.917291666666667,0.0
2020-04-01,0,,0.0,4.496958333333334,0.0
2020-04-02,0,,9.4,5.941458333333332,0.0
2020-04-03,0,,0.4,3.117375000000001,0.0
2020-04-04,0,,3.2,9.203291666666669,0.0
2020-04-05,0,,9.6,9.67133333333333,0.0
2020-04-06,0,,3.6000000000000005,4.253958333333332,0.0
2020-04-07,0,,0.0,3.972583333333334,0.0
2020-04-08,0,,0.0,3.623291666666667,0.0
2020-04-09,0,,0.0,3.570416666666668,0.0
2020-04-10,0,,0.0,7.830541666666666,0.0
2020-04-11,0,,0.0,9.593124999999995,0.0
2020-04-12,0,,0.0,6.160374999999999,0.0
2020-04-13,0,,0.0,10.222708333333332,0.0
2020-04-14,0,,0.0,14.154583333333337,0.0
2020-04-15,0,,3.2,4.842958333333335,0.0
2020-04-16,0,,0.0,5.288130434782609,0.0
2020-04-17,0,,0.0,12.537625,0.0
2020-04-18,0,,0.0,13.743333333333338,0.0
2020-04-19,0,,0.0,18.71375,0.0
2020-04-20,0,,0.0,10.640791666666669,0.0
2020-04-21,0,,0.4,5.33554166666667,0.0
2020-04-22,0,,0.0,3.876,0.0
2020-04-23,0,,0.0,5.701125,0.0
2020-04-24,0,,0.0,7.268166666666665,0.0
2020-04-25,0,,0.0,8.669583333333334,0.0
2020-04-26,0,,0.0,12.236041666666663,0.0
2020-04-27,0,,0.0,11.131916666666667,0.0
2020-04-28,0,,0.0,11.395250000000004,0.0
2020-04-29,0,,0.0,14.971666666666664,0.0
2020-04-30,0,,22.8,12.528749999999995,0.0
2020-05-01,0,,5.6000000000000005,12.308333333333335,0.0
2020-05-02,0,,10.8,11.97291666666667,0.0
2020-05-03,0,,18.399999999999995,11.517391304347829,0.0
2020-05-04,0,,3.4000000000000004,9.341250000000002,0.0
2020-05-05,0,,0.4,9.486833333333331,0.0
2020-05-06,0,,3.2,12.132333333333335,0.0
2020-05-07,0,,0.8,6.434166666666667,0.0
2020-05-08,0,,0.0,8.397083333333336,0.0
2020-05-09,0,,0.0,10.567875,0.0
2020-05-10,0,,0.0,14.696666666666664,0.0
2020-05-11,0,,0.0,18.4933333333333,0.0
2020-05-12,0,,0.0,21.4979166666667,0.0
2020-05-13,0,,0.0,16.6783333333333,0.0
2020-05-14,0,,0.0,20.3341666666667,0.0
2020-05-15,0,,0.0,24.148750000000003,0.0
2020-05-16,0,,0.0,20.47458333333333,0.0
2020-05-17,0,,0.0,23.875416666666663,0.0
2020-05-18,0,,0.0,21.149166666666677,0.0
2020-05-19,0,,0.0,22.245833333333334,0.0
2020-05-20,0,,0.0,23.83666666666667,0.0
2020-05-21,0,,0.0,16.713333333333335,0.0
2020-05-22,0,,5.8,5.037041666666666,0.0
2020-05-23,0,,1.4,5.934458333333335,0.0
2020-05-24,0,,0.0,10.197416666666667,0.0
2020-05-25,0,,0.0,10.507666666666667,0.0
2020-05-26,0,,2.6,10.240416666666668,0.0
2020-05-27,0,,11.6,9.02770833333333,0.0
2020-05-28,0,,0.0,9.673375,0.0
2020-05-29,0,,1.8,10.2014166666667,0.0
2020-05-30,0,,3.2,12.8233333333333,0.0
2020-05-31,0,,0.6,13.8058333333333,0.0
2020-06-01,0,,14.0,11.88875,0.0
2020-06-02,0,,1.2,10.2829583333333,0.0
2020-06-03,0,,9.8,10.814666666666666,0.0
2020-06-04,0,,0.2,14.16375,0.0
2020-06-05,0,,0.0,18.62375,0.0
2020-06-06,0,,0.0,21.6979166666667,0.0
2020-06-07,0,,0.0,19.8116666666667,0.0
2020-06-08,0,,0.0,18.66708333333333,0.0
2020-06-09,0,,0.0,20.63041666666668,0.0
2020-06-10,0,,0.0,21.1870833333333,0.0
2020-06-11,0,,0.0,17.3379166666667,0.0
2020-06-12,0,,0.2,15.187916666666666,0.0
2020-06-13,0,,1.2,15.00166666666667,0.0
2020-06-14,0,,8.4,15.77375,0.0
2020-06-15,0,,5.8,17.767916666666668,0.0
2020-06-16,0,,0.6,19.6666666666667,0.0
2020-06-17,0,,0.2,19.0825,0.0
2020-06-18,0,,0.0,15.86375,0.0
2020-06-19,0,,3.4,16.1275,0.0
2020-06-20,0,,0.0,17.8758333333333,0.0
2020-06-21,0,,15.4,16.785,0.0
2020-06-22,0,,9.0,17.927083333333332,0.0
2020-06-23,0,,10.799999999999995,15.505833333333332,0.0
2020-06-24,0,,0.4,16.158,0.0
2020-06-25,0,,0.0,17.6575,0.0
2020-06-26,0,,0.0,18.04,0.0
2020-06-27,0,,0.0,17.719583333333336,0.0
2020-06-28,0,,0.0,18.281666666666663,0.0
2020-06-29,0,,0.0,17.9516666666667,0.0
2020-06-30,0,,0.0,20.70125,0.0
2020-07-01,0,,0.0,21.7270833333333,0.0
2020-07-02,0,,0.0,21.4295833333333,0.0
2020-07-03,0,,0.0,21.3733333333333,0.0
2020-07-04,0,,0.0,21.17,0.0
2020-07-05,0,,0.0,21.3516666666667,0.0
2020-07-06,0,,0.0,22.95958333333333,0.0
2020-07-07,0,,40.6,22.8625,0.0
2020-07-08,0,,0.0,16.9458333333333,0.0
2020-07-09,0,,0.0,16.550833333333337,0.0
2020-07-10,0,,0.0,17.714166666666667,0.0
2020-07-11,0,,0.0,19.062083333333334,0.0
2020-07-12,0,,0.0,18.006666666666664,0.0
2020-07-13,0,,0.0,17.1566666666667,0.0
2020-07-14,0,,0.0,15.4404166666667,0.0
2020-07-15,0,,0.0,15.7066666666667,0.0
2020-07-16,0,,0.0,16.2825,0.0
2020-07-17,0,,0.0,17.05125,0.0
2020-07-18,0,,0.0,19.4266666666667,0.0
2020-07-19,0,,0.0,19.1879166666667,0.0
2020-07-20,0,,0.0,19.0504166666667,0.0
2020-07-21,0,,0.0,17.8770833333333,0.0
2020-07-22,0,,0.0,20.31375,0.0
2020-07-23,0,,0.0,20.58666666666667,0.0
2020-07-24,0,,0.0,19.249166666666667,0.0
2020-07-25,0,,0.0,19.16583333333333,0.0
2020-07-26,0,,0.0,19.38125,0.0
2020-07-27,0,,0.0,20.15125,0.0
2020-07-28,0,,0.0,20.64916666666667,0.0
2020-07-29,0,,0.0,21.5404166666667,0.0
2020-07-30,0,,0.0,20.562916666666663,0.0
2020-07-31,0,,0.0,20.585416666666664,0.0
2020-08-01,0,,0.0,21.37375,0.0
2020-08-02,0,,0.0,18.21833333333333,0.0
2020-08-03,0,,0.0,18.49478260869565,0.0
2020-08-04,0,,0.0,19.89375,0.0
2020-08-05,0,,0.0,19.4929166666667,0.0
2020-08-06,0,,0.0,22.1004166666667,0.0
2020-08-07,0,,0.0,23.3054166666667,0.0
2020-08-08,0,,0.0,22.10875,0.0
2020-08-09,0,,0.0,21.5108333333333,0.0
2020-08-10,0,,0.0,19.7275,0.0
2020-08-11,0,,0.0,20.43208333333333,0.0
2020-08-12,0,,0.0,20.176666666666662,0.0
2020-08-13,0,,0.0,20.009999999999994,0.0
2020-08-14,0,,0.0,18.2854166666667,0.0
2020-08-15,0,,0.0,17.5491666666667,0.0
2020-08-16,0,,0.0,17.7945833333333,0.0
2020-08-17,0,,0.0,17.097083333333334,0.0
2020-08-18,0,,0.0,18.728749999999994,0.0
2020-08-19,0,,0.0,19.285833333333333,0.0
2020-08-20,0,,0.0,17.00208333333333,0.0
2020-08-21,0,,0.0,17.839166666666667,0.0
2020-08-22,0,,0.0,19.95,0.0
2020-08-23,0,,0.0,18.75291666666666,0.0
2020-08-24,0,,0.0,20.606666666666676,0.0
2020-08-25,0,,0.0,19.90958333333333,0.0
2020-08-26,0,,0.0,17.837083333333336,0.0
2020-08-27,0,,0.0,18.705416666666668,0.0
2020-08-28,0,,0.0,21.2541666666667,0.0
2020-08-29,0,,0.0,24.3325,0.0
2020-08-30,0,,0.0,23.8120833333333,0.0
2020-08-31,0,,0.0,20.9870833333333,0.0
2020-09-01,0,,0.0,22.91,0.0
2020-09-02,0,,0.0,23.11625,0.0
2020-09-03,0,,0.0,23.79958333333333,0.0
2020-09-04,0,,1.0,18.201666666666668,0.0
2020-09-05,0,,0.4,15.093750000000009,0.0
2020-09-06,0,,0.0,16.851666666666667,0.0
2020-09-07,0,,0.0,18.35208333333333,0.0
2020-09-08,0,,0.0,19.938333333333333,0.0
2020-09-09,0,,0.0,18.2129166666667,0.0
2020-09-10,0,,0.0,18.82875,0.0
2020-09-11,0,,0.0,19.1191666666667,0.0
2020-09-12,0,,0.0,19.90375,0.0
2020-09-13,0,,0.0,19.17625,0.0
2020-09-14,0,,0.0,19.983750000000004,0.0
2020-09-15,0,,0.0,18.8316666666667,0.0
2020-09-16,0,,0.0,17.9920833333333,0.0
2020-09-17,0,,0.0,19.480833333333337,0.0
2020-09-18,0,,0.2,18.858750000000004,0.0
2020-09-19,0,,0.0,14.589999999999998,0.0
2020-09-20,0,,0.4,15.985833333333334,0.0
2020-09-21,0,,0.0,16.3533333333333,0.0
2020-09-22,0,,0.0,16.257499999999997,0.0
2020-09-23,0,,0.0,15.0295833333333,0.0
2020-09-24,0,,0.0,18.8058333333333,0.0
2020-09-25,0,,0.0,17.8641666666667,0.0
2020-09-26,0,,0.0,22.44875,0.0
2020-09-27,0,,0.0,18.7,0.0
2020-09-28,0,,0.0,20.8154166666667,0.0
2020-09-29,0,,5.0,18.2079166666667,0.0
2020-09-30,0,,1.8,12.935,0.0
2020-10-01,0,,0.0,11.9883333333333,0.0
2020-10-02,0,,0.0,14.034999999999998,0.0
2020-10-03,0,,0.0,16.039583333333336,0.0
2020-10-04,0,,0.0,18.71,0.0
2020-10-05,0,,0.0,22.62916666666668,0.0
2020-10-06,0,,0.0,23.1258333333333,0.0
2020-10-07,0,,0.0,21.6270833333333,0.0
2020-10-08,0,,18.0,16.8420833333333,0.0
2020-10-09,0,,7.4,14.237083333333336,0.0
2020-10-10,0,,0.0,12.04625,0.0
2020-10-11,0,,0.0,14.570416666666668,0.0
2020-10-12,0,,0.0,16.9254166666667,0.0
2020-10-13,0,,0.0,18.2425,0.0
2020-10-14,0,,0.0,15.2279166666667,0.0
2020-10-15,0,,0.0,15.15,0.0
2020-10-16,0,,0.0,16.28,0.0
2020-10-17,0,,2.2,18.0104166666667,0.0
2020-10-18,0,,18.6,13.0545833333333,0.0
2020-10-19,0,,0.4,10.83,0.0
2020-10-20,0,,0.0,11.9808333333333,0.0
2020-10-21,0,,0.0,13.3629166666667,0.0
2020-10-22,0,,0.0,14.6725,0.0
2020-10-23,0,,0.0,15.98,0.0
2020-10-24,0,,0.0,17.12375,0.0
2020-10-25,0,,0.0,18.017083333333336,0.0
2020-10-26,0,,0.0,14.7008333333333,0.0
2020-10-27,0,,0.0,14.58,0.0
2020-10-28,0,,0.6,14.15875,0.0
2020-10-29,0,,0.0,12.9870833333333,0.0
2020-10-30,0,,6.6,10.1074583333333,0.0
2020-10-31,0,,2.0,6.87420833333333,0.0
2020-11-01,0,,0.2,4.9165,0.0
2020-11-02,0,,0.0,6.73795833333333,0.0
2020-11-03,0,,0.0,8.001375,0.0
2020-11-04,0,,0.0,8.65870833333334,0.0
2020-11-05,0,,1.4,10.95875,0.0
2020-11-06,0,,0.6,8.41045833333333,0.0
2020-11-07,0,,0.0,7.39466666666666,0.0
2020-11-08,0,,0.0,8.61995833333333,0.0
2020-11-09,0,,0.0,10.31675,0.0
2020-11-10,0,,0.0,10.3895833333333,0.0
2020-11-11,0,,0.0,9.08479166666667,0.0
2020-11-12,0,,0.0,7.68379166666667,0.0
2020-11-13,0,,2.6,8.79879166666667,0.0
2020-11-14,0,,0.6,7.4645,0.0
2020-11-15,0,,0.0,5.916625,0.0
2020-11-16,0,,0.0,6.043708333333334,0.0
2020-11-17,0,,0.0,6.840333333333334,0.0
2020-11-18,0,,0.0,7.94429166666666,0.0
2020-11-19,0,,0.0,5.544958333333334,0.0
2020-11-20,0,,0.0,4.7480416666666665,0.0
2020-11-21,0,,0.0,5.036499999999999,0.0
2020-11-22,0,,0.0,3.3480416666666666,0.0
2020-11-23,0,,0.0,4.19008333333333,0.0
2020-11-24,0,,0.0,5.722416666666667,0.0
2020-11-25,0,,0.0,4.211333333333333,0.0
2020-11-26,0,,0.0,4.701708333333333,0.0
2020-11-27,0,,0.0,5.03670833333333,0.0
2020-11-28,0,,0.0,4.942125,0.0
2020-11-29,0,,0.0,6.48358333333333,0.0
2020-11-30,0,,0.2,7.271625,0.0
2020-12-01,0,,0.0,2.791611111111111,0.0
2020-12-02,0,,0.0,3.242375,0.0
2020-12-03,0,,0.0,6.820374999999999,0.0
2020-12-04,0,,0.0,8.828208333333334,0.0
2020-12-05,0,,0.0,8.138,0.0
2020-12-06,0,,0.0,5.930291666666668,0.0
2020-12-07,0,,0.0,8.279791666666668,0.0
2020-12-08,0,,0.0,6.316041666666668,0.0
2020-12-09,0,,0.0,6.932416666666666,0.0
2020-12-10,0,,1.2,9.213416666666667,0.0
2020-12-11,0,,0.2,7.259624999999999,0.0
2020-12-12,0,,8.6,8.755791666666667,0.0
2020-12-13,0,,2.4,9.861666666666668,0.0
2020-12-14,0,,7.2,10.048208333333331,0.0
2020-12-15,0,,1.0,6.085291666666666,0.0
2020-12-16,0,,0.0,4.552583333333334,0.0
2020-12-17,0,,0.0,4.355,0.0
2020-12-18,0,,0.0,4.128625,0.0
2020-12-19,0,,0.0,2.995624999999999,0.0
2020-12-20,0,,0.0,4.090458333333333,0.0
2020-12-21,0,,0.4,2.1597083333333327,0.0
2020-12-22,0,,0.2,1.1391250000000002,0.0
2020-12-23,0,,0.0,1.6699166666666667,0.0
2020-12-24,0,,0.0,3.3147916666666664,0.0
2020-12-25,0,,0.0,7.118041666666666,0.0
2020-12-26,0,,0.0,9.029541666666669,0.0
2020-12-27,0,,0.0,8.550875000000001,0.0
2020-12-28,0,,9.2,5.83233333333333,0.0
2020-12-29,2,outflow_treatment_m3_statistical_outlier,0.0,7.62483333333333,0.0
2020-12-30,0,,0.0,7.79783333333333,0.0
2020-12-31,0,,0.0,7.800937499999994,0.0
2021-01-01,0,,0.0,5.0776319444444376,0.0
2021-01-02,0,,0.0,7.174707317073167,0.0
2021-01-03,0,,0.0,6.664892361111108,0.0
2021-01-04,0,precip_cilekli_mm_imputed_linear,0.0,6.5,0.0
2021-01-05,0,,0.0,6.600323529411768,0.0
2021-01-06,0,,0.0,2.912,0.0
2021-01-07,0,,0.0,6.38779411764706,0.0
2021-01-08,0,,0.0,10.219354166666667,0.0
2021-01-09,0,,24.6,9.994895833333333,0.0
2021-01-10,0,,17.400000000000002,9.607794117647058,0.0
2021-01-11,0,,0.0,12.125588235294115,0.0
2021-01-12,0,,27.6,10.390235294117648,0.0
2021-01-13,0,,27.6,1.4020869565217386,0.0
2021-01-14,0,,1.4,-1.3516521739130436,0.0
2021-01-15,0,,1.4,-4.014434782608696,0.0
2021-01-16,0,,4.6000000000000005,-2.318565217391304,22.363541666666663
2021-01-17,0,,0.0,-6.430565217391303,47.0
2021-01-18,0,,0.0,-9.218260869565215,42.1
2021-01-19,0,,0.0,-8.180434782608696,33.87500000000001
2021-01-20,0,,0.0,-4.174391304347827,28.591666666666672
2021-01-21,0,,0.0,-0.2828260869565216,23.70416666666667
2021-01-22,0,,0.0,2.440086956521739,18.770833333333336
2021-01-23,0,,0.0,4.790826086956521,15.829166666666664
2021-01-24,0,,0.0,6.503739130434783,10.375000000000002
2021-01-25,0,,6.4,6.282043478260869,3.658333333333335
2021-01-26,0,,0.2,10.159652173913043,0.0
2021-01-27,0,,4.6000000000000005,1.2226521739130438,2.991666666666667
2021-01-28,0,,0.0,-2.950173913043479,0.2291666666666666
2021-01-29,0,,0.0,-0.9273478260869562,0.0
2021-01-30,0,,13.0,1.144521739130435,0.0
2021-01-31,0,,0.0,5.406541666666667,0.0
2021-02-01,0,,4.2,10.204416666666669,0.0
2021-02-02,0,,1.7999999999999998,8.213999999999999,0.0
2021-02-03,0,,0.0,8.775375,0.0
2021-02-04,0,,0.0,9.183500000000002,0.0
2021-02-05,0,,0.0,7.702958333333334,0.0
2021-02-06,0,,0.0,6.657,0.0
2021-02-07,0,,0.0,11.773541666666668,0.0
2021-02-08,0,,0.2,13.180833333333332,0.0
2021-02-09,0,,3.4000000000000004,10.914625,0.0
2021-02-10,0,,0.8,8.084958333333333,0.0
2021-02-11,0,,4.4,10.307583333333332,0.0
2021-02-12,0,temp_tepecik_c_sudden_jump,0.0,-3.059791666666666,0.0
2021-02-13,0,,0.8,-3.307666666666666,0.9166666666666664
2021-02-14,0,,1.8,-2.7796250000000007,8.812499999999996
2021-02-15,0,,1.7999999999999998,-4.28675,27.625000000000004
2021-02-16,0,,0.4,-5.910208333333333,47.69583333333334
2021-02-17,0,,0.0,-5.111208333333335,48.59583333333333
2021-02-18,0,,1.4,-2.9642083333333336,43.49166666666666
2021-02-19,0,,0.2,-4.9128333333333325,38.54583333333334
2021-02-20,0,,0.0,-2.896458333333334,34.670833333333334
2021-02-21,0,,0.0,-0.6616249999999999,30.29166666666666
2021-02-22,0,,0.0,3.0864166666666666,26.17916666666666
2021-02-23,0,,0.0,5.429374999999999,20.4375
2021-02-24,0,,0.0,2.844416666666666,16.34166666666666
2021-02-25,0,,0.0,2.4977500000000004,12.091666666666672
2021-02-26,0,,0.0,4.7718333333333325,9.416666666666668
2021-02-27,0,,0.0,7.226499999999999,6.499999999999999
2021-02-28,0,,0.0,-0.0092083333333333,4.087500000000001
2021-03-01,0,,0.0,1.5499166666666673,2.879166666666668
2021-03-02,0,,0.2,0.6935000000000001,1.191666666666667
2021-03-03,0,,0.0,0.4338333333333337,0.0
2021-03-04,0,,0.0,3.1878333333333337,0.0
2021-03-05,0,,0.0,8.824260869565217,0.0
2021-03-06,0,,2.2,4.156833333333333,0.0
2021-03-07,0,,0.0,-1.2305,0.0
2021-03-08,0,,0.0,1.134208333333333,0.0
2021-03-09,0,,0.0,4.259125000000001,0.0
2021-03-10,0,,1.4,7.622416666666669,0.0
2021-03-11,0,,2.8000000000000003,-0.5029166666666667,0.0
2021-03-12,0,,0.2,1.13475,0.0
2021-03-13,0,,0.0,6.209208333333334,0.0
2021-03-14,0,,0.0,7.458666666666666,0.0
2021-03-15,0,,9.6,9.086,0.0
2021-03-16,0,,1.0,4.084458333333333,0.0
2021-03-17,0,,6.2,1.9094166666666663,0.0
2021-03-18,0,,2.8000000000000003,1.5826666666666669,0.0
2021-03-19,0,,4.2,2.7475,0.0
2021-03-20,0,,8.6,3.405791666666667,0.0
2021-03-21,0,,5.4,4.4969166666666665,0.0
2021-03-22,0,,4.6,8.916958333333332,0.0
2021-03-23,2,inflow_m3_statistical_outlier,2.2000000000000006,0.1111666666666665,0.8458333333333333
2021-03-24,0,,5.600000000000001,-2.421458333333333,12.508333333333333
2021-03-25,0,,0.4,-2.414166666666666,24.04166666666666
2021-03-26,0,,3.0000000000000004,-0.8701666666666666,19.91250000000001
2021-03-27,0,,0.0,2.4010416666666665,10.15
2021-03-28,0,,0.0,5.993916666666666,1.7041666666666666
2021-03-29,0,,0.0,2.3255,0.0
2021-03-30,0,,1.2,1.7556249999999995,0.0
2021-03-31,0,,0.0,2.222916666666667,0.0
2021-04-01,0,,0.0,1.8238333333333328,0.0
2021-04-02,0,,0.0,5.667291666666666,0.0
2021-04-03,0,,0.0,10.590458333333332,0.0
2021-04-04,0,,13.8,11.111249999999998,0.0
2021-04-05,2,inflow_m3_statistical_outlier,14.8,5.456541666666666,0.0
2021-04-06,2,inflow_m3_statistical_outlier,0.0,13.69375,0.0
2021-04-07,2,inflow_m3_statistical_outlier,0.0,11.985916666666666,0.0
2021-04-08,2,inflow_m3_statistical_outlier,1.0,0.8456249999999997,0.8708333333333333
2021-04-09,0,,0.2,0.1800833333333333,0.0
2021-04-10,0,,0.0,0.8284583333333332,0.0
2021-04-11,0,,0.6000000000000001,1.801125,0.0
2021-04-12,0,,1.4,1.929916666666667,0.0
2021-04-13,0,,0.2,8.867750000000001,0.0
2021-04-14,0,,0.0,11.782874999999995,0.0
2021-04-15,0,,0.0,10.714541666666667,0.0
2021-04-16,0,,0.0,7.852124999999998,0.0
2021-04-17,0,,0.6000000000000001,12.775,0.0
2021-04-18,0,,0.6,15.904999999999996,0.0
2021-04-19,0,,13.4,9.403583333333335,0.0
2021-04-20,0,,1.6,7.500916666666669,0.0
2021-04-21,0,,0.0,8.743625000000003,0.0
2021-04-22,0,,0.0,10.109916666666669,0.0
2021-04-23,0,,0.0,13.762500000000005,0.0
2021-04-24,0,,4.8,9.916375,0.0
2021-04-25,0,,0.0,5.826999999999999,0.0
2021-04-26,0,,0.0,5.27875,0.0
2021-04-27,0,,0.0,13.412083333333335,0.0
2021-04-28,0,,0.0,17.28958333333333,0.0
2021-04-29,0,,0.0,17.78291666666667,0.0
2021-04-30,0,,0.0,18.24833333333333,0.0
2021-05-01,0,,0.0,20.76666666666667,0.0
2021-05-02,0,,0.0,22.531250000000004,0.0
2021-05-03,0,,1.0,19.0275,0.0
2021-05-04,0,,0.2,12.867083333333332,0.0
2021-05-05,0,,0.2,15.038750000000006,0.0
2021-05-06,0,,0.0,13.28,0.0
2021-05-07,0,,0.0,18.427499999999995,0.0
2021-05-08,0,,0.0,12.092541666666664,0.0
2021-05-09,0,,0.0,7.212500000000002,0.0
2021-05-10,0,,0.0,8.624250000000002,0.0
2021-05-11,0,,0.0,9.580583333333331,0.0
2021-05-12,0,,0.0,13.764166666666668,0.0
2021-05-13,0,,0.0,17.767500000000002,0.0
2021-05-14,0,,0.0,17.004583333333333,0.0
2021-05-15,0,,0.2,16.46083333333333,0.0
2021-05-16,0,,11.999999999999998,11.871666666666664,0.0
2021-05-17,0,,0.0,14.249166666666667,0.0
2021-05-18,0,,0.8,13.656250000000002,0.0
2021-05-19,0,,0.0,16.41625,0.0
2021-05-20,0,,0.0,17.515000000000004,0.0
2021-05-21,0,,14.8,11.778750000000002,0.0
2021-05-22,0,,1.8,8.824458333333332,0.0
2021-05-23,0,,0.0,13.730416666666663,0.0
2021-05-24,0,,0.0,17.518333333333334,0.0
2021-05-25,0,,0.0,16.30333333333333,0.0
2021-05-26,0,,0.0,18.715000000000003,0.0
2021-05-27,0,,0.0,16.52,0.0
2021-05-28,0,,5.199999999999999,15.996250000000002,0.0
2021-05-29,0,,0.0,12.390416666666672,0.0
2021-05-30,0,,9.0,15.880416666666669,0.0
2021-05-31,0,,16.4,12.378333333333336,0.0
2021-06-01,0,,2.8,10.03692,0.0
2021-06-02,0,,0.2,8.3062,0.0
2021-06-03,0,,0.0,10.26472,0.0
2021-06-04,0,,0.0,11.75248,0.0
2021-06-05,0,,0.0,12.11308,0.0
2021-06-06,0,,0.0,14.5236,0.0
2021-06-07,0,,2.6,16.7912,0.0
2021-06-08,0,,1.0,14.2688,0.0
2021-06-09,0,,0.0,15.42916,0.0
2021-06-10,0,,0.0,16.0728,0.0
2021-06-11,0,,0.0,16.2812,0.0
2021-06-12,0,,0.4,16.242,0.0
2021-06-13,0,,2.0,16.7876,0.0
2021-06-14,0,,14.8,10.64456,0.0
2021-06-15,0,,0.0,11.57642,0.0
2021-06-16,0,,17.6,11.664,0.0
2021-06-17,0,,0.0,14.6764,0.0
2021-06-18,0,,0.0,16.5088,0.0
2021-06-19,0,,0.0,16.4292,0.0
2021-06-20,0,,0.4,17.8472,0.0
2021-06-21,0,,0.0,17.238,0.0
2021-06-22,0,,0.0,17.74042,0.0
2021-06-23,0,,0.0,20.83083,0.0
2021-06-24,0,,0.0,19.2136,0.0
2021-06-25,0,,0.0,23.5684,0.0
2021-06-26,0,,0.0,20.5096,0.0
2021-06-27,0,,0.0,22.9812,0.0
2021-06-28,0,,0.0,21.95182,0.0
2021-06-29,0,,0.0,20.0344,0.0
2021-06-30,0,,0.0,21.50167,0.0
2021-07-01,0,,0.0,26.57958,0.0
2021-07-02,0,,0.0,21.954,0.0
2021-07-03,0,,4.6,11.69,0.0
2021-07-04,0,,0.0,18.84,0.0
2021-07-05,0,,0.0,21.42333,0.0
2021-07-06,0,,31.75,13.22042,0.0
2021-07-07,0,,5.4,19.05375,0.0
2021-07-08,0,,11.2,18.815,0.0
2021-07-09,0,,0.0,19.6524,0.0
2021-07-10,0,,0.0,19.3816,0.0
2021-07-11,0,,0.0,19.44375,0.0
2021-07-12,0,,0.0,20.09417,0.0
2021-07-13,0,,0.0,19.94958,0.0
2021-07-14,0,,0.0,20.3328,0.0
2021-07-15,0,,0.0,22.44041,0.0
2021-07-16,0,,0.0,20.2516,0.0
2021-07-17,0,,0.0,24.5112,0.0
2021-07-18,0,,0.0,24.8436,0.0
2021-07-19,0,,0.0,23.716,0.0
2021-07-20,0,,0.0,22.094,0.0
2021-07-21,0,,0.0,20.5912,0.0
2021-07-22,0,,0.0,17.6596,0.0
2021-07-23,0,,0.0,16.9472,0.0
2021-07-24,0,,0.0,18.5176,0.0
2021-07-25,0,,0.0,18.8432,0.0
2021-07-26,0,,0.0,19.586399999999998,0.0
2021-07-27,0,,0.0,21.9424,0.0
2021-07-28,0,,0.0,22.6824,0.0
2021-07-29,0,,0.0,23.18917,0.0
2021-07-30,0,,0.0,24.2796,0.0
2021-07-31,0,,0.0,24.6072,0.0
2021-08-01,0,,0.0,22.86,0.0
2021-08-02,0,,0.0,24.2375,0.0
2021-08-03,0,,0.0,24.89626,0.0
2021-08-04,0,,0.0,24.3064,0.0
2021-08-05,0,,0.0,24.25125,0.0
2021-08-06,0,,0.2,25.55439,0.0
2021-08-07,0,,8.4,18.6452,0.0
2021-08-08,0,,0.8,16.8424,0.0
2021-08-09,0,,0.0,17.8272,0.0
2021-08-10,0,,0.0,19.8996,0.0
2021-08-11,0,,0.0,19.46199,0.0
2021-08-12,0,,0.0,19.31292,0.0
2021-08-13,0,,0.0,18.37542,0.0
2021-08-14,0,,0.0,17.49583,0.0
2021-08-15,0,,0.0,16.935,0.0
2021-08-16,0,,0.0,18.73083,0.0
2021-08-17,0,,0.0,20.87958,0.0
2021-08-18,0,,0.0,19.368,0.0
2021-08-19,0,,2.2,18.55958,0.0
2021-08-20,0,,0.0,16.43083,0.0
2021-08-21,0,,0.0,17.80541,0.0
2021-08-22,0,,0.0,19.13292,0.0
2021-08-23,0,,0.0,18.9684,0.0
2021-08-24,0,,0.0,19.56042,0.0
2021-08-25,0,,0.0,20.20041,0.0
2021-08-26,0,,0.0,21.62333,0.0
2021-08-27,0,,0.0,24.20167,0.0
2021-08-28,0,,0.0,23.04756,0.0
2021-08-29,0,,0.0,21.76583,0.0
2021-08-30,0,,0.0,20.78,0.0
2021-08-31,0,,0.0,19.02,0.0
2021-09-01,0,,2.8,18.51949,0.0
2021-09-02,0,,0.4,14.795,0.0
2021-09-03,0,,0.0,13.12958,0.0
2021-09-04,0,,0.0,15.39625,0.0
2021-09-05,0,,0.2,16.82537,0.0
2021-09-06,0,,0.2,15.70725,0.0
2021-09-07,0,,0.0,13.85125,0.0
2021-09-08,0,,0.0,14.89125,0.0
2021-09-09,0,,5.2,15.32675,0.0
2021-09-10,0,,0.0,14.18167,0.0
2021-09-11,0,,0.2,12.84875,0.0
2021-09-12,0,,0.0,14.72167,0.0
2021-09-13,0,,0.0,14.87167,0.0
2021-09-14,0,,2.2,16.6975,0.0
2021-09-15,0,,13.6,15.71875,0.0
2021-09-16,0,,7.0,13.52708,0.0
2021-09-17,0,,0.0,15.31417,0.0
2021-09-18,0,,0.6,19.06042,0.0
2021-09-19,0,,1.2,18.3975,0.0
2021-09-20,0,,0.0,21.16858,0.0
2021-09-21,0,,0.4,13.40708,0.0
2021-09-22,0,,2.2,10.97673,0.0
2021-09-23,0,,4.8,7.834538,0.0
2021-09-24,0,,0.0,9.704575,0.0
2021-09-25,0,,0.0,12.76917,0.0
2021-09-26,0,,0.0,15.48684,0.0
2021-09-27,0,,0.0,13.37542,0.0
2021-09-28,0,,0.6,13.86734,0.0
2021-09-29,0,,0.0,13.22842,0.0
2021-09-30,0,,0.0,11.21628,0.0
2021-10-01,0,,0.0,10.07712,0.0
2021-10-02,0,,0.0,11.2875,0.0
2021-10-03,0,,0.0,10.26277,0.0
2021-10-04,0,,0.0,10.37397,0.0
2021-10-05,0,,0.4,10.05096,0.0
2021-10-06,0,,0.0,9.33896,0.0
2021-10-07,0,,0.0,11.062,0.0
2021-10-08,0,,0.0,13.63167,0.0
2021-10-09,0,,0.0,13.6375,0.0
2021-10-10,0,,2.4,14.13656,0.0
2021-10-11,0,,1.0,13.93833,0.0
2021-10-12,0,,7.599999,13.80167,0.0
2021-10-13,0,,6.0,9.316542,0.0
2021-10-14,0,,0.0,12.8305,0.0
2021-10-15,0,,0.0,14.89667,0.0
2021-10-16,0,,11.2,13.52542,0.0
2021-10-17,0,,2.6,10.47667,0.0
2021-10-18,0,,0.4,9.774653,0.0
2021-10-19,0,,0.0,8.46803,0.0
2021-10-20,0,,0.0,8.459668,0.0
2021-10-21,0,,0.0,11.12828,0.0
2021-10-22,0,,0.0,11.88411,0.0
2021-10-23,0,,0.0,11.38814,0.0
2021-10-24,0,,0.4,8.404308,0.0
2021-10-25,0,,0.0,5.474117,0.0
2021-10-26,0,,0.0,6.964167,0.0
2021-10-27,0,,0.0,7.837917,0.0
2021-10-28,0,,0.0,7.951792,0.0
2021-10-29,0,,0.0,8.19425,0.0
2021-10-30,0,,0.0,9.288537,0.0
2021-10-31,0,,7.6,11.55812,0.0
2021-11-01,0,,1.2,10.14417,0.0
2021-11-02,0,,10.2,12.73958,0.0
2021-11-03,0,,0.0,13.1145,0.0
2021-11-04,0,,0.0,13.86883,0.0
2021-11-05,0,,0.0,14.23697,0.0
2021-11-06,0,,0.0,8.5,0.0
2021-11-07,0,,0.0,15.41928,0.0
2021-11-08,0,,0.0,15.48643,0.0
2021-11-09,0,,9.199999,10.62679,0.0
2021-11-10,0,,1.0,3.569459,0.0
2021-11-11,0,,0.0,4.139454,0.0
2021-11-12,0,,0.0,5.635846,0.0
2021-11-13,0,,0.0,6.332671,0.0
2021-11-14,0,,0.0,8.665792,0.0
2021-11-15,0,,0.0,7.508209,0.0
2021-11-16,0,,0.0,6.27548,0.0
2021-11-17,0,,0.0,5.403342,0.0
2021-11-18,0,,0.0,5.452291,0.0
2021-11-19,0,,0.2,3.885042,0.0
2021-11-20,0,,0.0,3.825534,0.0
2021-11-21,0,,0.0,6.652321,0.0
2021-11-22,0,,0.0,8.996594,0.0
2021-11-23,0,,14.0,9.038208,0.0
2021-11-24,0,,0.0,5.016679,0.0
2021-11-25,0,,0.0,5.799333,0.0
2021-11-26,0,,4.2,10.35433,0.0
2021-11-27,0,,2.0,12.06287,0.0
2021-11-28,0,,1.0,12.42661,0.0
2021-11-29,0,,18.2,13.08208,0.0
2021-11-30,0,,11.8,4.564662,0.0
2021-12-01,0,,0.0,1.929829,0.0
2021-12-02,0,,0.0,4.866841,0.0
2021-12-03,0,,3.6,9.150416,0.0
2021-12-04,0,,4.2,7.93,0.0
2021-12-05,0,,0.0,9.519263,0.0
2021-12-06,0,,0.0,11.78907,0.0
2021-12-07,0,,11.8,7.630875,0.0
2021-12-08,0,,1.8,5.834579,0.0
2021-12-09,0,,0.2,5.872236,0.0
2021-12-10,0,,6.8,8.606654,0.0
2021-12-11,0,,0.0,11.00796,0.0
2021-12-12,0,,2.8,10.16963,0.0
2021-12-13,0,,3.0,5.228376,0.0
2021-12-14,0,,9.400001,6.150876,0.0
2021-12-15,2,inflow_m3_statistical_outlier,12.0,0.8823333,0.0
2021-12-16,0,,2.0,0.2995416,0.0
2021-12-17,0,,4.6,-0.120875,0.0
2021-12-18,0,,0.6,0.08493751,0.0
2021-12-19,0,,0.2,0.3247417,0.0
2021-12-20,0,,10.6,-0.3136375,0.0
2021-12-21,0,,0.8,-3.212125,0.0
2021-12-22,0,,0.0,-4.459083,5.613043478260871
2021-12-23,0,,0.0,-5.814583,5.0
2021-12-24,0,,0.0,-4.007292,4.820833
2021-12-25,0,,0.0,1.644142,5.1125
2021-12-26,0,,0.0,5.372262,1.583333
2021-12-27,0,,0.0,6.206167,0.0399999999999999
2021-12-28,0,,0.0,6.532595,0.0
2021-12-29,0,,0.8,7.098184,0.0
2021-12-30,0,,0.0,6.983559,0.0
2021-12-31,0,,0.0,3.609667,0.0
2022-01-01,0,,7.8,4.828751,0.0
2022-01-02,0,,0.8,2.794583,0.0
2022-01-03,0,,0.0,4.245033,0.0
2022-01-04,0,,0.0,5.631966,0.0
2022-01-05,0,,0.0,8.120034,0.0
2022-01-06,0,,0.0,9.333667,0.0
2022-01-07,0,,0.0,7.998521,0.0
2022-01-08,0,,0.0,8.1153,0.0
2022-01-09,0,,0.4,7.689466,0.0
2022-01-10,0,,0.2,6.182196,0.0
2022-01-11,0,,10.4,5.391624,0.0
2022-01-12,0,,0.4,-2.365375,8.716666666666667
2022-01-13,0,,0.2,-4.420458,10.512500000000005
2022-01-14,0,,0.2,-3.112833,8.340833333333332
2022-01-15,0,,0.2,-1.522792,7.508333333333332
2022-01-16,0,,0.4,-3.823334,8.304166666666665
2022-01-17,0,,9.0,-1.370558,9.15
2022-01-18,0,,8.599999,-3.397375,39.133333333333326
2022-01-19,0,,0.0,-6.605775,54.79583333333332
2022-01-20,0,,0.6,-4.711292,45.90416
2022-01-21,0,,7.999999,-0.1870416,42.47083
2022-01-22,0,,0.2,-4.853083,53.35416
2022-01-23,0,,0.8,-5.724333,76.09583
2022-01-24,0,,0.4,-7.208292,70.63751
2022-01-25,0,,0.0,-5.828249,65.15417
2022-01-26,0,,0.4,-5.134167,61.1125
2022-01-27,0,,0.4,-4.294917,57.80835
2022-01-28,0,,0.2,-3.261333,54.58333
2022-01-29,0,,0.0,-2.81875,51.05416
2022-01-30,0,,0.0,-1.140333,48.71667
2022-01-31,0,,0.0,-1.38925,46.1125
2022-02-01,0,,0.2,2.600167,44.05
2022-02-02,0,,2.6,5.489125,39.12917
2022-02-03,0,,2.8,-0.04479164,36.86667
2022-02-04,0,,0.4,-4.260167,40.675
2022-02-05,0,,0.0,-1.090792,38.2375
2022-02-06,0,,0.0,1.081083,35.37917
2022-02-07,0,,12.6,5.614666,32.416666666666664
2022-02-08,2,inflow_m3_statistical_outlier,13.8,0.5648333,40.92499999999999
2022-02-09,0,,0.8,-1.588125,57.28749999999998
2022-02-10,0,,0.8,-0.7446666,51.50416666666667
2022-02-11,0,,0.0,2.816584,47.27917
2022-02-12,0,,0.0,4.483417,43.17499
2022-02-13,0,,0.0,1.533958,38.3625
2022-02-14,0,,0.6,0.6484166,35.775
2022-02-15,0,,0.0,1.603625,33.80333
2022-02-16,0,,0.0,3.607417,31.4
2022-02-17,0,,0.0,4.839334,29.145833333333336
2022-02-18,0,,13.2,0.9820417,28.40833
2022-02-19,0,,0.0,2.915208,27.1375
2022-02-20,0,,0.0,6.164208,25.375
2022-02-21,0,,0.0,7.397437,22.87083333333334
2022-02-22,0,,0.8,7.753376,19.941666666666663
2022-02-23,0,,0.0,5.906091,14.895833333333334
2022-02-24,2,inflow_m3_statistical_outlier,4.2,1.860875,11.7875
2022-02-25,2,inflow_m3_statistical_outlier,2.0,0.8350002,10.232500000000002
2022-02-26,0,,0.0,3.006458,7.937499999999999
2022-02-27,0,,2.6,5.510042,3.583333333333335
2022-02-28,0,,3.6,1.448,0.0
2022-03-01,0,,0.0,-0.9775,0.0
2022-03-02,0,,0.2,-1.745583,0.5166666666666666
2022-03-03,0,,3.0,-2.281875,5.275
2022-03-04,0,,0.0,0.452125,3.029166666666668
2022-03-05,0,,1.0,2.357,0.7000000000000002
2022-03-06,0,,0.0,4.786541,0.0
2022-03-07,0,,3.4,1.45075,0.0
2022-03-08,0,,1.6,-0.2539167,1.1008333333333336
2022-03-09,0,,0.2,-2.38575,0.7791667
2022-03-10,0,,1.8,-4.304875,15.825
2022-03-11,0,,1.0,-6.807542,43.84166666666668
2022-03-12,0,,3.4,-7.180125,39.37916666666668
2022-03-13,0,,0.0,-6.230625,31.500000000000007
2022-03-14,0,,0.2,-3.094875,27.433333333333337
2022-03-15,0,,0.0,-3.193292,24.2625
2022-03-16,0,,0.4,0.2913333,22.4875
2022-03-17,0,,2.4,-2.168792,23.616666666666664
2022-03-18,0,,2.8,-5.568251,44.325
2022-03-19,0,,0.2,-4.828875,69.34166666666668
2022-03-20,0,,0.0,-2.949,72.03750000000001
2022-03-21,0,,0.2,-1.744333,61.92083333333333
2022-03-22,0,,0.0,0.001916682,52.31249999999999
2022-03-23,0,,0.6,0.2651875,45.96666666666668
2022-03-24,0,,0.2,-0.2020416,41.22083333333333
2022-03-25,0,,0.0,2.841708,35.362500000000004
2022-03-26,0,,0.0,5.755639,30.15416666666665
2022-03-27,0,,0.0,5.755639,24.145833333333343
2022-03-28,0,,0.0,8.929501,18.504166666666663
2022-03-29,0,,0.0,8.031708,13.4625
2022-03-30,2,inflow_m3_statistical_outlier,0.0,10.07833,6.341666666666666
2022-03-31,2,inflow_m3_statistical_outlier,0.0,13.47799,0.8375
2022-04-01,2,inflow_m3_statistical_outlier,0.0,16.92042,0.2000000000000001
2022-04-02,2,inflow_m3_statistical_outlier,0.0,13.58708,0.0
2022-04-03,2,inflow_m3_statistical_outlier,0.0,8.709832,0.0
2022-04-04,2,inflow_m3_statistical_outlier,0.4,7.871374,0.0
2022-04-05,0,,0.0,6.773265,0.0
2022-04-06,0,,0.0,8.556169,0.0
2022-04-07,2,inflow_m3_statistical_outlier,13.8,11.90458,0.0
2022-04-08,2,inflow_m3_statistical_outlier,3.8,9.653487,0.0
2022-04-09,2,inflow_m3_statistical_outlier;evaporation_m3_statistical_outlier,0.0,14.48833,0.0
2022-04-10,2,inflow_m3_statistical_outlier,0.0,15.16546,0.0
2022-04-11,2,inflow_m3_statistical_outlier,9.6,2.764042,0.0
2022-04-12,0,,0.0,2.046083,0.0
2022-04-13,0,,0.0,2.740583,0.0
2022-04-14,0,,0.0,7.092916,0.0
2022-04-15,0,,0.0,10.77954,0.0
2022-04-16,0,,0.0,13.81833,0.0
2022-04-17,0,,7.6,9.557297,0.0
2022-04-18,0,,0.4,4.487083,0.0
2022-04-19,0,,0.0,2.844033,0.0
2022-04-20,0,,0.0,7.488375,0.0
2022-04-21,0,,0.0,8.051416,0.0
2022-04-22,0,,0.0,14.71292,0.0
2022-04-23,0,,0.0,15.91667,0.0
2022-04-24,0,,0.0,15.62542,0.0
2022-04-25,0,,0.0,16.325,0.0
2022-04-26,0,,0.0,15.91955,0.0
2022-04-27,0,,0.0,15.59969,0.0
2022-04-28,0,,0.0,13.19608,0.0
2022-04-29,0,,0.0,11.82671,0.0
2022-04-30,0,,0.0,9.46185,0.0
2022-05-01,0,,0.0,9.510415,0.0
2022-05-02,0,,0.8,12.28875,0.0
2022-05-03,0,,4.0,8.949217,0.0
2022-05-04,0,,0.2,6.250541,0.0
2022-05-05,0,,0.2,8.037,0.0
2022-05-06,0,,0.0,7.620583,0.0
2022-05-07,0,,0.0,8.182,0.0
2022-05-08,0,,0.0,10.17171,0.0
2022-05-09,0,,0.0,8.81846,0.0
2022-05-10,0,,0.0,10.81025,0.0
2022-05-11,0,,0.0,11.66041,0.0
2022-05-12,0,,0.0,13.76791,0.0
2022-05-13,0,,0.0,17.03083,0.0
2022-05-14,0,,0.0,16.51292,0.0
2022-05-15,0,,0.0,15.73167,0.0
2022-05-16,0,,0.0,15.33792,0.0
2022-05-17,0,,0.0,15.85417,0.0
2022-05-18,0,,3.0,11.70208,0.0
2022-05-19,0,,0.0,6.679375,0.0
2022-05-20,0,,0.0,11.7715,0.0
2022-05-21,0,,0.0,16.72917,0.0
2022-05-22,0,,0.0,16.335,0.0
2022-05-23,0,,1.2,13.67967,0.0
2022-05-24,0,,0.0,15.57625,0.0
2022-05-25,0,,0.0,17.14708,0.0
2022-05-26,0,,0.0,19.995,0.0
2022-05-27,0,,0.0,18.43,0.0
2022-05-28,0,,0.0,19.7725,0.0
2022-05-29,0,,0.6,22.34334,0.0
2022-05-30,0,,0.0,20.41958,0.0
2022-05-31,0,,0.0,17.86334,0.0
2022-06-01,0,,0.0,18.55458,0.0
2022-06-02,0,,0.0,17.43958,0.0
2022-06-03,0,,0.0,18.29926,0.0
2022-06-04,0,,0.0,18.93583,0.0
2022-06-05,0,,0.0,18.72,0.0
2022-06-06,0,,0.0,17.01625,0.0
2022-06-07,0,,1.0,14.62875,0.0
2022-06-08,0,,0.0,14.64542,0.0
2022-06-09,0,,0.6,17.80542,0.0
2022-06-10,0,,6.2,20.62625,0.0
2022-06-11,0,,17.8,15.52625,0.0
2022-06-12,0,,18.2,15.42083,0.0
2022-06-13,0,,0.0,17.37542,0.0
2022-06-14,0,,0.0,19.015,0.0
2022-06-15,0,,0.0,17.5325,0.0
2022-06-16,0,,0.0,16.47917,0.0
2022-06-17,0,,0.0,16.67834,0.0
2022-06-18,0,,0.0,17.19708,0.0
2022-06-19,0,,0.0,15.71375,0.0
2022-06-20,0,,2.4,18.19792,0.0
2022-06-21,0,,2.2,17.59792,0.0
2022-06-22,0,,0.0,19.23875,0.0
2022-06-23,0,,0.0,18.08583,0.0
2022-06-24,0,,4.6,15.82833,0.0
2022-06-25,0,,0.6,15.81208,0.0
2022-06-26,0,,0.0,15.63,0.0
2022-06-27,0,,35.0,16.6325,0.0
2022-06-28,0,,1.4,17.04208,0.0
2022-06-29,0,,1.4,16.06417,0.0
2022-06-30,0,,0.0,18.50958,0.0
2022-07-01,0,,0.0,19.135,0.0
2022-07-02,0,,0.0,19.38083,0.0
2022-07-03,0,,0.0,17.21292,0.0
2022-07-04,0,,0.0,17.60583,0.0
2022-07-05,0,,0.0,17.68333,0.0
2022-07-06,0,,0.0,19.14375,0.0
2022-07-07,0,,0.0,18.95375,0.0
2022-07-08,0,,0.0,18.29792,0.0
2022-07-09,0,,36.0,17.39166,0.0
2022-07-10,0,,1.8,14.905,0.0
2022-07-11,0,,2.8,15.89208,0.0
2022-07-12,0,,0.0,17.135,0.0
2022-07-13,0,,0.0,16.25875,0.0
2022-07-14,0,,0.0,18.61667,0.0
2022-07-15,0,,0.0,17.40625,0.0
2022-07-16,0,,0.0,17.96334,0.0
2022-07-17,0,,0.0,20.5575,0.0
2022-07-18,0,,0.0,16.76,0.0
2022-07-19,0,,0.0,17.22333,0.0
2022-07-20,0,,0.0,16.52167,0.0
2022-07-21,0,,0.0,18.16125,0.0
2022-07-22,0,,0.0,17.75167,0.0
2022-07-23,0,,0.0,19.14,0.0
2022-07-24,0,,0.0,19.795,0.0
2022-07-25,0,,0.0,19.70041,0.0
2022-07-26,0,,0.0,19.01833,0.0
2022-07-27,0,,0.0,21.53,0.0
2022-07-28,0,,0.0,21.20458,0.0
2022-07-29,0,,0.0,19.83542,0.0
2022-07-30,0,,0.0,19.745,0.0
2022-07-31,0,,0.0,20.50458,0.0
2022-08-01,0,,0.0,19.24833,0.0
2022-08-02,0,,0.0,18.57958,0.0
2022-08-03,0,,0.0,19.69083,0.0
2022-08-04,0,,0.0,19.28584,0.0
2022-08-05,0,,0.0,20.12292,0.0
2022-08-06,0,,0.0,20.4875,0.0
2022-08-07,0,,0.0,20.49917,0.0
2022-08-08,0,,0.0,21.54042,0.0
2022-08-09,0,,0.0,19.87958,0.0
2022-08-10,0,,7.8,20.36167,0.0
2022-08-11,0,,13.4,17.17125,0.0
2022-08-12,0,,0.0,19.19542,0.0
2022-08-13,0,,1.6,18.70875,0.0
2022-08-14,0,,1.0,20.83875,0.0
2022-08-15,0,,0.4,17.99208,0.0
2022-08-16,0,,0.0,20.40625,0.0
2022-08-17,0,,0.0,21.7275,0.0
2022-08-18,0,,0.0,21.73,0.0
2022-08-19,0,,0.0,19.84292,0.0
2022-08-20,0,,0.0,20.18083,0.0
2022-08-21,0,,0.0,21.03208,0.0
2022-08-22,0,,0.0,22.15958,0.0
2022-08-23,0,,0.2,23.24417,0.0
2022-08-24,0,,9.4,20.62833,0.0
2022-08-25,0,,0.0,19.94333,0.0
2022-08-26,0,,0.0,19.43792,0.0
2022-08-27,0,,0.0,19.72375,0.0
2022-08-28,0,,0.0,20.94458,0.0
2022-08-29,0,,0.2,22.54459,0.0
2022-08-30,0,,0.0,21.88708,0.0
2022-08-31,0,,0.4,19.75667,0.0
2022-09-01,0,,0.0,19.8175,0.0
2022-09-02,0,,0.0,21.29041,0.0
2022-09-03,0,,0.0,20.11833,0.0
2022-09-04,0,,1.4,17.26542,0.0
2022-09-05,0,,0.0,14.47292,0.0
2022-09-06,0,,1.0,15.27,0.0
2022-09-07,0,,0.0,14.40542,0.0
2022-09-08,0,,0.0,15.96542,0.0
2022-09-09,0,,0.0,18.07875,0.0
2022-09-10,0,,0.0,20.73792,0.0
2022-09-11,0,,0.0,20.41167,0.0
2022-09-12,0,,0.0,13.81042,0.0
2022-09-13,0,,0.0,12.78275,0.0
2022-09-14,0,,0.0,14.96958,0.0
2022-09-15,0,,0.0,20.42834,0.0
2022-09-16,0,,0.0,23.08625,0.0
2022-09-17,0,,0.0,23.76708,0.0
2022-09-18,0,,0.0,18.3,0.0
2022-09-19,0,,0.0,13.61333,0.0
2022-09-20,0,,0.0,13.09417,0.0
2022-09-21,0,,2.2,12.27083,0.0
2022-09-22,0,,2.0,7.104167,0.0
2022-09-23,0,,0.0,8.038334,0.0
2022-09-24,0,,0.0,9.544791,0.0
2022-09-25,0,,0.0,13.75417,0.0
2022-09-26,0,,0.0,17.04167,0.0
2022-09-27,0,,0.0,19.8125,0.0
2022-09-28,0,,1.0,16.03917,0.0
2022-09-29,0,,0.2,18.28,0.0
2022-09-30,0,,0.0,19.71875,0.0
2022-10-01,0,,0.0,20.54417,0.0
2022-10-02,0,,0.6,14.79833,0.0
2022-10-03,0,,0.0,13.72167,0.0
2022-10-04,0,,9.2,9.269875,0.0
2022-10-05,0,,0.0,11.42375,0.0
2022-10-06,0,,0.0,13.22958,0.0
2022-10-07,0,,2.2,12.24292,0.0
2022-10-08,0,,5.6,11.45,0.0
2022-10-09,0,,0.2,10.29217,0.0
2022-10-10,0,,0.0,11.84554,0.0
2022-10-11,0,,0.0,12.84417,0.0
2022-10-12,0,,0.0,11.24062,0.0
2022-10-13,0,,0.0,11.43833,0.0
2022-10-14,0,,1.4,12.54333,0.0
2022-10-15,0,,4.0,11.65542,0.0
2022-10-16,1,precip_kartepe_mm_out_of_range;precip_kartepe_mm_imputed_linear,3.8,11.42667,0.0
2022-10-17,0,,0.2,11.44417,0.0
2022-10-18,0,,0.0,11.53792,0.0
2022-10-19,0,,0.0,11.041,0.0
2022-10-20,0,,0.6,9.47725,0.0
2022-10-21,0,,0.0,5.771875,0.0
2022-10-22,0,,0.0,8.866334,0.0
2022-10-23,0,,0.0,11.80529,0.0
2022-10-24,0,,0.0,11.66442,0.0
2022-10-25,0,,0.0,12.415,0.0
2022-10-26,0,,0.0,12.65821,0.0
2022-10-27,0,,0.0,12.38375,0.0
2022-10-28,0,,0.0,8.849999,0.0
2022-10-29,0,,0.0,8.543084,0.0
2022-10-30,0,,0.0,9.832708,0.0
2022-10-31,0,,0.0,9.931541,0.0
2022-11-01,0,,0.0,8.536959,0.0
2022-11-02,0,,0.0,11.43179,0.0
2022-11-03,0,,0.0,11.092,0.0
2022-11-04,0,,0.0,12.32308,0.0
2022-11-05,0,,0.0,14.39875,0.0
2022-11-06,0,,0.0,14.37542,0.0
2022-11-07,0,,0.0,9.553292,0.0
2022-11-08,0,,0.0,6.027083,0.0
2022-11-09,0,,0.0,5.787083,0.0
2022-11-10,0,,0.0,7.078791,0.0
2022-11-11,0,,0.0,8.669457,0.0
2022-11-12,0,,0.0,8.848458,0.0
2022-11-13,0,,0.0,8.222082,0.0
2022-11-14,0,,0.0,6.36725,0.0
2022-11-15,0,,0.0,6.9065,0.0
2022-11-16,0,,0.0,7.23596,0.0
2022-11-17,0,,2.2,11.05996,0.0
2022-11-18,0,,0.4,12.51542,0.0
2022-11-19,0,,0.0,14.485,0.0
2022-11-20,0,,0.2,15.875,0.0
2022-11-21,0,,2.2,12.84371,0.0
2022-11-22,0,,0.2,8.862334,0.0
2022-11-23,0,,3.2,10.00908,0.0
2022-11-24,0,,6.0,7.724249,0.0
2022-11-25,0,,4.400001,4.364583,0.0
2022-11-26,0,,1.4,3.290417,0.0
2022-11-27,0,,0.0,4.359,0.0
2022-11-28,0,,0.0,6.782667,0.0
2022-11-29,0,,0.0,8.201835,0.0
2022-11-30,0,,0.0,9.577125,0.0
2022-12-01,0,,6.400001,9.313209,0.0
2022-12-02,0,,2.2,8.145751,0.0
2022-12-03,0,,0.0,6.431709,0.0
2022-12-04,0,,0.0,6.570333,0.0
2022-12-05,0,,0.0,5.413126,0.0
2022-12-06,0,,0.0,4.54875,0.0
2022-12-07,0,,0.0,4.044166,0.0
2022-12-08,0,,0.0,7.592167,0.0
2022-12-09,0,,0.0,9.321335,0.0
2022-12-10,0,,2.0,10.80125,0.0
2022-12-11,0,,4.0,11.94667,0.0
2022-12-12,0,,1.2,9.411835,0.0
2022-12-13,0,,7.8,3.394834,0.0
2022-12-14,0,,0.0,6.323999,0.0
2022-12-15,0,,11.2,10.38,0.0
2022-12-16,0,,0.2,11.01437,0.0
2022-12-17,0,,0.0,11.07708,0.0
2022-12-18,0,,0.2,8.326833,0.0
2022-12-19,0,,1.4,0.9015417,0.0
2022-12-20,0,,0.0,-0.80875,0.0
2022-12-21,0,,0.0,1.1975,0.0
2022-12-22,0,,0.2,1.284458,0.0
2022-12-23,0,,0.0,2.765792,0.0
2022-12-24,0,,0.2,3.158541,0.0
2022-12-25,0,,5.0,3.868458,0.0
2022-12-26,0,,0.0,2.478625,0.0
2022-12-27,0,,0.0,5.065208,0.0
2022-12-28,0,,0.0,4.976041,0.0
2022-12-29,0,,0.0,6.093565,0.0
2022-12-30,0,,0.0,6.308,0.0
2022-12-31,0,,0.0,4.392292,0.0
2023-01-01,0,,0.0,5.186958,0.0
2023-01-02,0,,0.0,4.940958,0.0
2023-01-03,0,,0.0,4.722208,0.0
2023-01-04,0,,0.0,5.087459,0.0
2023-01-05,0,,0.0,4.470304,0.0
2023-01-06,0,,1.0,2.662208,0.0
2023-01-07,0,,0.0,1.757583,0.0
2023-01-08,0,,0.0,0.6914347,0.0
2023-01-09,0,,0.0,-0.5779131,0.0
2023-01-10,0,,0.0,5.546435,0.0
2023-01-11,0,,3.0,7.379045,0.0
2023-01-12,0,,0.2,6.742958,0.0
2023-01-13,0,,0.2,5.264917,0.0
2023-01-14,0,,0.0,4.105083,0.0
2023-01-15,0,,0.0,3.469875,0.0
2023-01-16,0,,0.0,5.318695,0.0
2023-01-17,0,,0.0,8.557261,0.0
2023-01-18,0,,0.0,10.51483,0.0
2023-01-19,0,,0.0,10.09512,0.0
2023-01-20,0,,0.0,9.176333,0.0
2023-01-21,0,,0.0,8.230624,0.0
2023-01-22,0,,0.0,7.528958,0.0
2023-01-23,0,,0.0,3.917334,0.0
2023-01-24,0,,0.0,1.916417,0.0
2023-01-25,0,,0.0,0.9009584,0.0
2023-01-26,0,,1.6,5.862417,0.0
2023-01-27,0,,3.8,5.427832,0.0
2023-01-28,0,,9.000001,1.765708,0.0
2023-01-29,0,,0.4,-1.372542,0.0
2023-01-30,0,,2.0,-2.630125,0.0
2023-01-31,0,,4.8,-1.831417,2.125
2023-02-01,0,,6.400001,-2.435875,16.31666666666667
2023-02-02,0,,14.0,-1.14175,17.59583333333333
2023-02-03,0,,0.4,-2.988125,17.3625
2023-02-04,0,,3.4,-1.734375,16.654166666666665
2023-02-05,0,,10.8,-1.025625,26.52083333333333
2023-02-06,0,,2.0,-2.094958,71.46842105263157
2023-02-07,0,,0.0,-4.2665,99.88333333333333
2023-02-08,0,,0.2,-3.152625,119.35833333333336
2023-02-09,0,,0.2,-2.175083,117.61666666666667
2023-02-10,0,,0.2,-2.191542,109.58333333333331
2023-02-11,0,,0.2,-2.903666,99.76315789473684
2023-02-12,0,,0.2,-2.823,95.45833333333331
2023-02-13,0,,0.0,-3.010834,90.32916666666668
2023-02-14,0,,0.2,-0.5219167,86.22083
2023-02-15,0,,1.2,-1.999208,84.13334
2023-02-16,0,,0.2,-2.266958,80.76666
2023-02-17,0,,0.0,1.778167,78.37501
2023-02-18,0,,0.0,5.144833,73.43333
2023-02-19,0,,0.0,7.419084,63.58333
2023-02-20,0,,9.2,2.111792,51.98334
2023-02-21,0,,0.0,5.586249,45.05
2023-02-22,0,,0.0,6.576258,40.79584
2023-02-23,0,,0.0,6.497808,37.19583
2023-02-24,0,,0.0,7.498163,33.78333333333334
2023-02-25,0,,0.0,8.122707,29.362500000000004
2023-02-26,0,,0.0,10.21658,24.90833
2023-02-27,2,inflow_m3_statistical_outlier,0.2,10.53325,20.62917
2023-02-28,0,,1.8,9.071834,16.3
2023-03-01,2,inflow_m3_statistical_outlier,0.0,7.274042,8.504167
2023-03-02,0,,0.0,3.789458,2.883334
2023-03-03,0,,0.0,5.011375,0.0375
2023-03-04,0,,1.2,6.050709,0.0
2023-03-05,0,,24.0,4.571791,0.0
2023-03-06,0,,0.2,4.61765,0.0
2023-03-07,0,,0.4,7.211208,0.0
2023-03-08,0,,0.4,8.535625,0.0
2023-03-09,0,,0.0,9.566709,0.0
2023-03-10,0,,1.2,11.09079,0.0
2023-03-11,0,,21.0,7.624876,0.0
2023-03-12,0,,1.0,7.624876,0.0
2023-03-13,0,,0.0,1.279792,0.0
2023-03-14,0,,0.0,3.103054,0.0
2023-03-15,0,,1.6,4.3894025,0.0
2023-03-16,0,,6.6,5.675751,0.0
2023-03-17,2,inflow_m3_statistical_outlier,3.400001,3.337417,0.0
2023-03-18,2,inflow_m3_statistical_outlier,0.2,3.43175,0.0
2023-03-19,2,inflow_m3_statistical_outlier,0.0,4.91875,0.0
2023-03-20,2,inflow_m3_statistical_outlier,0.0,5.044459,0.0
2023-03-21,0,,0.0,9.908219,0.0
2023-03-22,0,,0.8,6.709996,0.0
2023-03-23,0,,0.0,3.9885,0.0
2023-03-24,0,,0.0,6.588333,0.0
2023-03-25,0,,0.0,10.083,0.0
2023-03-26,0,,2.8,6.888945,0.0
2023-03-27,0,,4.8,12.67796,0.0
2023-03-28,0,,6.999999,2.339208,0.8749999999999999
2023-03-29,0,,2.4,-2.877875000000001,8.883333333333333
2023-03-30,0,,0.8,-2.680042,3.566666
2023-03-31,0,,0.0,4.462666,0.5375000000000001
2023-04-01,0,,1.2,12.26881,0.0
2023-04-02,0,,13.2,9.825146,0.0
2023-04-03,0,,0.4,13.30417,0.0
2023-04-04,0,,5.8,9.74775,0.0
2023-04-05,0,,3.4,5.32825,0.0
2023-04-06,0,,6.4,5.985374,0.0
2023-04-07,0,,0.0,3.483167,0.0
2023-04-08,0,,0.0,7.361187,0.0
2023-04-09,0,,0.0,7.95069,0.0
2023-04-10,0,,0.4,4.868792,0.0
2023-04-11,0,,3.8,4.951791,0.0
2023-04-12,0,,1.6,5.249584,0.0
2023-04-13,0,,0.0,7.635082,0.0
2023-04-14,0,,0.0,13.63292,0.0
2023-04-15,0,,0.0,15.71875,0.0
2023-04-16,0,,1.2,13.57125,0.0
2023-04-17,0,,0.8,13.39791,0.0
2023-04-18,0,,3.0,11.39858,0.0
2023-04-19,0,,0.0,9.755499,0.0
2023-04-20,0,,2.6,8.034958,0.0
2023-04-21,0,,0.0,8.862917,0.0
2023-04-22,0,,0.0,9.473418,0.0
2023-04-23,0,,0.0,6.532751,0.0
2023-04-24,0,,0.0,8.689584,0.0
2023-04-25,0,,0.4,12.35609,0.0
2023-04-26,0,,14.4,10.32632,0.0
2023-04-27,2,inflow_m3_statistical_outlier,18.6,5.692958,0.0
2023-04-28,0,,0.0,4.516166,0.0
2023-04-29,0,,0.2,3.689167,0.0
2023-04-30,0,,0.0,7.894291,0.0
2023-05-01,0,,0.0,10.15604,0.0
2023-05-02,0,,0.0,12.00717,0.0
2023-05-03,0,,4.0,17.09031,0.0
2023-05-04,0,,5.6,13.2725,0.0
2023-05-05,0,,4.0,9.609,0.0
2023-05-06,0,,0.4,8.630708,0.0
2023-05-07,0,,0.6,8.857709,0.0
2023-05-08,0,,0.2,10.13746,0.0
2023-05-09,0,,0.0,7.895708,0.0
2023-05-10,0,,1.2,7.320625,0.0
2023-05-11,0,,0.0,8.46647,0.0
2023-05-12,0,,0.6,7.66725,0.0
2023-05-13,0,,0.0,7.645082,0.0
2023-05-14,0,,0.0,12.62375,0.0
2023-05-15,0,,0.0,16.72583,0.0
2023-05-16,0,,0.0,21.11917,0.0
2023-05-17,0,,18.0,13.8375,0.0
2023-05-18,0,,0.6,11.59917,0.0
2023-05-19,0,,0.2,9.929708,0.0
2023-05-20,0,,0.0,11.43583,0.0
2023-05-21,0,,0.0,12.89209,0.0
2023-05-22,0,,0.0,11.70917,0.0
2023-05-23,0,,0.2,11.7425,0.0
2023-05-24,0,,0.2,12.945,0.0
2023-05-25,0,,0.2,13.28125,0.0
2023-05-26,0,,0.0,14.65333,0.0
2023-05-27,0,,0.0,14.89583,0.0
2023-05-28,0,,0.2,14.53748,0.0
2023-05-29,0,,0.0,14.20417,0.0
2023-05-30,0,,0.8,14.15458,0.0
2023-05-31,0,,0.0,15.54167,0.0
2023-06-01,0,,0.0,15.65208,0.0
2023-06-02,0,,4.4,16.70458,0.0
2023-06-03,0,,12.0,14.32167,0.0
2023-06-04,0,,1.8,13.85208,0.0
2023-06-05,0,,0.0,14.24542,0.0
2023-06-06,0,,0.0,15.69292,0.0
2023-06-07,0,,0.0,18.00208,0.0
2023-06-08,0,,0.2,17.63,0.0
2023-06-09,0,,1.2,14.31083,0.0
2023-06-10,0,,0.0,15.505,0.0
2023-06-11,0,,0.0,16.10167,0.0
2023-06-12,0,,0.0,14.58458,0.0
2023-06-13,0,,0.0,13.40125,0.0
2023-06-14,0,,0.0,14.70875,0.0
2023-06-15,0,,0.0,18.37542,0.0
2023-06-16,0,,17.6,21.20542,0.0
2023-06-17,0,,7.400001,17.22917,0.0
2023-06-18,0,,0.2,16.45,0.0
2023-06-19,0,,17.2,16.85792,0.0
2023-06-20,0,,0.8,15.94833,0.0
2023-06-21,0,,0.4,16.72958,0.0
2023-06-22,0,,0.0,18.56073,0.0
2023-06-23,0,,0.0,19.72708,0.0
2023-06-24,0,,0.0,21.12375,0.0
2023-06-25,0,,0.0,20.41667,0.0
2023-06-26,0,,0.0,18.00208,0.0
2023-06-27,0,,0.0,17.41375,0.0
2023-06-28,0,,0.0,18.32625,0.0
2023-06-29,0,,0.0,15.4325,0.0
2023-06-30,0,,0.0,15.80208,0.0
2023-07-01,0,,0.0,18.89209,0.0
2023-07-02,0,,0.0,21.36417,0.0
2023-07-03,0,,0.0,21.31333,0.0
2023-07-04,0,,0.0,20.9375,0.0
2023-07-05,0,,2.0,22.39083,0.0
2023-07-06,0,,0.0,20.13125,0.0
2023-07-07,0,,41.0,21.38167,0.0
2023-07-08,0,,42.4,16.51708,0.0
2023-07-09,2,inflow_m3_statistical_outlier,8.6,14.19583,0.0
2023-07-10,0,,0.0,16.78791,0.0
2023-07-11,0,,0.0,19.47042,0.0
2023-07-12,0,,0.0,21.01583,0.0
2023-07-13,0,,0.0,23.38083,0.0
2023-07-14,0,,0.0,24.48917,0.0
2023-07-15,0,,0.0,20.85042,0.0
2023-07-16,0,,0.0,18.74375,0.0
2023-07-17,0,,0.0,18.84167,0.0
2023-07-18,0,,0.0,18.87875,0.0
2023-07-19,0,,0.0,21.5825,0.0
2023-07-20,0,,0.0,23.48292,0.0
2023-07-21,0,,0.0,22.05458,0.0
2023-07-22,0,,0.0,23.54458,0.0
2023-07-23,0,,0.0,23.49625,0.0
2023-07-24,0,,0.0,18.24583,0.0
2023-07-25,0,,0.0,21.56667,0.0
2023-07-26,0,,0.0,26.8825,0.0
2023-07-27,0,,0.0,18.13791,0.0
2023-07-28,0,,0.0,16.19625,0.0
2023-07-29,0,,0.0,17.14333,0.0
2023-07-30,0,,0.0,17.17125,0.0
2023-07-31,0,,0.0,17.92917,0.0
2023-08-01,0,,0.0,19.04209,0.0
2023-08-02,0,,0.0,21.21167,0.0
2023-08-03,0,,0.0,24.63958,0.0
2023-08-04,0,,0.0,24.34041,0.0
2023-08-05,2,outflow_treatment_m3_statistical_outlier,0.0,25.78709,0.0
2023-08-06,2,outflow_treatment_m3_statistical_outlier,0.0,25.09334,0.0
2023-08-07,2,outflow_treatment_m3_statistical_outlier,0.0,21.3875,0.0
2023-08-08,0,,13.875,19.43917,0.0
2023-08-09,0,,20.98749975,17.98875,0.0
2023-08-10,0,,2.85,18.36417,0.0
2023-08-11,0,,21.225,17.17708,0.0
2023-08-12,0,,0.7375,19.15917,0.0
2023-08-13,0,,1.7625,20.69625,0.0
2023-08-14,0,,0.2,25.04916,0.0
2023-08-15,0,,0.0,26.81083,0.0
2023-08-16,0,,0.0,22.37833,0.0
2023-08-17,0,,0.0,23.36542,0.0
2023-08-18,0,,0.0,25.03625,0.0
2023-08-19,0,,0.0,23.56208,0.0
2023-08-20,0,,0.0,22.25208,0.0
2023-08-21,0,,0.0,24.42417,0.0
2023-08-22,0,,0.0,26.04833,0.0
2023-08-23,0,,0.0,23.5425,0.0
2023-08-24,0,,0.0,20.51458,0.0
2023-08-25,0,,0.0,22.01625,0.0
2023-08-26,0,,0.0,21.91834,0.0
2023-08-27,0,,0.0,20.39125,0.0
2023-08-28,0,,0.0,19.48375,0.0
2023-08-29,0,,0.0,22.33792,0.0
2023-08-30,0,,0.0,24.09666,0.0
2023-08-31,0,,0.0,22.08917,0.0
2023-09-01,0,,0.0,20.05125,0.0
2023-09-02,0,,3.0,20.20583,0.0
2023-09-03,0,,1.4,17.08583,0.0
2023-09-04,0,,0.0,18.89458,0.0
2023-09-05,0,,2.0,20.01417,0.0
2023-09-06,0,,0.0,19.57,0.0
2023-09-07,0,,0.2,19.10083,0.0
2023-09-08,0,,0.0,16.605,0.0
2023-09-09,0,,0.0,15.75917,0.0
2023-09-10,0,,0.0,16.10875,0.0
2023-09-11,0,,0.0,13.81917,0.0
2023-09-12,0,,0.0,14.47833,0.0
2023-09-13,0,,0.0,16.16916,0.0
2023-09-14,0,,0.0,16.63417,0.0
2023-09-15,0,,0.0,16.86541,0.0
2023-09-16,0,,0.0,18.13375,0.0
2023-09-17,0,,0.0,16.61542,0.0
2023-09-18,0,,0.0,14.44333,0.0
2023-09-19,0,,0.0,14.34042,0.0
2023-09-20,0,,0.0,14.8175,0.0
2023-09-21,0,,0.0,15.56542,0.0
2023-09-22,0,,0.0,19.29875,0.0
2023-09-23,0,,0.0,20.42167,0.0
2023-09-24,0,,0.0,19.17458,0.0
2023-09-25,0,,0.0,18.99375,0.0
2023-09-26,0,,0.0,17.16875,0.0
2023-09-27,0,,1.6,17.54625,0.0
2023-09-28,0,,2.4,16.06956,0.0
2023-09-29,0,,3.8,15.49417,0.0
2023-09-30,0,,2.0,15.31,0.0
2023-10-01,0,,21.4,14.56042,0.0
2023-10-02,0,,4.400001,12.85208,0.0
2023-10-03,0,,0.0,12.10379,0.0
2023-10-04,0,,0.0,12.66458,0.0
2023-10-05,0,,0.0,13.71208,0.0
2023-10-06,0,,0.0,14.1075,0.0
2023-10-07,0,,0.0,14.01625,0.0
2023-10-08,0,,0.8,16.65792,0.0
2023-10-09,0,,0.2,9.172625,0.0
2023-10-10,0,,0.0,11.22071,0.0
2023-10-11,0,,0.0,10.94465,0.0
2023-10-12,0,,0.0,12.38542,0.0
2023-10-13,0,,0.0,13.02592,0.0
2023-10-14,0,,0.0,13.4,0.0
2023-10-15,0,,0.0,13.73959,0.0
2023-10-16,0,,8.0,10.47367,0.0
2023-10-17,0,,4.2,10.84083,0.0
2023-10-18,0,,10.0,10.1325,0.0
2023-10-19,0,,0.0,10.02467,0.0
2023-10-20,0,,0.0,15.23875,0.0
2023-10-21,0,,0.0,17.61375,0.0
2023-10-22,0,,0.0,18.63833,0.0
2023-10-23,0,,0.0,17.74125,0.0
2023-10-24,0,,0.0,16.30292,0.0
2023-10-25,0,,0.0,16.92167,0.0
2023-10-26,0,,1.2,15.79708,0.0
2023-10-27,0,,0.0,16.90333,0.0
2023-10-28,0,,0.0,17.35333,0.0
2023-10-29,0,,0.0,16.36792,0.0
2023-10-30,0,,0.0,16.64417,0.0
2023-10-31,0,,0.0,16.64917,0.0
2023-11-01,0,,0.0,14.48917,0.0
2023-11-02,0,,10.2,12.27083,0.0
2023-11-03,0,,0.0,15.27167,0.0
2023-11-04,0,,8.0,17.91667,0.0
2023-11-05,0,,0.0,13.93458,0.0
2023-11-06,0,,0.0,14.93292,0.0
2023-11-07,0,,0.0,14.4875,0.0
2023-11-08,0,,0.0,14.73,0.0
2023-11-09,0,,3.8,7.218126,0.0
2023-11-10,0,,0.0,11.04979,0.0
2023-11-11,0,,16.6,14.72417,0.0
2023-11-12,0,,0.2,10.90625,0.0
2023-11-13,0,,15.2,9.720125,0.0
2023-11-14,0,,0.0,7.203541,0.0
2023-11-15,0,,11.6,12.45425,0.0
2023-11-16,0,,1.8,5.942833,0.0
2023-11-17,0,,0.0,6.798458,0.0
2023-11-18,0,,42.0,4.748291,0.965
2023-11-19,0,,20.0,-0.01258333,10.0375
2023-11-20,0,,0.0,2.066,5.866666666666665
2023-11-21,0,,0.0,6.601582,0.8208333333333333
2023-11-22,0,,1.6,11.38067,0.0
2023-11-23,0,,0.8,9.700418,0.0
2023-11-24,0,,1.0,9.466041,0.0
2023-11-25,0,,16.4,9.861917,0.0
2023-11-26,0,,6.0,0.6540831,0.4416666666666666
2023-11-27,0,,0.4,-3.937542,4.654166666666668
2023-11-28,0,,10.8,4.409083,0.3333333333333333
2023-11-29,0,,34.8,8.898957,0.0
2023-11-30,0,,0.2,8.720502,0.0
2023-12-01,0,,0.0,10.53663,0.0
2023-12-02,0,,0.0,12.85458,0.0
2023-12-03,0,,0.0,11.10929,0.0
2023-12-04,0,,0.2,6.181458,0.0
2023-12-05,0,,0.0,6.40725,0.0
2023-12-06,0,,2.2,8.479959,0.0
2023-12-07,0,,12.8,7.746,0.0
2023-12-08,0,,2.2,5.177083,0.0
2023-12-09,2,inflow_m3_out_of_range;inflow_m3_statistical_outlier,8.599999,3.103917,0.0
2023-12-10,2,inflow_m3_statistical_outlier,0.0,4.931583,0.0
2023-12-11,0,,0.0,5.682758,0.0
2023-12-12,0,,0.0,4.46845,0.0
2023-12-13,0,,0.0,5.138751,0.0
2023-12-14,0,,0.0,10.14042,0.0
2023-12-15,0,,0.0,9.764709,0.0
2023-12-16,0,,10.8,4.052,0.0
2023-12-17,0,,1.4,-0.4444584,0.0
2023-12-18,0,,0.0,2.373792,0.0
2023-12-19,0,,0.0,5.112292,0.0
2023-12-20,0,,0.0,6.488916,0.0
2023-12-21,0,,3.4,7.152251,0.0
2023-12-22,0,,8.599999,7.05,0.0
2023-12-23,0,,2.2,7.265167,0.0
2023-12-24,0,,0.8,5.53725,0.0
2023-12-25,0,,0.0,8.738626,0.0
2023-12-26,0,,0.0,9.170501,0.0
2023-12-27,0,,0.0,8.407626,0.0
2023-12-28,0,,0.0,6.561083,0.0
2023-12-29,0,,0.0,6.934708,0.0
2023-12-30,0,,0.0,7.413875,0.0
2023-12-31,0,,0.0,7.200667,0.0
